BinBase name,L1_PAT_907,L2_PAT_907,L3_PAT_907,normL1_PAT_907,normL2_PAT_907,normL3_PAT_907
zymostenol,210,108,138,8.476446425661759e-7,4.46202296032244e-7,5.665383903327334e-7
xylulose,188883,104562,141028,7.624079191515572e-4,4.3199818960855087e-4,5.789693921148169e-4
xylose,9613,10344,12845,3.880194261423166e-5,4.273626435331048e-5,5.273322915814464e-5
xanthosine,12885,4258,5100,5.200905342602465e-5,1.7591938671345325e-5,2.0937288338383626e-5
xanthine,369348,253403,268421,0.0014908373973453902,0.0010469351890875808,0.0011019623280543668
valine,1183079,2873933,2304612,0.004775383695631185,0.011873662067063287,0.009461240382764503
uridine-5'-monophosphate,8915,3763,5638,3.5984533278464085e-5,1.5546844814530872e-5,2.314596699055037e-5
uridine,130814,92173,68251,5.280180298697702e-4,3.808130021498151e-4,2.8019428752608253e-4
uric acid,1035137,695851,907323,0.0041782301541524935,0.002874910313854935,0.0037248790719700484
urea,174255,220993,168216,7.033634151922332e-4,9.130331852504972e-4,6.905856657116745e-4
uracil,543455,486004,576644,0.0021936034248847673,0.002007926858156062,0.002367325822862527
undecanoic acid,14209,82747,8946,5.7353251077251395e-5,3.4186945731277864e-4,3.672646695591763e-5
UDP-N-acetylglucosamine,21606,19516,24625,8.721052451087997e-5,8.063040749412291e-5,1.0109425986915623e-4
UDP-glucuronic acid,673,750,1013,2.7164992592716017e-6,3.098627055779472e-6,4.15872021309463e-6
tyrosine,3793621,2363354,1418696,0.015312583412269232,0.009764203529046184,0.005824244552257156
tryptophan,3664354,3607338,3900001,0.014790809697933033,0.014903726834855214,0.01601087165823225
trisaccharide,529,944,2490,2.1352572186547956e-6,3.900138587541095e-6,1.0222323129916712e-5
tridecanoic acid,711074,992540,936093,0.002870181269371909,0.004100681730591143,0.0038429900103024595
tocopherol gamma-,1204,870,1674,4.859829284046075e-6,3.5944073847041876e-6,6.872356995775331e-6
tocopherol alpha-,1362,1677,1517,5.497580967500626e-6,6.9285300967229e-6,6.227816943005483e-6
thymine,3606,1770,3523,1.455526943377919e-5,7.312759851639555e-6,1.4463150356103043e-5
threonine,1169225,1549455,2249344,0.004719463367640176,0.006401577579617043,0.009234345862786897
terephthalic acid,6860,2423,4882,2.768972499049508e-5,1.0010631141538215e-5,2.004232189568409e-5
tagatose,877,834,1014,3.539925483478744e-6,3.445673286026773e-6,4.162825563749215e-6
sucrose,6535,13171,8829,2.6377893996047426e-5,5.441602260222857e-5,3.6246140929331185e-5
succinic acid,584235,354273,388785,0.0023582079416649988,0.0014636798705762147,0.0015960987542428388
stigmasterol,23561,22611,21787,9.510169249286509e-5,9.341740847763953e-5,8.944327471144393e-5
stearic acid,1014247,754308,944469,0.004093909694232458,0.0031164255695878694,0.0038773764273852636
squalene,10328,2119,11774,4.1687970802016496e-5,8.75465430826227e-6,4.833639860708408e-5
spermidine,113671,64515,33705,4.5882197221495133e-4,2.665438993381502e-4,1.3837084381278827e-4
sorbitol,131514,107293,4091840,5.308435120116574e-4,4.4328132359432924e-4,0.016798438022457188
sophorose,45321,36733,31931,1.8293382307496027e-4,1.5176249018659647e-4,1.310879517515544e-4
shikimic acid,11472,10160,8258,4.6305615902472237e-5,4.197606784895925e-5,3.390198570556313e-5
serine,11548443,11379914,11092580,0.046614170661575506,0.04701614588379146,0.04553893056403675
salicyl alcohol,1001,1013,811,4.040439462898772e-6,4.185212276672807e-6,3.3294393808684552e-6
saccharic acid,28372,15581,22751,1.145208276137502e-4,6.437294420813327e-5,9.34008327424639e-5
ribulose-5-phosphate,3505,1664,1747,1.4147592724735459e-5,6.874820561089389e-6,7.172047593560038e-6
ribose-5-phosphate,8912,1420,4496,3.5972424069284565e-5,5.8667338922758005e-6,1.845765654301427e-5
ribonic acid,5460,5639,8416,2.203876070672057e-5,2.3297543956720593e-5,3.4550631108987566e-5
ribitol,130118,153645,288554,5.252086933401223e-4,6.347847386469827e-4,0.0011846153527831273
quinic acid,26830,26307,84863,1.0829669409547857e-4,1.0868744260852077e-4,3.4839237260004895e-4
pyrophosphate,176584,160780,161211,7.127641979185981e-4,6.64263010704298e-4,6.618276843763064e-4
putrescine,174187,148109,118482,7.030889397841642e-4,6.119127394725891e-4,4.864101562565429e-4
pseudo-uridine,65118,37839,52067,2.6284249445059164e-4,1.5633193221818592e-4,2.137532925322785e-4
prunin,26982,19596,26906,1.0891022736057408e-4,8.096092771340605e-5,1.1045856471226468e-4
propyleneglycol,684288,634889,331081,0.0027620621770110634,0.0026230456437556977,0.0013592036000706646
proline,2172905,1995867,2122493,0.008770720390739315,0.008245929981249877,0.008713578026902133
pipecolinic acid,7367,2858,22238,2.9736181341833417e-5,1.1807834833890308e-5,9.129478785666178e-5
phthalic acid,103649,123809,117921,4.183691407492455e-4,5.115172228653342e-4,4.841070545393207e-4
phosphoinositol,2407,10076,12913,9.71562216503231e-6,4.162902161871195e-5,5.3012393002656426e-5
phosphoethanolamine,415510,868924,340147,0.001677165835393675,0.0035899618877548293,0.0013964227091051325
phosphate,2256463,2115290,1784855,0.009107994157613337,0.008739326433093013,0.007327455642589354
phenylalanine,6138817,6475985,8019511,0.02477873972259126,0.026755549778429366,0.032922904733301804
phenylacetic acid,4839,3902,4692,1.9532154406560595e-5,1.6121123695535335e-5,1.9262305271312938e-5
pentadecanoic acid,206218,259733,258144,8.32378966193865e-4,0.0010730876014383595,0.0010597716393771967
pelargonic acid,51616,59326,48479,2.0834298033664634e-4,2.451055316148973e-4,1.9902329438362741e-4
parabanic acid,17378,4381,31650,7.014461237388097e-5,1.810011350849316e-5,1.2993434821761604e-4
pantothenic acid,29383,38628,16614,1.1860163110724735e-4,1.5959168788086593e-4,6.82062957752756e-5
palmitoleic acid,311133,198539,239700,0.0012558581932168667,8.202644227032008e-4,9.840525519040305e-4
palmitic acid,908334,562742,706127,0.003666402136955737,0.002324970115497936,0.00289889894167016
palatinitol,68163,20799,41035,2.751333417678012e-4,8.593112551087632e-5,1.6846306411089649e-4
oxoproline,9791465,9412806,10542449,0.039522299286305816,0.03888903378987114,0.04328044990307924
ornithine,522891,704992,1353304,0.0021105988323622395,0.0029126763804107757,0.005555787462252533
oleic acid,235472,140870,180464,9.504599013063932e-4,5.820047911302056e-4,7.408680005290319e-4
octadecanol,3329,7105,2138,1.3437185786203806e-5,2.93543269750842e-5,8.777239699502782e-6
nonadecanoic acid,19665,15070,14052,7.937586617173261e-5,6.226174630746219e-5,5.7688387398228765e-5
N-methyl-UMP,32999,16191,37472,1.3319726457162494e-4,6.689316088016725e-5,1.5383569972861005e-4
N-methylethanolamine,1624295,784443,1342947,0.0065563093080810795,0.003240928404689089,0.005513268345522996
nicotinic acid,501890,407198,391725,0.002025830331702562,0.0016823396531457193,0.0016081684851673187
nicotinamide,20666,14739,20521,8.341630563463139e-5,6.0894218900178186e-5,8.42459007827393e-5
n-epsilon-trimethyllysine,37848,37647,104385,1.5276978300878392e-4,1.5553868369190638e-4,4.285370280788578e-4
N-alpha-acetyllysine,39223,25887,32860,1.5831983721606245e-4,1.0695221145728426e-4,1.349018225096639e-4
N-acetylserine,41832,12865,6532,1.6885081279918222e-4,5.3151782763470544e-5,2.6816150475749383e-5
N-acetylputrescine,121299,202808,8603,4.896116547554027e-4,8.379018079046976e-4,3.5318331681394965e-5
N-acetylglucosamine-6-phosphate,5376,7776,8363,2.16997028496941e-5,3.212656531432157e-5,3.433304752429456e-5
N-acetylgalactosamine,16853,18814,23634,6.802550076746553e-5,7.773009256991333e-5,9.702585737046248e-5
N-acetylaspartic acid,16367,12496,10447,6.606380888038381e-5,5.162725825202705e-5,4.2888598288449754e-5
myristic acid,1578838,1564949,1781372,0.006372826534189981,0.006465591083086706,0.007313156706259435
myo-inositol,874031,506417,561985,0.003527941402794082,0.0020922632236088975,0.002307145487616965
methionine sulfoxide,178180,315853,483670,7.19206297202101e-4,0.0013049475352654848,0.001985634951103139
methionine,1240399,1448502,1854655,0.005006750319021152,0.005984489983400902,0.0076140091182793895
methanolphosphate,10902,11165,12835,4.400486615836404e-5,4.612822810370374e-5,5.269217565159879e-5
melezitose,1404,397,1243,5.6671098960138615e-6,1.6402065881926006e-6,5.102950863649186e-6
maltotriose,63757,50918,19091,2.573489498861508e-4,2.1036785656823888e-4,7.837524934668271e-5
maltotriitol,5835,3830,2646,2.3552411854160172e-5,1.5823655498180506e-5,1.0862757832031976e-5
maltose,89993,106320,3466767,3.632480205640851e-4,4.3926137142729797e-4,0.014232294172743763
maltitol,4922,3467,4264,1.9867175860527226e-5,1.432392000318324e-5,1.7505215191150546e-5
malonic acid,1078,1705,1795,4.35124249850637e-6,7.044212173472e-6,7.369104424980119e-6
malonamide,858,855,1091,3.4632338253418044e-6,3.5324348435885982e-6,4.478937564152262e-6
malic acid,92372,98202,57513,3.728506234434419e-4,4.05721832175541e-4,2.3611103219714854e-4
maleimide,72395,70614,103288,2.9221539951703953e-4,2.9174193455574885e-4,4.24033458410778e-4
lysine,4060396,4606926,2762903,0.016389394838557763,0.019033527396765202,0.011342685639604928
loganin,43741,30791,30085,1.7655630624041475e-4,1.2721310089934098e-4,1.2350947444319046e-4
linolenic acid,51556,28567,33207,2.0810079615305601e-4,1.1802463880326958e-4,1.3632637918680493e-4
linoleic acid,128290,76241,90970,5.178301485467367e-4,3.14989900479577e-4,3.734637490475997e-4
lignoceric acid,5020,2827,6168,2.026274336039144e-5,1.167975824891809e-5,2.5321802837480432e-5
leucrose,28719,9384,62215,1.1592145947551431e-4,3.877002172191276e-5,2.5541439097500734e-4
leucine,11976575,12779364,15599168,0.04834228397639047,0.052797977394738904,0.06404005455978178
L-DOPA,5963049,2450121,2341853,0.02406926922956949,0.010122681627377941,0.009614127746491903
lauric acid,270657,477347,494881,0.001092480742966826,0.001972160438926885,0.0020316600372916917
lactulose,20905,56607,32579,8.438100596593288e-5,2.3387197566201144e-4,1.337482189757255e-4
lactose,87682,100731,82417,3.539198930927973e-4,4.1617040260762936e-4,3.3835068489893397e-4
lactobionic acid,16154,4180,24240,6.520405502863812e-5,1.726968145754426e-5,9.9513699867141e-5
lactitol,697741,537717,406385,0.0028163639073750767,0.002221579259403427,0.0016683529257635354
lactic acid,2607055,2395631,1771019,0.010523124779168388,0.00989755604301871,0.007270654010932516
kynurenine,17454,13565,896,7.045137900642873e-5,5.604383468219805e-5,3.678394186508182e-6
kynurenic acid,4932,4031,5135,1.9907539891125615e-5,1.6654087549129405e-5,2.1080975611294102e-005
ketoisoleucine,40413,28676,44150,1.631231568572708e-4,1.1847497260204287e-4,1.8125123139992884e-4
isoxanthopterin,18972,4485,2682,7.657863885126423e-5,1.8529789793561245e-5,1.1010550455597036e-5
isothreonic acid,6995,6967,10066,2.8234639403573333e-5,2.8784179596820777e-5,4.132445968905286e-5
isomaltotriose,11186,8042,2515,4.51512046273583e-5,3.3225545043438023e-5,1.0324956896281337e-5
isomaltose,3417,1899,1863,1.3792389255469633e-5,7.845723705233624e-6,7.648268269491901e-6
isoleucine,8587539,8986573,10762055,0.03466276869608617,0.03712805098204973,0.04418200953893004
isoheptadecanoic acid,23660,18540,23772,9.550129639578914e-5,7.659806081886855e-5,9.759239576079521e-5
isogluconic acid,665986,389310,430013,0.002688187928209891,0.0016084353321140085,0.0017653541510300702
inulotriose,26276,4509,24921,1.0606052680032779e-4,1.8628945859346188e-5,1.023094436629134e-4
inosine-5-monophosphate,29091,17728,16411,1.1742300141377439e-4,7.324328059314464e-5,6.737290959239484e-5
inosine,2136318,2497804,2176004,0.00862304051198899,0.010319684072578918,0.008933259445779633
indole-3-acetate,6792,5645,5337,2.741524958242603e-5,2.332233297316683e-5,2.1910256443520277e-5
hypoxanthine,1300275,785211,819308,0.005248433988632068,0.003244101398794207,0.0033635466341067474
hypotaurine,21313,24236,18955,8.602785841434717e-5,1.0013110043182839e-4,7.781692165765914e-5
homoserine,17615,17155,21409,7.11012398990628e-5,7.087592952252913e-5,8.78914521640108e-5
histidine,5888951,6099125,8187136,0.02377017983564154,0.025198551655441298,0.03361106413677662
heptanoic acid,18579,16657,11963,7.499233244874753e-5,6.881844115749156e-5,4.911230988080065e-5
heptadecanoic acid,36628,33636,70906,1.4784537127578043e-4,1.3896722619759777e-4,2.910939935140058e-4
guanosine,90403,111333,92801,3.64902945818619e-4,4.5997259466812795e-4,3.809806460961449e-4
glycyl-proline,30257,46650,60388,1.2212944738154659e-4,1.9273460286948316e-4,2.479139153290805e-4
glycyl-glycine,37219,30547,32602,1.5023088548414524e-4,1.2620501423052738e-4,1.3384264204078098e-4
glycolic acid,27494,27204,28705,1.1097686572721161e-4,1.1239340056723302e-4,1.1784409053986314e-4
glycine,3927782,3645005,3660920,0.015854111283180282,0.01505934814860194,0.015029360318383408
glycerol-alpha-phosphate,82520,99830,84006,3.3308398049790874e-4,4.1244791863795296e-4,3.448740870890696e-4
glycerol-3-galactoside,80009,54724,54289,3.2294857241465315e-4,2.2609235600063444e-4,2.228753816867664e-4
glycerol,3091384,2813895,2735488,0.012478071836737119,0.01162561490549677,0.01123013745140948
glyceric acid,40527,39988,45465,1.6358330680609244e-4,1.6521053160867938e-4,1.8664976751070814e-4
glutaric acid,4054,4222,4504,1.6363578004587033e-5,1.744320457266791e-5,1.849049934825095e-5
glutamine,14452078,17464041,3468404,0.058334411860230924,0.07215273326112265,0.014239014631765318
glutamate,5779441,5376107,7376911,0.02332815333655858,0.022211400806620547,0.030284806402665468
glucose-6-phosphate,36065,36815,31886,1.455728763530911e-4,1.521012734113617e-4,1.309032109720981e-4
glucose,7677535,7654771,4202463,0.0309896257660205,0.031625707368528114,0.017252584227919348
gluconic acid lactone,87625,52816,37892,3.536898181183865e-4,2.1820944877073148e-4,1.5555994700353575e-4
gluconic acid,16552,401132,111661,6.681054344645401e-5,0.001657277957518575,4.5840755944161844e-4
galacturonic acid,43331,35343,30275,1.749013809858808e-4,1.4601970137655186e-4,1.2428949106756162e-4
galactose,150927,97204,92990,6.092022046123106e-4,4.0159859243998376e-4,3.8175655736986144e-4
galactinol,602,597,1126,2.4299146420230374e-6,2.46650713640046e-6,4.622624837062738e-6
fumaric acid,117147,116396,106006,4.728525092509514e-4,4.8089039304600995e-4,4.3519180148994015e-4
fructose-6-phosphate,2115,18448,17396,8.536992471559343e-6,7.621796256669294e-5,7.14166799871611e-5
fructose-1-phosphate,5743,4022,7454,2.318106277265499e-5,1.661690402446005e-5,3.060128377927678e-5
fructose,235267,253476,217334,9.496324386791262e-4,0.0010472367887876767,8.922322791635818e-4
ethanolamine,11214689,10158647,9156877,0.04526700499474202,0.04197047792575062,0.03759219098590456
erythritol,50133,50279,115827,2.0235699459890521e-4,2.0772782631671479e-4,4.7551045026861965e-4
ergosterol,2254,1664,2303,9.098052496876954e-6,6.874820561089389e-6,9.454622557509311e-6
Dopamine,168893,82447,36963,6.817202219853768e-4,3.406300064904669e-4,1.5174607624542628e-4
digalacturonic acid,6778,4303,2310,2.7358739939588284e-5,1.777785629469209e-5,9.483360012091407e-6
dehydroabietic acid,1641,1177,1490,6.623737421195688e-6,4.862778726203252e-6,6.1169724753316865e-6
cytidine,3999,4856,2461,1.6141575836295893e-5,2.0062577310486822e-5,1.0103267960933746e-5
cystathionine,20412,23830,21238,8.23910592574323e-5,9.845371031896643e-5,8.718943720207676e-5
citrulline,376344,322826,387093,0.0015190760731520233,0.0013337565038787518,0.001589152500935281
citric acid,30574,39545,45037,1.2340898715151554e-4,1.6338027589439896e-4,1.8489267743054577e-4
cholesterol,20231,24888,48301,8.166047030360144e-5,1.0282484021898601e-4,1.9829254196711128e-4
chenodeoxycholic acid,175,383,113,7.063705354718132e-7,1.5823655498180504e-6,4.639046239681078e-7
cerotinic acid,3883,1324,791,1.5673353081354577e-5,5.470109629136028e-6,3.2473323677767546e-6
cellobiose minor,1708,1841,980,6.894176426204897e-6,7.606096546253345e-6,4.023243641493324e-6
caproic acid,25610,23732,17224,1.0337228236247506e-4,9.804882305034457e-5,7.071055967457247e-5
capric acid,6670,5417,7991,2.692280840912568e-5,2.2380350348209868e-5,3.280585708078893e-5
campesterol,59637,48578,57658,2.4071896927961442e-4,2.0070014015420692e-4,2.3670630804206337e-4
butylamine,151833,158509,121875,6.128591857845247e-4,6.548803679793979e-4,5.003396110275499e-4
biphenyl,5437,4192,3873,2.194592343634428e-5,1.731925949043673e-5,1.59000230852078e-5
biopterin,5523,2316,2562,2.2293054099490426e-5,9.56856034824701e-6,1.0517908377046833e-5
beta-sitosterol,430538,393238,415929,0.0017378249005769344,0.0016246638748808107,0.0017075343924108947
beta-alanyl lysine,120873,157568,310077,4.878921470519113e-4,6.509926239000798e-4,0.0012729748149217608
beta-alanine,985369,1266230,903304,0.0039773464466704295,0.005231432715786188,0.003708379667689271
Benzaldehyde-4-carboxylic acid,2305,2199,953,9.30390905292874e-6,9.085174527545412e-6,3.912399173819528e-6
behenic acid,38045,26294,21525,1.535649544115722e-4,1.0863373307288725e-4,8.836767283994266e-5
azelaic acid,7400,6813,4097,2.9869382642808103e-5,2.8147928174700727e-5,1.6819621631834847e-5
aspartate,436088,832923,1248920,0.0017602269375590405,0.0034412236575746737,0.005127254539524329
asparagine,2334592,2415544,2846995,0.009423354292275494,0.009979826657101025,0.011687912786850293
arachidic acid,87991,50666,75285,3.551671416382875e-4,2.09326717877497e-4,3.0907132403043357e-4
arabitol,1055031,920306,1039049,0.004258530356624929,0.0038022467615949104,0.004265660492295915
arabinose,8383,10126,13078,3.383716685062977e-5,4.183559675576391e-5,5.3689775860662955e-5
alpha-ketoglutarate,808419,787294,1100964,0.0032631049252319303,0.0032527073190037918,0.004519843278074547
alpha-aminoadipic acid,6029,6630,2996,2.4335474047768924e-5,2.7391863173090536e-5,1.2299630561136734e-5
allantoin,7861,6420,16599,3.173016445339385e-5,2.6524247597472282e-5,6.814471551545682e-5
allantoic acid,53743,41804,55908,2.1692840964492377e-4,1.7271334058640675e-4,2.2952194439653957e-4
alanine,16355620,18710772,21141408,0.06601787461356284,0.07730360580496132,0.08679289317164908
adipic acid,14667,11740,22807,5.9201923678657627e-5,4.850384217980134e-5,9.363073237912066e-5
adenosine-5-monophosphate,11652,10052,9718,4.703216845324324e-5,4.152986555292701e-5,3.9895797661257274e-5
adenosine,25371,17239,6485,1.0240758203117357e-4,7.122297575277643e-5,2.6623198994983885e-5
adenine,8750,8914,8584,3.531852677359066e-5,3.682821543362429e-5,3.5240330018957855e-5
aconitic acid,219,643,670,8.839722701047262e-7,2.6565562624882675e-6,2.7505849385719664e-6
9-myristoleate,183457,205369,330648,7.40506396148871e-4,8.484825864244993e-4,0.0013574259832372293
6-methylcholecalciferol,351,180,301,1.4167774740034654e-6,7.436704933870733e-7,1.2357105470300925e-6
5-methyluridine,4186,3057,4498,1.6896383208485772e-5,1.2630003879357128e-5,1.846586724432344e-5
5-aminovaleric acid,19128,17818,25414,7.720831772859911e-5,7.361511583983818e-5,1.0433338153562382e-4
4-hydroxybutyric acid,711,1226,826,2.869882575545481e-6,5.065222360514177e-6,3.3910196406872303e-6
3-phosphoglycerate,8635,6035,605,3.485434042170918e-5,2.4933619042172154e-5,2.48373714602394e-6
3-hydroxypropionic acid,27105,31540,33134,1.0940670493693427e-4,1.303075964523794e-4,1.3602668858902022e-4
3-hydroxykynurenine,24244,29491,9559,9.785855578273508e-5,1.2184214733598989e-4,3.924304690717825e-5
3-hydroxy-3-methylglutaric acid,4563,3878,3795,1.841810716204505e-5,1.6021967629750392e-5,1.557980573415017e-5
"3-Aminopiperidine-2,6-dione",64173,73160,107999,2.5902809355904383e-4,3.0226074053443493e-4,4.433737653445281e-4
3-aminoisobutyric acid,3319,6011,2622,1.3396821755605418e-5,2.483446297638721e-5,1.0764229416321935e-5
"3,6-anhydro-D-galactose",13483,15088,22711,5.442282245580833e-5,6.23361133568009e-5,9.323661871628049e-5
"3,4-dihydroxyphenylacetic acid",14350,14742,16151,5.7922383908688685e-5,6.0906613408401306e-5,6.630551842220273e-5
2-picolinic acid,3675,2149,2051,1.4833781244908077e-5,8.878599390493448e-6,8.420074192553885e-6
2-monoolein,12476,8624,7476,5.035816457455052e-5,3.563007963872289e-5,3.069160149367765e-5
2-ketoisovaleric acid,46282,60736,61079,1.8681280641546548e-4,2.509309504797627e-4,2.507507126313987e-4
2-ketoisocaproic acid,163771,149232,124350,6.610457655128819e-4,6.165524170507762e-4,5.105003538976478e-4
2-hydroxyglutaric acid,5385277,5379270,3713545,0.02173714856088023,0.022224468749790456,0.015245404396580946
2-Deoxyinosine,3851,2597,2669,1.554418818343973e-5,1.0729512618479052e-5,1.095718089708743e-5
2-amino-4-oxo-4-phenylbutanoic acid,1574,1778,909,6.35329841618648e-6,7.345811873567869e-6,3.7317637450177874e-6
"2,6-diaminopimelic acid",26702,25280,27742,1.0778003450381918e-4,1.0444438929347341e-4,1.1389063785949776e-4
1-monopalmitin,2356,1995,1755,9.509765608980525e-6,8.242347968373396e-6,7.204890398796719e-6
1-kestose,17223,1895,14989,6.951896989960594e-5,7.829197694269467e-6,6.153510096157494e-5
588382,76281,42431,71545,3.079008618075736e-4,1.753037928050384e-4,2.937173125822856e-4
588380,9591,10614,14866,3.8713141746915204e-5,4.385177009339109e-5,6.103014283106098e-5
588375,19761,16385,15843,7.976336086547715e-5,6.769467241192886e-5,6.504107042059055e-5
588374,72395,71739,103288,2.9221539951703953e-4,2.9638987513941806e-4,4.24033458410778e-4
588356,2099,1432,2014,8.47241002260192e-6,5.916311925168272e-6,8.26817621833424e-6
562527,43289,36012,42516,1.7473185205736755e-4,1.4878367671030714e-4,1.745430884303369e-4
554665,855,1127,1521,3.4511246161622875e-6,4.656203589151287e-6,6.244238345623823e-6
553510,19767,18935,16096,7.978757928383618e-5,7.823000440157908e-5,6.607972413620056e-5
553483,57621,60119,50874,2.3258158071097913e-4,2.4838181328854143e-4,2.0885560920135855e-4
553440,26595,23732,17224,1.0734813937641642e-4,9.804882305034457e-5,7.071055967457247e-5
553439,6695,10663,4605,2.7023718485621654e-5,4.4054213727702015e-5,1.890513976436404e-5
553386,140258,158509,121875,5.66137820366889e-4,6.548803679793979e-4,5.003396110275499e-4
553359,30384,35173,4376,1.2264207057014612e-4,1.4531734591057517e-4,1.796501446446407e-5
553345,22304,22591,17018,9.002793384664755e-5,9.333477842281874e-5,6.986485743972795e-5
553344,134360,134764,108317,5.42331115119959e-4,5.567778353934197e-4,4.446792668526861e-4
553268,39233,44208,33260,1.5836020124666085e-4,1.826454731758652e-4,1.3654396277149793e-4
553263,79038,74572,64979,3.190292250435496e-4,3.080944224047824e-4,2.667615801842803e-4
550987,10768,12247,10277,4.3463988148345627e-5,5.059851406950826e-5,4.21906886771703e-5
545358,7518291,2605757,3372285,0.03034685279715951,0.010765692187982333,0.013844412432197261
545069,15883,36893,65159,6.411018979942177e-5,1.5242353062516276e-4,2.675005433021056e-4
544748,6454374,6146980,8298796,0.02605245496294485,0.025396264719113732,0.03406946759086758
544707,1104,1146,1039,4.456188978062182e-6,4.734702141231034e-6,4.265459330113841e-6
544105,20443,17944,6396,8.25161877522873e-5,7.413568518520913e-5,2.625782278672582e-5
544078,3418,3276,968,1.3796425658529472e-5,1.3534802979644734e-5,3.973979433638304e-6
544032,1468,1559,3113,5.9254396918435535e-6,6.441012773280263e-6,1.2779956587723181e-5
541377,24205,190915,173397,9.770113606340137e-5,7.887658458055173e-4,7.118554874530796e-4
540580,11261,7122,3959,4.545393485684622e-5,2.942456252168187e-5,1.6253083241502113e-5
539711,3581,2300,1077,1.4454359357283218e-5,9.502456304390382e-6,4.421462654988072e-6
539702,6146,5614,3934,2.480773320577008e-5,2.319425638819461e-5,1.6150449475137488e-5
539604,3981,4050,5635,1.606892058121879e-5,1.673258610120915e-5,2.3133650938586616e-5
534660,2050,1610,1497,8.274626272669812e-6,6.651719413073267e-6,6.145709929913782e-6
524550,1439,1014,589,5.808384003108224e-6,4.189343779413846e-6,2.4180515355505797e-6
521677,19952,23275,25767,8.053431384990639e-5,9.616072629768962e-5,1.0578257031669233e-4
521666,1665,2260,2182,6.7206110946318225e-6,9.337196194748809e-6,8.957875128304523e-6
520868,79231,65484,26388,3.198082508340985e-4,2.705473254942173e-4,1.0833199307318963e-4
520865,6363,4609,2152,2.5683632669755128e-5,1.9042096133450116e-5,8.834714608666973e-6
520862,2989,2977,2661,1.206480874585857e-5,1.2299483660073985e-5,1.092433809185075e-5
520631,129834,95866,79766,5.24062354871128e-4,3.9607064177247316e-4,3.274674003136291e-4
519942,2257,4595,4588,9.110161706056471e-6,1.8984255095075566e-5,1.8835348803236093e-5
519090,104344,94872,77864,4.211744408758336e-4,3.9196392804788014e-4,3.1965902336860834e-4
517908,6361,4960,4786,2.567555986363545e-5,2.0492253595554908e-5,1.9648208232843927e-5
517902,6378,1060,7609,2.5744178715652712e-5,4.379392905501654e-6,3.123761313073745e-5
514161,274,582,1018,1.1059744383958675e-6,2.4045345952848706e-6,4.179246966367556e-6
513579,1881,3652,2332,7.592474155557033e-6,1.508824801027551e-5,9.573677726492278e-6
511804,228,162,212,9.202998976432767e-7,6.69303444048366e-7,8.703343387720252e-7
511719,28253,56505,66504,1.1404049564962937e-4,2.3345056238242544e-4,2.7302223993252246e-4
509844,85974,79274,109980,3.470257166665924e-4,3.2752074829314916e-4,4.51506464991261e-4
488159,359,554,51890,1.4490686984821769e-6,2.28885251853577e-6,2.1302664546641694e-4
486463,4017,67,1492,1.621423109137299e-5,2.7681068364963286e-7,6.125183176640857e-6
476084,1978,1386,1932,7.984005252361409e-6,5.726262799080465e-6,7.931537464658268e-6
474821,7528,8978,16769,3.0386042234467487e-5,3.7092631609050804e-5,6.884262512673628e-5
474672,147097,92013,572738,5.937427808931275e-4,3.801519617112488e-4,0.002351290323205718
474251,8191,9043,12942,3.3062177463140696e-5,3.7361179287218356e-5,5.313144817163939e-5
474221,68501,65033,74131,2.764976460020267e-4,2.6868401775800854e-4,3.043337493750425e-4
474043,25767,24558,4292,1.0400599764286978e-4,1.0146144431444304e-4,1.7620165009478928e-5
425777,685,793,1484,2.764936095989669e-6,3.276281673644162e-6,6.092340371404177e-6
425770,25065,22523,18570,1.0117244269486285e-4,9.305383623642808e-5,7.623636165564392e-5
425127,1820,2314,1499,7.346253568906858e-6,9.560297342764932e-6,6.153920631222952e-6
422265,164109,182065,223772,6.624100697471074e-4,7.522020465473195e-4,9.186625266778001e-4
421543,2910,6831,5008,1.1745932904131294e-5,2.8222295224039434e-5,2.0559596078161803e-5
417901,32175,1886,35879,1.2987126845031766e-4,7.792014169600112e-6,1.472958761358561e-4
417820,5133,5481,4000,2.071885690615324e-5,2.2644766523636382e-5,1.64214026183401e-5
417688,3772,3849,5307,1.5225312341712453e-5,1.590215405026025e-5,2.1787095923882725e-5
412153,3145,1696,1166,1.2694487623193444e-5,7.0070286488026465e-6,4.786838863246139e-6
407336,34859,32479,223772,1.4070497426292537e-4,1.3418707752621531e-4,9.186625266778001e-4
406926,913,634,812,3.6852359936329457e-6,2.619372737818914e-6,3.33354473152304e-6
406851,241699,281625,201958,9.755945831600102e-4,0.0011635344594451919,8.291084074986824e-4
406846,204698,194303,277536,8.262436335429098e-4,8.027633770921583e-4,0.0011393825992709094
405282,3851,9182,6036,1.554418818343973e-5,3.793545816822282e-5,2.477989655107521e-5
404192,32930,29448,18981,1.3291875276049604e-4,1.216644927181252e-4,7.792366077467836e-5
404164,65172,68754,6438,2.6306046021582293e-4,2.840573394574158e-4,2.643024751421839e-5
404049,19886,20369,16064,8.026791124795701e-5,8.415457933222943e-5,6.594835291525384e-5
400553,2845,3623,5781,1.1483566705241763e-5,1.496843443078537e-5,2.3733032134156028e-5
400202,5811,6230,7517,2.3455538180724037e-5,2.5739262076674817e-5,3.085992087051563e-5
396760,2665,2001,1043,1.0757014154470756e-5,8.267136984819632e-6,4.281880732732181e-6
396036,143308,165599,149992,5.784488496993977e-4,6.841727224133665e-4,6.15769755382517e-4
391901,109631,80663,51627,4.4251490385320205e-4,3.332594056004528e-4,2.1194693824426109e-4
391335,2702,3840,2839,1.0906361067684796e-5,1.58649705255909e-5,1.1655090508366885e-5
390198,5653,3578,10249,2.2817786497269488e-5,1.4782516807438602e-5,4.207573885884192e-5
390194,4972393,3774654,4452087,0.02007058231992169,0.015594993347474944,0.01827737827971948
390145,13455,12317,12807,5.430980317013284e-5,5.0887719261381014e-5,5.2577225833270414e-5
390130,37941,57368,29591,1.5314516849334895e-4,2.3701604924794236e-4,1.2148143121982547e-4
389549,4534,5117,6118,1.830105147330972e-5,2.1140899525898078e-5,2.511653530475118e-5
385008,43331,34445,30275,1.749013809858808e-4,1.4230961191509856e-4,1.2428949106756162e-4
384914,7966,2076,512,3.215398677467694e-5,8.576999690397578e-6,2.1019395351475325e-6
383524,57700,53687,46744,2.3290045655270642e-4,2.218079876581767e-4,1.919005109979224e-4
382948,6158,5154,6475,2.4856170042488147e-5,2.1293765127316533e-5,2.6582145488438036e-5
382947,516,397,516,2.082783978876889e-6,1.6402065881926006e-6,2.1183609377658728e-6
382905,43871,38473,47156,1.7708103863819382e-4,1.5895130495600484e-4,1.9359191546761142e-4
382622,1105,1246,1651,4.460225381122021e-6,5.1478524153349636e-6,6.7779339307198755e-6
382616,115809,165525,175352,4.6745180195688693e-4,0.00068386699121052955,7.198814479827932e-4
382613,59594,97594,82562,2.4054540394804135e-4,4.032098785089891e-4,3.389459607438488e-4
382601,1303,1232,1213,5.25943318697013e-6,5.090011376960413e-6,4.979790344011635e-6
381736,2156,1981,2708,8.70248499701274e-6,8.184506929998846e-6,1.1117289572616247e-5
381214,2381,24650,1984,9.6106756854765e-6,1.0184154256661866e-4,8.145015698696689e-6
380652,6293,7800,5756,2.5401084455566404e-5,3.222572138010651e-5,2.3630398367791404e-5
380602,1363,1466,1437,5.501617370560465e-6,6.056783018363609e-6,5.8993888906386806e-6
380297,8123,5676,18057,3.278770205507165e-5,2.3450409558139045e-5,7.413031676984179e-5
380205,7639,7174,18117,3.083408297410961e-5,2.963940066421591e-5,7.437663780911689e-5
379924,95084,84674,133163,3.8379734854172506e-4,3.498308630947614e-4,5.466808092165057e-4
379876,6858,2423,5007,2.76816521843754e-5,1.0010631141538215e-5,2.055549072750722e-5
379063,7007,4311,2302,2.82830762402914e-5,1.7810908316620405e-5,9.450517206854728e-6
378996,70659,20467,157373,2.852082038051591e-4,8.455946660085127e-5,6.46071348564009e-4
377666,753,701,989,3.039411504058716e-6,2.8961834214685467e-6,4.06019179738459e-6
377276,4990,778,4599,2.0141651268596275e-5,3.2143091325285727e-6,1.8880507660436528e-5
377232,77090,90512,76627,3.1116631188298334e-4,3.739505760969488e-4,3.145807046088867e-4
377204,17131,16761,36742,6.914762081810075e-5,6.924811744255965e-5,1.50838793750763e-4
376958,16189,10024,22577,6.534532913573248e-5,4.141418347617791e-5,9.268650172856611e-5
374861,147097,92692,41221,5.937427808931275e-4,3.8295725207241444e-4,1.6922665933264932e-4
371572,2761,277,4486,1.1144508848215293e-5,1.144426259267885e-6,1.841660303646842e-5
371569,1032,966,1086,4.165567957753778e-6,3.9910316478439605e-6,4.458410810879337e-6
371565,17651,11138,74985,7.1246550409217e-5,4.601667752969568e-5,3.078397188340581e-4
371564,8863,8728,19283,3.577464031935246e-5,3.605975592379098e-5,7.916347667236303e-5
371554,43289,36012,42516,1.7473185205736755e-4,1.4878367671030714e-4,1.745430884303369e-4
371553,8863,8728,19554,3.577464031935246e-5,3.605975592379098e-5,8.027602669975557e-5
371547,135393,95612,128667,5.465007194807726e-4,3.950212400762492e-4,5.282231526734913e-4
371541,1205,741,1086,4.863865687105914e-6,3.0614435311101186e-6,4.458410810879337e-6
371280,5181,3757,10006,2.091260425302551e-5,1.5522055798084636e-5,4.107813864977776e-5
371271,9934,479,24846,4.009762799643996e-5,1.978989812957823e-6,1.0200154236381952e-4
370221,74130,20467,156406,2.9921855882586006e-4,8.455946660085127e-5,6.421014744810254e-4
370173,11186,5943,2810,4.51512046273583e-5,2.4553520789996536e-5,1.153603533938392e-5
370157,3200,2794,2538,1.2916489791484585e-5,1.1543418658463794e-5,1.0419379961336792e-5
367427,9793,4211,6409,3.952849516500267e-5,1.7397758042516476e-5,2.6311192345235425e-5
367202,2690,2413,2703,1.0857924230966729e-5,9.969316114127822e-6,1.1096762819343321e-5
366123,2183,1160,1415,8.81146787962839e-6,4.792543179605584e-6,5.80907117623781e-6
361344,863,1683,2052,3.483415840640999e-6,6.953319113169136e-6,8.42417954320847e-6
360157,10497,11777,14997,4.237012291912928e-5,4.865670778121979e-5,6.156794376681161e-5
360148,18655,14739,20521,7.529909908129529e-5,6.0894218900178186e-5,8.42459007827393e-5
360106,3551,4010,2994,1.433326726548805e-5,1.6567325991567578e-5,1.2291419859827564e-5
359906,15554,16327,25178,6.278221319273476e-5,6.745504525294859e-5,1.0336451878114175e-4
357445,3300,36508,2895,1.3320130097468478e-5,1.5083290206986262e-4,1.1884990145023646e-5
356187,3685,933,2990,1.4874145275506467e-5,3.854692057389663e-6,1.2274998457209225e-5
355602,3065,3840,2839,1.2371575378406328e-5,1.58649705255909e-5,1.1655090508366885e-5
354270,27088,16524,8345,1.09338086084917e-4,6.826895129293333e-5,3.425915121251203e-5
354256,184835,140669,128356,7.460685595653291e-4,5.811743590792567e-4,5.269463886199155e-4
354254,6665,7272,8750,2.6902626393826485e-5,3.004428793283776e-5,3.5921818227618964e-5
354252,154294,176766,128855,6.227927737147883e-4,7.303092135225522e-4,5.289949585965533e-4
354246,193581,203235,257359,7.813709407266805e-4,8.396659595751214e-4,0.0010565489391133475
353481,400638,428046,290794,0.0016171364490877502,0.0017684732222909066,0.0011938113382493976
351741,249,278,410,1.0050643618998943e-6,1.1485577620089243e-6,1.68319376837986e-6
351285,34648,46914,47917,1.3985329321729935e-4,1.9382531959311755e-4,1.9671608731575062e-4
351222,6696,10662,4605,2.7027754888681493e-5,4.405008222496098e-5,1.890513976436404e-5
350330,942,701,918,3.8022916823682744e-6,2.8961834214685467e-6,3.7687119009090527e-6
350308,3231,995,2596,1.3041618286339591e-5,4.1108452273341e-6,1.0657490299302724e-5
348293,3200,2794,87,1.2916489791484585e-5,1.1543418658463794e-5,3.5716550694889715e-7
347607,107377,202323,73111,4.3341685135632506e-4,8.358980290752936e-4,3.001462917073657e-4
346922,3417,3365,3934,1.3792389255469633e-5,1.3902506723597232e-5,1.6150449475137488e-5
346416,5915,7838,7073,2.3875324098947286e-5,3.2382718484266e-5,2.903714517987988e-5
346408,3480,3515,2130,1.4046682648239486e-5,1.4522232134753127e-5,8.744396894266103e-6
346346,2026,4105,371,8.177752599233677e-6,1.6959818751966312e-5,1.5230850928510443e-6
346256,25694,21592,22132,1.0371134021950153e-4,8.920740718452049e-5,9.085962068727577e-5
346225,15765,14450,25392,6.363389423836077e-5,5.9700214608017834e-5,1.0424306382122295e-4
344676,30120,33860,22759,1.2157646016234866e-4,1.3989268281159058e-4,9.343367554770058e-5
342924,76299,79656,83807,3.0797351706265074e-4,3.290989823402262e-4,3.4405712230880717e-4
342840,29390,33949,24326,1.1862988592866624e-4,1.4026038655554307e-4,9.986676002343531e-5
342183,3300,4368,2895,1.3320130097468478e-5,1.8046403972859646e-5,1.1884990145023646e-5
341344,17484,17619,15110,7.05724710982239e-5,7.279294679437136e-5,6.203184839077972e-5
328993,3685,3402,2990,1.4874145275506467e-5,1.4055372325015686e-5,1.2274998457209225e-5
328824,381,41,89,1.5378695657986334e-6,1.6939161238261114e-7,3.653762082580672e-7
324432,2433,1290,316,9.820568644588124e-6,5.329638535940692e-6,1.2972908068488678e-6
323841,14251,9619,9608,5.752278000576463e-5,3.974092486605699e-5,3.944420908925292e-5
321802,41639,34210,4588,1.680717870086333e-4,1.4133870877095433e-4,1.8835348803236093e-5
320847,218909,205137,150593,8.836049574262809e-4,8.475240777885781e-4,6.182370711259226e-4
320842,4351,4774,1945,1.7562389713359195e-5,1.97237940857216e-5,7.984907023167874e-6
250667,1661,2770,7164,6.7044654823924675e-6,1.144426259267885e-5,2.9410732089447117e-5
250558,1851,1130,1095,7.471382063761865e-6,4.6685980973744045e-6,4.495358966770602e-6
242849,3740,2816,2022,1.5096147443797608e-5,1.1634311718766658e-5,8.30101902357092e-6
241382,5621,6640,4807,2.268862159935464e-5,2.743317820050093e-5,1.9734420596590214e-5
237707,15216,16831,10639,6.14179089585092e-5,6.953732263443239e-5,4.367682561413008e-5
234465,184835,227862,128356,7.460685595653291e-4,9.414124775786961e-4,5.269463886199155e-4
232320,40523,64800,59594,1.6356716119385307e-4,2.677213776193464e-4,2.4465426690933997e-4
230854,30183,22611,31635,1.2183075355511851e-4,9.341740847763953e-5,1.2987276795779727e-4
228851,40539,35870,50481,1.636317436428105e-4,1.4819700332107955e-4,2.0724220639410665e-4
228833,14251,9610,9562,5.752278000576463e-5,3.970374134138764e-5,3.9255362959142006e-5
228307,1633,1946,3112,6.591446196716977e-6,8.039904334062471e-6,1.2775851237068598e-5
227159,10906,18002,28112,4.40210117706034e-5,7.437531234418942e-5,1.1540961760169421e-4
224423,2663,2682,1817,1.0748941348351078e-5,1.1080690351467392e-5,7.45942213938099e-6
224377,10298,10318,3145,4.156687871022133e-5,4.2628845282043456e-5,1.2911327808669904e-5
223738,689,1334,1500,2.7810817082290247e-6,5.511424656546421e-6,6.1580259818775374e-6
223237,1421,1405,1556,5.735728748031123e-6,5.804761351160211e-6,6.387925618534299e-6
223227,16586,16674,17154,6.694778115048854e-5,6.888867670408923e-5,7.042318512875152e-5
223171,2220,2301,2146,8.960814792842431e-6,9.506587807131421e-6,8.810082504739464e-6
223160,2816,6231,2004,1.1366511016506435e-5,2.5743393579415855e-5,8.227122711788389e-6
223108,9298,2613,8505,3.75304756503824e-5,1.0795616662335681e-5,3.4916007317245635e-5
222288,8628,13768,37516,3.482608560029031e-5,5.688252973862903e-5,1.540163351574118e-4
219979,19639,18227,38810,7.92709196921768e-5,7.530490046092326e-5,1.5932865890444482e-4
219417,9472,13435,13159,3.823280978279437e-5,5.550673932586295e-5,5.402230926368434e-5
215929,956,1950,318,3.8588013252060194e-6,8.056430345026628e-6,1.305501508158038e-6
215683,18097,19332,46205,7.304678617390517e-5,7.987021098977168e-5,1.8968772699510107e-4
215676,6178,6431,4801,2.4936898103684927e-5,2.6569694127623716e-5,1.9709788492662703e-5
215644,9979,13401,14407,4.027926613413271e-5,5.536626823266761e-5,5.9145786880606454e-5
214058,1473,1405,1199,5.9456217071427474e-6,5.804761351160211e-6,4.922315434847445e-6
212017,9156,10528,11143,3.6957306415885265e-5,4.349646085766171e-5,4.574592234404093e-5
211126,6784,3914,4839,2.7382958357947318e-5,1.6170701728427806e-5,1.9865791817536933e-5
210861,8864,9012,13540,3.57786767224123e-5,3.7233102702246136e-5,5.5586447863081235e-5
210845,5075,5197,4532,2.0484745528682584e-5,2.1471419745181224e-5,1.8605449166579333e-5
210842,6284,6014,8496,2.5364756828027853e-5,2.4846857484610327e-5,3.487905916135437e-5
210393,2365,3091,4546,9.546093236519076e-6,1.2770474972552466e-5,1.8662924075743522e-5
210312,62986,45371,57488,2.54236883127015e-4,1.874504108636939e-4,2.360083984307839e-4
210297,49022,62746,50263,1.9787255079942417e-4,2.592352709892517e-4,2.063472399514071e-4
210259,21665,14689,30542,8.744867229141048e-5,6.0687643763126225e-5,1.2538561969233582e-4
210228,46625,16626,21968,1.8819729266499022e-4,6.869036457251934e-5,9.018634317992383e-5
209687,163048,780633,704993,6.581274461006182e-4,0.003225187379245729,0.0028942434740278603
209676,164536,143276,80917,6.641336138536587e-4,5.919451867251462e-4,3.321926589170564e-4
209172,7988664,7394779,6479595,0.032245467813625125,0.030551549707879825,0.026601009574695852
208244,7528,8978,16769,3.0386042234467487e-5,3.7092631609050804e-5,6.884262512673628e-5
205795,1108,65,975,4.472334590301538e-6,2.6854767816755423e-7,4.002716888220399e-6
199152,5909,3516,4327,2.3851105680588252e-5,1.4526363637494166e-5,1.7763852282389404e-5
190197,10019,6668,4827,4.044072225652627e-5,2.754886027725003e-5,1.9816527609681914e-5
190007,791,1080,1255,3.1927948203325955e-6,4.46202296032244e-6,5.152215071504206e-6
189939,2875,1864,2017,1.1604658797036932e-5,7.701121109297248e-6,8.280492270297995e-6
189234,4129,4337,5447,1.666630823407495e-5,1.7918327387887427e-5,2.236184501552463e-5
188923,5351,4973,4608,2.1598792773198127e-005,2.054596313118842e-5,1.8917455816327793e-5
187931,4911,7992,11562,1.9822775426868997e-5,3.3018969906386056e-5,4.7466064268312056e-5
187846,1429,404,720,5.768019972509835e-6,1.6691271073798756e-6,2.9558524713012176e-6
187839,915,1035,697,3.693308799752623e-6,4.276105336975671e-6,2.8614294062457624e-6
187836,1717,1063,679,6.930504053743448e-6,4.391787413724772e-6,2.7875330944632317e-6
183432,1507,1050,1209,6.082859411177271e-6,4.3380778780912615e-6,4.963368941393295e-6
170841,69195,90836,111322,2.7929890972555496e-4,3.752891829850455e-4,4.5701584556971414e-4
170728,94453,112556,88860,3.812503782109667e-4,4.6502542252041903e-4,3.648014591664253e-4
170630,13519,19593,16135,5.456813296596253e-5,8.094853320518293e-5,6.623983281172937e-5
170487,18777,17737,27079,7.579154025459564e-5,7.3280464117814e-5,1.1116879037550788e-4
170319,2873,9286,6400,1.1596585990917254e-5,3.8365134453290904e-5,2.627424418934416e-5
170278,2981,4700,5532,1.2032517521379859e-5,1.9418062882884693e-5,2.2710799821164358e-5
170275,4230,3463,7707,1.7073984943118687e-5,1.4307393992219082e-5,3.163993749488679e-5
170242,1840,1147,1308,7.426981630103636e-6,4.738833643972073e-6,5.369798656197212e-6
169614,599,1199,539,2.4178054328435205e-6,4.953671786506116e-6,2.2127840028213285e-6
169611,3668,4214,3606,1.4805526423489204e-5,1.7410152550739596e-5,1.48038944604336e-5
169610,667,582,445,2.692280840912568e-6,2.4045345952848706e-6,1.826881041290336e-6
168880,1397,1270,1635,5.638855074594989e-6,5.2470084811199065e-6,6.712248320246515e-6
163829,1823,1208,1638,7.3583627780863745e-6,4.99085531117547e-6,6.724564372210271e-6
163410,10869,9098,17004,4.387166485738936e-5,3.758841193797552e-5,6.980738253056376e-5
161401,150151,12976,153221,6.060699558378755e-4,5.3610379567725907e-5,6.290259326461721e-4
161388,757,763,849,3.055557116298072e-6,3.152336591412983e-6,3.485442705742686e-6
160575,9622,6468,7288,3.883827024177021e-5,2.6722559729042168e-5,2.9919795570615662e-5
146435,220,320,360,8.880086731645652e-7,1.3220808771325748e-6,1.4779262356506088e-6
146430,21776,22116,38705,8.78967130310526e-5,9.137231462082507e-5,1.5889759708571338e-4
146264,3235,1527,2941,1.3057763898578947e-5,6.308804685567005e-6,1.2073836275134558e-5
138111,1768,5782,3008,7.136360609795233e-6,2.3888348848689213e-5,1.2348894768991755e-5
135765,13888,18543,21429,5.60575656950431e-5,7.661045532709168e-5,8.79735591771025e-5
135325,8068,5120,10764,3.2565699886780507e-5,2.1153294034121197e-5,4.41899944459532e-5
135323,5805,2307,4849,2.3431319762365003e-5,9.531376823577657e-6,1.9906845324082785e-5
135260,17166,15971,35391,6.928889492519511e-5,6.59842302771386e-5,1.4529246501641862e-4
135163,953,1066,1391,3.8466921160265025e-6,4.40418192194789e-6,5.710542760527769e-6
134328,42688,30072,26615,1.7230597381840434e-4,1.2424255042853372e-4,1.0926390767178043e-4
133924,1635,1804,1802,6.599519002836655e-6,7.45323094483489e-6,7.397841879562214e-6
133605,9402,8899,14504,3.795026156860564e-5,3.67662428925087e-5,5.95440058941012e-5
133467,39541,6976,32860,1.5960341338909124e-4,2.8821363121490132e-5,1.349018225096639e-4
132335,31270,20518,9289,1.2621832368116343e-4,8.477017324064429e-5,3.813460223044029e-5
132248,1662,1612,1626,6.7085018854523065e-6,6.6599824185553454e-6,6.67530016435525e-6
131989,4398,2044,1992,1.7752100657171626e-5,8.444791602684321e-6,8.177858503933368e-6
131524,15437,12238,13229,6.230995403473361e-5,5.056133054483891e-5,5.4309683809505294e-5
131446,870922,748794,1010271,0.003515392225681043,0.003093644463473779,0.004147516711158267
131427,1348,563,2079,5.441071324662881e-6,2.3260360432051237e-6,8.535024010882267e-6
131421,145468,634889,365191,5.871674803086498e-4,0.0026230456437556977,0.0014992371108985597
130738,7886,15404,13583,3.183107452988982e-5,6.364166822296932e-5,5.576297794122839e-5
130659,11620,15747,17118,4.6903003555328396e-5,6.50587736631458e-5,7.027539250518645e-5
130582,36814,30807,45695,1.4859614224491046e-4,1.272792049431976e-4,1.8759399816126271e-4
130549,2681,6240,5811,1.0821596603428178e-5,2.578057710408521e-5,2.385619265379358e-5
130548,48785,73264,66315,1.9691592327424233e-4,3.02690416819503e-4,2.722463286588059e-4
130530,25155,38533,52423,1.0153571897024835e-4,1.591991951204672e-4,2.1521479736531074e-4
130528,8899,7672,26874,3.591995082950666e-5,3.1696889029253484e-5,1.1032719349131795e-4
130463,23243,39681,33217,9.38181163198363e-5,1.6394216026718032e-4,1.3636743269335077e-4
128059,1617,1295,1522,6.526863747759554e-6,5.350296049645889e-6,6.248343696278408e-6
127630,333,219,249,1.3441222189263647e-6,9.047991002876059e-7,1.022232312991671e-6
125960,62378,57117,81088,2.517827500666329e-4,2.3597904205994148e-4,3.328946738789905e-4
125942,6579,6677,6191,2.6555495730680337e-5,2.758604380191938e-5,2.541622590253589e-5
125898,1548,112,1466,6.248351936630668e-6,4.627283069964012e-7,6.0184440596216465e-6
125897,71728,68981,97812,2.8952311867612695e-4,2.849951905796317e-4,4.0155255822627045e-4
125868,7528,3755,16769,3.0386042234467487e-5,1.5513792792602558e-5,6.884262512673628e-5
125802,18055,11774,8973,7.287725724539193e-5,4.864431327299667e-5,3.683731142359143e-5
124996,30284,33487,21957,1.2223843026416223e-4,1.3835163228918292e-4,9.014118432272339e-5
121191,2596,2138,3008,1.047850234334187e-5,8.833152860342016e-6,1.2348894768991755e-5
118967,694,1207,1681,2.8012637235282195e-6,4.9867238084344305e-6,6.901094450357427e-6
118602,11401,14268,16160,4.6019031285223674e-5,5.894828110914868e-5,6.6342466578094e-5
118128,3004,3224,3142,1.2125354791756153e-5,1.3319964837110691e-5,1.2899011756706148e-5
118125,2051,1713,2022,8.278662675729651e-6,7.077264195400314e-6,8.30101902357092e-6
118060,25443,15551,17798,1.0269820305148196e-4,6.42489991259021e-5,7.306703095030427e-5
117962,11493,11931,10786,4.639038036672885e-5,4.9292959203339846e-5,4.4280312160354074e-5
117769,34070,19425,29190,1.3752025224871245e-4,8.025444074468833e-5,1.1983518560733687e-4
117750,19321,29202,32371,7.798734351914802e-5,1.2064814304382954e-4,1.3289430603957182e-4
117745,90343,7419,13050,3.646607616350287e-4,3.065161883577054e-5,5.357482604233457e-5
117300,2103,3380,1764,8.488555634841276e-6,1.3964479264712821e-5,7.241838554687984e-6
117249,1264,1759,1750,5.102013467636411e-6,7.2673133214881224e-6,7.184363645523794e-6
117245,11603,11687,13584,4.683438470331114e-5,4.828487253452625e-5,5.5767083291882977e-5
117242,15593,11964,7506,6.293963291206847e-5,4.942929879379414e-5,3.081476201331519e-5
117235,1815,1996,2604,7.326071553607663e-6,8.246479471114435e-6,1.0690333104539404e-5
117213,12877,23058,7821,5.1976762201545936e-5,9.52641902028841e-5,3.210794746950948e-5
117212,16874,19225,21345,6.811026523172215e-5,7.942814019648047e-5,8.762870972211735e-5
117201,141039,79211,139085,5.692902511566232e-4,3.272604636204637e-4,5.709926957929582e-4
117200,7992,16572,20156,3.225893325423275e-5,6.846726342450322e-5,8.274744779381575e-5
117199,511258,839052,751678,0.002063643355567133,0.0034665456378745038,0.0030859017693371624
117196,3832,12233,8744,1.546749652530279e-5,5.0540673031133714e-5,3.5897186123691456e-5
117195,3824285,5146360,5331895,0.015436355675696133,0.021262200446374994,0.02188929862842862
117192,46566,56178,61984,1.8795914488445973e-4,2.320995609861056e-4,2.5446605497379815e-4
117191,1564,1107,2828,6.312934385588091e-6,4.573573534330501e-6,1.160993165116645e-5
117190,43665,8102,36806,1.76249539607867e-4,3.347343520790038e-5,1.511015361926564e-4
117182,435926,396101,472989,0.0017595730402633466,0.0016364923672284063,0.0019417857007615162
116942,53894,62645,41220,2.1753790650695944e-4,2.588179892124067e-4,1.6922255398199473e-4
115895,10068,19517,15511,4.063850600645837e-5,8.063453899686395e-5,6.367809400326831e-5
114282,1103,873,1729,4.452152575002343e-6,3.606801892927306e-6,7.0981512817775075e-6
113559,4233,19577,21944,1.7086094152298204e-5,8.08824291613263e-5,9.008781476421379e-5
113534,7236,6195,6305,2.9207412540994516e-5,2.559465948073844e-5,2.588423587715858e-5
112543,1153,2018,2111,4.653972727994289e-6,8.3373725314173e-6,8.666395231828988e-6
112530,3566,2963,4913,1.4393813311385634e-5,1.2241642621699435e-5,2.0169587765976226e-5
111776,30760,6391,25814,1.2415975812064557e-4,2.6404434017982144e-5,1.0597552179745782e-4
111772,3866,1494,2500,1.5604734229337314e-5,6.172465095112709e-6,1.0263376636462562e-5
111739,16118,12251,14073,6.505874451848392e-5,5.061504008047242e-5,5.7774599761975055e-5
111732,27684,38912,47770,1.1174378230858101e-4,1.607650346593211e-4,1.9611260076952662e-4
110962,5946,7857,6292,2.4000452593802294e-5,3.246121703634575e-5,2.5830866318648974e-5
110647,37459,24191,47524,1.511996222185066e-4,9.994518280848162e-5,1.9510268450849871e-4
110628,70166,83828,79330,2.8321825709665854e-4,3.4633561177584214e-4,3.2567746742823004e-4
110612,24388,20314,24370,9.84397978233519e-5,8.392734668147226e-5,1.0004739545223705e-4
110605,87682,7665,39182,3.539198930927973e-4,3.166796851006621e-5,1.6085584934795043e-4
110346,21593,32204,37322,8.715805127110208e-5,1.330509142724295e-4,1.532198971304223e-4
110328,18979,19467,14271,7.66068936726831e-5,8.042796385981199e-5,5.858745919158289e-5
110321,57026,56419,49836,2.3017992089037498e-4,2.3309525314669605e-4,2.045942552218993e-4
110283,2745,10034,11194,1.107992639925787e-5,4.14554985035883e-5,4.5955295227424765e-5
110182,2151,1716,2644,8.682302981713544e-6,7.089658703623432e-6,1.0854547130722806e-5
110123,7586,23871,22104,3.0620153611938146e-5,9.862310193134904e-5,9.074467086894739e-5
110031,10327,14619,14400,4.168393439895666e-5,6.039843857125347e-5,5.911704942602436e-5
110021,11768,8898,6367,4.750039120818456e-5,3.676211138976766e-5,2.6138767617742854e-5
109714,6911,7231,6361,2.7895581546546863e-5,2.9874896320455153e-5,2.6114135513815343e-5
109387,112616,68509,63522,4.5456356698682127e-4,2.830451212858611e-4,2.6078008428054994e-4
109386,5544,6084,9359,2.2377818563747044e-5,2.5136062676483078e-5,3.8421976776261244e-5
108314,5628493,5244160,3785739,0.022718866367482014,0.021666261414448634,0.015541786081738057
107960,8200,13870,17627,3.309850509067925e-5,5.730394301821504e-5,7.236501598837023e-5
107143,41768,124024,14955,1.6859248300335255e-4,5.124054959546577e-4,6.139551903931904e-5
106940,170361,132385,53386,6.876456616772204e-4,5.469489903724873e-4,2.1916825004567614e-4
106931,3162,1536,2078,1.2763106475210706e-5,6.345988210236359e-6,8.530918660227682e-6
106902,347,387,423,1.4006318617641097e-6,1.5988915607822078e-6,1.7365633268894655e-6
106482,25933,32427,25444,1.0467604055080304e-4,1.3397223938368125e-4,1.0445654205526137e-4
106427,192532,217949,149993,7.771367539169094e-4,9.004568909067736e-4,6.157738607331716e-4
105769,316,379,939,1.2755033669091027e-6,1.5658395388538932e-6,3.8549242646553384e-6
105406,46290,52212,34602,1.868450976399442e-4,2.1571402111514375e-4,1.42053343349951e-4
105370,54193,27216,22954,2.1874479102185128e-4,1.1244297860012549e-4,9.423421892534466e-5
105085,1717,1257,1628,6.930504053743448e-6,5.193298945486396e-6,6.683510865664421e-6
105081,10880,884,3722,4.391606529104759e-5,3.652248423078738e-6,1.528011513636546e-5
104990,9318,8947,9952,3.761120371157918e-5,3.6964555024078584e-5,4.085644971443017e-5
104933,41605,37249,56836,1.679345493045988e-4,1.5389434560097274e-4,2.3333170980399448e-4
104931,9854,7634,4846,3.977471575165284e-5,3.153989192509399e-5,1.989452927211903e-5
104924,74261,62430,80441,2.99747327626699e-4,2.5792971612308325e-4,3.30238512005474e-4
104918,187006,174561,269442,7.548315906082395e-4,7.211992499785606e-4,0.0011061538910726982
104417,11409,3989,13233,4.6051322509702385e-5,1.6480564434005754e-5,5.4326105212123635e-5
104390,182,133,159,7.346253568906857e-7,5.494898645582264e-7,6.52750754079019e-7
104378,30665,39313,34733,1.2377629982996088e-4,1.6242176725847786e-4,1.4259114428570168e-4
104312,117625,102055,6771,4.7478190991355446e-4,4.216405122367654e-4,2.77973292821952e-5
104238,970,1432,1298,3.915310968043765e-6,5.916311925168272e-6,5.328745149651362e-6
104135,7772,33589,8484,3.137092458106819e-5,1.387730455687689e-4,3.482979495349935e-5
104131,11978,6536,8938,4.834803585075074e-5,2.700350191543284e-5,3.669362415068095e-5
103821,57628,65607,106539,2.32609835532398e-4,2.710555003313651e-4,4.3737995338883397e-4
102904,34727,24814,24532,1.401721690590266e-4,1.025191090161491e-4,1.0071246225827983e-4
100922,2064,1699,3698,8.331135915507556e-6,7.019423157025764e-6,1.5181586720655422e-5
100908,1301,1201,942,5.251360380850452e-6,4.961934791988195e-6,3.867240316619093e-6
100877,5155,5047,7065,2.0807657773469697e-5,2.0851694334025328e-5,2.90043023746432e-5
100869,11214,12680,5122,4.526422391303379e-5,5.238745475637828e-5,2.1027606052784496e-5
100865,9588,8806,12302,3.8701032537735684e-5,3.6382013137592046e-5,5.050402375270497e-5
100727,2684,8103,4858,1.0833705812607695e-5,3.347756671064142e-5,1.994379347997405e-5
100468,3308,1951,4612,1.335242132194719e-5,8.060561847767667e-6,1.8933877218946134e-5
100114,6246,9029,15592,2.5211373511753973e-5,3.730333824884381e-5,6.40106274062897e-5
100017,231901,167353,244679,9.360459059797083e-4,6.914193782211494e-4,0.0010044930928132093
99877,4949,5407,4525,1.9976158743142878e-5,2.2339035320799475e-5,1.857671171199724e-5
98053,56005,72895,94009,2.2605875336627942e-4,3.011658923080595e-4,3.8593990968688357e-4
98027,27666,25854,26114,1.1167112705350392e-4,1.0681587186682997e-4,1.0720712699383334e-4
97891,19074,28465,35603,7.69903519633678e-5,1.1760322552368357e-4,1.4616279935519063e-4
97693,11401,14810,16319,4.6019031285223674e-5,6.118755559479198e-5,6.699521733217301e-5
95422,63315,76144,82409,2.5556485973370204e-4,3.1458914471369615e-4,3.383178420936973e-4
95404,791,514,880,3.1927948203325955e-6,2.123592408894198e-6,3.612708576034822e-6
94586,6602,6789,8362,2.6648333001056634e-5,2.8048772108915784e-5,3.4328942173639976e-5
94582,96009,86908,112667,3.875310213720761e-4,3.590606402182432e-4,4.62537542200131e-4
92552,75672,8959,6597,3.0544269234413174e-4,3.7014133056971055e-5,2.7082998268297407e-5
91648,2835,2828,2291,1.1443202674643373e-5,1.168388975165913e-5,9.405358349654292e-6
91401,718,731,1179,2.8981373969643537e-6,3.0201285036997257e-6,4.840208421755745e-6
90822,6331,6663,6586,2.555446777184028e-5,2.752820276354483e-5,2.7037839411096972e-5
87950,1641,1177,1490,6.623737421195688e-6,4.862778726203252e-6,6.1169724753316865e-6
87877,19911,28375,15020,8.036882132445299e-5,1.1723139027699004e-4,6.166236683186707e-5
85106,6268,6403,6390,2.530017437907043e-5,2.6454012050874616e-5,2.6233190682798308e-5
84390,5729,11874,14185,2.3124553129817246e-5,4.90574635471006e-5,5.8234399035288575e-5
84223,68480,86822,61140,2.764128815377701e-4,3.5870533098251376e-4,2.510011390213284e-4
84216,4622,8198,8608,1.8656254942575547e-5,3.387005947104015e-5,3.533885843466789e-5
84185,1671,1575,1184,6.744829512990856e-6,6.507116817136892e-6,4.86073517502867e-6
84181,673,750,1013,2.7164992592716017e-6,3.098627055779472e-6,4.15872021309463e-6
84086,1046,1592,2892,4.222077600591524e-6,6.57735236373456e-6,1.1872674093059891e-5
68541,409,349,418,1.6508888514741236e-6,1.4418944566227144e-6,1.7160365736165404e-6
68263,4181,1681,2262,1.6876201193186578e-5,6.945056107687057e-6,9.286303180671326e-6
68235,1001,1429,1637,4.040439462898772e-6,5.903917416945154e-6,6.7204590215556856e-6
68142,1555,851,4145,6.27660675804954e-6,3.515908832624441e-6,1.701667846325493e-5
68094,10722,30981,28033,4.3278313607593034e-5,1.2799808642013845e-4,1.15085294899982e-4
67178,41305,62090,73303,1.667236283866471e-4,2.5652500519112993e-4,3.009345190330461e-4
67163,23681,22580,15591,9.558606086004577e-5,9.328933189266731e-5,6.400652205563511e-5
67160,43079,51286,51890,1.738842074148014e-4,2.1188824957694134e-4,2.1302664546641694e-4
66827,2000,3024,4278,8.072806119677866e-6,1.2493664288902832e-5,1.7562690100314735e-5
66763,27005,29785,22113,1.0900306463095037e-4,1.2305680914185543e-4,9.078161902483866e-5
66608,2228,3620,5331,8.993106017321141e-6,1.4956039922562252e-5,2.1885624339592766e-5
66546,1687,2399,2390,6.80941196194828e-6,9.911475075753272e-6,9.81178806445821e-6
66437,187683,171870,265304,7.575642354797503e-4,7.100813761024238e-4,0.0010891659500640255
66396,5811,6237,7517,2.3455538180724037e-5,2.576818259586209e-5,3.085992087051563e-5
66391,58702,44031,46875,2.3694493241866504e-4,1.8191419719070125e-4,1.9243831193367303e-4
66367,3425,4378,3314,1.3824680479948345e-5,1.808771900027004e-5,1.3605132069294771e-5
66350,24277,31586,30019,9.799175708370977e-5,1.304976455784672e-4,1.2323852129998787e-4
66291,116858,161133,180667,4.7168598876665797e-4,6.65721431171885e-4,7.417013867119127e-4
66287,120094,146145,133606,4.8474778906829676e-4,6.03798468089188e-4,5.484994795564868e-4
66261,69443,68452,59083,2.80299937684395e-4,2.828096256296219e-4,2.4255643272484703e-4
66256,141886,92692,572667,5.727090845483069e-4,3.8295725207241444e-4,0.0023509988433092423
65419,896,877,511,3.6166171416156837e-6,3.623327903891463e-6,2.0978341844929477e-6
65232,830,1011,150,3.3502145396663143e-6,4.176949271190728e-6,6.158025981877537e-7
65051,25322,20518,10952,1.0220979828124145e-4,8.477017324064429e-5,4.496180036901519e-5
65017,12530,7851,6324,5.0576130339781826e-5,3.243642801989952e-5,2.5962237539595696e-5
64799,437,781,651,1.7639081371496135e-6,3.2267036407516905e-6,2.672583276134851e-6
64787,470,590,541,1.8971094381242984e-6,2.437586617213185e-6,2.2209947041304984e-6
64753,10775,6647,7431,4.34922429697645e-5,2.7462098719688202e-5,3.050686071422132e-5
64652,393,489,597,1.5863064025167006e-6,2.020304840368216e-6,2.45089434078726e-6
64643,2887,2899,3654,1.1653095633755e-5,1.197722644627292e-5,1.5000951291853681e-5
64616,1688,1192,2153,6.813448365008119e-6,4.924751267318841e-6,8.838819959321558e-6
64612,2058,4571,4053,8.306917497148524e-6,1.8885099029290623e-5,1.6638986203033106e-5
64604,2509,6217,5809,1.0127335277135881e-5,2.5685552541041305e-5,2.384798195248441e-5
64586,1150,1026,1787,4.641863518814772e-6,4.238921812306318e-6,7.336261619743439e-6
64585,2006,3984,4896,8.0970245380369e-6,1.6459906920300556e-5,2.009979680484828e-5
64557,11934,11809,12643,4.8170434116117824e-5,4.878891586893305e-5,5.1903948325918465e-5
62840,32741,53682,49747,1.321558725821865e-4,2.217873301444715e-4,2.0422887901364124e-4
62820,8825,8136,7766,3.562125700307858e-5,3.361390630109571e-5,3.1882153183507305e-5
62816,746134,625179,592435,0.0030116975606498623,0.0025829287521402064,0.002432153415049079
62766,1511,2228,825,6.099005023416627e-6,9.204988107035552e-6,3.3869142900326456e-6
62409,47710,41157,26211,1.9257678998491548e-4,1.7004025831295432e-4,1.0760534600732808e-4
62393,76747,93260,84948,3.0978182563345854e-4,3.8530394562932477e-4,3.487413274056887e-4
62375,6538,3272,7241,2.6390003205226943e-5,1.3518276968680577e-5,2.9726844089850163e-5
62348,11073,10377,17008,4.46950910815965e-5,4.2872603943764776e-5,6.98238039331821e-5
62311,10867,9711,12453,4.386359205126968e-5,4.0121023118232607e-5,5.112393170154731e-5
62290,21875,22466,11080,8.829631693397666e-5,9.281834058018883e-5,4.548728525280207e-5
62267,3697,3370,3043,1.4922582112224534e-5,1.3923164237302429e-5,1.249258204190223e-5
62252,1748,1489,1142,7.055632548598454e-6,6.151807581407512e-6,4.688310447536098e-6
53745,24330,20745,24770,9.820568644588123e-5,8.57080243628602e-5,1.0168953571407107e-4
52871,3090,3234,2890,1.2472485454902302e-5,1.3361279864521084e-5,1.1864463391750722e-5
50367,3331,1456,260,1.3445258592323484e-5,6.015467990953216e-6,1.0673911701921065e-6
48608,81527,104366,87663,3.2907583225948866e-4,4.311884150713072e-4,3.5988735443288704e-4
47358,718,2793,1541,2.8981373969643537e-6,1.1539287155722754e-5,6.326345358715523e-6
47286,18427,15649,17154,7.437879918365201e-5,6.465388639452395e-5,7.042318512875152e-5
47259,17131,16761,36742,6.914762081810075e-5,6.924811744255965e-5,1.50838793750763e-4
46365,12357,14038,30684,4.987783261042969e-5,5.799803547870964e-5,1.259685794852869e-4
46362,1978,1927,1932,7.984005252361409e-6,7.961405781982724e-6,7.931537464658268e-6
46349,4710,1060,8258,1.9011458411841372e-5,4.379392905501654e-6,3.390198570556313e-5
46207,51984,37938,79872,2.0982837666266708e-4,1.5674095098954882e-4,3.279025674830151e-4
46179,9402,8899,14504,3.795026156860564e-5,3.67662428925087e-5,5.95440058941012e-5
46149,3188,2846,2258,1.2868052954766517e-5,1.1758256800997837e-5,9.269881778052987e-6
46131,514746,613072,269260,0.0020777223294398514,0.0025329086484544433,0.0011054067172535638
42424,21964,14610,11953,8.865555680630232e-5,6.036125504658412e-5,4.90712563742548e-5
42245,90343,89009,94200,3.646607616350287e-4,3.677409274771667e-4,3.8672403166190933e-4
42007,24017,24416,13286,9.694229228815164e-5,1.0087477092521545e-4,5.454368879681664e-5
34087,1208,2186,1862,4.875974896285431e-6,9.031464991911902e-6,7.644162918837316e-6
33999,1877,1687,1192,7.576328543317677e-6,6.969845124133293e-6,4.893577980265349e-6
33395,14434,14908,25230,5.826144176571515e-5,6.159244286341383e-5,1.0357799701518017e-4
31695,6758,4338,7241,2.727801187839151e-5,1.7922458890628468e-5,2.9726844089850163e-5
31664,2050,2801,4280,8.274626272669812e-6,1.1572339177651069e-5,1.7570900801623905e-5
31599,5340,5233,5120,2.15543923395399e-5,2.162015384385864e-5,2.1019395351475326e-5
27127,6450,2860,4731,2.6034799735961114e-5,1.1816097839372387e-5,1.942241394684175e-5
26911,113,92,84,4.561135457617994e-7,3.8009825217561527e-7,3.448494549851421e-7
26755,10555,7372,3169,4.260423429659994e-5,3.0457438206941694e-5,1.3009856224379943e-5
26751,7528,8978,16769,3.0386042234467487e-5,3.7092631609050804e-5,6.884262512673628e-5
26736,3815,2619,3109,1.5398877673285527e-5,1.0820405678781917e-5,1.2763535185104842e-5
26723,117,106,113,4.722591580011551e-7,4.379392905501654e-7,4.639046239681078e-7
23170,10580,15583,22629,4.270514437309591e-5,6.438120721361536e-5,9.289997996260452e-5
22969,35237,55179,81906,1.4223073461954447e-4,2.2797218974780734e-4,3.3625285071444105e-4
22885,10827,7355,6690,4.370213592887612e-5,3.0387202660344024e-5,2.7464795879173817e-5
21827,426,238,249,1.7195077034913853e-6,9.832976523673526e-7,1.022232312991671e-6
21709,472785,322926,330656,0.0019083508206459497,0.0013341696541528559,0.001357458826042466
21683,11474,13704,9109,4.6313688708591914e-5,5.6618113563202515e-5,3.7395639112614994e-5
20297,3830,4314,6078,1.545942371918311e-5,1.7823302824843525e-5,2.495232127856778e-5
18588,7258,8733,9834,2.9296213408310973e-5,3.608041343749617e-5,4.0372018337189134e-5
18489,60,241,745,2.4218418359033596e-7,9.956921605904705e-7,3.0584862376658433e-6
18488,4038,6881,2086,1.629899555562961e-5,2.84288703610914e-5,8.563761465464362e-6
18361,394474,1351355,225995,0.001592256060626903,0.005583126886617158,9.277887211829427e-4
18345,9575,8475,5547,3.864855929795778e-5,3.501448573030803e-5,2.2772380080983134e-5
18257,32182,14473,37979,1.2989952327173654e-4,5.979523917106173e-5,1.5591711251048464e-4
18177,27392,18196,23126,1.1056515261510805e-4,7.517682387595104e-5,9.494033923793329e-5
18168,354,444,324,1.4288866831829823e-6,1.8343872170214476e-6,1.330133612085548e-6
18037,3069,2798,3762,1.2387720990645684e-5,1.1559944669427951e-5,1.544432916254886e-5
18023,3841,3669,4337,1.550382415284134e-5,1.5158483556873177e-5,1.7804905788935252e-5
17863,1086,615,949,4.383533722985081e-6,2.540874185739167e-6,3.8959777712011885e-6
17830,79396,54724,52987,3.204742573389719e-4,2.2609235600063444e-4,2.175302151344967e-4
17829,12161,3636,11140,4.908669761070126e-5,1.502214396641888e-5,4.5733606292077176e-5
17651,2741,3515,2890,1.1063780787018514e-5,1.4522232134753127e-5,1.1864463391750722e-5
17644,27047,54273,62774,1.0917259355946361e-4,2.2422904826442574e-4,2.5770928199092037e-4
17537,10905,17104,2525,4.401697536754356e-5,7.066522288273613e-5,1.0366010402827187e-5
17456,9250,3058,13463,3.733672830351013e-5,1.2634135382098167e-5,5.527033586267819e-5
17382,4380,3159,11443,1.7679445402094524e-5,1.3051417158943137e-5,4.6977527540416435e-5
17297,6681,8875,9830,2.6967208842783908e-5,3.6667086826723755e-5,4.035559693457079e-5
17267,7007,4311,8198,2.82830762402914e-5,1.7810908316620405e-5,3.3655664666288034e-5
17250,160994,82876,40177,6.498366742157091e-4,3.424024211663727e-4,1.6494067324926255e-4
17233,20900,24248,8770,8.436082395063369e-5,1.0018067846472085e-4,3.600392524071067e-5
17222,5374,5078,9021,2.1691630043574424e-5,2.0979770918997547e-5,3.703436825501151e-5
17188,1851,1130,1095,7.471382063761865e-6,4.6685980973744045e-6,4.495358966770602e-6
17045,532,637,1591,2.147366427834312e-6,2.631767246042032e-6,6.531612891444774e-6
16980,1769,2474,2959,7.140397012855072e-6,1.0221337781331218e-5,1.2147732586917088e-5
16808,7887,4087,7463,3.1835110932949664e-5,1.6885451702627605e-5,3.063823193516804e-5
14764,350,423,496,1.4127410709436264e-6,1.7476256594596223e-6,2.036253924674172e-6
14702,7894,6301,6258,3.1863365754368534e-5,2.6032598771288605e-5,2.5691284396393085e-5
14701,597,613,1262,2.409732626723843e-6,2.5326111802570885e-6,5.180952526086302e-6
14688,28300,32382,24106,1.142302065934418e-4,1.337863217603345e-4,9.89635828794266e-5
13139,4496,4773,4857,1.814766815703584e-5,1.971966258298056e-5,1.9939688129319466e-5
9489,36814,35768,42869,1.4859614224491046e-4,1.4777559004149356e-4,1.7599227721140542e-4
9392,17724,21339,17068,7.154120783258525e-5,8.816213699103755e-5,7.00701249724572e-5
8811,1815,1996,2604,7.326071553607663e-6,8.246479471114435e-6,1.0690333104539404e-5
8598,79396,54724,52987,3.204742573389719e-4,2.2609235600063444e-4,2.175302151344967e-4
7543,7097,4873,4903,2.8646352515676904e-5,2.013281285708449e-5,2.0128534259430378e-5
5990,23842,26351,23027,9.623592175267983e-5,1.0886922872912649e-4,9.453390952312936e-5
5900,857,1087,921,3.4591974222819654e-6,4.490943479509715e-6,3.781027952872808e-6
5290,45018,31702,67814,1.8171079294782908e-4,1.3097689989642776e-4,2.784002492900289e-4
5269,296,320,513,1.194775305712324e-6,1.3220808771325748e-6,2.1060448858021177e-6
4755,7528,8978,16769,3.0386042234467487e-5,3.7092631609050804e-5,6.884262512673628e-5
4732,24473,20538,18169,9.87828920834382e-5,8.485280329546507e-5,7.459011604315531e-5
4713,18747,8108,25025,7.567044816280048e-5,3.349822422434661e-5,1.0273640013099024e-4
4709,2433,1290,1175,9.820568644588124e-6,5.329638535940692e-6,4.823787019137404e-6
4603,43787,62145,60679,1.7674198078116733e-4,2.567522378418871e-4,2.491085723695647e-4
4548,4291,4671,3245,1.732020552976886e-5,1.9298249303394552e-5,1.3321862874128406e-5
4543,30181,24028,21788,1.2182268074899882e-4,9.927174786169222e-5,8.944738006209852e-5
4541,38094,3111,20820,1.537627381615043e-4,1.2853105027373251e-5,8.547340062846022e-5
3772,7751,10275,507668,3.1286160116811565e-5,4.245119066417877e-5,0.0020841551561118703
3618,454,1009,239,1.8325269891668754e-6,4.16868626570865e-6,9.81178806445821e-7
3253,2448,3091,4546,9.881114690485706e-6,1.2770474972552466e-5,1.8662924075743522e-5
3232,3463100,2689769,2410477,0.013978467436528207,0.011112787996262526,0.009895853329812146
3204,4970,7770,5756,2.0060923207399496e-5,3.210177629787533e-5,2.3630398367791404e-5
3182,3277,4205,7061,1.3227292827092182e-5,1.737296902607024e-5,2.898788097202486e-5
3178,1629,1444,2791,6.5753005844776215e-6,5.965889958060744e-6,1.1458033676946803e-5
3175,10969,5078,7984,4.4275305163373255e-5,2.0979770918997547e-5,3.277711962620684e-5
3143,5651,3578,11349,2.280971369114981e-5,1.4782516807438602e-5,4.6591624578885445e-5
3090,13300,14013,7641,5.368416069585781e-5,5.789474791018366e-5,3.136898435168418e-5
2813,22677,12962,9781,9.153351218796747e-5,5.355253852935136e-5,4.0154434752496124e-5
2810,3332,3016,2840,1.3449294995383323e-5,1.2460612266974517e-5,1.165919585902147e-5
2806,149134,210253,212783,6.019649339260194e-4,8.686608458117352e-4,8.735488283345654e-4
2672,1040,827,1996,4.19785918223249e-6,3.416752766839498e-6,8.19427990655171e-6
2568,6190,5578,9360,2.4985334940402994e-5,2.3045522289517195e-5,3.842608212691583e-5
2403,1011,2939,1143,4.080803493497161e-6,1.2142486555914492e-5,4.692415798190683e-6
2242,13988,12564,4657,5.646120600102699e-5,5.190820043841772e-5,1.911861799840246e-5
2197,93356,112405,99764,3.768224440543234e-4,4.644015656065221e-4,4.095662027040204e-4
2193,5460,5639,8416,2.203876070672057e-5,2.3297543956720593e-5,3.4550631108987566e-5
2044,3830,2591,6022,1.545942371918311e-5,1.0704723602032817e-5,2.472242164191102e-5
2042,3008,3550,2042,1.2141500403995509e-5,1.4666834730689502e-5,8.38312603666262e-6
2040,12928,9391,6513,5.218261875759772e-5,3.8798942241100034e-5,2.6738148813312266e-5
2039,4312,3092,7352,1.740496999402548e-5,1.2774606475293505e-5,3.0182538012509103e-5
2037,11193,26526,6214,4.5179459448777176e-5,1.0959224170880837e-4,2.5510648967591344e-5
2017,119030,148181,155811,4.8045305621262813e-4,6.122102076699439e-4,6.396587908415473e-4
2011,10241,15796,11978,4.133680373581051e-5,6.526121729745672e-5,4.917389014061943e-5
1973,55064,114230,146334,2.2226049808697098e-4,4.719415581089188e-4,6.00752382688045e-4
1968,4263,4519,3519,1.720718624409337e-5,1.867026088675658e-5,1.4446728953484702e-5
1921,7256,7348,11830,2.9288140602191295e-5,3.0358282141156748e-5,4.856629824374084e-5
1830,5427,9397,8789,2.190555940574589e-5,3.882373125754627e-5,3.6081926903147784e-5
1809,57480,46856,75140,2.3201244787954186e-4,1.9358569243413726e-4,3.0847604818551875e-4
1799,49543,54686,13336,1.9997551679360023e-4,2.2593535889647496e-4,5.474895632954589e-5
1786,18403,31616,36641,7.428192551021587e-5,1.306215906606984e-4,1.504241533346499e-4
1781,75010,123220,117194,3.0277059351851835e-4,5.09083767750862e-4,4.811224646134374e-4
1771,16789,12774,74985,6.776717097163585e-5,5.2775816014035974e-5,3.078397188340581e-4
1767,100851,184876,119446,4.070752849878162e-4,7.63815700752381e-4,4.903677142875628e-4
1746,28917,34131,43514,1.1672066728136242e-4,1.410123200544122e-4,1.7864022838361276e-4
1740,97551,119489,101560,3.937551548903477e-4,4.936691310240444e-4,4.169394124796551e-4
1732,28682,54439,57601,1.1577211256230026e-4,2.2491487771943825e-4,2.3647230305475202e-4
1721,9470,13652,11372,3.822473697667469e-5,5.640327542066847e-5,4.66860476439409e-5
1713,28426,39672,40094,1.147387933789815e-4,1.6390497674251096e-4,1.6459992914493197e-4
1710,8754,7625,15901,3.5334672385830015e-5,3.1502708400424635e-5,6.527918075855648e-5
1708,9088,13212,13265,3.668283100781622e-5,5.4585414214611185e-5,5.4457476433070354e-5
1681,69326,48100,42551,2.7982767852639383e-4,1.9872528184399014e-4,1.746867757032474e-4
1380,3008179,2295507,2252340,0.012142222920143221,0.009483893462574892,0.009246645493348034
1148,8390,7768,4889,3.3865421672048646e-5,3.2093513292393255e-5,2.0071059350266185e-5
816,30183,22611,4142,1.2183075355511851e-4,9.341740847763953e-5,1.700436241129117e-5
782,100412,106188,134989,4.053033040445469e-4,4.387160130654808e-4,5.541771795117779e-4
592,5368118,5283795,5394507,0.021667887920776452,0.02183001352558973,0.022146342843613498
573,33347,15942,17032,1.3460193283644888e-4,6.586441669764846e-5,6.992233234889214e-5
479,38988,25568,24783,1.573712824970003e-4,1.0563426208289273e-4,1.0174290527258067e-4
473,3848,4335,1844,1.5532078974260213e-5,1.7910064382405348e-5,7.570266607054786e-6
136,53166,36500,78452,2.145994050793967e-4,1.5079985004793432e-4,3.2207296955350434e-4
99,514746,613072,367080,0.0020777223294398514,0.0025329086484544433,0.001506992118285071
61,18427,16674,17553,7.437879918365201e-5,6.888867670408923e-5,7.206122003993094e-5
54,538382,396750,460428,0.002173126752162204,0.0016391737125073407,0.0018902183911892738
