BinBase name,L1_PAC_748,L2_PAC_748,L3_PAC_748,normL1_PAC_748,normL2_PAC_748,normL3_PAC_748
zymostenol,1589,760,1797,6.398851341350051e-6,2.8207901468196774e-6,7.090693365522319e-6
xylulose,154540,262559,151181,6.223275558793184e-4,9.745050528405627e-4,5.965376258725819e-4
xylose,17766,17295,15385,7.154310442443361e-5,6.419153367006095e-5,6.070691008823644e-5
xanthosine,5746,32544,8754,2.3138955196599996e-5,1.2078920333960471e-4,3.4541975359923416e-5
xanthine,189026,700007,254222,7.612015567338167e-4,0.002598122168822108,0.0010031220082191514
valine,768692,1283166,2538528,0.0030954976936973275,0.004762555275702656,0.01001665200211054
uridine-5'-monophosphate,6487,2326,6286,2.6122938106568773e-5,8.633102475661276e-6,2.4803616302544964e-5
uridine,117671,230745,130003,4.7385729149653985e-4,8.56425292668298e-4,5.129724037829705e-4
uric acid,1194523,2686019,1280180,0.0048103052868618545,0.009969336749171637,0.005051398905216674
urea,382966,59103,462582,0.0015421916317126896,2.1936468427300447e-4,0.0018252794203728689
uracil,410517,265506,516217,0.0016531386130251725,9.854430377914543e-4,0.0020369151124484336
undecanoic acid,23364,19206,8037,9.408606843253781e-5,7.128433626291938e-5,3.171280054463154e-5
UDP-N-acetylglucosamine,26721,38149,27985,1.0760459829591864e-4,1.4159253067239983e-4,1.104246265075916e-4
UDP-glucuronic acid,2405,2561,2214,9.684856813056559e-6,9.505320481585781e-6,8.736113027972406e-6
tyrosine,4488553,13030107,9258107,0.018075257007407676,0.04836210189158698,0.036531106222702135
tryptophan,3578471,2722186,4260934,0.014410386380322378,0.010103572956066408,0.01681300859472926
trisaccharide,376,1978,818,1.514139776178489e-6,7.341477513696476e-6,3.227705716748613e-6
tridecanoic acid,1445545,791588,1536645,0.0058211627200955695,0.0029380310930798618,0.006063371456128572
tocopherol gamma-,1889,2738,1391,7.606941588300973e-6,1.0162267660516154e-5,5.488678058676431e-6
tocopherol alpha-,33641,71299,32922,1.3547121332558657e-4,2.64630942997495e-4,1.29905290472858e-4
thymine,2852,2746,1896,1.1484911281013434e-5,1.0191960188377414e-5,7.4813325659601094e-6
threonine,1677528,1039179,1762402,0.006755350719290288,0.0038569814262920075,0.006954174829595585
terephthalic acid,4748,3240,3189,1.9120041641743263e-5,1.2025473783810205e-5,1.2583317274708223e-5
tagatose,1332,1481,1742,5.363920696462095e-6,5.496829220315714e-6,6.873671587501324e-6
sucrose,3366,10763,8317,1.3554772570789346e-5,3.9947584671342356e-5,3.2817638687283875e-5
succinic acid,330491,673149,303216,0.001330876512683524,0.0024984369296598935,0.0011964450080802535
stigmasterol,6902,9389,7380,2.7794129614850884e-5,3.484789301117099e-5,2.912037675990802e-5
stearic acid,822816,1637538,864415,0.0033134532821172333,0.006077830336108949,0.003410852368145785
squalene,11590,11831,10426,4.667255320720396e-5,4.391153714082053e-5,4.113943741176166e-5
spermidine,157179,182995,176306,6.329547230849966e-4,6.791980169964038e-4,6.956771199230818e-4
sorbitol,397177,7084129,650063,0.0015994188667107546,0.026293212213157283,0.002565051419739307
sophorose,51904,157150,78618,2.090157205924689e-4,5.832725941746215e-4,3.1021487535371937e-4
shikimic acid,7937,15638,15315,3.196204096683157e-5,5.8041468836797525e-5,6.043070055257335e-5
serine,10473315,3994785,10728025,0.04217569901581599,0.014826908114030323,0.04233118291188513
salicyl alcohol,765,70713,51721,3.0806301297248515e-6,2.624559653316577e-4,2.04083334200434e-4
saccharic acid,40085,65371,37508,1.6142099183009238e-4,2.426287798523015e-4,1.4800096090929947e-4
ribulose-5-phosphate,6662,15412,4403,2.6827657417290144e-5,5.7202654924716935e-5,1.7373579793207996e-5
ribose-5-phosphate,6262,6544,2206,2.521687042135558e-5,2.4288487790510487e-5,8.704546223896626e-6
ribonic acid,9470,16249,10753,3.8135382128750775e-5,6.030923565220124e-5,4.242973052835921e-5
ribitol,1225598,167627,695592,0.0049354433016085214,6.221586709749238e-4,0.002744702047585087
quinic acid,53345,76704,45152,2.1481858074532314e-4,2.846919571337586e-4,1.7816304220370826e-4
pyrophosphate,47186,768649,402883,1.9001648797542072e-4,0.002852891481003682,0.0015897160908078622
putrescine,224907,536104,303830,9.056931772366369e-4,0.0019897853695666004,0.0011988677602930698
pseudo-uridine,71681,73854,63393,2.886570566389635e-4,2.7411399408318484e-4,2.5013930134699854e-4
prunin,14628,12215,18624,5.890648044132696e-5,4.5336778478161004e-5,7.34875198884183e-5
propyleneglycol,367819,972659,273909,0.0014811951551441374,0.0036100880571256324,0.0010808039671991391
proline,1451199,1151264,1824386,0.0058439311942831045,0.00427299229945817,0.007198754427574737
pipecolinic acid,6088,3071,1988,2.4516178078124048e-5,1.1398219132741092e-5,7.844350812831592e-6
phthalic acid,87725,150220,33568,3.5326572304589883e-4,5.575514419148052e-4,1.324543099019773e-4
phosphoinositol,19330,43204,27939,7.784128157853775e-5,1.6035449671473334e-4,1.1024311738415586e-4
phosphoethanolamine,363914,680500,828384,0.0014654698470963263,0.0025257206511984085,0.0032686794284389766
phosphate,1962230,3053748,106285,0.007901836417581694,0.011334187196408285,4.1938472139929866e-4
phenylalanine,5494006,2323431,5517763,0.02212418355096616,0.008623567462651829,0.021772267944699237
phenylacetic acid,2478,3456,2595,9.978825439814618e-6,1.2827172036064218e-5,1.0239482072081479e-5
pentadecanoic acid,271857,595535,180081,0.001094759300884456,0.0022103674474819165,7.105727055963409e-4
pelargonic acid,68893,135177,51157,2.774298712772996e-4,5.017183548376889e-4,2.0185787451309142e-4
parabanic acid,32883,56777,15191,1.3241877196829057e-4,2.1073158179734318e-4,5.994141508939875e-5
pantothenic acid,25745,84378,50992,1.0367427802583831e-4,3.1317451448467204e-4,2.0120680917902844e-4
palmitoleic acid,195600,324543,227157,7.876748410120013e-4,0.0012045627587096033,8.963275641802746e-4
palmitic acid,763660,1591953,795041,0.0030752339932884707,0.005908638600789508,0.0031371129349016306
palatinitol,88090,18429,134565,3.5473556617968914e-4,6.840044949439453e-5,5.309733738071847e-4
oxoproline,7341408,6819594,8818647,0.029563611345624918,0.025311373105934988,0.0347970627578093
ornithine,2299924,389387,2089032,0.009261719177094509,0.0014452355432890444,0.008243007981504631
oleic acid,185164,341069,220827,7.456494082880685e-4,0.0012659000981390008,8.713503304553129e-4
octadecanol,2381,6610,9645,9.588209593300486e-6,2.453345114536588e-5,3.8057728163863534e-5
nonadecanoic acid,2222,12984,9992,8.947921762416497e-6,4.8190972718824594e-5,3.942693829065054e-5
N-methyl-UMP,46615,46859,32372,1.8771708953872412e-4,1.739202703813464e-4,1.2773507269264804e-4
N-methylethanolamine,1360241,1520814,1449205,0.005477646285342565,0.0056446015083492385,0.005718346287580285
nicotinic acid,350637,591934,421236,0.0014120037997337684,0.002197002098378367,0.0016621342852082134
nicotinamide,22198,41818,21535,8.939062433938856e-5,1.552102662627701e-4,8.497389072149312e-5
n-epsilon-trimethyllysine,38352,33263,35420,1.544422571702059e-4,1.2345781928113544e-4,1.3976202504552062e-4
N-alpha-acetyllysine,32376,12525,42884,1.303770994509435e-4,4.648736393278482e-5,1.6921385324822433e-4
N-acetylserine,18296,9015,20117,7.36773971940469e-5,3.34597673336571e-5,7.937867469906093e-5
N-acetylputrescine,335774,199011,257400,0.0013521509819323298,7.386424577746458e-4,0.0010156619211382555
N-acetylglucosamine-6-phosphate,6781,4809,5623,2.7306866548580676e-5,1.7848920810599776e-5,2.2187517414764608e-5
N-acetylgalactosamine,26527,50627,20579,1.0682336660289037e-4,1.8790545100399976e-4,8.120165763443729e-5
N-acetylaspartic acid,6868,6471,5871,2.7657212720196444e-5,2.401754347377649e-5,2.316608834111382e-5
myristic acid,1290355,1031548,1351941,0.005196217635347857,0.0038286584662783484,0.005334557083626939
myo-inositol,804973,1761273,1005999,0.003241600101196082,0.006537080952973071,0.003969521666678958
methionine sulfoxide,354722,144998,388046,0.0014284539619297501,5.381696443533679e-4,0.001531171506798817
methionine,1086183,435713,1145926,0.004374023629012978,0.0016171775490016343,0.004521652690917935
methanolphosphate,7832,29758,17121,3.153920938039874e-5,1.10448780511921e-4,6.755690657268093e-5
melezitose,2645,2231,1211,1.0651329010617297e-5,8.280503707308816e-6,4.778424966971357e-6
maltotriose,46188,109730,99308,1.8599757442056399e-4,4.072701352770042e-4,3.9185452239470813e-4
maltotriitol,7414,25428,17629,2.9855936969647124e-5,9.437769980701416e-5,6.956139863149303e-5
maltose,112080,540898,207523,4.5134251626086455e-4,0.0020075786168874603,8.18854735277289e-4
maltitol,2384,2445,3615,9.600290495769995e-6,9.074778827597515e-6,1.4264249591743563e-5
malonic acid,3262,3833,1881,1.313596795184636e-5,1.4226432411526084e-5,7.42214480831802e-6
malonamide,966,374,936,3.89005059518197e-6,1.388125677513894e-6,3.693316076866383e-6
malic acid,168549,40137,175380,6.787413434444366e-4,1.4897112384592288e-4,6.920232623513101e-4
maleimide,43368,33613,16338,1.746415260992253e-4,1.2475686737506555e-4,6.446730562376385e-5
lysine,3813785,6311480,3301695,0.015357988208225742,0.023425474468222972,0.01302799489787324
loganin,55483,151329,83918,2.2342823723859337e-4,5.616675685895723e-4,3.311278830539243e-4
linolenic acid,45197,99656,53471,1.820068496381361e-4,3.698798195677129e-4,2.1098857259201108e-4
linoleic acid,131377,244788,152288,5.290509079122377e-4,9.085468137627568e-4,6.009056823865681e-4
lignoceric acid,4689,6608,2987,1.8882450559842914e-5,2.4526028013400565e-5,1.178625547179475e-5
leucrose,14644,36484,16006,5.897091192116435e-5,1.3541277331127516e-4,6.315728325461894e-5
leucine,10128440,4406886,10228378,0.04078689860275866,0.01635644816704945,0.04035965054237866
L-DOPA,4192506,5141439,4694668,0.016883085362944077,0.019082790094308442,0.01852445811960486
lauric acid,288286,114228,165019,0.0011609183497749784,4.2396475906699755e-4,6.511403052226642e-4
lactulose,33508,88154,29868,1.3493562664943832e-4,3.2718938763518667e-4,1.1785466301692856e-4
lactose,108470,156764,68544,4.368051636225551e-4,5.818399297053157e-4,2.7046437732129204e-4
lactobionic acid,14649,56589,21556,5.8991046758613527e-5,2.1003380739260358e-4,8.505675358219204e-5
lactitol,965152,1856574,1444473,0.003886635726750588,0.0068907969026863105,0.00569967452296946
lactic acid,1557248,3712008,1867381,0.006270987069612766,0.01377736262015239,0.0073684062702295125
kynurenine,22198,111667,50253,8.939062433938856e-5,4.1445943858541175e-4,1.9829082565252817e-4
kynurenic acid,5915,10664,4848,2.381951270238235e-5,3.9580139639059265e-5,1.912948326992332e-5
ketoisoleucine,34941,22051,23027,1.407062710623739e-4,8.184374148357988e-5,9.0861099681626285e-005
isoxanthopterin,18905,53671,6820,7.612982039535728e-5,1.992034578552091e-4,2.6910700474603348e-5
isothreonic acid,10786,16383,7479,4.343487134537549e-5,6.080658549387734e-5,2.9511015960345813e-5
isomaltotriose,8014,18857,16700,3.227211746354897e-5,6.998899973497193e-5,6.589570350819295e-5
isomaltose,2790,7011,4441,1.1235239296643576e-5,2.6021789104411524e-5,1.7523522112567957e-5
isoleucine,7651150,3299658,8030803,0.030810932309861826,0.012246898387203584,0.031688348109024336
isoheptadecanoic acid,18455,26602,17153,7.431768502493089e-5,9.873507827065403e-5,6.768317378898405e-5
isogluconic acid,567169,1007256,435806,0.0022839711242430252,0.003738497105427633,0.0017196253271312297
inulotriose,54810,709,187,2.2071808811793348e-4,2.6315002817041463e-6,7.378740452713821e-7
inosine-5-monophosphate,16331,20878,15634,6.576440607651836e-5,7.749007458592266e-5,6.168942686509512e-5
inosine,2169596,2007667,2499017,0.00873689255807911,0.007451588541703975,0.009860747502630768
indole-3-acetate,7676,5515,3326,3.091100245198426e-5,2.046928639435595e-5,1.3123898794505974e-5
hypoxanthine,669181,1833783,817918,0.0026947701318162168,0.006806206602375564,0.003227382157006836
hypotaurine,13661,11899,16844,5.501240287865516e-5,4.416392362764124e-5,6.6463905981557e-5
homoserine,15477,16400,17114,6.232537584019807e-5,6.086968211558251e-5,6.752928561911462e-5
histidine,6473762,4918717,2684573,0.026069629110938318,0.018256142695519006,0.010592923739766471
heptanoic acid,20849,28870,11094,8.395824519559926e-5,1.0715290991932117e-4,4.377526555208938e-5
heptadecanoic acid,31287,60672,39581,1.2599173185451167e-4,2.2518813129979403e-4,1.5618070901543625e-4
guanosine,112376,79736,110051,4.525344986378561e-4,2.9594542519317606e-4,4.3424479441797257e-4
glycyl-proline,75342,29542,79426,3.033997846192546e-4,1.0964708225966699e-4,3.1340312256537324e-4
glycyl-glycine,29219,40995,26308,1.1766396308552999e-4,1.5215564745904299e-4,1.03807435203206e-4
glycolic acid,22567,34775,20742,9.08765753431382e-5,1.2906970704691352e-4,8.184483126748132e-5
glycine,3344435,2666568,3706176,0.013467931016871024,0.009897143079242965,0.01462401645779524
glycerol-alpha-phosphate,174011,168818,144865,7.00736639873923e-4,6.265791460602689e-4,5.716156340547527e-4
glycerol-3-galactoside,59175,78341,85125,2.382958012110694e-4,2.907677906473689e-4,3.358905246188578e-4
glycerol,2760726,4698673,3112692,0.011117353850346106,0.017439434870431123,0.012282217314031384
glyceric acid,40390,67470,46368,1.6264921691449248e-4,2.5041935684989955e-4,1.8296119642322698e-4
glutaric acid,8555,6671,9095,3.445070687555046e-5,2.4759856670307986e-5,3.5887510383653584e-5
glutamine,14523874,3731439,15732888,0.05848716842448026,0.013849482058761409,0.06207962413027585
glutamate,7372275,3104895,6653053,0.029687911751133698,0.011524022661723267,0.02625195256959842
glucose-6-phosphate,52038,41240,37100,2.0955533423610697e-4,1.5306498112479408e-4,1.4639105390143464e-4
glucose,8268528,12134471,8161411,0.03329709344480205,0.04503788978114358,0.03220370775236554
gluconic acid lactone,44052,138694,64534,1.7739597186227342e-4,5.147719323986952e-4,2.5464151677830684e-4
gluconic acid,128495,127960,110036,5.174451876065291e-4,4.749319831408499e-4,4.341856066603305e-4
galacturonic acid,38736,63694,52404,1.5598861268630306e-4,2.3640448369938492e-4,2.067783500984038e-4
galactose,225956,245158,247162,9.099174661334752e-4,9.099200931763402e-4,9.752643036222746e-4
galactinol,526,2365,465,2.1181848996539504e-6,8.777853548984917e-6,1.8348204869047737e-6
fumaric acid,150471,52479,136219,6.05941825163174e-4,1.947792712038814e-4,5.374998105498524e-4
fructose-6-phosphate,25295,24559,17605,1.0186214265541192e-4,9.115234896808481e-5,6.946669821926568e-5
fructose-1-phosphate,3918,4522,5513,1.5777658625179045e-5,1.678370137357708e-5,2.175347385872262e-5
fructose,149939,259485,201775,6.03799478458581e-4,9.630956990098737e-4,7.961739865488403e-4
ethanolamine,10538379,10014783,10249584,0.04243770962857471,0.03717052790649633,0.040443326248282535
erythritol,328594,63868,133047,0.0013232373553553043,2.3705029618036733e-4,5.249835727338052e-4
ergosterol,32925,43857,9352,1.325879046028637e-4,1.6277814930140867e-4,3.690159396458805e-5
Dopamine,70017,570501,180219,2.8195618273587573e-4,0.0021174521046720693,7.111172329666482e-4
digalacturonic acid,7078,15625,45089,2.850287589306209e-5,5.799321847902298e-5,1.7791445362161148e-4
dehydroabietic acid,1738,44949,22929,6.9988694973356756e-6,1.6683117935447064e-4,9.047440633169797e-5
cytidine,4449,2784,2291,1.7915978362282177e-5,1.0332999695718397e-5,9.0399435172018e-6
cystathionine,45961,93925,59446,1.8508345280037112e-4,3.486088349211029e-4,2.3456502938611006e-4
citrulline,385614,348788,582913,0.0015528550416257763,0.0012945496759591338,0.00230008755802822
citric acid,107344,72326,156019,4.322707982289993e-4,2.684427212616842e-4,6.156276506374105e-4
cholesterol,46326,38496,42689,1.865532959341614e-4,1.42880444068382e-4,1.6844441239887716e-4
chenodeoxycholic acid,393,1298,1269,1.582598223505708e-6,4.8176126454893964e-6,5.0072842965207695e-6
cerotinic acid,3465,1952,1241,1.3953442352283152e-5,7.244976798147382e-6,4.8968004822555356e-6
cellobiose minor,1973,2888,2054,7.945206857447232e-6,1.0719002557914775e-5,8.104776946456785e-6
caproic acid,33876,51802,22696,1.3641755068569814e-4,1.9226654103362227e-4,8.955502316299085e-5
capric acid,5098,11103,8414,2.0529480263186004e-5,4.12095171054459e-5,3.320038618670272e-5
campesterol,90581,139140,87404,3.647667421968716e-4,5.164272908269605e-4,3.448831179299459e-4
butylamine,128270,211274,138026,5.165391199213159e-4,7.841573914199744e-4,5.446299624204694e-4
biphenyl,7384,9669,6754,2.973512794495203e-5,3.588713148631508e-5,2.6650274340978155e-5
biopterin,3359,15261,2342,1.3526583798360491e-5,5.6642208461335654e-5,9.241181893184903e-6
beta-sitosterol,259770,258119,252606,0.0010460853448348035,9.580256998775636e-4,9.967455137958436e-4
beta-alanyl lysine,263173,323681,441720,0.0010597891152027167,0.0012013633888325527,0.0017429610870442508
beta-alanine,645013,1293572,1301314,0.0025974463815218504,0.004801177831318189,0.005134790509883868
Benzaldehyde-4-carboxylic acid,6029,13023,2577,2.42785869962237e-5,4.8335723792148236e-5,1.0168456762910972e-5
behenic acid,32854,76107,29395,1.3230198991108532e-4,2.824761522421121e-4,1.15988275725948e-4
azelaic acid,9329,13429,5503,3.7567579712683844e-5,4.984261958110717e-5,2.1714015353627894e-5
aspartate,309429,44672,267988,0.0012460605234125898,1.658030755772745e-4,0.0010574405863325517
asparagine,1792570,961907,1831323,0.007218621113256048,0.0035701812996800993,0.007226126792558948
arachidic acid,53173,128736,59192,2.141259423370713e-4,4.778121583433921e-4,2.33562783356704e-4
arabitol,832573,1536911,1049648,0.003352744403915567,0.0057043465859720754,0.004141754095566929
arabinose,13049,11829,11477,5.254789877487528e-5,4.390411400885522e-5,4.5286526297217395e-5
alpha-ketoglutarate,873349,824262,884172,0.0035169480302811363,0.003059302799997212,0.0034888105366614355
alpha-aminoadipic acid,4579,6054,4940,1.843948413596091e-5,2.2469820459008327e-5,1.94925015167948e-5
allantoin,8616,20332,14249,3.4696351892430486e-5,7.54635595593917e-5,5.622442390947553e-5
allantoic acid,55716,145287,77366,2.2436652066372525e-4,5.392422869223559e-4,3.052746705158596e-4
alanine,25302274,24775276,16742476,0.101891434816933,0.09195507161255004,0.06606330745443331
adipic acid,15892,20985,15513,6.399656734848018e-5,7.788721214606701e-5,6.121197895344894e-5
adenosine-5-monophosphate,9064,18971,12146,3.6500433327877195e-5,7.041211825699487e-5,4.792630028805458e-5
adenosine,33442,18116,17212,1.3466984679510912e-4,6.723872934182273e-5,6.791597896904293e-5
adenine,10865,19160,11992,4.375300177707256e-5,7.111360422771713e-5,4.73186393095958e-5
aconitic acid,891,633,884,3.588028033444239e-6,2.3494212670221788e-6,3.4881318503738065e-6
9-myristoleate,113181,8999,123281,4.5577620746717443e-4,3.340038227793457e-5,4.864483966582955e-4
6-methylcholecalciferol,752,1473,937,3.028279552356978e-6,5.467136692454454e-6,3.697261927375856e-6
5-methyluridine,1248,345,693,5.025655427315836e-6,1.2804902640168273e-6,2.7344744030645336e-6
5-aminovaleric acid,10789,19619,9300,4.3446952247845e-5,7.28172130137569e-5,3.669640973809547e-5
4-hydroxybutyric acid,826,1769,1292,3.3262751466048722e-6,6.565760223321065e-6,5.09803885823864e-6
3-phosphoglycerate,7582,27763,20975,3.053246750793964e-5,1.0304420637651935e-4,8.276421443618845e-5
3-hydroxypropionic acid,81348,67594,79607,3.275857513632121e-4,2.5087959103174906e-4,3.141173215075878e-4
3-hydroxykynurenine,41013,83769,69864,1.6515801766066058e-4,3.1091417080123364e-4,2.7567289999379593e-4
3-hydroxy-3-methylglutaric acid,4420,4386,3964,1.779919630507692e-5,1.6278928399935667e-5,1.5641351419549512e-5
"3-Aminopiperidine-2,6-dione",95301,18400,88539,3.8377402874889945e-4,6.829281408089745e-5,3.493616582581973e-4
3-aminoisobutyric acid,4633,2575,13406,1.8656940380412075e-5,9.557282405342987e-6,5.28980719299901e-5
"3,6-anhydro-D-galactose",17430,23310,19867,7.019004334784858e-5,8.651660305574564e-5,7.839221207169277e-5
"3,4-dihydroxyphenylacetic acid",16481,70646,5499,6.636845119999383e-5,2.6220729041081967e-4,2.1698231951590003e-5
2-picolinic acid,2778,4194,3042,1.1186915686765539e-5,1.556630773126543e-5,1.2003277249815745e-5
2-monoolein,6203,33042,9146,2.4979279339455232e-5,1.2263756319896813e-4,3.608874875963669e-5
2-ketoisovaleric acid,56390,32904,56015,2.27080696751875e-4,1.221253670933614e-4,2.2102681628810946e-4
2-ketoisocaproic acid,152409,75641,90934,6.13746088158477e-4,2.807465624941937e-4,3.588119702283843e-4
2-hydroxyglutaric acid,4340553,8652278,4253636,0.017479265818911887,0.03211350069729561,0.01678421177771113
2-Deoxyinosine,3124,5425,2052,1.2580246438248936e-5,2.0135245455916778e-5,8.09688524543784e-6
2-amino-4-oxo-4-phenylbutanoic acid,3072,5493,3001,1.2370844128777443e-5,2.0387631942737485e-5,1.1841497378927367e-5
"2,6-diaminopimelic acid",1823,3887,2403,7.3411617339717705e-6,1.4426856974589587e-5,9.481878774262734e-6
1-monopalmitin,2259,4848,1955,9.096919559540444e-6,1.7993671883923415e-5,7.714137746018995e-6
1-kestose,28681,13302,2750,1.15497454575998e-4,4.937125070130967e-5,1.0851088901049737e-5
588382,128241,91607,95970,5.164223378641107e-4,3.400054249733029e-4,3.7868327339408845e-4
588380,23987,29090,18998,9.65948691787059e-5,1.0796945443550581e-4,7.496326797896105e-5
588375,13735,39149,20345,5.5310398472903054e-5,1.4530409665505732e-4,8.02783286152207e-5
588374,43368,35508,16338,1.746415260992253e-4,1.3179028491220145e-4,6.446730562376385e-5
588356,1711,2121,1701,6.8901413751100924e-6,7.872231449216496e-6,6.711891716612946e-6
562527,35713,58600,31195,1.438150899645276e-4,2.1749776658372777e-4,1.2309080664299875e-4
554665,644,1400,1003,2.5933670634546463e-6,5.1961923757204586e-6,3.9576880610010495e-6
553510,20173,17103,15404,8.123601517246984e-5,6.347891300139072e-5,6.0781881247916416e-5
553483,49012,60176,53468,1.97369730611862e-4,2.2334719457239594e-4,2.1097673504048267e-4
553440,33876,55238,22696,1.3641755068569814e-4,2.0501948175003336e-4,8.955502316299085e-5
553439,5875,11776,13712,2.3658434002788893e-5,4.370740101177437e-5,5.4105502185888723e-5
553386,128270,210684,149401,5.165391199213159e-4,7.819675674902065e-4,5.895140119657207e-4
553359,29010,42155,29639,1.1682232688015417e-4,1.5646106399892567e-4,1.1695106325025933e-4
553345,21700,39358,24482,8.738519452945003e-5,1.4607981394543272e-4,9.660231217290896e-5
553344,112685,183803,113283,4.5377883159221556e-4,6.82196962310391e-4,4.4699778326458815e-4
553268,34377,62995,36383,1.3843506139810618e-4,2.3381009907750736e-4,1.4356187908614275e-4
553263,77800,127947,76730,3.1329807070927247e-4,4.748837327830754e-4,3.0276510959183504e-4
550987,15445,15314,15572,6.219651288052331e-5,5.68389214584165e-5,6.144478413350782e-5
545358,5097332,12972655,4912028,0.020526790248902794,0.04814886500275135,0.01938212818634383
545069,13405,101336,18008,5.3981499201257036e-5,3.761152504185774e-4,7.1056875974583145e-005
544748,7021771,4678343,7562776,0.02827644353807608,0.017363978734003697,0.02984158353262739
544707,1193,1131,1084,4.8041722153748335e-6,4.197781126385599e-6,4.277301952268332e-6
544105,9806,58200,28241,3.9488443205335807e-5,2.1601314019066477e-4,1.114347642380166e-4
544078,3587,6005,4932,1.4444732386043192e-5,2.228795372585811e-5,1.946093471271902e-5
544032,3170,1366,3573,1.2765486942781411e-5,5.069999132310104e-6,1.4098523870345713e-5
541377,85878,75442,69766,3.45827914092171e-4,2.8000796086364487e-4,2.752862066438676e-4
540580,4845,25956,4935,1.9510657488257392e-5,9.63374066458573e-5,1.9472772264247436e-5
539711,3286,43004,4494,1.3232615171602435e-5,1.5961218351820186e-4,1.7732652189570008e-5
539702,3373,10222,5056,1.3582961343218201e-5,3.793962747472466e-5,1.9950220175893627e-5
539604,3561,7430,4095,1.4340031231307447e-5,2.7576935251145004e-5,1.6158257836290428e-5
534660,3262,5678,1702,1.313596795184636e-5,2.1074271649529116e-5,6.715837567122419e-6
524550,1217,3411,1545,4.900819435130907e-6,1.2660151566844632e-5,6.096339037135216e-6
521677,15380,17650,33857,6.193475999368395e-5,6.550913959390435e-5,1.3359466069921488e-4
521666,624,2750,2363,2.512827713657918e-6,1.0206806452308043e-5,9.324044753883829e-6
520868,38664,218801,7441,1.5569867102703484e-4,8.120943485714372e-4,2.9361073640985852e-5
520865,6571,7829,5417,2.646120337571503e-5,2.9057850078225337e-5,2.1374672209813246e-5
520862,3895,5404,3191,1.5685038372912805e-5,2.005730257028097e-5,1.2591208975727168e-5
520631,121883,160051,89740,4.908188785637308e-4,5.940398470903107e-4,3.5410062472007395e-4
519942,3662,223,2904,1.4746754947780923e-5,8.276792141326159e-7,1.1458749879508522e-5
519090,94134,132698,91697,3.7907455768826034e-4,4.92517382766681e-4,3.618226541671119e-4
517908,6383,22403,9500,2.570413348762579e-5,8.31502127094753e-5,3.748557983999e-5
517902,3798,11899,2705,1.5294422526398675e-5,4.416392362764124e-5,1.067352562812347e-5
514161,486,743,349,1.9571062000604937e-6,2.7576935251145006e-6,1.3771018278059485e-6
513579,1117,4090,4197,4.4981226861472665e-6,1.5180304869069053e-5,1.6560734588256635e-5
511804,241,434,323,9.704991650505741e-7,1.610819636473342e-6,1.27450971455966e-6
511719,84811,30049,72594,3.415311397805155e-4,1.1152884621287433e-4,2.8644507188465624e-4
509844,91618,109184,88735,3.6894270748383197e-4,4.052436202504732e-4,3.50135044958054e-4
488159,451,369,350,1.8161623379162196e-6,1.3695678476006066e-6,1.381047678315421e-6
486463,5059,129,109,2.0372428531082385e-5,4.787920117628136e-7,4.3009770553251686e-7
476084,2656,1481,2100,1.0695625653005498e-5,5.496829220315714e-6,8.286286069892526e-6
474821,3088,16548,6910,1.2435275608614825e-5,6.141899388101582e-5,2.7265827020455886e-5
474672,491733,145064,100923,0.001980192804679726,5.384146077082232e-4,3.982270709675064e-4
474251,12267,7989,8605,4.939881019782321e-5,2.965170063545053e-5,3.395404363401199e-5
474221,50987,55857,44851,2.053229914042889e-4,2.0731694109329832e-4,1.76975341200357e-4
474043,20609,18880,14477,8.299177299803852e-5,7.007436575257304e-5,5.712407782563529e-5
425777,1212,1221,1730,4.880684597681726e-6,4.531822064824771e-6,6.826321381387653e-6
425770,21379,39208,13194,8.609253796521255e-5,1.455230790480341e-4,5.20615516219819e-5
425127,3227,7023,1729,1.2995024089702086e-5,2.6066327896203415e-5,6.82237553087818e-6
422265,259671,326834,304458,0.0010456866750533098,0.0012130659563758717,0.0012013457544130185
421543,3014,3403,6803,1.213728001436693e-5,1.2630459038983372e-5,2.6843621015942314e-5
417901,19593,12116,18936,7.890037402836472e-5,4.496933344587791e-5,7.471862524737376e-5
417820,4357,4197,4670,1.7545497353217227e-5,1.5577442429213403e-5,1.842712187923719e-5
417688,2828,7329,4146,1.1388264061257359e-5,2.72020670868966e-5,1.635949621227353e-5
412153,2405,2520,2240,9.684856813056559e-6,9.353146276296826e-6,8.838705141218694e-6
407336,37382,52297,304458,1.5053609870506457e-4,1.9410376619503772e-4,0.0012013457544130185
406926,1221,8535,1004,4.916927305090254e-6,3.167821566198151e-5,3.961633911510522e-6
406851,213844,239449,269427,8.611428358965766e-4,8.887307629813487e-4,0.0010631186652156827
406846,224840,44104,226366,9.054233704148178e-4,1.6369490609912507e-4,8.932063964272817e-4
405282,11364,10122,9214,4.576245855450093e-5,3.7568470876458915e-5,3.635706659428083e-5
404192,17622,6374,26564,7.096322110589717e-5,2.3657521573458716e-5,1.0481757293363098e-4
404164,36972,182584,37216,1.4888504203423164e-4,6.776725633775316e-4,1.4684877256053346e-4
404049,19193,15370,27548,7.728958703243016e-5,5.7046769153445323e-5,1.0870028983495206e-4
400553,1257,446,1462,5.061898134724364e-6,1.6553584282652319e-6,5.768833444848987e-6
400202,4550,11926,4815,1.8322702078755652e-005,4.426413590917299e-5,1.8999270203110722e-5
396760,1909,8375,2174,7.6874809380977e-6,3.108436510475631e-5,8.578279007593501e-6
396036,178008,96240,149385,7.168324289307992e-4,3.5720111017095496e-4,5.894508783575691e-4
391901,118713,594086,119610,4.780533916209494e-4,0.002204989388373046,4.7196317943802146e-4
391335,2604,7355,2849,1.0486223343534004e-5,2.7298567802445695e-5,1.1241728101487528e-5
390198,4608,3029,5277,1.8556266193166166e-5,1.1242333361469478e-5,2.082225313848708e-5
390194,5367955,4676518,5017883,0.02161658027190479,0.017357205126085348,0.019799816192024058
390145,14474,30749,17561,5.8286327447892156e-5,1.1412694240073456e-4,6.929308079684888e-5
390130,31728,41533,20054,1.2776762451752953e-4,1.5415246995771273e-4,7.913008611696416e-5
389549,4614,7333,4774,1.8580427998105183e-5,2.721691335082723e-5,1.8837490332222344e-5
385008,38736,64349,50804,1.5598861268630306e-4,2.3883555941802556e-4,2.0046498928324758e-4
384914,7523,12048,8399,3.029487642603929e-5,4.4716946959057206e-5,3.314119842906063e-5
383524,50042,58756,50191,2.015175071263935e-4,2.1807677087702234e-4,1.9804618292094085e-4
382948,4215,2428,5792,1.6973667969660458e-5,9.011682205892338e-6,2.285436615086548e-5
382947,343,1177,1073,1.3812498490138876e-6,4.368513161587843e-6,4.2338975966641335e-6
382905,24513,26925,24595,9.871305407835985e-5,9.99339140830524e-5,9.704819328047937e-5
382622,2749,1549,2438,1.1070133629560284e-5,5.749215707136422e-6,9.619983542094276e-6
382616,94651,9775,77790,3.8115649988050576e-4,3.628055748047677e-5,3.06947711131876e-4
382613,38116,80057,34920,1.534918928426045e-4,2.971368378736091e-4,1.377890997907843e-4
382601,1188,2051,1402,4.784037377925652e-6,7.612421830430471e-6,5.5320824142806295e-6
381736,177099,375021,205590,7.131719154825378e-4,0.001391915186382187,8.112274062424783e-4
381214,2704,29726,34320,1.0888920092517644e-5,1.1033001040047597e-4,1.3542158948510072e-4
380652,4892,4188,5069,1.9699924960279704e-5,1.5544038335369485e-5,2.000151623251677e-5
380602,2305,3255,1709,9.28216006407292e-6,1.2081147273550067e-5,6.743458520688728e-6
380297,22073,6647,4875,8.888725340315902e-5,2.4670779086724207e-5,1.9236021233679078e-5
380205,14879,8831,13689,5.99172492812759e-5,3.277683919284812e-5,5.401474762417085e-5
379924,102551,113143,81471,4.129695430502134e-4,4.199377099758142e-4,3.2147238685724475e-4
379876,4748,3384,3186,1.9120041641743263e-5,1.255993928531288e-5,1.2571479723179804e-5
379063,7259,1389,8012,2.923175700872248e-5,5.1553651499112265e-6,3.161415428189473e-5
378996,151266,42500,26298,6.09143264317594e-4,1.577415542629425e-4,1.0376797669811126e-4
377666,1099,1372,1582,4.425637271330211e-6,5.09226852820605e-6,6.242335505985703e-6
377276,4224,2330,941,1.7009910677068985e-5,8.647948739591905e-6,3.7130453294137462e-6
377232,338389,152346,174672,0.001362681501918252,5.65442231193935e-4,6.892296001906036e-4
377204,24800,5631,25363,9.98687937479429e-5,2.0899828048344215e-5,1.0007860647175435e-4
376958,17142,13400,15934,6.90302767107757e-5,4.97349841676101e-5,6.287318201793692e-5
374861,491733,145064,100923,0.001980192804679726,5.384146077082232e-4,3.982270709675064e-4
371572,5749,5518,613,2.3151036099069506e-5,2.0480421092303923e-5,2.4188063623067234e-6
371569,195,277,191,7.852586605180994e-7,1.0281037771961192e-6,7.536574473092727e-7
371565,78982,13045,80491,3.180579462822591e-4,4.84173782437667e-5,3.1760545335796157e-4
371564,24697,38079,26894,9.945401609648976e-5,1.4133272105361382e-4,1.0611970360175695e-4
371554,21362,58574,12076,8.602407951788533e-5,2.1740126586817867e-4,4.76500907523915e-5
371553,24714,11635,30325,9.952247454381696e-5,4.318407020821967e-5,1.1965791669975756e-4
371547,152093,252633,132033,6.124735664316887e-4,9.376640488967048e-4,5.209824803172e-4
371541,1904,2709,1701,7.66734610064852e-6,1.0054632247019088e-5,6.711891716612946e-6
371280,5919,2250,4564,2.3835620572341695e-5,8.351023460979309e-6,1.8008861725233092e-5
371271,18361,6743,2543,7.393915008088627e-5,2.5027089421059322e-5,1.0034297845588902e-5
370221,151268,55056,26481,6.091513182525737e-4,2.043439767411897e-4,1.0449006734134476e-4
370173,8093,19046,16902,3.259024789524604e-5,7.069048570569419e-5,6.669276531110642e-5
370157,1049,3920,2768,4.224288896838391e-6,1.4549338652017284e-5,1.0922114210220245e-5
367427,8519,15584,8195,3.430573604591635e-5,5.7841044273734016e-5,3.233624492512822e-5
367202,1660,2435,2067,6.684766033128436e-6,9.03766316777094e-6,8.15607300307993e-6
366123,2021,3197,1182,8.13850129695938e-6,1.1865876446555933e-5,4.66399530219665e-6
361344,597,1292,1172,2.4040995914323352e-6,4.795343249593452e-6,4.624536797101924e-6
360157,8467,7535,6134,3.409633373644486e-5,2.796664967932404e-5,2.4203847025105124e-5
360148,15459,41818,21535,6.225289042538102e-5,1.552102662627701e-4,8.497389072149312e-5
360106,3032,2328,4075,1.2209765429183987e-5,8.640525607626591e-6,1.6079340826100974e-5
359906,11109,12060,6203,4.4735581844592646e-5,4.476148575084909e-5,2.4476110710258734e-5
357445,2643,168160,103703,1.0643275075637625e-5,6.241369356436802e-4,4.091965353838403e-4
356187,3202,6176,4402,1.2894349902456177e-5,2.2922631508892537e-5,1.7369633942698526e-5
355602,2604,2080,2849,1.0486223343534004e-5,7.720057243927538e-6,1.1241728101487528e-5
354270,11994,22036,14007,4.829944807309787e-5,8.178806799384002e-5,5.526952808618315e-5
354256,188403,125964,120694,7.586927559876486e-4,4.675236974394656e-4,4.7624048139028983e-4
354254,7955,3745,6705,3.203452638164862e-5,1.3899814605052226e-5,2.6456927666013995e-5
354252,150773,176168,185068,6.071579693451046e-4,6.538591560328013e-4,7.30250662087081e-4
354246,202760,204055,200001,8.165079282392299e-4,7.573635965911702e-4,7.891740477450358e-4
353481,309225,618561,335219,0.001245239022044663,0.0022958299657985875,0.0013227240619349062
351741,478,1576,635,1.9248904601418027e-6,5.849427988668173e-6,2.505615073515121e-6
351285,62494,23005,49673,2.516613063098364e-4,8.53845754310351e-5,1.9600223235703403e-4
351222,5875,11776,13711,2.3658434002788893e-5,4.370740101177437e-5,5.410155633537925e-5
350330,678,1726,947,2.7302839581090843e-6,6.406162886066794e-6,3.736720432470582e-6
350308,2799,8926,4176,1.1271482004052103e-5,3.3129437961200584e-5,1.647787172755771e-5
348293,107,3920,2768,4.308855214124956e-7,1.4549338652017284e-5,1.0922114210220245e-5
347607,110475,431488,300649,4.448792334396771e-4,0.0016014961827249066,0.0011863160098224373
346922,2372,2167,3189,9.551966885891957e-6,8.042963484418738e-6,1.2583317274708223e-5
346416,6179,14713,9047,2.488263211969916e-5,5.460827030283936e-5,3.56981095591989e-5
346408,2133,5518,2115,8.589521655821057e-6,2.0480421092303923e-5,8.345473827534616e-6
346346,1157,3306,2086,4.659201385740723e-6,1.2270437138665597e-5,8.23104416275991e-6
346256,32813,33663,32573,1.3213688424400203e-4,1.2494244567419843e-4,1.2852818864505204e-4
346225,15892,37285,33584,6.399656734848018e-5,1.3838573766338378e-4,1.3251744351012887e-4
344676,21468,46133,13449,8.645093807180799e-5,1.7122567347793708e-4,5.3067743501897424e-5
342924,59976,31620,55387,2.4152140217042836e-4,1.1735971637162921e-4,2.1854882216816064e-4
342840,27486,43439,29632,1.1068522842564349e-4,1.6122671472065787e-4,1.1692344229669302e-4
342183,2643,4508,2662,1.0643275075637625e-5,1.6731739449819877e-5,1.0503854056216146e-5
341344,10138,36581,25959,4.0825396411961494e-5,1.3577279521159293e-4,1.0243033337540005e-4
328993,3202,5826,4402,1.2894349902456177e-5,2.162358341496242e-5,1.7369633942698526e-5
328824,258,30032,15854,1.0389576123777931e-6,1.1146574959116916e-4,6.25575139771791e-5
324432,454,7540,3320,1.828243240385729e-6,2.7985207509237326e-5,1.3100223691449138e-5
323841,7469,9484,7045,3.0077420181588125e-5,3.520049177952345e-5,2.779851683923469e-5
321802,10814,55064,11833,4.354762643509091e-5,2.0437366926905095e-4,4.669124907858965e-5
320847,148541,199506,193016,5.981697779077898e-4,7.404796829360613e-4,7.616122819363695e-4
320842,7548,39495,6820,3.03955506132852e-5,1.465882984850568e-4,2.6910700474603348e-5
250667,2251,3039,5798,9.064703819621753e-6,1.1279449021296053e-5,2.287804125392232e-5
250558,1520,5222,2696,6.120990584551339e-6,1.938179756143731e-5,1.0638012973538216e-5
242849,3756,5437,3937,1.5125289891825546e-5,2.0179784247708665e-5,1.553481345579375e-5
241382,4585,5940,4935,1.8463645940899926e-5,2.2046701936985376e-5,1.9472772264247436e-5
237707,38385,44767,42701,1.545751470973705e-4,1.6615567434562697e-4,1.6849176260499084e-4
234465,188403,142090,205989,7.586927559876486e-4,5.273764104757999e-4,8.128018005957579e-4
232320,21590,3126,14538,8.694222810556803e-5,1.1602355261787253e-5,5.736477470671312e-5
230854,33672,43847,32194,1.355960493177715e-4,1.627410336415821e-4,1.270327113019619e-4
228851,30037,55586,50526,1.2095802249221617e-4,2.0631110671199816e-4,1.993680428416142e-4
228833,7407,9484,7293,2.982774819721827e-5,3.520049177952345e-5,2.8777087765583903e-5
228307,1555,1871,3096,6.261934446695613e-6,6.944339953552127e-6,1.2216353177327268e-5
227159,12408,9093,13452,4.996661261389014e-5,3.3749269480304375e-5,5.307958105342584e-5
224423,2541,5877,2371,1.0232524391674311e-5,2.1812873280077955e-5,9.355611557959609e-6
224377,14201,15625,15978,5.718696532316682e-5,5.799321847902298e-5,6.304679944035371e-5
223738,670,2158,1305,2.698068218190393e-6,8.009559390574822e-6,5.149334914861784e-6
223237,1241,1842,1728,4.997466654886981e-6,6.836704540055061e-6,6.818429680368707e-6
223227,12718,9715,12943,5.121497253573943e-5,3.605786352151732e-5,5.107114314410427e-5
223171,2019,6027,2615,8.130447361979706e-6,2.2369608177476573e-005,1.0318399082270931e-5
223160,1598,5889,7713,6.435094048758579e-6,2.1857412071869842e-5,3.0434344979562407e-5
223108,9147,4721,6767,3.683467162953362e-5,1.752230300412592e-5,2.6701570397601297e-5
222288,3979,10001,7904,1.6023303642059066e-5,3.711937139255736e-5,3.118800242687168e-5
219979,16128,12656,17158,6.494693167608158e-5,4.697357907651294e-5,6.770290304153141e-5
219417,10869,3683,18615,4.376910964703191e-5,1.3669697514127463e-5,7.345200723383304e-5
215929,965,5311,1281,3.886023627692133e-6,1.9712126933893826e-5,5.054634502634441e-6
215683,8507,16461,16054,3.425741243603832e-5,6.109608764052462e-5,6.334668407907363e-5
215676,5502,5962,5508,2.215637512907991e-5,2.2128356388603838e-5,2.1733744606175255e-5
215644,10818,20570,13646,4.356373430505025e-5,7.634691226326416e-5,5.384507605226353e-5
214058,2368,10773,9587,9.535859015932613e-6,3.998470033116893e-5,3.782886883431412e-5
212017,8867,6806,8747,3.5707120732379425e-5,2.5260918077966743e-5,3.451435440635711e-5
211126,2351,8693,3271,9.467400568605393e-6,3.226464308724139e-5,1.2906877016484978e-5
210861,7596,4751,9041,3.058884505279735e-5,1.7633649983605644e-5,3.567443445614206e-5
210845,3669,252,2563,1.4774943720209778e-5,9.353146276296826e-7,1.0113214855778356e-5
210842,4682,3003,4847,1.885426178741406e-5,1.1145832645920383e-5,1.9125537419413845e-5
210393,3272,4673,3809,1.3176237626744725e-5,1.734414783695836e-5,1.5029744590581254e-5
210312,59355,129258,22493,2.3902065535923994e-4,4.7974959578633933e-4,8.87540155095679e-5
210297,30959,45092,30790,1.2467088651784534e-4,1.6736193328999066e-4,1.2149273718666234e-4
210259,13554,49588,48381,5.458151735724266e-5,1.8404913394801865e-4,1.909041934987954e-4
210228,32406,82567,27813,1.304979084756386e-4,3.0645286849007936e-4,1.097459402199623e-4
209687,766574,1137942,437460,0.003086968576553854,0.004223546817437207,0.0017261517638738975
209676,178736,332498,196216,7.197640612634001e-4,0.0012340882661016437,7.742390035666819e-4
209172,7211666,12009442,7714433,0.029041144529558565,0.044573836397897894,0.03043999938334248
208244,8957,10831,11132,3.60695478064647e-5,4.019997115816306e-5,4.392520787144933e-5
205795,1295,296,858,5.214922899338147e-6,1.0986235308666112e-6,3.385539737127518e-6
199152,7623,13139,7161,3.0697573175022935e-5,4.87662654461365e-5,2.8256235498333516e-5
190197,12385,51404,26769,4.98739923616239e-5,1.907893377725246e-4,1.0562647228807288e-4
190007,1856,1634,804,7.4740516611363715e-6,6.064698815662306e-6,3.172463809615996e-6
189939,399,1789,1079,1.6067600284447265e-6,6.639991542974215e-6,4.25757269972097e-6
189234,1837,4098,1878,7.39753927882948e-6,1.5209997396930314e-5,7.4103072567896025e-6
188923,6706,14431,8627,2.7004843986842945e-5,5.356160869572995e-5,3.404085234522039e-5
187931,12068,6251,7859,4.8597443667345764e-5,2.3200998957591846e-5,3.101043915394541e-5
187846,1890,7721,2199,7.6109685557908095e-6,2.8657000952098328e-5,8.676925270330318e-6
187839,769,900,897,3.096737999684197e-6,3.3404093843917235e-6,3.5394279069969507e-6
187836,1360,1566,1504,5.476675786177514e-6,5.8123123288415984e-6,5.934559166246838e-6
183432,1099,2248,1598,4.425637271330211e-6,8.343600329013993e-6,6.3054691141372655e-6
170841,94651,23420,83032,3.8115649988050576e-4,8.692487531383796e-5,3.2763185950253153e-4
170728,30375,61060,32960,1.2231913750378087e-4,2.2662821890106515e-4,1.3005523279221794e-4
170630,9678,27976,37845,3.897299136663675e-5,1.0383476993082539e-4,1.4933071253099174e-4
170487,23273,6183,17642,9.371961439096271e-5,2.294861247077114e-5,6.961269468811616e-5
170319,24513,31882,24595,9.871305407835985e-5,1.1833214665908547e-4,9.704819328047937e-5
170278,3365,3041,4119,1.355074560329951e-5,1.1286872153261368e-5,1.625295824851777e-5
170275,4861,6996,4996,1.9575088968094774e-5,2.5966115614671664e-5,1.971346914532527e-5
170242,1358,11593,3288,5.468621851197841e-6,4.302818443694806e-5,1.2973956475146013e-5
169614,480,27743,16599,1.9329443951214755e-6,1.029699750568662e-4,6.549717260673621e-5
169611,5157,66111,37298,2.0767071345086353e-5,2.4537533867946803e-4,1.4717233230231023e-4
169610,286,104470,53639,1.1517127020932124e-6,3.8774729820822593e-4,2.1165147547760248e-4
168880,2848,2598,5343,1.1468803411054087e-5,9.642648422944107e-6,2.108267927211227e-5
163829,1933,3544,2041,7.784128157853775e-6,1.3153789842538075e-5,8.053480889833641e-6
163410,15108,5608,13568,6.083942483644844e-5,2.0814462030743093e-5,5.353729971252467e-5
161401,5314,17774,90400,2.139930524099067e-5,6.596937377575388e-5,3.567048860563259e-4
161388,1464,2733,2202,5.8954804051205e-6,1.0143709830602867e-5,8.688762821858735e-6
160575,5216,11741,5058,2.10046624269867e-5,4.357749620238136e-5,1.995811187691257e-5
146435,125,238,199,5.03370936229551e-7,8.83352703872478e-7,7.852242513850537e-7
146430,18846,18883,23620,7.589222931345693e-5,7.008550045052101e-5,9.320098903374356e-5
146264,3308,9535,1660,1.3321208456378835e-5,3.538978164463898e-5,6.550111845724569e-6
138111,1955,1206,1491,7.872721442630176e-6,4.476148575084909e-6,5.883263109623694e-6
135765,5541,6770,6566,2.2313426861183534e-5,2.5127301702591074e-5,2.59084544451973e-5
135325,12070,6241,7767,4.860549760232543e-5,2.316388329776527e-5,3.064742090707393e-5
135323,5534,3226,4490,2.228523808875468e-5,1.1973511860052999e-5,1.7716868787532117e-5
135260,23526,1107,25410,9.473843716589131e-5,4.10870354280182e-6,1.0026406144569958e-4
135163,530,541,621,2.134292769613296e-6,2.0079571966176914e-6,2.450373166382504e-6
134328,30566,91592,42713,1.230882882943396e-4,3.39949751483563e-4,1.6853911281110453e-4
133924,2026,53256,2865,8.15863613440856e-6,1.9766315797240626e-4,1.130486170963909e-5
133605,15696,24758,16691,6.320728172047225e-5,9.189095059863365e-5,6.58601908536077e-5
133467,4393,12033,7789,1.7690468182851335e-5,4.466127346931734e-5,3.073422961828233e-5
132335,33171,85905,76183,1.3357853860536346e-4,3.1884207574019e-4,3.006067293631535e-4
132248,1386,1320,1974,5.58137694091326e-6,4.8992670971078606e-6,7.789108905698974e-6
131989,3426,11586,1801,1.3796390620179531e-5,4.3002203475069455e-5,7.1064767675602095e-6
131524,15820,39043,17092,6.370662568921197e-5,1.4491067066089563e-4,6.744247690790621e-5
131446,611065,451896,693299,0.002460738889176884,0.0016772418212989803,0.002735654212366866
131427,3809,1520,483,1.5338719168786874e-5,5.641580293639355e-6,1.905845796075281e-6
131421,363982,798732,485261,0.0014657436808856352,0.0029645465204599666,0.0019147673640771987
130738,14175,8374,16547,5.7082264168431074e-5,3.1080653538773656e-5,6.529198838024364e-5
130659,9808,1226,6099,3.949649714031548e-5,4.5503798947380586e-6,2.406574225727358e-5
130582,36880,31746,39095,1.485145610251667e-4,1.1782737368544406e-4,1.5426302566783255e-4
130549,2475,3274,3172,9.966744537345107e-6,1.2151667027220558e-5,1.2516237816047188e-5
130548,39890,6335,35986,1.606357331695743e-4,2.3512770500135074e-5,1.4199537643388212e-4
130530,20774,58105,49168,8.365622263386153e-5,2.1566054142231232e-4,1.9400957784975034e-4
130528,7949,6698,5735,3.20103645767096e-5,2.4860068951839737e-5,2.2629452671825544e-5
130463,51372,67879,45643,2.0687337388787592e-4,2.5193738733680644e-4,1.8010045480385933e-4
128059,1401,5408,2512,5.641781453260807e-6,2.00721488342116e-5,9.91197647979525e-6
127630,383,332,363,1.542328548607344e-6,1.2322399062422802e-6,1.4323437349385653e-6
125960,16576,51850,22516,6.675101311152829e-5,1.9244469620078984e-4,8.884477007128577e-5
125942,3957,12208,4129,1.5934710357282664e-5,4.5310797516282396e-5,1.6292416753612495e-5
125898,1745,1400,168,7.02705826976453e-6,5.1961923757204586e-6,6.629028855914021e-7
125897,30959,34861,8111,1.2467088651784534e-4,1.293889017214221e-4,3.2004793482332513e-5
125868,8957,16548,11132,3.60695478064647e-5,6.141899388101582e-5,4.392520787144933e-5
125802,11898,29806,14689,4.791285919407357e-5,1.1062693567908857e-4,5.7960598133643486e-5
124996,24855,39069,28616,1.000902769598839e-4,1.4500717137644472e-4,1.1291445817906883e-4
121191,4137,1782,1678,1.6659564505453217e-5,6.614010581095612e-6,6.621137154895076e-6
118967,894,544,799,3.600108935913748e-6,2.0190918945656637e-6,3.1527345570686328e-6
118602,10267,15662,18853,4.134487521815039e-5,5.81305464203813e-5,7.439111965508753e-5
118128,2671,44480,6869,1.0756030165353044e-5,1.6509045490860428e-4,2.7104047149567508e-5
118125,2315,12193,3019,9.322429738971282e-6,4.5255124026542535e-5,1.1912522688097876e-5
118060,13800,152863,194949,5.557215135974242e-5,5.673611108069689e-4,7.6923961097118e-4
117962,5773,20475,16918,2.3247683318825578e-5,7.59943134949117e-5,6.675589891925798e-5
117769,45009,72437,54262,1.8124977975004686e-4,2.6885470508575916e-4,2.1410974034500395e-4
117750,7801,82310,45196,3.1414373388213816e-5,3.0549899603253636e-4,1.7833665962612506e-4
117745,88405,21092,16227,3.5600406093898757e-4,7.828434970621136e-5,6.402931621721239e-5
117300,2352,1527,2703,9.471427536095229e-6,5.667561255517958e-6,1.0665633927104524e-5
117249,25573,25376,26002,1.0298163961758644e-4,9.418469837591597e-5,1.0260000494730738e-4
117245,5914,16031,8465,2.3815485734892512e-5,5.950011426798191e-5,3.3401624562685824e-5
117242,16147,39936,7146,6.502344405838847e-5,1.4822509908340873e-4,2.8197047740691427e-5
117235,34009,18466,59772,1.3695313736184639e-4,6.853777743575284e-5,2.3585137665219815e-4
117213,11037,11125,21138,4.444564018532443e-5,4.129117155706436e-5,8.340738806923249e-5
117212,24936,18926,22517,1.0041646132656065e-4,7.024509778777529e-5,8.884871592179525e-5
117201,60448,87086,75193,2.4342213082563115e-4,3.232254351657085e-4,2.967003373587756e-4
117200,10379,15084,10897,4.179589557701207e-5,5.5985261282405285e-5,4.2997933001723266e-5
117199,473293,183419,543991,0.0019059355241671427,6.807717209730505e-4,0.0021465071644985265
117196,5533,1490,13198,2.228121112126484e-5,5.5302333141596305e-6,5.2077335024019794e-5
117195,5311956,3551831,5351462,0.021391074119441442,0.013182855115748265,0.02111606905912343
117192,53852,50515,51137,2.168602532626702e-4,1.8748975561394212e-4,2.0177895750290198e-4
117191,1178,6275,1711,4.743767703027288e-6,2.329007654117563e-5,6.751350221707673e-6
117190,67043,43420,31633,2.6997998142110226e-4,1.6115619496698735e-4,1.2481908916614774e-4
117182,12113,1296,332060,4.87786572043884e-5,4.810189513524082e-6,0.001310259120175482
116942,48940,75802,52730,1.9707978895259378e-4,2.8134412461740157e-4,2.0806469736449186e-4
115895,8423,11778,20108,3.391914716689206e-5,4.3714824143739685e-5,7.934316204447567e-5
114282,1913,5688,4128,7.703588808057047e-6,2.111138730935569e-5,1.6288470903103025e-5
113559,4112,25255,4354,1.6558890318207308e-5,9.373559889201441e-5,1.718023311824384e-5
113534,6776,6112,8161,2.7286731711131494e-5,2.268509128600246e-5,3.220208600780615e-5
112543,1028,4571,2344,4.139722579551827e-6,1.6965568106727298e-5,9.249073594203848e-6
112530,3688,716,3729,1.485145610251667e-5,2.6574812435827487e-6,1.4714076549823443e-5
111776,102935,113531,43660,4.1451589856631056e-4,4.213777975770853e-4,1.722758332435751e-4
111772,3845,10698,34952,1.5483689998420986e-5,3.970633288246962e-5,1.379153670070874e-4
111739,9672,10261,11617,3.894882956169773e-5,3.8084378548048305e-5,4.583894536854356e-5
111732,75342,49513,79426,3.033997846192546e-4,1.8377076649931932e-4,3.1340312256537324e-4
110962,6173,2399,10780,2.485847031476014e-5,8.904046792395272e-6,4.253626849211497e-5
110647,34798,28762,21815,1.401304147113273e-4,1.0675206079319417e-4,8.607872886414546e-5
110628,83419,45391,79918,3.359256010346633e-4,1.6847169151880525e-4,3.1534448101603376e-4
110612,28617,34285,27992,1.1523972865664846e-4,1.2725103971541137e-4,1.1045224746115791e-4
110605,108470,12489,8018,4.368051636225551e-4,4.6353747557409145e-5,3.163782938495156e-5
110346,30482,51379,24096,1.2275002302519335e-4,1.9069654862295817e-4,9.507921387625253e-5
110328,13299,22335,15367,5.355464064733438e-5,8.28978262226546e-5,6.063588477906593e-5
110321,38301,37363,37521,1.5423688182822424e-4,1.3867523981003107e-4,1.480522569659226e-4
110283,7322,6620,9407,2.9485455960582174e-5,2.4570566805192456e-5,3.711861574260905e-5
110182,2317,3238,2158,9.330483673950955e-6,1.201805065184489e-5,8.51514539944194e-6
110123,4836,2398,4308,1.9474414780848865e-5,8.900335226412614e-6,1.6998723994808097e-5
110031,10818,20570,13646,4.356373430505025e-5,7.634691226326416e-5,5.384507605226353e-5
110021,11531,38647,17049,4.643496212530361e-5,1.4344089053176326e-4,6.72728053359989e-5
109714,6221,7522,6486,2.505176475427229e-5,2.7918399321549493e-5,2.5592786404439488e-5
109387,119863,162946,103569,4.826844042342613e-4,6.047848306101042e-4,4.0866779141557097e-4
109386,5205,10690,8833,2.09603657845985e-5,3.967664035460836e-5,3.485369755017176e-5
108314,4985378,7646636,5279731,0.020075955130545647,0.02838099405936399,0.020833029256228448
107960,6073,9955,12941,2.44557735657765e-5,3.694863935735512e-5,5.106325144308533e-5
107143,22818,190083,155441,9.188734418308714e-5,7.0550559668148e-4,6.133469490429353e-4
106940,122214,265110,271006,4.921518048028666e-4,9.83973257662322e-4,0.00106934916317014
106931,3441,10724,2837,1.3856795132527077e-5,3.980283359801871e-5,1.1194377895373856e-5
106902,422,1065,503,1.699380280710964e-6,3.952817771530206e-6,1.984762806264734e-6
106482,22977,36623,27614,9.252763201397112e-5,1.3592868098286453e-4,1.0896071596857724e-4
106427,161848,273780,184152,6.517566342950428e-4,0.0010161525347319623,7.266362630204041e-4
105769,965,976,412,3.886023627692133e-6,3.622488399073691e-6,1.6256904099027243e-6
105406,44988,62711,46376,1.811652134327603e-4,2.3275601433843263e-4,1.8299276322730277e-4
105370,60248,199411,75787,2.4261673732766387e-4,7.401270841677089e-4,2.9904417256140233e-4
105085,595,576,592,2.3960456564526625e-6,2.137862006010703e-6,2.335943501607798e-6
105081,7374,2624,1111,2.9694858270053668e-5,9.739149138493203e-6,4.383839916024094e-6
104990,4435,5930,7225,1.7859600817424468e-5,2.20095862771588e-5,2.8508769930939762e-5
104933,23786,61081,30245,9.578544871324879e-5,2.2670616178670095e-4,1.1934224865899975e-4
104931,5388,10695,7355,2.1697300835238562e-5,3.969519818452165e-5,2.9021730497171205e-5
104924,35040,40671,39438,1.411049408438677e-4,1.5095310008066197e-4,1.5561645239258164e-4
104918,103526,214522,122463,4.168958363528039e-4,7.962125577316458e-4,4.832206909415469e-4
104417,18880,34159,26348,7.602914620811137e-5,1.2678338240159652e-4,1.039652692235849e-4
104390,236,194,170,9.503643276013921e-7,7.200438006355493e-7,6.707945866103474e-7
104378,30943,47014,44709,1.2460645503800796e-4,1.7449556310865832e-4,1.764150304280119e-4
104312,6094,529996,316973,2.4540339883063065e-5,0.0019671151245445285,0.0012507280735390685
104238,850,915,657,3.422922366360946e-6,3.3960828741315856e-6,2.592423784723519e-6
104135,9392,17995,9635,3.782127866454354e-5,6.678962985792118e-5,3.8018269658768806e-5
104131,15075,29954,6975,6.0706534909283837e-5,1.1117624744452187e-4,2.7522307303571606e-5
103821,79947,64427,71125,3.219439699099512e-4,2.3912506156467285e-4,2.8064861748624095e-4
102904,13464,70920,33035,5.4219090283157385e-5,2.632242594900678e-4,1.303511715804284e-4
100922,21630,10511,20087,8.710330680516149e-5,3.901227004371267e-5,7.926029918377675e-5
100908,954,923,1054,3.841726985303932e-6,3.4257754019928453e-6,4.158926436984154e-6
100877,784,611,1439,3.1571425120317433e-6,2.2677668154037142e-6,5.678078883131117e-6
100869,9490,18029,11438,3.8215921478547505e-5,6.691582310133154e-5,4.513263812734796e-5
100865,3028,10060,3612,1.219365755922464e-5,3.7338353785534154e-5,1.4252412040215146e-5
100727,15753,12055,21452,6.343681886739293e-5,4.474292792093581e-5,8.464638512920689e-5
100468,44,2932,5805,1.7718656955280193e-7,1.0882311461151704e-5,2.2905662207488628e-5
100114,5753,14458,7825,2.316714396902885e-5,5.3661820977261705e-5,3.087628023662334e-5
100017,115922,150209,113414,4.66814125356816e-4,5.57510614688996e-4,4.4751468968132907e-4
99877,6011,4530,4957,2.4206101581406645e-5,1.6813393901438343e-5,1.9559580975455834e-5
98053,35330,90961,40844,1.4227276141592026e-4,3.3760775334850616e-4,1.6116431820890017e-4
98027,19657,30498,35102,7.915809994771425e-5,1.1319533933908753e-4,1.3850724458350832e-4
97891,12520,10627,23086,5.041763297275182e-5,3.9442811697700935e-5,9.109390486168518e-5
97693,10267,15662,19418,4.134487521815039e-5,5.81305464203813e-5,7.662052519293956e-5
95422,72387,41807,56764,2.91500095686788e-4,1.5516943903696087e-4,2.2398225831970445e-4
95404,5175,19545,7114,2.0839556759903407e-5,7.254255713104026e-5,2.80707805243883e-5
94586,3651,5683,4933,1.4702458305392724e-5,2.1092829479442405e-5,1.9464880563228493e-5
94582,52121,140247,69766,2.0988957253776337e-4,5.205359943697622e-4,2.752862066438676e-4
92552,6839,9307,30884,2.754043066299119e-5,3.4543544600593074e-5,1.2186364713455275e-4
91648,2860,3593,3487,1.1517127020932125e-5,1.3335656575688292e-5,1.3759180726531066e-5
91401,637,423,482,2.5651782910257915e-6,1.56999241066411e-6,1.9018999455658085e-6
90822,6204,11310,7174,2.498330630694507e-5,4.197781126385599e-5,2.830753155495666e-5
87950,1738,49581,30522,6.9988694973356756e-6,1.8402315298614004e-4,1.2043524925012367e-4
87877,20273,36888,20952,8.163871192145348e-5,1.3691224596826878e-4,8.267345987447058e-5
85106,6538,6289,8423,2.632831344855043e-5,2.3342038464932832e-5,3.3235898841287976e-5
84390,20996,19982,18835,8.45502094166052e-5,7.416451146546158e-5,7.432009434591702e-5
84223,69546,99440,71103,2.8005948104816277e-4,3.690781213154589e-4,2.8056180877503254e-4
84216,3225,1457,3258,1.2986970154722414e-5,5.407751636731934e-6,1.2855580959861833e-5
84185,1959,1685,1696,7.888829312589522e-6,6.253988680777837e-6,6.6921624640655835e-6
84181,2405,2561,2214,9.684856813056559e-6,9.505320481585781e-6,8.736113027972406e-6
84086,1952,549,1148,7.860640540160668e-6,2.037649724478951e-6,4.529836384874581e-6
68541,566,1160,849,2.2792635992474066e-6,4.305416539882665e-6,3.3500270825422644e-6
68263,5003,6273,5159,2.0146918351651547e-5,2.3282653409210312e-5,2.0356642778369308e-5
68235,1403,665,1435,5.649835388240479e-6,2.4681913784672177e-6,5.662295481093226e-6
68142,1821,1605,1850,7.333107798992097e-6,5.95706340216524e-6,7.2998234425243685e-6
68094,4134,840,3582,1.6647483602983707e-5,3.117715425432275e-6,1.4134036524930967e-5
67178,51110,32511,48200,2.0581830840553876e-4,1.2066672166217702e-4,1.9018999455658084e-4
67163,23723,36370,33824,9.553174976138909e-5,1.349896547892522e-4,1.334644476324023e-4
67160,40390,41278,43671,1.6264921691449248e-4,1.5320602063213508e-4,1.723192375991793e-4
66827,7195,5398,4290,2.897403108937295e-5,2.0035033174385026e-5,1.692769868563759e-5
66763,27198,61547,48600,1.095254617885706e-4,2.2843575153461934e-4,1.917683347603699e-4
66608,3274,3614,3866,1.3184291561724397e-5,1.3413599461324098e-5,1.5254658069621194e-5
66546,1979,1777,2155,7.969368662386249e-6,6.595452751182325e-6,8.50330784791352e-6
66437,103257,214546,122847,4.158125820980379e-4,7.963016353152297e-4,4.8473589753718436e-4
66396,4550,11963,4815,1.8322702078755652e-005,4.440146385053132e-5,1.8999270203110722e-5
66391,39855,208109,210530,1.6049478930743e-4,7.724102850848636e-4,8.307199077592732e-4
66367,5613,5858,5991,2.2603368520451754e-5,2.174235352640746e-5,2.3639590402250535e-5
66350,27915,4008,22798,1.1241279747878331e-4,1.487595645849114e-5,8.995749991495705e-5
66291,96819,9775,77657,3.898869653984711e-4,3.628055748047677e-5,3.064229130141162e-4
66287,93739,19536,104350,3.77483905529775e-4,7.250915303719634e-5,4.117495006634691e-4
66261,56108,48838,67378,2.2594509191974113e-4,1.8126545946102555e-4,2.65863515627247e-4
66256,491735,141539,100923,0.001980200858614706,5.253313376193557e-4,3.982270709675064e-4
65419,495,2206,515,1.9933489074690217e-6,8.18771455774238e-6,2.0321130123784054e-6
65232,1061,1998,1463,4.272612506716428e-6,7.415708833349626e-6,5.77277929535846e-6
65051,37937,143925,80823,1.527710656619238e-4,5.341871340539765e-4,3.189154757271065e-4
65017,10744,18330,15172,4.326573871080236e-5,6.803300446211143e-5,5.986644392971877e-5
64799,779,236,1702,3.137007674582561e-6,8.75929571907163e-7,6.715837567122419e-6
64787,679,459,527,2.7343109255989204e-6,1.703608786039779e-6,2.079463218492077e-6
64753,10003,2609,5932,4.028175580083358e-5,9.68347564875334e-6,2.340678522219165e-5
64652,490,151,415,1.9732140700198396e-6,5.604464633812781e-7,1.6375279614311422e-6
64643,2029,1641,1767,8.17071703687807e-6,6.090679777540909e-6,6.97231785023814e-6
64616,1684,2359,3285,6.78141325288451e-6,8.755584153088973e-6,1.2962118923617596e-5
64612,1821,8438,1786,7.333107798992097e-6,3.131819376166374e-5,7.04728900991812e-6
64604,2629,4195,3649,1.0586897530779915e-5,1.557001929724809e-5,1.4398408509065634e-5
64586,2128,5258,3392,8.569386818371874e-6,1.951541393681298e-5,1.3384324928131167e-5
64585,1181,1073,1035,4.755848605496797e-6,3.982510299391465e-6,4.083955277304173e-6
64557,12619,38848,11177,5.081630275424562e-5,1.4418691529427741e-4,4.41027711443756e-5
62840,32837,65121,37241,1.322335314637581e-4,2.4170088835663713e-4,1.4694741882327028e-4
62820,8310,14394,9019,3.346409984054054e-5,5.342428075437163e-5,3.558762574493366e-5
62816,661556,1008512,694116,0.002664064504706214,0.0037431588323018506,0.002738877972233105
62766,1814,3425,2451,7.3049190265632425e-6,1.2712113490601836e-5,9.67127959871742e-6
62409,32943,43789,48812,1.3266039001768077e-4,1.6252576281458798e-4,1.926048550683781e-4
62393,61879,15526,49623,2.4918472130358707e-4,5.762577344673989e-5,1.958049398315604e-4
62375,7582,13814,6712,3.053246750793964e-5,5.1271572484430295e-5,2.6484548619580303e-5
62348,15109,5605,13490,6.0843451803938276e-5,2.080332733279512e-5,5.32295233727858e-5
62311,10575,7855,12174,4.258518120502e-5,2.915435079377443e-5,4.8036784102319815e-5
62290,15400,32778,17211,6.201529934348068e-5,1.2165770977954657e-4,6.791203311853347e-5
62267,4662,6940,3634,1.877372243761733e-5,2.5758267919642844e-5,1.4339220751423544e-5
62252,3072,11509,1979,1.2370844128777443e-5,4.2716412894404826e-5,7.808838158246339e-6
53745,28617,34290,29115,1.1523972865664846e-4,1.2726959754532467e-4,1.1488343758329567e-4
52871,2441,3326,3026,9.82982764269067e-6,1.2344668458318746e-5,1.1940143641664184e-5
50367,2704,5231,2635,1.0888920092517644e-5,1.9415201655281228e-5,1.0397316092460385e-5
48608,97534,110751,78177,3.9276624715370415e-4,4.110596441452975e-4,3.0847475527904193e-4
47358,2742,3823,2857,1.1041944857131429e-5,1.418931675169951e-5,1.1273294905563308e-5
47286,12718,9715,12943,5.121497253573943e-5,3.605786352151732e-5,5.107114314410427e-5
47259,24800,5631,25363,9.98687937479429e-5,2.0899828048344215e-5,1.0007860647175435e-4
46365,16114,2209,16846,6.489055413122387e-5,8.198849255690352e-6,6.647179768257595e-5
46362,2656,1277,2100,1.0695625653005498e-5,4.73966975985359e-6,8.286286069892526e-6
46349,6575,11895,2705,2.6477311245674376e-5,4.414907736371061e-5,1.067352562812347e-5
46207,56970,3204,139081,2.2941633789598013e-4,1.1891857408434535e-5,5.487928347079631e-4
46179,11376,24758,16691,4.581078216437897e-5,9.189095059863365e-5,6.58601908536077e-5
46149,3644,4690,2824,1.4674269532963869e-5,1.7407244458663535e-5,1.1143081838750711e-5
46131,508173,1127305,906417,0.0020463961502126364,0.004184066890079679,0.0035765859812446543
42424,17880,31620,15564,7.200217871827497e-5,1.1735971637162921e-4,6.141321732943204e-5
42245,19762,78668,19019,7.958093153414708e-5,2.919814727236979e-4,7.504613083965999e-5
42007,34703,156074,70402,1.3974785279979285e-4,5.79278949177282e-4,0.00027779576756789223
34087,1541,1270,1569,6.205556901837903e-6,4.713688797974988e-6,6.191039449362559e-6
33999,2933,7210,2647,1.1811095647690183e-5,2.6760390734960363e-5,1.0444666298574056e-5
33395,17193,9006,18477,6.923565205275735e-5,3.3426363239813175e-5,7.290747986352581e-5
31695,7582,13805,6712,3.053246750793964e-5,5.123816839058638e-5,2.6484548619580303e-5
31664,793,4785,4502,3.193385219440271e-6,1.7759843227015997e-5,1.7764218993645786e-5
31599,4927,2252,4164,1.9840868822423978e-5,8.358446592944624e-6,1.643052152144404e-5
27127,182868,21220,13711,7.364034909314041e-4,7.875943015199152e-5,5.410155633537925e-5
26911,355,709,376,1.4295734588919245e-6,2.6315002817041463e-6,1.4836397915617096e-6
26755,6629,39662,10497,2.6694767490125542e-5,1.4720813000416058e-4,4.141959279793421e-5
26751,3088,16548,5016,1.2435275608614825e-5,6.141899388101582e-5,1.979238615551472e-5
26736,4275,12504,4035,1.721528601905064e-5,4.640942104714901e-5,1.592150680572207e-5
26723,716,786,701,2.8833087227228677e-6,2.9172908623687716e-6,2.7660412071403148e-6
23170,9294,26915,13361,3.742663585053957e-5,9.989679842322582e-5,5.272050865706383e-5
22969,32419,49323,72429,1.3055025905300648e-4,1.830655689626144e-4,2.8579400655059326e-4
22885,9829,11895,10674,3.958106345760205e-5,4.414907736371061e-5,4.211800833811087e-5
21827,1022,3462,2103,4.115560774612808e-6,1.2849441431960162e-5,8.298123621420945e-6
21709,544271,1444522,834083,0.002191761622660751,0.0053614387164003345,0.003291166830492461
21683,19447,30724,11505,7.831243677484861e-5,1.1403415325116812e-4,4.539701011148263e-5
20297,4690,2391,4292,1.8886477527332748e-5,8.874354264534012e-6,1.6935590386656534e-5
18588,40557,70981,67869,1.6332172048529517e-4,2.634506650150099e-4,2.6780092822739805e-4
18489,1911,1071,2808,7.695534873077375e-6,3.975087167426151e-6,1.107994823059915e-5
18488,2002,6355,6196,8.061988914652488e-6,2.3587001819788223e-5,2.4448489756692426e-5
18361,1956001,4077249,2675068,0.007876752437087502,0.015132978691224189,0.010555418430673934
18345,6519,15900,12497,2.6251801066243537e-5,5.901389912425378e-5,4.931129381687948e-5
18257,27937,20908,22344,1.125013907635597e-4,7.76014215654024e-5,8.816608378365648e-5
18177,4401,8166,4784,1.7722683922770028e-5,3.0308647814380903e-5,1.887694883731707e-5
18168,376,408,359,1.514139776178489e-6,1.514318920924248e-6,1.4165603329006747e-6
18037,2640,3597,997,1.0631194173168115e-5,1.3350502839618921e-5,3.934012957944214e-6
18023,3537,2964,1771,1.4243384011551372e-5,1.1001081572596742e-5,6.988101252276031e-6
17863,2101,1105,2192,8.460658696146291e-6,4.101280410836505e-6,8.649304316764008e-6
17830,59175,56107,85125,2.382958012110694e-4,2.0824483258896268e-4,3.358905246188578e-4
17829,28681,80722,10015,1.15497454575998e-4,2.9960502925207634e-4,3.951769285236841e-5
17651,2551,3501,3689,1.0272794066572674e-5,1.2994192505283805e-5,1.4556242529444538e-5
17644,14555,36484,11625,5.861251181456891e-5,1.3541277331127516e-4,4.5870512172619345e-5
17537,4500,18337,14408,1.8121353704263833e-5,6.805898542399004e-5,5.6851814140481676e-5
17456,11077,14674,7002,4.460671888491788e-5,5.4463519229515723e-005,2.7628845267327368e-5
17382,949,10055,1136,3.821592147854751e-6,3.7319795955620865e-5,4.4824861787609095e-6
17297,6498,9863,8847,2.6167234748956973e-5,3.660717528695063e-5,3.4908939457304374e-5
17267,7259,1389,8242,2.923175700872248e-5,5.1553651499112265e-6,3.252169989907343e-5
17250,73495,564419,183538,2.9596197566552674e-4,0.002094878360365547,7.242135108075879e-4
17233,14065,20089,26510,5.6639297744549066e-5,7.456164902560592e-5,1.0460449700611946e-4
17222,3793,2682,3522,1.5274287688949492e-5,9.954419965487336e-6,1.3897285494362608e-5
17188,1520,5222,2696,6.120990584551339e-6,1.938179756143731e-5,1.0638012973538216e-5
17045,552,1860,840,2.222886054389697e-6,6.903512727742895e-6,3.3145144279570106e-6
16980,639,2879,2631,2.573232226005464e-6,1.0685598464070857e-5,1.0381532690422494e-5
16808,6599,2250,4603,2.657395846543045e-5,8.351023460979309e-6,1.8162749895102523e-5
14764,360,570,627,1.4497082963411066e-6,2.115592610114758e-6,2.47404826943934e-6
14702,5948,22276,9012,2.3952402629546952e-5,8.267884382967781e-5,3.5560004791367354e-5
14701,1472,1945,1136,5.927696145039191e-6,7.21899583626878e-6,4.4824861787609095e-6
14688,17220,28177,20317,6.934438017498293e-5,1.0458079469333954e-4,8.016784480095546e-5
13139,5969,23037,9715,2.4036968946833516e-5,8.550334554248015e-5,3.8333937699526615e-5
9489,36642,31746,39095,1.4755614276258563e-4,1.1782737368544406e-4,1.5426302566783255e-4
9392,13688,20512,26942,5.512113100088074e-5,7.613164143627003e-5,1.0630910442621164e-4
8811,34021,8819,60517,1.370014609717244e-4,3.2732300401056235e-5,2.3879103528175524e-4
8598,59175,161611,85125,2.382958012110694e-4,5.998298900232564e-4,3.358905246188578e-4
7543,7620,11018,7808,3.0685492272553425e-5,4.089403399692001e-5,3.0809200777962306e-5
5990,21666,32431,24459,8.72482776347956e-5,1.2036979638356443e-4,9.651155761119109e-5
5900,1457,1265,1822,5.8672916326916454e-006,4.6951309680617e-6,7.189339628259135e-6
5290,45230,36387,29972,1.821397395653007e-4,1.350527514109574e-4,1.1826503146991372e-4
5269,964,1333,589,3.8819966602022965e-6,4.947517454882408e-6,2.3241059500793802e-6
4755,7699,9528,10648,3.1003622704250497e-5,3.5363800682760375e-5,4.201541622486458e-5
4732,17074,32124,17609,6.875644292146681e-5,1.1923034562688858e-4,6.948248162130357e-5
4713,39999,9593,14984,1.6107467262596646e-4,3.560505247163311e-5,5.912462403393791e-5
4709,1890,7539,3323,7.6109685557908095e-6,2.798149594325467e-5,1.3112061242977555e-5
4603,99825,51398,108550,4.0199202967291934e-4,1.9076706837662866e-4,4.2832207280325417e-4
4548,4865,9197,7126,1.9591196838054122e-5,3.4135272342500755e-5,2.8118130730501973e-5
4543,15971,61059,10891,6.431469778017726e-5,2.2662450733508248e-4,4.297425789866643e-5
4541,36079,45748,18528,1.4528896006580773e-4,1.6979672057461395e-4,7.310871823950892e-5
3772,63693,9219,4311,2.564896403301503e-4,3.421692679411922e-5,1.7010561546336515e-5
3618,502,476,1273,2.0215376798978766e-6,1.766705407744956e-6,5.02306769855866e-6
3253,3272,4673,3809,1.3176237626744725e-5,1.734414783695836e-5,1.5029744590581254e-5
3232,4358520,7157045,5554044,0.017551618343801777,0.026563844758348734,0.021915427347033414
3204,3935,4188,5069,1.584611707250626e-5,1.5544038335369485e-5,2.000151623251677e-5
3182,29593,24323,34188,1.191700489267288e-4,9.027641939617766e-5,1.3490073721785032e-4
3178,1696,3408,1852,6.829736862762547e-6,1.2649016868896659e-5,7.307715143543314e-6
3175,5111,6977,3170,2.0581830840553876e-5,2.589559586100117e-5,1.2508346115028242e-5
3143,4608,3029,5277,1.8556266193166166e-5,1.1242333361469478e-5,2.082225313848708e-5
3090,13375,23772,11216,5.386069017656195e-5,8.823134653973338e-5,4.4256659314245036e-5
2813,16485,35147,19773,6.638455906995317e-5,1.304504095924621e-4,7.802130212380235e-5
2810,2295,3949,2898,9.241890389174554e-6,1.465697406551435e-5,1.1435074776451686e-5
2806,153632,39676,134778,6.186710693985469e-4,1.472600919279178e-4,5.318138399657024e-4
2672,639,911,820,2.573232226005464e-6,3.3812366102009555e-6,3.235597417767558e-6
2568,4657,1610,4363,1.875358760016815e-5,5.9756212320785275e-6,1.7215745772829092e-5
2403,868,4353,3120,3.4954077811780016e-6,1.615644672250797e-5,1.231105358955461e-5
2242,7573,39577,19002,3.0496224800531113e-5,1.4689264689563472e-4,7.497905138099894e-5
2197,73139,193025,130074,2.94528375239145e-4,7.164250238024582e-4,5.132525591691431e-4
2193,9470,16249,10753,3.8135382128750775e-5,6.030923565220124e-5,4.242973052835921e-5
2044,4690,2391,4292,1.8886477527332748e-5,8.874354264534012e-6,1.6935590386656534e-5
2042,7594,6231,7974,3.0580791117817674e-5,2.3126767637938697e-5,3.1464211962534766e-5
2040,9948,19684,4663,4.006027258889258e-5,7.305846480262964e-5,1.8399500925670882e-5
2039,8561,20379,7569,3.447486868048948e-5,7.563800316057659e-5,2.9866142506198348e-5
2037,7578,23247,34740,3.0516359637980296e-5,8.628277439883821e-5,1.3707884669907923e-4
2017,96287,24131,108174,3.877446186938781e-4,8.956379872750742e-5,4.2683843301169244e-4
2011,11557,44206,10661,4.653966328003936e-5,1.6407348582935614e-4,4.2066712281487725e-5
1973,54634,3122,43836,2.2000934183972226e-4,1.1587508997856622e-5,1.7297030293324229e-4
1968,4752,1221,4394,1.9136149511702607e-5,4.531822064824771e-6,1.7338067138622745e-5
1921,5682,7590,4470,2.2881229277250465e-5,2.81707858083702e-5,1.7637951777342663e-5
1830,3988,6161,4010,1.6059546349467593e-5,2.2866958019152674e-5,1.5822860542985254e-5
1809,47858,14924,57020,1.927226101285908e-4,5.539141072518009e-5,2.2499239605012946e-4
1799,76455,67638,76467,3.078817994354425e-4,2.51042899934986e-4,3.0172735090784375e-4
1786,12077,4597,9029,4.863368637475429e-5,1.7062068822276393e-5,3.562708425002839e-5
1781,70850,114750,62889,2.8531064665490946e-4,4.2590219650994474e-4,2.481505926902243e-4
1771,78982,12451,80427,3.180579462822591e-4,4.6212708050068166e-5,3.1735291892535537e-4
1767,10724,145024,90713,4.318519936100563e-5,5.38266145068917e-4,3.5793993726579085e-4
1746,28247,9620,30283,1.13749750685409e-4,3.5705264753164864e-5,1.194921909783597e-4
1740,84870,19014,71270,3.417687308624159e-4,7.057171559424914e-5,2.812207658101145e-4
1732,9713,24570,7900,3.9113935228781025e-5,9.119317619389405e-5,3.117221902483379e-5
1721,9075,6010,9048,3.6544729970265394e-5,2.2306511555771396e-5,3.5702055409708375e-5
1713,35132,15907,28684,1.4147542185293267e-4,5.9039880086132384e-5,1.1318277601371297e-4
1710,285857,25250,95777,0.0011511368457421658,9.371704106210113e-5,3.7792172424576024e-4
1708,11092,3704,11274,4.4667123397265426e-5,1.374764039976327e-5,4.448551864379445e-5
1681,37789,186990,80988,1.52175074473428e-4,6.940257230971204e-4,3.1956654106116947e-4
1380,2136723,137721,2073447,0.008604514055785717,5.111605786975694e-4,0.0081815119013145
1148,5703,12154,5694,2.296579559453703e-5,4.511037295321889e-5,2.2467672800937165e-5
816,33672,43847,32194,1.355960493177715e-4,1.627410336415821e-4,1.270327113019619e-4
782,53164,122557,74860,2.1408969962966276e-4,4.548783921365516e-4,2.953863691391212e-4
592,4663000,4361976,4685196,0.018777749405107166,0.0161897617387683,0.018487083023579137
573,29305,39273,28905,1.1801028228965591e-4,1.4576433083690683e-4,1.1405480897630642e-4
479,27150,32642,37801,1.0933216734905846e-4,1.2115293680590514e-4,1.4915709510857495e-4
473,4257,8459,6192,1.7142800604233587e-5,3.1396136647299543e-005,2.4432706354654535e-5
136,55666,3791,138509,2.2416517228923344e-4,1.407054664025447e-5,5.465358082165447e-4
99,508173,1127305,906417,0.0020463961502126364,0.004184066890079679,0.0035765859812446543
61,11722,10033,11272,4.720411291586237e-5,3.72381415040024e-5,4.447762694277551e-5
54,488174,1110068,636291,0.001965860827383398,0.004120090627236613,0.0025107091665228505
