BinBase name,L1_PF_748,L2_PF_748,L3_PF_748,normL1_PF_748,normL2_PF_748,normL3_PF_748
zymostenol,4936,4046,1783,1.887999588128453e-5,1.5599340222705217e-5,7.285208398881823e-6
xylulose,190355,143659,130965,7.281000032378275e-4,5.538768208239271e-4,5.351134705325618e-4
xylose,23340,76738,16686,8.927453481952612e-5,2.9586311666088803e-4,6.817778314287273e-5
xanthosine,10132,9174,8116,3.875448101077286e-5,3.5370328028447275e-5,3.3161386071410474e-5
xanthine,283152,228949,278599,0.001083044690797706,8.827121464775426e-4,0.0011383352634436773
valine,1753424,639751,1077018,0.006706774290548104,0.0024665579601621072,0.0044006172626735295
uridine-5'-monophosphate,10479,4901,6213,4.008174166126025e-5,1.8895790022609558e-5,2.538586639498192e-5
uridine,168910,203533,152115,6.460737650542483e-4,7.847208387414388e-4,6.215308332001729e-4
uric acid,1066954,881310,1311591,0.004081054928184776,0.0033978879218171864,0.005359065490239937
urea,464092,631574,228914,0.001775132708374615,0.0024350315624851273,9.353259649027669e-4
uracil,476976,468381,401002,0.0018244134755817604,0.0018058414663497016,0.0016384650243232801
undecanoic acid,33223,36595,2094,1.2707660112721149e-4,1.4109190693274777e-4,8.55593179319043e-6
UDP-N-acetylglucosamine,47367,39220,26061,1.8117681622949845e-4,1.5121258614298039e-4,1.0648335170121098e-4
UDP-glucuronic acid,2284,2895,1589,8.736205549605727e-6,1.1161663357570838e-5,6.4925385001812765e-6
tyrosine,6658026,3741811,12739550,0.025466674120236083,0.014426540493836093,0.05205287529892031
tryptophan,3698554,3570062,3769941,0.01414681610346605,0.013764362766720573,0.015403704899881625
trisaccharide,1002,5459,907,3.8326085642315836e-6,2.1047157260441865e-5,3.705936072790697e-6
tridecanoic acid,2025703,2521364,1868084,0.007748230205977657,0.009721110939515798,0.007632855438371705
tocopherol gamma-,3738,4359,994,1.4297695422253154e-5,1.6806110734249147e-5,4.061411749012076e-6
tocopherol alpha-,7277,5782,19833,2.7834224073765705e-5,2.2292482740405727e-5,8.103619639653571e-5
thymine,1932,2212,3880,7.389820105883653e-6,8.528359014489358e-6,1.585339797401092e-5
threonine,1797836,1838740,1664017,0.006876648353975902,0.007089256263246909,0.006799052509412301
terephthalic acid,2529,4117,2286,9.673320418105465e-6,1.5873080498486747e-5,9.340429837265196e-6
tagatose,1284,1239,1284,4.911246902668017e-6,4.776960587229799e-6,5.2463306697500056e-6
sucrose,15332,6002,13067,5.8644265974848946e-5,2.314069204564427e-5,5.339081219752595e-5
succinic acid,852329,815377,334488,0.00326012317858577,0.0031436834485340367,0.0013666936550337538
stigmasterol,12995,12176,4695,4.9705337616955523e-5,4.6944529548111405e-5,1.918342873401579e-5
stearic acid,1095928,1060399,732020,0.0041918792800211485,0.004088364995752939,0.0029909805115813076
squalene,2357,10925,9231,9.01542753083218e-6,4.2121302998777685e-5,3.771719502528216e-5
spermidine,73830,76788,97122,2.8239669690341104e-4,2.9605589150298774e-4,3.968334324824455e-4
sorbitol,3789795,255225,3254406,0.014495809155371292,9.840191814977607e-4,0.01329726636263118
sophorose,107145,88703,73184,4.0982519422614076e-4,3.4199413637533884e-4,2.9902450446649874e-4
shikimic acid,23225,24717,34984,8.883466457512828e-5,9.52963154435504e-5,1.429420811141232e-4
serine,8912895,9724128,9555701,0.034091454799497864,0.03749134479513941,0.03904389970970467
salicyl alcohol,788,919,711,3.0140674137869143e-6,3.543201597791917e-6,2.905094319464372e-6
saccharic acid,51792,43125,25678,1.981022582421978e-4,1.6626830131096453e-4,1.0491844154037433e-4
ribulose-5-phosphate,15885,9075,5152,6.07594681066055e-5,3.498863384108993e-5,2.105069751600625e-5
ribose-5-phosphate,3953,2823,8066,1.5120061531344762e-5,1.0884067584947314e-5,3.2957089705766e-5
ribonic acid,17288,10222,15666,6.612588508825911e-5,3.9410888718856337e-5,6.401013728372553e-5
ribitol,550854,324122,822278,0.0021069937705002245,0.0012496513474205785,0.00335976813898808
quinic acid,278765,183224,114685,0.0010662645972135904,7.064195533773951e-4,4.6859457387872223e-4
pyrophosphate,506512,219342,351032,0.0019373874541777126,8.456723883165121e-4,0.0014342912364981961
putrescine,344259,466357,201211,0.0013167764388361286,0.001798037940741507,8.221335205537915e-4
pseudo-uridine,63870,72426,69894,2.4430010877991143e-4,2.792382142782126e-4,2.855818036070926e-4
prunin,26288,21838,14778,1.0055051291069848e-4,8.419634003545145e-5,6.038183382987973e-5
propyleneglycol,1032466,891577,309796,0.003949139754369188,0.0034374723078939326,0.0012658039378238884
proline,1720578,1886775,1575546,0.006581139698830789,0.0072744550540520606,0.006437566434113662
pipecolinic acid,5076,9514,3121,1.9415490091855807e-5,3.668119695472503e-5,1.2752179143527856e-5
phthalic acid,106320,163842,98991,4.0666960334241717e-4,6.316923135858795e-4,4.044700306302358e-4
phosphoinositol,38310,43318,17619,1.465341657641836e-4,1.6701241220146927e-4,7.198995332579856e-5
phosphoethanolamine,1207547,939563,648304,0.004618817339233689,0.0036224821793538267,0.0026489230206554575
phosphate,1526695,847948,1728110,0.005839545241486565,0.003269260836174603,0.007060931848677322
phenylalanine,4536682,4653006,5398004,0.017352621044306658,0.017939649938776253,0.0220558519786863
phenylacetic acid,2664,2726,2201,1.0189689835442055e-5,1.0510084391273955e-5,8.993126015669596e-6
pentadecanoic acid,232551,557739,326617,8.894979583040111e-4,0.0021503609531565463,0.0013345333211540011
pelargonic acid,76026,99619,46667,2.907963060920862e-4,3.8408073990253857e-4,1.906779699106102e-4
parabanic acid,8077,24318,10370,3.0894190991315874e-5,9.375797220359503e-5,4.2371066234663206e-5
pantothenic acid,64721,45715,48233,2.4755514858845545e-4,1.762540381317274e-4,1.9707653208259502e-4
palmitoleic acid,334814,357019,185350,0.001280649704415802,0.0013764856270316347,7.573266274440526e-4
palmitic acid,1097849,1136176,728058,0.004199227025581917,0.004380522979948671,0.00297479206756764
palatinitol,216971,126826,14808,8.299051025847216e-4,4.889772424826525e-4,6.050441164926642e-5
oxoproline,10118333,13835765,7683359,0.03870220530094516,0.053343748264062546,0.031393646392834686
ornithine,2572106,4216190,1010427,0.009838199085540362,0.016255507230244073,0.00412853127698091
oleic acid,334443,339103,194621,0.001279230644757788,0.0013074105456104814,7.952072595618503e-4
octadecanol,5947,2526,7731,2.2747029073338552e-5,9.73898502287528e-6,3.1588304055948045e-5
nonadecanoic acid,14350,22597,6854,5.488815658355612e-5,8.712266213852443e-5,2.8004945802544032e-5
N-methyl-UMP,80820,39090,24061,3.091331578455056e-4,1.5071137155352125e-4,9.831149707543215e-5
N-methylethanolamine,1771264,1704266,1255570,0.006775011552809474,0.006570792180916691,0.00513016775624456
nicotinic acid,494575,471079,354854,0.0018917289228092171,0.0018162435968293999,0.0014499076506880595
nicotinamide,25819,34760,23279,9.875660730528469e-5,1.340170702276899e-4,9.511630191675263e-5
n-epsilon-trimethyllysine,6985,6920,29263,2.6717336148859892e-5,2.6680038146594196e-5,1.1956649095708288e-4
N-alpha-acetyllysine,41765,38673,34499,1.597493978893534e-4,1.4910362937041002e-4,1.4096040636737183e-4
N-acetylserine,14620,17271,12466,5.5920895418229296e-5,6.658828595806768e-5,5.0935169882479414e-5
N-acetylputrescine,396481,349010,152925,0.0015165234292965097,0.0013456069528241098,6.248404343236134e-4
N-acetylglucosamine-6-phosphate,12797,10618,5705,4.894799580486185e-5,4.093766546828572e-5,2.3310215320034096e-5
N-acetylgalactosamine,19891,21457,21497,7.608225244623795e-5,8.272739573865197e-5,8.78351794451837e-5
N-acetylaspartic acid,13269,12724,4924,5.075337628621645e-5,4.905734181752378e-5,2.0119106088667468e-5
myristic acid,1360189,1694516,1055387,0.005202666677019555,0.006533201086707256,0.004312234568968418
myo-inositol,966979,884185,765809,0.0036986546874571784,0.0034089724752379173,0.003129039909556528
methionine sulfoxide,234864,197621,275495,8.983450876543779e-4,7.619271414115739e-4,0.0011256525450644686
methionine,928096,893869,1051424,0.0035499288203882993,0.0034463091066557813,0.0042960420390274374
methanolphosphate,28466,34650,23394,1.0888127284372881e-4,1.3359296557507064e-4,9.558618355773492e-5
melezitose,3518,3933,941,1.3456204519926859e-5,1.5163669079559967e-5,3.844857601428937e-6
maltotriose,167196,66812,89685,6.395177859333971e-4,2.5759345500726177e-4,3.664463910564869e-4
maltotriitol,20173,9173,16320,7.716089078467439e-5,3.536647253160528e-5,6.668233374635521e-5
maltose,316297,3640281,237434,0.0012098229451504563,0.014035091899468506,9.701380656085847e-4
maltitol,952,1096,1846,3.6413606318846984e-6,4.2256245388247455e-6,7.542621819593855e-6
malonic acid,2079,2453,1579,7.952089026983496e-6,9.457533753409763e-6,6.451679227052382e-6
malonamide,1023,3438,800,3.912932695817276e-6,1.3255198142773244e-5,3.26874185031153e-6
malic acid,113184,125582,166703,4.329241194949976e-4,4.8418100441121275e-4,6.811363408406037e-4
maleimide,7132,18518,42513,2.7279605069959737e-5,7.139609052003342e-5,1.737050278528676e-4
lysine,3606104,3361499,3352017,0.013793198676556657,0.012960248778863908,0.01369609781356963
loganin,139923,104342,79667,5.35199688755465e-4,4.022902514872733e-4,3.255135712359608e-4
linolenic acid,59846,57487,43079,2.289084751846341e-4,2.216409469556735e-4,1.76017662711963e-4
linoleic acid,151069,146263,119758,5.778326778342327e-4,5.639165346004778e-4,4.893224831370103e-4
lignoceric acid,4817,8831,4083,1.842482580229894e-5,3.404789261164354e-5,1.668284121852747e-5
leucrose,18002,13089,13939,6.885690556217263e-5,5.046459816485136e-5,5.695374081436552e-5
leucine,7993606,8123896,10069545,0.030575212389913148,0.03132165537268266,0.04114342894386902
L-DOPA,10518464,1462939,9370711,0.040232689829302996,0.005640356694528954,0.03828804401609326
lauric acid,352069,422084,212966,0.0013466493658687122,0.001627343529055934,8.701635961168066e-4
lactulose,157047,545712,43156,6.006982806256263e-4,0.0021039908926378916,1.7633227911505547e-4
lactose,311138,1454372,105074,0.0011900899834909047,0.005607326653083597,4.293247264745421e-4
lactobionic acid,39204,8327,12087,1.4995367879454591e-4,3.210472220327888e-5,4.938660343089433e-5
lactitol,2370452,1693442,1321325,0.009066880874550785,0.006529060283098955,0.005398837906703603
lactic acid,3624101,2400900,1332056,0.013862036457325597,0.009256662367941908,0.005442683992698219
kynurenine,23931,6932,45301,9.15350853798663e-5,2.6726304108698115e-5,1.8509659320120326e-4
kynurenic acid,4879,5041,5299,1.866197323840908e-5,1.943555958048863e-5,2.1651328831000996e-5
ketoisoleucine,22956,31438,24795,8.780575069910203e-5,1.212091097185879e-4,1.0131056772309297e-4
isoxanthopterin,19079,13471,24555,7.297638602492454e-5,5.1937397958492834e-5,1.0032994516799952e-4
isothreonic acid,15007,14562,11635,5.740115441459419e-5,5.614374501310761e-5,4.7539764285468314e-5
isomaltotriose,598,9594,14551,2.2873252708687497e-6,3.6989636702084496e-5,5.945432832985384e-5
isomaltose,4483,5509,3236,1.7147289614221748e-5,2.1239932102541535e-5,1.322206078451014e-5
isoleucine,5824096,5939786,7439198,0.02227692635579532,0.022900826165116496,0.03039602229419229
isoheptadecanoic acid,32567,29288,18385,1.2456742825482035e-4,1.1291979150830213e-4,7.511977364747185e-5
isogluconic acid,687256,490860,464996,0.002628725779859822,0.0018925091798608709,0.0018999398567843251
inulotriose,52389,91232,11038,2.003857585544196e-4,3.517446878887401e-4,4.5100465679673335e-5
inosine-5-monophosphate,44428,39257,16150,1.699352627661485e-4,1.5135523952613413e-4,6.598772610316401e-5
inosine,3749388,1758852,2328961,0.01434125405132448,0.006781248331533742,0.009515965360554239
indole-3-acetate,1170,21418,3673,4.475201616917119e-6,8.257703136181423e-5,1.5007611020242812e-5
hypoxanthine,1068327,835848,759181,0.0040863065964070215,0.0032226093243864834,0.003101958383326697
hypotaurine,21924,15130,17767,8.385839337546233e-5,5.833366721935985e-5,7.259467056810619e-5
homoserine,13569,14464,14883,5.190086388029777e-5,5.576590632259226e-5,6.081085619773312e-5
histidine,7275895,6421530,6566124,0.02782999749446084,0.024758188635765753,0.02682870539141868
heptanoic acid,19554,31728,11936,7.479324138221996e-5,1.22327203802766e-4,4.876962840664803e-5
heptadecanoic acid,46251,48941,37193,1.7690816237951596e-4,1.8869187094399805e-4,1.519678945482959e-4
guanosine,130493,107097,113690,4.991303287148424e-4,4.129121452869651e-4,4.645290762023973e-4
glycyl-proline,56762,58079,58235,2.1711230271747822e-4,2.2392340108613355e-4,2.3794397706611493e-4
glycyl-glycine,38815,35660,28309,1.4846576988088715e-4,1.3748701738548397e-4,1.1566851630058638e-4
glycolic acid,23011,26185,19381,8.80161234246836e-5,1.0095618480759668e-4,7.918935725110971e-5
glycine,3509893,3477831,3044756,0.013425195580176134,0.013408766437486681,0.012440651701483915
glycerol-alpha-phosphate,398467,468592,167579,0.001524119797169328,0.0018066549761833622,6.847156131666948e-4
glycerol-3-galactoside,133219,73940,75468,5.095571659863946e-4,2.8507543649699055e-4,3.083567624491382e-4
glycerol,3073576,2939876,2415666,0.011756301098220213,0.011334682633852133,0.009870235688218315
glyceric acid,57266,45151,41832,2.1904008187553482e-4,1.7407953791284315e-4,1.709225113527899e-4
glutaric acid,1196,12223,5548,4.574650541737499e-6,4.7125737899685094e-5,2.266872473191046e-5
glutamine,2614573,15548045,13001525,0.010000633604399865,0.05994543839667097,0.05312328610671452
glutamate,5899497,7171659,5525163,0.02256533206273307,0.027650308626353405,0.022575414409866004
glucose-6-phosphate,66643,42277,31307,2.549067191078697e-4,1.6299883998895415e-4,1.2791812638462884e-4
glucose,8728113,9472565,7175579,0.033384671290799424,0.03652144444307703,0.029318894221895698
gluconic acid lactone,87799,48032,67370,3.3582754424248384e-4,1.8518722431462605e-4,2.752689230693597e-4
gluconic acid,948121,597006,350482,0.003626523617293227,0.0023017547476511004,0.001432043976476107
galacturonic acid,36078,32529,36090,1.3799685806421865e-4,1.2541545677320268e-4,1.474611167221789e-4
galactose,178522,142740,346060,6.828392675686136e-4,5.503336192261352e-4,0.0014139760058985101
galactinol,768,1160,1531,2.93756824084816e-6,4.472376336712322e-6,6.25555471603369e-6
fumaric acid,90917,105917,152578,3.4775376530363564e-4,4.083626590134129e-4,6.234226175460408e-4
fructose-6-phosphate,33526,21921,17599,1.2823556359723362e-4,8.45163462733369e-5,7.190823477954077e-5
fructose-1-phosphate,10979,12003,5290,4.19942209847291e-5,4.6277528594446545e-5,2.161455548518499e-5
fructose,473871,150081,167234,0.0018125369789830188,5.786368215432086e-4,6.83305968243748e-4
ethanolamine,8996564,8892181,7531621,0.034411485264528495,0.034283775763933544,0.03077365595423147
erythritol,144783,111442,91914,5.537889877795822e-4,4.296642790654263e-4,3.7555392303691745e-4
ergosterol,53834,49033,22574,2.059128237992446e-4,1.8904657665346142e-4,9.22357231611656e-5
Dopamine,340497,173406,441695,0.001302386944406349,6.685662853827042e-4,0.001804733664466689
digalacturonic acid,12557,2747,6213,4.80300057295968e-5,1.0591049824955818e-5,2.538586639498192e-5
dehydroabietic acid,1936,2184,1681,7.405119940471404e-6,8.420405102913543e-6,6.868443812967102e-6
cytidine,3381,3327,4152,1.2932185185296392e-5,1.2827237993311977e-5,1.696477020311684e-5
cystathionine,85958,85349,49899,3.2878579537347157e-4,3.2906279996729307e-4,2.038836869858688e-4
citrulline,554942,476133,180225,0.0021226302014489056,0.0018357292778688344,7.363862499654944e-4
citric acid,104191,54234,56434,3.9852626638308677e-4,2.0909901572866902e-4,2.305852219756011e-4
cholesterol,119161,69935,77588,4.557858973277443e-4,2.696341716448071e-4,3.170189283524637e-4
chenodeoxycholic acid,2058,239,1392,7.871764895397805e-6,9.21463745236418e-7,5.687610819542062e-6
cerotinic acid,4458,4677,2730,1.7051665648048305e-5,1.803215873000304e-5,1.1154581564188095e-5
cellobiose minor,2472,1917,1942,9.455297775230016e-6,7.390987446101311e-6,7.934870841631239e-6
caproic acid,20200,28968,18026,7.726416466814171e-5,1.1168603251886426e-4,7.365292574214454e-5
capric acid,8590,8287,6510,3.2856394777194914e-5,3.1950502329599145e-5,2.6599386806910074e-5
campesterol,119590,93332,78058,4.5742680458728057e-4,3.598412312569262e-4,3.1893931418952175e-4
butylamine,127859,107813,27395,4.890553876388085e-4,4.1567268102583237e-4,1.1193397873660545e-4
biphenyl,7683,6756,4926,2.9387157284422413e-5,2.604773666450728e-5,2.0127277943293244e-5
biopterin,4544,2641,3071,1.7380612091684947e-5,1.0182367159704519e-5,1.2547882777883386e-5
beta-sitosterol,206272,423324,209649,7.88981870021135e-4,0.001632124345140006,8.566105752199525e-4
beta-alanyl lysine,861841,749900,307012,0.0032965061852354414,0.0028912370818108364,0.0012544287161848043
beta-alanine,1027556,683254,917185,0.003930359207412724,0.0026342836392793455,0.0037475512424724757
Benzaldehyde-4-carboxylic acid,1982,1511,1744,7.581068038230538e-6,5.8256557282519985e-6,7.125857233679135e-6
behenic acid,49650,26062,27485,1.8990919682045722e-4,1.0048195869603149e-4,1.123017121947655e-4
azelaic acid,8106,10597,2294,3.100511479207707e-5,4.0856700034603855e-5,9.373117255768312e-6
aspartate,107969,211279,439981,4.1297696015121744e-4,8.145855172795195e-4,0.0017977303850523966
asparagine,2347398,2646536,1842550,0.008978700277904284,0.010203711190221794,0.007528525370364387
arachidic acid,79949,72267,53892,3.058016188640229e-4,2.7862519028033566e-4,2.2019879474623622e-4
arabitol,932180,1024533,706776,0.0035655499515023933,0.003950083746018004,0.0028878353624947274
arabinose,16978,18835,1853,6.494014790770842e-5,7.261828301894533e-5,7.571223310784081e-6
alpha-ketoglutarate,414629,311570,467127,0.001585938778821135,0.0012012571510598776,0.0019086469678880925
alpha-aminoadipic acid,8014,13862,3489,3.0653218596558795e-5,5.344489722371224e-5,1.425580039467116e-5
allantoin,37936,18964,13062,1.4510363123022892e-4,7.311564211156247e-5,5.3370382560961505e-5
allantoic acid,122651,66329,71002,4.691350030055569e-4,2.5573125003257893e-4,2.9010901106977404e-4
alanine,17873387,15895733,20171440,0.06836496615571402,0.061285948382669965,0.08241903763631
adipic acid,18293,16027,12004,6.996996852843151e-5,6.179204788662791e-5,4.904747146392451e-5
adenosine-5-monophosphate,23427,17546,13021,8.96073062218097e-5,6.764854758961586e-5,5.3202859541133036e-5
adenosine,7174,5790,21814,2.744025333313112e-5,2.2323326715141675e-5,8.913041840336964e-5
adenine,15231,12627,10476,5.825794515150824e-5,4.868335862385042e-5,4.2804174529829484e-5
aconitic acid,789,666,761,3.017892372433852e-6,2.5677608967675917e-6,3.1093906851088427e-6
9-myristoleate,159777,126787,64123,6.111404177317662e-4,4.888268781058148e-4,2.620019170844078e-4
6-methylcholecalciferol,3527,1527,922,1.3490629147749297e-5,5.8873436777238924e-6,3.767224982484038e-6
5-methyluridine,1726,2329,1349,6.601878624614485e-6,8.979452145002584e-6,5.511915945087817e-6
5-aminovaleric acid,12803,12510,10967,4.897094555674348e-5,4.823226549333719e-5,4.4810364840458185e-5
4-hydroxybutyric acid,906,1070,1179,3.465412534125564e-6,4.125381620932917e-6,4.817308301896617e-6
3-phosphoglycerate,32391,18790,1081,1.238942355329593e-4,7.244478566105562e-5,4.416887425233455e-6
3-hydroxypropionic acid,114191,91557,55219,4.3677585285246387e-4,3.5299772436238796e-4,2.2562082029044047e-4
3-hydroxykynurenine,32218,46966,63574,1.232325176870391e-4,1.8107726468106111e-4,2.597587429896315e-4
3-hydroxy-3-methylglutaric acid,2028,6130,3639,7.757016135989674e-6,2.3634195641419424e-5,1.4868689491604572e-5
"3-Aminopiperidine-2,6-dione",57756,65087,82473,2.2091431161253428e-4,2.5094272295482316e-4,3.369786832759285e-4
3-aminoisobutyric acid,5258,2497,9175,2.011163256559847e-5,9.627175614457471e-6,3.748838309576036e-5
"3,6-anhydro-D-galactose",36491,47791,15535,1.3957656598540392e-4,1.8425804957570565e-4,6.347488080573702e-5
"3,4-dihydroxyphenylacetic acid",24743,26357,16586,9.464095180117972e-5,1.0161933026441954e-4,6.776919041158379e-5
2-picolinic acid,2694,2229,2160,1.0304438594850186e-5,8.593902460803245e-6,8.825602995841131e-6
2-monoolein,18615,15929,11816,7.120160521274544e-5,6.141420919611256e-5,4.8279317129101296e-5
2-ketoisovaleric acid,28470,37029,42041,1.0889657267831656e-4,1.427651925621729e-4,1.7177647016118378e-4
2-ketoisocaproic acid,57883,107995,98487,2.2140008136069538e-4,4.1637438145107516e-4,4.0241072326453953e-4
2-hydroxyglutaric acid,1817296,1449818,3418192,0.00695108204924531,0.005589768720465159,0.013966484053500086
2-Deoxyinosine,7094,6169,2543,2.7134256641376104e-5,2.3784560018257165e-5,1.0390513156677775e-5
2-amino-4-oxo-4-phenylbutanoic acid,3032,4914,4247,1.1597274617515132e-5,1.8945911481555474e-5,1.7352933297841333e-5
"2,6-diaminopimelic acid",1130,1664,5925,4.32220327103961e-6,6.4155467450769854e-6,2.4209119328869768e-5
1-monopalmitin,2430,3013,1502,9.294649512058632e-6,1.1616611984926055e-5,6.137062823959897e-6
1-kestose,30305,52942,2725,1.1591537179544726e-4,2.0411771380881357e-4,1.1134151927623648e-5
588382,70951,55540,61665,2.7138464095887734e-4,2.1413429460431237e-4,2.519587077493256e-4
588380,81086,42691,122229,3.1015059684559105e-4,1.6459501568153942e-4,4.9941880952716e-4
588375,19862,15366,18269,7.597132864547677e-5,5.9243564474070285e-5,7.464580607917667e-5
588374,7132,18518,39237,2.7279605069959737e-5,7.139609052003342e-5,1.6031952997584188e-4
588356,6043,5706,2455,2.311422510344457e-5,2.199946498041423e-5,1.0030951553143508e-5
562527,29870,26583,24031,1.1425151478402936e-4,1.0249067255071005e-4,9.818891925604547e-5
554665,2063,3050,1011,7.890889688632493e-6,1.175926536807981e-5,4.130872513331196e-6
553510,15532,16530,10946,5.940925770423649e-5,6.373136279815059e-5,4.472456036688751e-5
553483,41675,36434,46366,1.59405151611129e-4,1.4047117194118682e-4,1.8944810578943049e-4
553440,20200,28968,18026,7.726416466814171e-5,1.1168603251886426e-4,7.365292574214454e-5
553439,6032,9647,10087,2.3072150558328258e-5,3.7193978034710146e-5,4.1214748805115504e-5
553386,127859,107813,131726,4.890553876388085e-4,4.1567268102583237e-4,5.382228612176707e-4
553359,27595,22960,26869,1.0554973386224607e-4,8.852220749216802e-5,1.0978478097002562e-4
553345,22323,17681,19403,8.538455187559047e-5,6.816903966328496e-5,7.927924765199327e-5
553344,105167,91075,105331,4.02259426022498e-4,3.5113937488454717e-4,4.303748097939547e-4
553268,37864,32866,33740,1.448282342076494e-4,1.2671475920895446e-4,1.3785918753688876e-4
553263,75868,277989,64789,2.9019196262587005e-4,0.001071785711608898,2.6472314467479213e-4
550987,10554,14093,11563,4.0368613559780575e-5,5.4335516994212713e-5,4.7245577518940276e-5
545358,6145713,6243709,5271884,0.023507098080947485,0.02407260033182565,0.021540534825984687
545069,6127,13427,23098,2.343552162978734e-5,5.1767756097445126e-5,9.437674907311965e-5
544748,7285399,6977680,6610168,0.027866349901441333,0.026902423204440373,0.027008665973987583
544707,838,984,1253,3.2053153461338e-6,3.7938088925214865e-6,5.119666923050434e-6
544105,41878,11848,24134,1.6018161821645735e-4,4.5679926583937576e-5,9.860976976927308e-5
544078,5885,7863,1966,2.2509881637228413e-5,3.0315771668593954e-5,8.032933097140585e-6
544032,2702,4719,2326,1.0335038264025688e-5,1.8194089597366763e-5,9.503866929780772e-6
541377,79342,92772,112882,3.0347986896533166e-4,3.576821530254099e-4,4.6122764693358264e-4
540580,4534,3643,4764,1.734236250521557e-5,1.4045574995381886e-5,1.9465357718605162e-5
539711,5741,4454,9096,2.1959087592069385e-5,1.717238293423852e-5,3.71655948380421e-5
539702,7525,8193,4851,2.8782813818206255e-5,3.158808562645177e-5,1.9820833394826538e-5
539604,8996,8301,4070,3.440932798785162e-5,3.2004479285387054e-5,1.662972416345991e-5
534660,1697,4673,1521,6.490954823853291e-6,1.8016736742635068e-005,6.2146954429047965e-6
524550,2327,1176,2280,8.900678771424048e-6,4.534064286184216e-6,9.31591427338786e-6
521677,62311,56687,31811,2.3833699824933556e-4,2.1855654948207877e-4,1.299774337503251e-4
521666,7201,10097,2289,2.754352721659844e-5,3.8928951613607166e-5,9.352687619203865e-6
520868,41912,29488,46171,1.6031166681045324e-4,1.1369089087670081e-4,1.8865134996341707e-4
520865,7430,5863,4489,2.8419442746747173e-5,2.260477798460719e-5,1.834172770756057e-5
520862,4679,6189,2904,1.789698150902154e-5,2.3861669955097032e-5,1.1865532916630854e-5
520631,65444,42161,52923,2.503205936901914e-4,1.6255160235528293e-4,2.1623953118004636e-4
519942,1060,1152,3065,4.054456165753971e-6,4.441532361976375e-6,1.252336721400605e-5
519090,84695,72607,79068,3.239548726023892e-4,2.799360592066134e-4,3.2306610077554004e-4
517908,4216,12414,9799,1.6126025655489378e-5,4.786213779650583e-5,4.003800173900335e-5
517902,8876,12073,3353,3.39503329502191e-5,4.6547413373386085e-5,1.37001142801182e-5
514161,267,203,259,1.0212639587323682e-6,7.826658589246563e-7,1.0582551740383578e-6
513579,7979,4630,4654,3.0519345043915976e-5,1.7850950378429353e-5,1.9015905714187324e-5
511804,439,673,343,1.679156846005654e-6,2.594749374661545e-6,1.4014730683210684e-6
511719,52100,51491,44664,1.992803455054546e-4,1.9852338789108116e-4,1.824938575028927e-4
509844,80490,63634,71719,3.078709214920162e-4,2.453406860434068e-4,2.9303862095311577e-4
488159,217,214,430,8.300160263854828e-7,8.250763241865835e-7,1.7569487445424474e-6
486463,11630,4779,9884,4.448426906388555e-5,1.8425419407886368e-5,4.038530556059895e-5
476084,1594,1502,1596,6.0969840832187075e-6,5.790956256674058e-6,6.521139991371502e-6
474821,9293,5414,9127,3.5545340705992125e-5,2.0873659902552163e-5,3.729225858474167e-5
474672,138868,651057,72171,5.311643573829457e-4,0.0025101482074576845,2.948854600985418e-4
474251,11802,12860,6568,4.514216195115883e-5,4.9581689388034877e-5,2.683637059105766e-5
474221,62045,49920,42479,2.3731955924925012e-4,1.9246640235230956e-4,1.7356610632422934e-4
474043,24510,28144,32902,9.374973643644324e-5,1.0850910312106171e-4,1.3443518044868746e-4
425777,1451,1331,1082,5.550014996706615e-6,5.13166629669319e-6,4.420973352546344e-6
425770,30321,20094,2959,1.1597657113379826e-4,7.747235354301499e-5,1.2090258918839771e-5
425127,2883,3373,2532,1.1027355779121414e-5,1.3004590848043673e-5,1.0345567956235992e-5
422265,96583,79208,204788,3.694259809971847e-4,3.053861938606117e-4,8.36748882551997e-4
421543,5564,4258,5700,2.128206991156141e-5,1.6416705553207814e-5,2.328978568346965e-5
417901,24065,23033,23455,9.204762983855595e-5,8.880365876163354e-5,9.583542512382116e-5
417820,3640,2764,3877,1.3922849474853259e-5,1.0656593271269704e-5,1.5841140192072252e-5
417688,6756,6062,3880,2.584142061871116e-5,2.3372021856163874e-5,1.585339797401092e-5
412153,1834,1269,3034,7.014974158483758e-6,4.8926254924896e-6,1.2396703467306477e-5
407336,242858,328881,27168,9.28921807077998e-4,0.001267999656891625,1.1100647323657955e-4
406926,7375,8552,5483,2.82090700211656e-5,3.297220899272739e-5,2.240313945657265e-5
406851,198034,178541,235388,7.574718606876621e-4,6.883642616663402e-4,9.61778258326413e-4
406846,123051,102279,134713,4.7066498646433196e-4,3.9433636150224097e-4,5.504275261012714e-4
405282,7756,8217,7976,2.9666379265648865e-5,3.168061755065961e-5,3.2589356247605955e-5
404192,31628,10717,14880,1.2097579208534584e-4,4.131935965564306e-5,6.079859841579446e-5
404164,61005,42270,34073,2.333416022564349e-4,1.629718515110602e-4,1.3921980133208096e-4
404049,39277,28043,22537,1.5023290077577237e-4,1.0811969794002038e-4,9.208454385058869e-5
400553,1906,3760,1176,7.290371181063273e-6,1.4496668125895112e-5,4.805050519957949e-6
400202,9435,8884,9231,3.608848483385728e-5,3.425223394426919e-5,3.771719502528216e-5
396760,1896,1429,1544,7.252121594593895e-6,5.509504987208541e-6,6.308671771101253e-6
396036,107375,81494,139621,4.1070493471493644e-4,3.1419985964140854e-4,5.704812573529327e-4
391901,121246,104150,213191,4.637609361066094e-4,4.015499960936106e-4,8.710829297622067e-4
391335,5428,2484,2696,2.0761875535577882e-5,9.577054155511557e-6,1.1015660035549855e-5
390198,6275,9982,2830,2.400161550953412e-5,3.8485569476777924e-5,1.1563174295477037e-5
390194,4267242,4097093,3806501,0.01632202418647576,0.015796329122853187,0.01555308640244086
390145,28467,34646,24183,1.0888509780237575e-4,1.3357754358770267e-4,9.880998020760465e-5
390130,38770,14952,33088,1.4829364674177496e-4,5.7647388781485025e-5,1.3519516292888488e-4
389549,5516,4395,3992,2.10984718965084e-5,1.6944908620560907e-5,1.6311021833054533e-5
385008,37436,33645,36090,1.4319115190676004e-4,1.297181912488673e-4,1.474611167221789e-4
384914,8617,8863,6511,3.2959668660662234e-5,3.4171268510587336e-5,2.6603472734222965e-5
383524,32880,27958,45099,1.2576464031131186e-4,1.0779198070845094e-4,1.842712358839996e-4
382948,4353,5430,5670,1.6650044990119846e-5,2.0935347852024056e-5,2.3167207864082968e-5
382947,1682,2327,1356,6.4335804441492255e-6,8.971741151318597e-6,5.5405174362780435e-6
382905,56893,68662,27916,2.1761337230022704e-4,2.647261241649495e-4,1.1406274686662084e-4
382622,9137,6314,936,3.494864715706984e-5,2.4343607060346206e-5,3.82442796486449e-6
382616,52672,44940,100875,2.01468221851503e-4,1.7326602807918252e-4,4.1216791768771945e-4
382613,46316,26643,41393,1.7715678469156691e-4,1.0272200236122964e-4,1.6912878926243145e-4
382601,954,959,1540,3.6490105491785738e-6,3.697421471471652e-6,6.292328061849695e-6
381736,224989,179151,153104,8.605736210158681e-4,6.907161147399561e-4,6.255718153126206e-4
381214,47148,4818,33157,1.803391502858191e-4,1.857578378472411e-5,1.3547709191347426e-4
380652,3927,3105,5366,1.502061260652438e-5,1.1971317694389446e-5,2.1925085960964588e-5
380602,4089,3929,2269,1.564025590732829e-5,1.5148247092191993e-5,9.270969072946076e-6
380297,16754,75426,2899,6.408335717079437e-5,2.9080470480419274e-4,1.1845103280066407e-5
380205,11972,9170,4491,4.5792404921138243e-5,3.53549060410793e-5,1.834989956218635e-5
379924,108336,123683,65704,4.143807199746436e-4,4.768594159082673e-4,2.68461768166086e-4
379876,2528,4222,2463,9.669495459458527e-6,1.6277907666896054e-5,1.0063638971646622e-5
379063,3227,6485,2656,1.2343141553667984e-5,2.5002897020327072e-5,1.0852222943034279e-5
378996,143294,252543,15849,5.48093624354292e-4,9.736787389675344e-4,6.47578619819843e-5
377666,1308,1168,809,5.003045910194523e-6,4.5032203114482685e-6,3.305515196127535e-6
377276,2302,7330,1440,8.805054805250605e-6,2.826079185181148e-5,5.883735330560754e-6
377232,79290,66052,66931,3.032809711156909e-4,2.546632774073468e-4,2.7347520097900126e-4
377204,23473,34133,15984,8.978325431956883e-5,1.3159967370776006e-4,6.530946216922437e-5
376958,18306,16722,11983,7.00196929908417e-5,6.447161819181332e-5,4.8961666990353825e-5
374861,138868,651035,72171,5.311643573829457e-4,0.0025100633865271604,2.948854600985418e-4
371572,4231,10744,407,1.6183400035193445e-5,4.1423458070376884e-5,1.6629724163459908e-6
371569,637,1249,264,2.4364986580993204e-6,4.815515555649732e-6,1.0786848106028049e-6
371565,24213,68003,35383,9.261372371830274e-5,2.6218535174607585e-4,1.4457236611196609e-4
371564,6378,5506,6793,2.4395586250168703e-5,2.1228365612015554e-5,2.775570423645778e-5
371554,30938,26583,24025,1.1833657061895882e-4,1.0249067255071005e-4,9.816440369216813e-5
371553,6378,5506,6793,2.4395586250168703e-5,2.1228365612015554e-5,2.775570423645778e-5
371547,201570,118790,136935,7.709969144632339e-4,4.579944698603937e-4,5.595064565905117e-4
371541,4165,5261,1281,1.5930952764495556e-5,2.0283768885727177e-5,5.234072887811337e-6
371280,5293,4376,4095,2.024550611824129e-5,1.6871654180563034e-5,1.6731872346282144e-5
371271,7786,17945,1989,2.9781128025056998e-5,6.918689082957121e-5,8.126909425337042e-6
370221,132445,252544,19656,5.065966479936648e-4,9.736825944643763e-4,8.031298726215428e-5
370173,27041,10842,12710,1.0343070677184258e-4,4.1801296760892236e-5,5.193213614682443e-5
370157,3314,2921,2087,1.2675912955951567e-5,1.1261906275462664e-5,8.527330302000203e-6
367427,4487,7589,6385,1.7162589448809498e-5,2.9259365533887768e-5,2.60886458927989e-5
367202,896,2761,561,3.4271629476561866e-6,1.0645026780743724e-5,2.2922052225309604e-6
366123,3906,4506,1273,1.4940288474938689e-5,1.7372868770022172e-5,5.201385469308222e-6
361344,4349,8380,1753,1.6634745155532093e-5,3.230906353590453e-5,7.16263057949514e-6
360157,10693,11739,9159,4.0900282811704914e-5,4.5259677428160295e-5,3.742300825875413e-5
360148,33637,34751,23279,1.286601340070437e-4,1.3398237075611197e-4,9.511630191675263e-5
360106,2733,1725,2586,1.0453611982080758e-5,6.650732052438581e-6,1.0566208031132021e-005
359906,23045,26261,11164,8.814617201867949e-5,1.0124920256758817e-4,4.56152925210974e-5
357445,97785,2233,90258,3.740235812908038e-4,8.609324448171219e-6,3.6878762740677256e-4
356187,6328,5421,3673,2.420433831782182e-5,2.0900648380446118e-5,1.5007611020242812e-5
355602,5428,15,2696,2.0761875535577882e-5,5.783245262990071e-8,1.1015660035549855e-5
354270,13106,7129,9223,5.012990802676561e-5,2.7485836986570813e-5,3.768450760677905e-5
354256,110953,141527,29358,4.243906367536796e-4,5.456569015567971e-4,1.1995465405180737e-4
354254,6224,8055,4970,2.38065426185403e-5,3.105602706225668e-5,2.0307058745060378e-5
354252,144433,123015,146271,5.52450252253154e-4,4.742839440178157e-4,5.976526739836473e-4
354246,157210,220398,140893,6.013217488850771e-4,8.497437929816571e-4,5.75678556894928e-4
353481,508191,378222,307747,0.001943809559745921,0.0014582337265724205,0.001257431872759778
351741,3952,2234,1409,1.5116236572697823e-5,8.613179945013212e-6,5.757071583861182e-6
351285,30549,30479,41430,1.1684866170530005e-4,1.1751168824711625e-4,1.6927996857300835e-4
351222,7249,9647,10421,2.772712523165145e-5,3.7193978034710146e-5,4.257944852762057e-5
350330,1166,960,718,4.459901782329368e-6,3.7012769683136456e-6,2.933695810654598e-6
350308,4254,3828,2869,1.627137408407301e-5,1.4758841911150662e-5,1.1722525460679724e-5
348293,3314,44,2361,1.2675912955951567e-5,1.6964186104770876e-7,9.646874385731902e-6
347607,261931,51174,243569,0.0010018752433510409,1.9730119539216926e-4,9.952052296731612e-4
346922,2398,2636,1978,9.172250835356625e-6,1.0163089675494551e-5,8.081964224895258e-6
346416,7442,7742,4810,2.8465342250510426e-5,2.9849256550712754e-5,1.9653310374998075e-5
346408,3234,2703,1743,1.236991626419655e-5,1.0421407963908107e-5,7.121771306366246e-6
346346,4608,3291,2516,1.762540944508896e-5,1.2688440107000215e-5,1.0280193119229761e-5
346256,13283,28464,14875,5.080692570727358e-5,1.0974286211049959e-4,6.0778168779230006e-5
346225,11644,12006,16460,4.4537818484942674e-5,4.6289095084972526e-5,6.725436357015973e-5
344676,27600,22960,16602,1.0556885865548076e-4,8.852220749216802e-5,6.783456524859003e-5
342924,77533,73460,43316,2.9656051877302136e-4,2.8322479801283376e-4,1.769860274851178e-4
342840,26424,21658,20268,1.0107070728668201e-4,8.350235060389264e-5,8.28135747776426e-5
342183,3268,2233,2124,1.249996485819243e-5,8.609324448171219e-6,8.678509612577112e-6
341344,39612,30890,22293,1.515142619224965e-4,1.1909629744917553e-4,9.108757758624368e-5
328993,6328,5421,3673,2.420433831782182e-5,2.0900648380446118e-5,1.5007611020242812e-5
328824,146,228,121,5.584439624529055e-7,8.790532799744908e-7,4.943972048596189e-7
324432,5269,3096,2955,2.0153707110714784e-5,1.1936618222811506e-5,1.2073915209588214e-5
323841,10185,8427,5396,3.895720381906056e-5,3.249027188747822e-5,2.204766378035127e-5
321802,7778,4934,31755,2.9750528355881495e-5,1.902302141839534e-5,1.297486218208033e-4
320847,188754,89737,197322,7.219762444440803e-4,3.4598072010996e-4,8.062433492339647e-4
320842,3112,4330,7311,1.190327130927015e-5,1.6694301325831338e-5,2.9872214584534493e-5
250667,4651,3604,1771,1.7789882666907283e-5,1.3895210618544144e-5,7.2361772711271495e-6
250558,2908,1963,2057,1.1122979745294857e-5,7.568340300833006e-6,8.404752482613522e-6
242849,3625,2778,3302,1.3865475095149193e-5,1.0710570227057612e-5,1.349173198716084e-5
241382,4967,5318,4551,1.89985695993396e-5,2.0503532205720798e-5,1.8595055200959716e-5
237707,11442,11153,23719,4.376517683826126e-5,4.3000356278752175e-5,9.691410993442398e-5
234465,164894,141527,188823,6.307127311281465e-4,5.456569015567971e-4,7.715170530017175e-4
232320,16003,19435,18177,6.121081322694415e-5,7.493158112414135e-5,7.426990076639084e-5
230854,50254,53582,30008,1.922194718432076e-4,2.0658523178768932e-4,1.2261050680518549e-4
228851,83664,75169,38847,3.2001134023739645e-4,2.898138421158004e-4,1.58726018323815e-4
228833,10185,8427,5396,3.895720381906056e-5,3.249027188747822e-5,2.204766378035127e-5
228307,2901,2599,2118,1.1096205034766292e-5,1.0020436292340796e-5,8.653994048699775e-6
227159,19600,24198,13847,7.496918947997909e-5,9.329531258255582e-5,5.6577835501579696e-5
224423,2552,2879,1796,9.761294466985032e-6,1.1099975408098943e-5,7.338325453949385e-6
224377,23284,24717,36113,8.90603371352976e-5,9.52963154435504e-5,1.4755509305037535e-4
223738,4983,7803,1581,1.90597689376906e-5,3.008444185807435e-5,6.459851081678161e-6
223237,2086,2265,1859,7.97886373751206e-6,8.732700347115007e-6,7.595738874661418e-6
223227,15792,155464,9641,6.0403746952440294e-5,5.993909610436589e-4,3.9392425223566826e-5
223171,4759,3454,1350,1.8202978200776554e-5,1.3316886092245137e-5,5.516001872400707e-6
223160,10980,4742,7419,4.1998045943376036e-5,1.828276602473261e-5,3.031349473432655e-5
223108,8026,8838,9122,3.069911810032205e-5,3.40748810895375e-5,3.727182894817722e-5
222288,7690,5597,7654,2.941393199495098e-5,2.157921582463695e-5,3.127368765285556e-5
219979,12702,7130,9231,4.8584624733402774e-5,2.7489692483412803e-5,3.771719502528216e-5
219417,13796,14592,15594,5.2769129493152626e-5,5.625940991836741e-5,6.37159505171975e-5
215929,2095,1133,1026,8.0132883653345e-6,4.3682779219785e-6,4.1921614230245375e-6
215683,13464,13847,9421,5.1499243222369304e-5,5.338706477108234e-5,3.849352121473116e-5
215676,7761,6079,5165,2.9685504058883555e-5,2.343756530247776e-5,2.1103814571073815e-5
215644,21498,11951,14732,8.222896099186685e-5,4.6077042758662895e-5,6.019388117348682e-5
214058,5097,4921,2241,1.94958142234415e-5,1.8972899959449425e-5,9.156563108185173e-6
212017,8260,9226,7562,3.159415842370547e-5,3.557081386423093e-5,3.0897782340069734e-5
211126,6685,7946,3106,2.5569848554778583e-5,3.0635777906479406e-5,1.2690890233834514e-5
210861,8424,9783,7985,3.2221451641803257e-5,3.7718325605221246e-5,3.262612959342196e-5
210845,2740,2574,2468,1.048038669260932e-5,9.924048871290963e-6,1.0084068608211069e-5
210842,3696,5121,3216,1.413704715908177e-5,1.9743999327848104e-5,1.314034223825235e-5
210393,9707,14578,6057,3.712887358582433e-5,5.6205432962579507e-5,2.474846173417117e-5
210312,146995,100678,107109,5.622497963066085e-4,3.8816371105820956e-4,4.3763958855627205e-4
210297,42215,143840,25393,1.6147062928047537e-4,5.545746657523279e-4,1.0375395225620085e-4
210259,144992,472318,67717,5.545884041367922e-4,0.0018210205574166296,2.7668673984693236e-4
210228,40288,43250,30005,1.540999339678264e-4,1.667502384162137e-4,1.2259824902324681e-4
209687,628520,505047,663477,0.0024040630087732886,0.001947207113558231,0.0027109187957739286
209676,260178,237318,191723,9.95170090842959e-4,9.149787995481851e-4,7.833662422090968e-4
209172,6203871,5974790,6709562,0.02372955002593609,0.02303578397657363,0.027414782633324912
208244,4110,11677,13622,1.5720580038913983e-5,4.502063662395671e-5,5.5658501856179573e-5
205795,157,2637,443,6.005185075692202e-7,1.0166945172336545e-5,1.8100657996100096e-6
199152,9939,8637,4856,3.8016263991913883e-5,3.329992622429683e-5,1.9841263031390985e-5
190197,27757,14746,24069,1.0616937716304997e-4,5.685315643203439e-5,9.834418449393527e-5
190007,3677,17248,1168,1.4064372944789954e-5,6.649960953070183e-5,4.772363101454834e-6
189939,2979,3151,680,1.1394551809227433e-5,1.2148670549121142e-5,2.7784305727648003e-6
189234,3756,3030,2465,1.4366544677898033e-5,1.1682155431239944e-5,1.0071810826272402e-5
188923,12304,8664,7646,4.7062291191921566e-5,3.340402463903065e-5,3.124100023435245e-5
187931,15201,20306,7078,5.814319639210011e-5,7.82897188735176e-5,2.892019352063126e-5
187846,3687,6629,2778,1.4102622531259332e-5,2.555808856557412e-5,1.1350706075206788e-5
187839,1124,951,754,4.2992535191579845e-6,3.666577496735705e-6,3.080789193918617e-6
187836,2073,1863,1144,7.92913927510187e-6,7.182790616633669e-6,4.674300845945488e-6
183432,2009,1874,951,7.684341921697857e-6,7.225201081895596e-6,3.885716874557831e-6
170841,96081,128080,79711,3.6750585175642197e-4,4.938120355225122e-4,3.2569335203772796e-4
170728,39756,28278,24004,1.5206505596765553e-4,1.0902573969788882e-4,9.807859921859745e-5
170630,59290,31833,32460,2.2678179817693675e-4,1.227320309711753e-4,1.3262920057639032e-4
170487,29459,31803,18032,1.1267945678013795e-4,1.226163660659155e-4,7.367744130602188e-5
170319,63604,68662,28869,2.4328266977982602e-4,2.647261241649495e-4,1.1795663559580444e-4
170278,7553,2081,2313,2.888991266032051e-5,8.023288928188225e-6,9.450749874713211e-6
170275,7741,13281,5443,2.9609004885944802e-5,5.120485355851409e-5,2.223970236405707e-5
170242,3758,2856,7286,1.437419459519191e-5,1.1011298980733095e-5,2.977006640171226e-5
169614,528,130,549,2.01957816558311e-6,5.012145894591394e-7,2.2431740947762873e-6
169611,2403,2305,3890,9.191375628591314e-6,8.886920220794743e-6,1.5894257247139813e-5
169610,3604,1641,3866,1.3785150963563501e-5,6.326870317711138e-6,1.5796194991630467e-5
168880,5320,5363,2783,2.034878000170861e-5,2.06770295636105e-5,1.1371135711771234e-5
163829,2834,3135,4155,1.0839932805421466e-5,1.2086982599649249e-5,1.697702798505551e-5
163410,9680,11640,10259,3.702559970235702e-5,4.487798324080295e-5,4.191752830293248e-5
161401,42655,36602,4412,1.6315361108512795e-4,1.411188954106417e-4,1.8027111304468086e-5
161388,3318,2966,1165,1.2691212790539317e-5,1.1435403633352366e-5,4.760105319516166e-6
160575,12728,7628,7700,4.8684073658223154e-5,2.940972991072551e-5,3.1461640309248476e-5
146435,276,130,172,1.0556885865548074e-6,5.012145894591394e-7,7.02779497816979e-7
146430,9812,9277,14711,3.75304942437528e-5,3.5767444203172595e-5,6.010807669991615e-5
146264,1498,5617,1843,5.729788053112687e-6,2.165632576147682e-5,7.5303640376551866e-6
138111,1701,1862,1255,6.506254658441042e-6,7.178935119791675e-6,5.1278387776762125e-6
135765,13049,36562,9524,4.9911885383890156e-5,1.40964675536962e-4,3.8914371727958765e-5
135325,16402,17535,7506,6.273697172707229e-5,6.760613712435393e-5,3.066897041054793e-5
135323,2824,2733,4714,1.0801683218952088e-5,1.053707286916791e-5,1.926106135296069e-5
135260,22478,33383,15984,8.597742046586581e-5,1.2870805107626502e-4,6.530946216922437e-5
135163,535,561,508,2.046352876111674e-6,2.1629337283582865e-6,2.0756510749478215e-6
134328,74840,51397,41908,2.862599051368181e-4,1.981609711879338e-4,1.712330418285695e-4
133924,32539,1301,21612,1.244603294127061e-4,5.016001391433388e-6,8.830506108616598e-5
133605,16392,18618,14271,6.269872214060292e-5,7.178164020423276e-5,5.8310268682244804e-5
133467,35265,34171,23892,1.3488716668425829e-4,1.317461825877558e-4,9.762097535955384e-5
132335,79235,40989,67689,3.0307059839010934e-4,1.5803296005646668e-4,2.765723338821714e-4
132248,2066,2065,1426,7.902364564573306e-6,7.961600978716332e-6,5.826532348180302e-6
131989,2176,1521,3111,8.323110015736453e-6,5.864210696671932e-6,1.2711319870398963e-5
131524,22632,85818,14289,8.656646409749422e-5,3.3087102798618796e-4,5.8383815373876815e-5
131446,730753,912883,636164,0.002795100006125671,0.003519617523609443,0.0025993198630769802
131427,1176,8811,685,4.4981513687987455e-6,3.397078267480368e-5,2.7988602093292476e-6
131421,1032466,906004,568361,0.003949139754369188,0.003493095560833371,0.0023222817334811394
130738,9297,9271,12471,3.556064054057988e-5,3.5744311222120634e-5,5.095559951904386e-5
130659,4505,4375,7997,1.7231438704454378e-5,1.686779868372104e-5,3.267516072117663e-5
130582,20883,23274,37855,7.987661142400017e-5,8.973283350055394e-5,1.546727784294287e-4
130549,6185,7479,1411,2.3657369231309726e-5,2.8835260881268493e-5,5.765243438486961e-6
130548,22074,20223,40590,8.443213717250298e-5,7.796971263563214e-5,1.6584778963018126e-4
130530,104670,35378,43890,4.0035842157496994e-4,1.3639976727604182e-4,1.7933134976271632e-4
130528,16107,31027,3612,6.160860892622567e-5,1.1962450051652862e-4,1.4758369454156557e-5
130463,25011,65672,41069,9.566604071855902e-5,2.531981886073893e-4,1.6780494881305527e-4
128059,4551,3061,2499,1.740738680221351e-5,1.1801675833341738e-5,1.0210732354910641e-5
127630,439,645,455,1.679156846005654e-6,2.4867954630857305e-6,1.8590969273646827e-6
125960,30991,452718,15678,1.1853929342724653e-4,0.0017454528193135593,6.40591684114802e-5
125942,8336,7525,6325,3.188485528087274e-5,2.901261373600019e-5,2.5843490254025533e-5
125898,1659,6695,84,6.345606395269658e-6,2.5812551357145683e-5,3.4321789428271065e-7
125897,42215,143840,25393,1.6147062928047537e-4,5.545746657523279e-4,1.0375395225620085e-4
125868,12112,11677,13622,4.632789913170952e-5,4.502063662395671e-5,5.5658501856179573e-5
125802,34191,16378,10666,1.3077916109744718e-4,6.314532727816759e-5,4.358050071927847e-5
124996,22287,20307,25957,8.524685336430071e-5,7.829357437035959e-5,1.0605841526067047e-4
121191,4961,21273,1628,1.8975619847457972e-5,8.201798431972519e-5,6.651889665383963e-6
118967,755,966,683,2.8878437784379697e-6,3.724409949365606e-6,2.7906883547034686e-6
118602,30908,26945,18024,1.1822182185955069e-4,1.0388636240751165e-4,7.364475388751877e-5
118128,3282,2930,3166,1.2553514279249559e-5,1.1296605747040606e-5,1.293604587260788e-5
118125,10784,11119,9770,4.1248354048576246e-5,4.28692693861244e-5,3.9919509846929556e-5
118060,29803,30680,6214,1.1399524255468453e-4,1.1828664311235692e-4,2.5389952322294808e-5
117962,98141,104496,47643,3.753852665691136e-4,4.028839980009403e-4,1.9466583496799026e-4
117769,65983,60039,46526,2.5238224640089084e-4,2.314801748964406e-4,1.901018541594928e-4
117750,58215,42707,31910,2.226699676314787e-4,1.6465670363101132e-4,1.3038194055430116e-4
117745,19488,10729,10438,7.454079411152207e-5,4.136562561774698e-5,4.2648909291939686e-5
117300,2038,2616,2130,7.79526572245905e-6,1.0085979738654684e-5,8.703025176454449e-6
117249,58714,75735,28492,2.2457862199630062e-4,2.9199605332836867e-4,1.1641624099884514e-4
117245,51619,46088,8546,1.9744054039627757e-4,1.7769213845379093e-4,3.491833481595292e-5
117242,7437,18859,9827,2.844621745727574e-5,7.271081494315316e-5,4.0152407703764254e-5
117235,70100,112744,28986,2.681296011503334e-4,4.346841359537017e-4,1.1843468909141251e-4
117213,48951,31501,43609,1.8723555072624776e-4,1.2145200601963348e-4,1.7818320418779438e-4
117212,43324,43296,26483,1.6571250841992927e-4,1.669275912709454e-4,1.082076130272503e-4
117201,48548,32469,40089,1.8569409239153187e-4,1.2518412696268307e-4,1.6380074004642366e-4
117200,36329,24162,16007,1.389569226846e-4,9.315651469624407e-5,6.540343849742083e-5
117199,1165731,1218872,461013,0.004458872868453342,0.004699357146794156,0.0018836656082970866
117196,10256,19305,2837,3.922877588299314e-5,7.443036653468221e-5,1.1591775786667264e-5
117195,8117085,9500399,5798119,0.031047514458678368,0.03662875834217707,0.023690692785483046
117192,81274,72411,68997,3.108696890712153e-4,2.791803818255827e-4,2.819167268074308e-4
117191,2736,3776,1596,1.0465086858021571e-5,1.4558356075367005e-5,6.521139991371502e-6
117190,73363,120010,10544,2.806104412152911e-4,4.626981760076256e-4,4.3082017587105964e-5
117182,1873146,761318,796766,0.007164705989676781,0.0029352591447527167,0.0032555279613816455
116942,49847,44009,45138,1.9066271367390396e-4,1.696765605192867e-4,1.844305870492023e-4
115895,7117,5734,11028,2.722223069025567e-5,2.2107418891990045e-5,4.505960640654444e-5
114282,3002,2123,2335,1.1482525858107e-5,8.185219795551948e-6,9.540640275596778e-6
113559,31392,26706,5862,1.2007310184466855e-4,1.0296489866227522e-4,2.3951705908157735e-5
113534,7480,6355,6613,2.861069067909406e-5,2.4501682430867934e-5,2.7020237320137685e-5
112543,3016,2923,1590,1.1536075279164129e-5,1.1269617269146651e-5,6.496624427494165e-6
112530,2549,2714,3546,9.749819591044218e-6,1.0463818429170035e-5,1.4488698251505856e-5
111776,53275,53938,63250,2.0377467191560642e-4,2.0795778866343896e-4,2.5843490254025535e-4
111772,3456,7605,2214,1.321905708381672e-5,2.932105348335966e-5,9.046243070737159e-6
111739,8289,7041,8713,3.1705082224466665e-5,2.7146553264475392e-5,3.560068467720545e-5
111732,56762,61907,63452,2.1711230271747822e-4,2.3868224299728423e-4,2.59260259857459e-4
110962,10485,17377,1861,4.0104691413141876e-5,6.699696862331897e-5,7.603910729287196e-6
110647,53362,77088,24706,2.0410744331789e-4,2.9721254055558574e-4,1.0094692019224583e-4
110628,63367,52188,56587,2.4237615458050179e-4,2.0121066918995056e-4,2.3121036885447317e-4
110612,43158,34140,27672,1.6507756528453762e-4,1.3162666218565402e-4,1.1306578060227581e-4
110605,311138,1454372,105074,0.0011900899834909047,0.005607326653083597,4.293247264745421e-4
110346,24203,15376,23042,9.257547413183336e-5,5.928211944249022e-5,9.414793714359784e-5
110328,13856,13191,13388,5.2998627011968885e-5,5.085785884273469e-5,5.470239486496345e-5
110321,41619,24000,30120,1.591909539269005e-4,9.253192420784114e-5,1.230681306642291e-4
110283,15607,66351,10833,5.9696129602756816e-5,2.558160709631028e-4,4.426285058053101e-5
110182,3522,3510,2028,1.3471504354514609e-5,1.3532793915396766e-5,8.286260590539729e-6
110123,3567,20778,4993,1.3643627493626807e-5,8.010951338293847e-5,2.0401035073256836e-5
110031,18126,11951,15213,6.933120043439291e-5,4.6077042758662895e-5,6.215921221098663e-5
110021,27641,19396,17814,1.057256819600052e-4,7.478121674730362e-5,7.2786709151812e-5
109714,6075,12123,5863,2.3236623780146577e-5,4.6740188215485755e-5,2.3955791835470626e-5
109387,134573,115579,41015,5.147361599943483e-4,4.4561446950075294e-4,1.6758430873815925e-4
109386,7480,9489,5745,2.861069067909406e-5,3.658480953367519e-5,2.3473652412549674e-5
108314,4052596,3475806,4675823,0.015501012112745169,0.013400959056381645,0.01910507290593651
107960,26528,26239,13310,1.0146850298596353e-4,1.0116438163706431e-4,5.438369253455808e-5
107143,131586,32190,120237,5.033110085159453e-4,1.2410844334376692e-4,4.912796423198843e-4
106940,451966,198928,251649,0.0017287512598218484,7.669662757840592e-4,0.0010282195223613078
106931,4423,4935,3471,1.6917792095405486e-5,1.9026876915237335e-5,1.418225370303915e-5
106902,549,623,567,2.099902297168802e-6,2.4019745325618763e-6,2.316720786408297e-6
106482,40531,36270,31089,1.5502939891903227e-4,1.398388704590999e-4,1.2702739423041894e-4
106427,147721,579341,176115,5.650267162842852e-4,0.0022336473959372874,7.195930887095188e-4
105769,1186,1327,556,4.536400955268122e-6,5.1162443093252165e-6,2.271775585966513e-6
105406,20424,17494,27711,7.812095540505576e-5,6.74480617538322e-5,1.1322513176747851e-4
105370,62620,68342,69937,2.3951891047123931e-4,2.634923651755116e-4,2.857574984815468e-4
105085,1044,1247,703,3.993256827402968e-6,4.807804561965745e-6,2.872406900961257e-6
105081,2560,7085,2057,9.791894136160533e-6,2.73161951255231e-5,8.404752482613522e-6
104990,6191,4917,5561,2.3680318983191352e-5,1.8957477972081454e-5,2.2721841786978022e-5
104933,32160,23793,23632,1.230106700855167e-4,9.173383636154851e-5,9.655863425820259e-5
104931,4208,2332,4489,1.609542598631388e-5,8.991018635528565e-6,1.834172770756057e-5
104924,67841,59641,34304,2.5948901956690106e-4,2.2994568715332722e-4,1.401636505413584e-4
104918,114718,88858,84745,4.3879160605940005e-4,3.425917383858478e-4,3.4626191013081327e-4
104417,29080,25549,17525,1.1122979745294857e-4,9.850408881608889e-5,7.160587615838695e-5
104390,169,163,180,6.464180113324727e-7,6.284459852449211e-7,7.354669163200942e-7
104378,62870,61091,43406,2.4047515013297374e-4,2.3553615757421762e-4,1.7735376094327784e-4
104312,297779,5774,266068,0.001138992360926464,2.226163876566978e-5,0.0010871345082858602
104238,1175,951,1064,4.494326410151807e-6,3.666577496735705e-6,4.347426660914335e-6
104135,16010,9567,15931,6.123758793747271e-5,3.688553828735067e-5,6.509290802164123e-5
104131,13735,16153,6332,5.253580701568943e-5,6.227784048871908e-5,2.587209174521576e-5
103821,47311,54412,38770,1.8096261854526991e-4,2.0978529416654384e-4,1.5841140192072252e-4
102904,221721,53709,61644,8.480736561576757e-4,2.0707487988662248e-4,2.518729032757549e-4
100922,6801,8227,10978,2.6013543757823354e-5,3.171917251907954e-5,4.4855310040899966e-5
100908,1416,1937,1303,5.416141444063795e-6,7.468097382941179e-6,5.323963288694904e-6
100877,874,6109,970,3.3430138574235573e-6,2.3553230207737563e-5,3.96334949350273e-6
100869,16763,22707,10383,6.411778179861681e-5,8.75467667911437e-5,4.242418328973077e-5
100865,20171,11155,19324,7.715324086738052e-5,4.300806727243616e-5,7.8956459394275e-5
100727,29208,23701,19686,1.1171939215975659e-4,9.137913065208512e-5,8.043556508154097e-5
100468,11876,99,4966,4.5425208891032225e-5,3.816941873573447e-7,2.0290715035808822e-5
100114,37280,172956,8885,1.4259445835783778e-4,6.668313118038072e-4,3.630346417502243e-5
100017,295309,311195,136652,0.0011295447130685277,0.00119981133974413,5.58350139160964e-4
99877,4223,5475,4509,1.615280036601794e-5,2.1108845209913758e-5,1.842344625381836e-5
98053,204228,360183,84604,7.811636545467943e-4,0.0013886844190397019,3.4568579437969585e-4
98027,39224,39924,29021,1.500301779674847e-4,1.5392685591974372e-4,1.1857769654736364e-4
97891,27514,48241,20144,1.0523991221184411e-4,1.8599302315460269e-4,8.230691979084433e-5
97693,32163,23473,18685,1.2302214496145753e-4,9.050007737211062e-5,7.634555184133867e-5
95422,83313,66464,35641,3.186687797523213e-4,2.5625174210624807e-4,1.4562653535869156e-4
95404,20543,7671,12867,7.857612548404134e-5,2.9575516274931223e-5,5.257362673494807e-5
94586,4394,3627,2902,1.6806868294644293e-5,1.3983887045909992e-5,1.1857361062005074e-5
94582,72862,48986,50679,2.786941369331753e-4,1.8886536830188774e-4,2.0707071028992254e-4
92552,53099,27896,3268,2.0310147919374539e-4,1.0755293990424734e-4,1.33528104585226e-5
91648,2657,2340,2265,1.0162915124913492e-5,9.021862610264511e-6,9.254625363694519e-6
91401,352,462,631,1.3463854437220733e-6,1.7812395410009419e-6,2.5782201344332194e-6
90822,12867,8997,8811,4.921574291014749e-5,3.468790508741445e-5,3.6001105553868614e-5
87950,1936,2184,1681,7.405119940471404e-6,8.420405102913543e-6,6.868443812967102e-6
87877,19588,6880,18421,7.492328997621584e-5,2.6525818272914458e-5,7.526686703073587e-5
85106,11459,11572,7366,4.3830201135259204e-5,4.46158094555474e-5,3.009694058674341e-5
84390,53200,25449,22415,2.0348780001708608e-4,9.811853913188955e-5,9.158606071841618e-5
84223,50333,40161,63974,1.925216435763157e-4,1.5484060867129617e-4,2.613931139147873e-4
84216,1433,2319,4531,5.481165741061736e-6,8.94089717658265e-6,1.851333665470193e-5
84185,1159,1070,1613,4.433127071800804e-6,4.125381620932917e-6,6.590600755690622e-6
84181,2284,2895,1589,8.736205549605727e-6,1.1161663357570838e-5,6.4925385001812765e-6
84086,536,861,1070,2.0501778347586117e-6,3.3195827809563008e-6,4.371942224791671e-6
68541,1393,1274,681,5.328167395184228e-6,4.911902976699567e-6,2.7825165000776896e-6
68263,7566,7192,4724,2.89396371227307e-5,2.7728733287616395e-5,1.9301920626089584e-5
68235,913,1066,1272,3.4921872446541276e-6,4.109959633564944e-6,5.1972995419953324e-6
68142,4273,6197,1176,1.6344048298364827e-5,2.389251392983298e-5,4.805050519957949e-6
68094,2988,2226,6262,1.1428976437049873e-5,8.582335970277266e-6,2.55860768333135e-5
67178,12074,46599,30630,4.618255070312589e-5,1.7966229734004956e-4,1.251519535938027e-4
67163,45432,30270,33565,1.7377552124767397e-4,1.1670588940713963e-4,1.3714415025713314e-4
67160,41736,39456,33405,1.596384740885922e-4,1.5212248339769083e-4,1.364904018870708e-4
66827,5710,15761,4428,2.1840513874014315e-5,6.0766485726657674e-5,1.8092486141474318e-5
66763,77955,58193,54164,2.981746513220291e-4,2.243629277261208e-4,2.2131016697534214e-4
66608,5880,6349,2948,2.2490756843993726e-5,2.4478549449815973e-5,1.2045313718397987e-5
66546,1165,986,1720,4.456076823682431e-6,3.8015198862054735e-6,7.0277949781697895e-6
66437,112279,89469,84865,4.29462531919519e-4,3.449474469563058e-4,3.4675222140836e-4
66396,9737,8884,8422,3.7243622345232466e-5,3.425223394426919e-5,3.4411679829154633e-5
66391,73300,71567,63830,2.8036946882053403e-4,2.759263424909403e-4,2.608047403817312e-4
66367,9089,9354,5767,3.4765049142016835e-5,3.606431746000608e-5,2.356354281343324e-5
66350,18053,14236,25129,6.905197845316646e-5,5.488685304261777e-5,1.0267526744559805e-4
66291,53433,41689,98695,2.0437901538182258e-4,1.6073180784586204e-4,4.0326059614562056e-4
66287,70508,56825,88645,2.6969018427828393e-4,2.1908860804627385e-4,3.62197026651082e-4
66261,64435,54212,59251,2.4646121041543124e-4,2.0901419479814516e-4,2.4209527921601056e-4
66256,138868,651035,72171,5.311643573829457e-4,0.0025100633865271604,2.948854600985418e-4
65419,676,321,1084,2.5856720453298907e-6,1.2376144862798752e-6,4.429145207172123e-6
65232,1393,616,992,5.328167395184228e-6,2.3749860546679225e-6,4.053239894386297e-6
65051,85107,42989,69661,3.2553075556492755e-4,1.6574395374045344e-4,2.846297825431894e-4
65017,14592,8665,8642,5.581379657611504e-5,3.3407880135872644e-5,3.53105838379903e-5
64799,1058,1160,1208,4.046806248460095e-6,4.472376336712322e-6,4.9358001939704105e-6
64787,740,640,291,2.830469398733904e-6,2.4675179788757638e-6,1.189004848050819e-6
64753,28349,31651,12660,1.084337526820371e-4,1.220303305459325e-4,5.172783978117996e-5
64652,161,221,477,6.15818342156971e-7,8.520648020805371e-7,1.9489873282482498e-6
64643,2728,4404,1305,1.043448718884607e-5,1.697960809213885e-5,5.3321351433206836e-6
64616,2584,2282,1452,9.883693143687038e-6,8.798243793428895e-6,5.932766458315427e-6
64612,2113,1669,2532,8.082137620979377e-6,6.434824229286952e-6,1.0345567956235992e-5
64604,5484,4365,3319,2.097607321980639e-5,1.682924371530111e-5,1.356119275147996e-5
64586,2059,7521,3071,7.875589854044741e-6,2.8997191748632218e-5,1.2547882777883386e-5
64585,1198,21526,1084,4.582300459031374e-6,8.299342502074951e-5,4.429145207172123e-6
64557,14181,12421,14860,5.424173857222364e-5,4.788912627439978e-5,6.0716879869536665e-5
62840,33199,41779,31977,1.2698480211968498e-4,1.6107880256164146e-4,1.3065569768426475e-4
62820,11499,12750,7868,4.398319948113671e-5,4.91575847354156e-5,3.214807609781389e-5
62816,441758,4424756,453246,0.0016897060819539083,0.01705963278459126,0.0018519302108578747
62766,1359,1238,175,5.1981188011883456e-6,4.773105090387805e-6,7.150372797556472e-7
62409,30824,24367,38932,1.1790052533320793e-4,9.394689154885271e-5,1.590733221454106e-4
62393,54632,43151,67473,2.0896514079950089e-4,1.6636854422885636e-4,2.7568977358258733e-4
62375,17542,13552,9953,6.709742458458128e-5,5.2249693202694296e-5,4.066723454518832e-5
62348,9680,11473,10211,3.702559970235702e-5,4.423411526819006e-5,4.172140379191379e-5
62311,9364,9243,12324,3.5816912769924704e-5,3.5636357310544815e-5,5.035496820404912e-5
62290,15286,13421,13190,5.8468317877089814e-5,5.1744623116393164e-5,5.389338125701135e-5
62267,3580,3554,2869,1.3693351956036997e-5,1.3702435776444474e-5,1.1722525460679724e-5
62252,1706,2114,1838,6.525379451675731e-6,8.150520323974006e-6,7.50993440109074e-6
53745,44513,33119,27668,1.7026038425113822e-4,1.2769019990997878e-4,1.1304943689302426e-4
52871,2351,2026,2497,8.992477778950553e-6,7.811236601878589e-6,1.0202560500284862e-5
50367,2396,1995,2468,9.164600918062749e-6,7.691716199776795e-6,1.0084068608211069e-5
48608,110742,93989,75657,4.235835704791757e-4,3.6237429268211584e-4,3.091290027112743e-4
47358,2188,1757,3007,8.369009519499706e-6,6.77410795138237e-6,1.2286383429858463e-5
47286,15792,155464,9641,6.0403746952440294e-5,5.993909610436589e-4,3.9392425223566826e-5
47259,23473,34133,15834,8.978325431956883e-5,1.3159967370776006e-4,6.469657307229096e-5
46365,15143,20614,10157,5.792134879057772e-5,7.947721190085155e-5,4.150076371701776e-5
46362,1594,1793,1596,6.0969840832187075e-6,6.912905837694132e-6,6.521139991371502e-6
46349,8876,12150,3353,3.39503329502191e-5,4.6844286630219574e-5,1.37001142801182e-5
46207,138342,134623,70018,5.291524291346565e-4,5.190385513596749e-4,2.860884585938909e-4
46179,16392,18618,14271,6.269872214060292e-5,7.178164020423276e-5,5.8310268682244804e-5
46149,3806,2984,1582,1.4557792610244919e-5,1.1504802576508248e-5,6.46393700899105e-6
46131,861802,629331,860681,0.003296357011848211,0.0024263836830685365,0.0035166800055849725
42424,33247,30885,15274,1.27168400134738e-4,1.1907701996496557e-4,6.240845377707289e-5
42245,86317,89745,10703,3.301589555277222e-4,3.4601156408469596e-4,4.373168002985538e-5
42007,137071,84639,92271,5.242909066943987e-4,3.2632539720947774e-4,3.7701259908761895e-4
34087,1256,1175,1402,4.804148060553762e-6,4.530208789342222e-6,5.728470092670956e-6
33999,1279,1179,1740,4.892122109433329e-6,4.545630776710196e-6,7.109513524427578e-6
33395,49408,43998,22794,1.889835568278983e-4,1.6963415005402476e-4,9.313462717000127e-5
31695,17542,12795,9953,6.709742458458128e-5,4.9331082093305304e-5,4.066723454518832e-5
31664,3524,4391,3967,1.3479154271808484e-5,1.6929486633192933e-5,1.62088736502323e-5
31599,4489,4186,4546,1.7170239366103375e-5,1.613910978058429e-5,1.857462556439527e-5
27127,14893,13037,123306,5.696510912884329e-5,5.0264112329067704e-5,5.038193532431418e-4
26911,841,507,429,3.2167902220746128e-6,1.954736898890644e-6,1.7528628172295579e-6
26755,18347,7074,7108,7.017651629536613e-5,2.7273784660261175e-5,2.9042771340017944e-5
26751,8246,11677,9127,3.1540609002648346e-5,4.502063662395671e-5,3.729225858474167e-5
26736,4118,2048,2983,1.5751179708089483e-5,7.896057532402443e-6,1.2188321174349117e-5
26723,945,832,516,3.6145859213561343e-6,3.2077733725384927e-6,2.1083384934509366e-6
23170,21180,4999,5635,8.101262414214067e-5,1.927362871312491e-5,2.302420040813184e-5
22969,137102,138739,64260,5.244094804124537e-4,5.349077763613197e-4,2.6256168912627365e-4
22885,15241,12661,10666,5.8296194737977614e-5,4.881444551647819e-5,4.358050071927847e-5
21827,2172,1698,1442,8.307810181148703e-6,6.54663363770476e-6,5.891907185186532e-6
21709,1359340,819637,748129,0.005199419287128305,0.0031601078650809284,0.003056800714664643
21683,24549,19768,23097,9.38989098236738e-5,7.621546157252514e-5,9.437266314580675e-5
20297,41765,38673,3756,1.597493978893534e-4,1.4910362937041002e-4,1.5346742987212633e-5
18588,62233,73473,62714,2.380386514748744e-4,2.8327491947177966e-4,2.562448455005466e-4
18489,3113,3169,9967,1.1907096267917086e-5,1.2218069492277024e-5,4.072443752756877e-5
18488,4782,2558,6920,1.829095224965612e-5,9.862360921819068e-6,2.8274617005194733e-5
18361,3887949,337636,510070,0.014871244146402817,0.001301754531743277,0.0020841089444855027
18345,10720,5373,7029,4.100355669517223e-5,2.0715584532030435e-5,2.871998308229968e-5
18257,13153,15921,11581,5.030968108317168e-5,6.138336522137661e-5,4.731912421057229e-5
18177,6120,5961,5471,2.3408746919258777e-5,2.298261667512254e-5,2.2354108328817975e-5
18168,695,740,451,2.6583462596217076e-6,2.8530676630751017e-6,1.842753218113125e-6
18037,3181,2214,2126,1.216719345590885e-5,8.536070008173345e-6,8.686681467202891e-6
18023,3590,3710,2285,1.3731601542506373e-5,1.4303893283795443e-5,9.336343909952308e-6
17863,2630,3896,4141,1.0059641241446174e-5,1.5021015696406212e-5,1.6919825002675057e-5
17830,133219,103369,73405,5.095571659863946e-4,3.985388530600138e-4,2.999274944026473e-4
17829,52389,52942,10392,2.003857585544196e-4,2.0411771380881357e-4,4.2460956635546776e-5
17651,2476,1570,2493,9.470597609817766e-6,6.053130041929607e-6,1.0186216791033305e-5
17644,13111,13089,17234,5.0149032820000295e-5,5.046459816485136e-5,7.041687131033614e-5
17537,6078,2333,11602,2.324809865608739e-5,8.994874132370556e-6,4.740492868414296e-5
17456,19275,302620,6720,7.372607791972433e-5,0.0011667504543240368,2.7457431542616852e-5
17382,2945,820,1691,1.1264503215231552e-5,3.161507410434572e-6,6.909303086095996e-6
17297,70878,62884,12199,2.711054189776509e-4,2.4244906341191176e-4,4.984422728993794e-5
17267,3227,11745,2656,1.2343141553667984e-5,4.5282810409212256e-5,1.0852222943034279e-5
17250,342260,173454,441135,0.0013091303465009002,6.687513492311198e-4,0.0018024455451714709
17233,13239,9758,21048,5.063862752680832e-5,3.762193818417141e-5,8.600059808169635e-5
17222,8813,6523,628,3.3709360555462025e-5,2.5149405900322823e-5,2.565962352494551e-6
17188,5128,1963,2651,1.961438794149657e-5,7.568340300833006e-6,1.0831793306469832e-5
17045,2275,1684,1245,8.701780921783287e-6,6.4926566819168534e-6,5.086979504547319e-6
16980,4639,4470,1708,1.774398316314403e-5,1.7234070883710412e-5,6.978763850415116e-6
16808,5293,20126,3982,2.024550611824129e-5,7.759572944195879e-5,1.627016255992564e-5
14764,616,678,431,2.3561745265136286e-6,2.6140268588715123e-6,1.7610346718553367e-6
14702,12596,23131,2984,4.8179179116827375e-5,8.918149745214889e-5,1.2192407101662007e-5
14701,3954,2924,2347,1.51238864899917e-5,1.1273472765988645e-5,9.589671403351451e-6
14688,29434,12526,16968,1.1258383281396451e-4,4.8293953442809086e-5,6.933001464510754e-5
13139,16573,91992,9536,6.339103965569864e-5,3.5467486548865505e-4,3.8963402855713435e-5
9489,20883,23274,38826,7.987661142400017e-5,8.973283350055394e-5,1.5864021385024433e-4
9392,36882,33971,21273,1.4107212481635656e-4,1.3097508321935713e-4,8.691993172709648e-5
8811,74772,112744,28278,2.8599980794882633e-4,4.346841359537017e-4,1.155418525538868e-4
8598,133219,103369,73405,5.095571659863946e-4,3.985388530600138e-4,2.999274944026473e-4
7543,5531,9340,6405,2.1155846276212464e-5,3.6010340504218174e-5,2.6170364439056686e-5
5990,25627,23370,11834,9.802221524507265e-5,9.01029611973853e-5,4.835286382073331e-5
5900,1658,1778,932,6.341781436622721e-6,6.855073385064231e-6,3.8080842556129323e-6
5290,66685,94377,31275,2.550673673710411e-4,3.638702254568093e-4,1.2778737671061637e-4
5269,1770,1422,1139,6.770176805079744e-6,5.482516509314587e-6,4.653871209381041e-6
4755,12112,11677,16414,4.632789913170952e-5,4.502063662395671e-5,6.706641091376681e-5
4732,34336,152829,14909,1.3133378010125315e-4,5.892317268650064e-4,6.0917090307868246e-5
4713,44748,221381,9322,1.711592495331686e-4,8.535337463773366e-4,3.80890144107551e-5
4709,5269,3096,3128,2.0153707110714784e-5,1.1936618222811506e-5,1.2780780634718083e-5
4603,135153,180294,122747,5.169546360095721e-4,6.951229476303546e-4,5.015353198752367e-4
4548,5484,5626,8146,2.097607321980639e-5,2.169102523305476e-5,3.3283963890797155e-5
4543,37137,26499,24993,1.4204748927132567e-4,1.0216681081598259e-4,1.0211958133104509e-4
4541,47352,5317,16509,1.8111944184979437e-4,2.0499676708878805e-5,6.745457400849131e-5
3772,14772,11020,4663,5.650228913256383e-5,4.2487575198767057e-5,1.905267906000333e-5
3618,545,403,999,2.084602462581051e-6,1.5537652273233324e-6,4.081841385576523e-6
3253,9707,14578,6057,3.712887358582433e-5,5.6205432962579507e-5,2.474846173417117e-5
3232,5970191,1172207,4784280,0.022835733689319685,0.004519440386662535,0.01954822032451056
3204,3927,3105,5366,1.502061260652438e-5,1.1971317694389446e-5,2.1925085960964588e-5
3182,97275,67564,69813,3.720728523808656e-4,2.604927886324408e-4,2.8525084349474857e-4
3178,3760,3674,6674,1.4381844512485784e-5,1.416509539748368e-5,2.726947888622394e-5
3175,8813,6523,3237,3.3709360555462025e-5,2.5149405900322823e-5,1.3226146711823027e-5
3143,6275,9982,2830,2.400161550953412e-5,3.8485569476777924e-5,1.1563174295477037e-5
3090,12226,9472,8632,4.676394441746043e-5,3.65192660873613e-5,3.526972456486141e-5
2813,21192,32121,16245,8.105852364590392e-5,1.2384241406166938e-4,6.63758891978885e-5
2810,6488,5897,3168,2.4816331701331852e-5,2.2735864877234966e-5,1.2944217727233658e-5
2806,59996,53753,141132,2.2948221898167476e-4,2.072445217476702e-4,5.766550935227086e-4
2672,1559,1590,678,5.963110530575887e-6,6.130239978769475e-6,2.7702587181390218e-6
2568,3590,4833,3827,1.3731601542506373e-5,1.8633616237354008e-5,1.563684382642778e-5
2403,4802,4039,2366,1.8367451422594877e-5,1.5572351744811266e-5,9.667304022296349e-6
2242,28376,10086,11709,1.0853702656550442e-4,3.888654114834524e-5,4.784212290662213e-5
2197,206076,318166,96366,7.882321781263352e-4,0.001226688008229666,3.937444714339011e-4
2193,7836,7445,15636,2.9972375957403884e-5,2.870417398864072e-5,6.388755946433885e-5
2044,4018,3765,3756,1.5368683843395714e-5,1.4515945610105078e-5,1.5346742987212633e-5
2042,4287,4358,7366,1.6397597719421957e-5,1.6802255237407154e-5,3.009694058674341e-5
2040,25925,22436,9425,9.916205292186009e-5,8.65019271469635e-5,3.850986492398271e-5
2039,10435,11189,5612,3.991344348079499e-5,4.3139154165063936e-5,2.2930224079935382e-5
2037,22241,8327,29924,8.507090526654158e-5,3.210472220327888e-5,1.2226728891090278e-4
2017,96959,80990,104121,3.7086416544843327e-4,3.122566892330439e-4,4.254308377453585e-4
2011,6998,4748,8904,2.6767060611270085e-5,1.8305899005784572e-5,3.638109679396733e-5
1973,32710,28885,55900,1.2511439734133245e-4,1.1136602628097881e-4,2.2840333679051815e-4
1968,3532,7518,5168,1.3509753940983985e-5,2.8985625258106237e-5,2.1116072353012483e-5
1921,22877,27905,4918,8.750357896599395e-5,1.0758763937582529e-4,2.009459052479013e-5
1830,1664,1818,5791,6.3647311885043466e-006,7.009293258743966e-6,2.3661605068942588e-5
1809,61633,48200,52732,2.3574367628671178e-4,1.8583494778408094e-4,2.154591190632845e-4
1799,56762,61907,63452,2.1711230271747822e-4,2.3868224299728423e-4,2.59260259857459e-4
1786,12504,15320,13669,4.782728292130911e-5,5.906621161933859e-5,5.585054043988538e-5
1781,76074,86928,80747,2.909799041071392e-4,3.351506294808006e-4,3.299263727338814e-4
1771,22968,68003,35792,8.785165020286529e-5,2.6218535174607585e-4,1.4624351038293785e-4
1767,15170,17089,61769,5.8024622674045035e-5,6.588658553282489e-5,2.523836441898661e-4
1746,8810,21141,19864,3.369788567952121e-5,8.150905873658207e-5,8.116286014323529e-5
1740,53126,41398,74769,2.032047530772127e-4,1.5960985826484196e-4,3.055006992574285e-4
1732,4523,5309,15569,1.7300287960099254e-5,2.046883273414286e-5,6.361380233437526e-5
1721,9204,9524,6364,3.5204919386414666e-5,3.6719751923144956e-5,2.600284141922822e-5
1713,20616,19842,30130,7.88553474652678e-5,7.650076833883266e-5,1.23108989937358e-4
1710,26555,13345,17880,1.0157177686943085e-4,5.145160535640166e-5,7.305638035446269e-5
1708,5367,5997,9609,2.052855305811468e-5,2.3121414561434305e-5,3.926167554955436e-5
1681,85395,46107,69471,3.2663234365524563e-4,1.777653928937888e-4,2.8385345635374037e-4
1380,2108030,3038205,2184616,0.008063127576504098,0.011713789782828499,0.008926182182575217
1148,5116,3936,5102,1.9568488437733316e-5,1.5175235570085946e-5,2.0846401150361782e-5
816,50254,53582,30008,1.922194718432076e-4,2.0658523178768932e-4,1.2261050680518549e-4
782,69093,53535,44977,2.6427786779286707e-4,2.0640402343611564e-4,0.00018377275275182711
592,5122981,5359921,4111831,0.019595190474047588,0.020665158488834004,0.016800642588885386
573,39657,33542,23939,1.516863850616087e-4,1.2932107507414198e-4,9.781301394325964e-5
479,28698,22714,27316,1.0976866324981836e-4,8.757375526903764e-5,1.1161119047888719e-4
473,3332,2528,4736,1.2744762211596445e-5,9.746696016559267e-6,1.9350951753844257e-5
136,139003,133022,70013,5.316807268002823e-4,5.128659009156435e-4,2.8606802895732644e-4
99,861802,629331,860681,0.003296357011848211,0.0024263836830685365,0.0035166800055849725
61,15792,15979,8858,6.0403746952440294e-5,6.160698403821224e-5,3.619314413757441e-5
54,800120,567578,438213,0.0030604259125877995,0.002188295186584919,0.001790506465563208
