BinBase name,L1_SAT_748,L2_SAT_748,L3_SAT_748,normL1_SAT_748,normL2_SAT_748,normL3_SAT_748
zymostenol,756,736,532,2.7080273862379724e-6,3.005270787637701e-6,1.9156789151311533e-6
xylulose,217797,146256,252450,7.801590484662324e-4,5.971995710825266e-4,9.090472596331949e-4
xylose,45716,35298,34921,1.637568518376391e-4,1.441305003560266e-4,1.2574703645732146e-4
xanthosine,10738,6501,29636,3.846401861563935e-5,2.6545197541348768e-5,1.0671627881358432e-4
xanthine,528184,307988,846391,0.0018919798108104726,0.0012575914936725004,0.0030477695350691206
valine,1287665,3048272,1084101,0.004612476301984284,0.012446851622790692,0.0039037395255124034
uridine-5'-monophosphate,3398,10453,10011,1.2171795050842103e-5,4.2682195031490336e-5,3.604861206649996e-5
uridine,217283,137053,261089,7.783178764073351e-4,5.596214364919971e-4,9.401554366027776e-4
uric acid,2930648,1379061,444370,0.010497718311406801,0.005631048556617439,0.0016001320291669748
urea,247396,288172,177789,8.861840519123406e-4,0.0011766778443140374,6.402004485756629e-4
uracil,392947,482531,646764,0.0014075545467461012,0.0019702939109097926,0.0023289326275674534
undecanoic acid,41936,24904,34955,1.5021671490644922e-4,1.016892169773496e-4,1.2586946706467944e-4
UDP-N-acetylglucosamine,46579,21963,15005,1.668481582322467e-4,8.96803835718571e-5,5.40315077472612e-5
UDP-glucuronic acid,6079,5313,6482,2.1775262540926764e-5,2.1694298498259655e-5,2.334103520278221e-5
tyrosine,19573443,3439811,14329488,0.07011298900392585,0.014045602599585365,0.05159905644027233
tryptophan,2729927,4416525,3089482,0.009778726294220198,0.01803376843121141,0.0111249164024008
trisaccharide,1243,5314,3892,4.452484181341005e-6,2.1698381746612424e-5,1.401470364227528e-5
tridecanoic acid,620180,1147161,677310,0.0022215137888850077,0.004684143263610397,0.002438925725577973
tocopherol gamma-,2041,658,1093,7.310957533481087e-6,2.686777416121749e-6,3.935783936538253e-6
tocopherol alpha-,8155,3280,5871,2.921159171265961e-5,1.339305459708106e-5,2.1140885170554514e-5
thymine,2596,4036,4678,9.29899351147325e-6,1.6479990351774132e-5,1.6845011212375065e-5
threonine,1641657,2207010,1652461,0.005880492215356178,0.009011769947043863,0.005950347172512295
terephthalic acid,7609,2970,4436,2.7255794155932187e-5,1.2127247607722789e-5,1.5973593360003378e-5
tagatose,1890,1358,2257,6.7700684655949314e-6,5.54505126305978e-6,8.127231788441754e-6
sucrose,35161,19945,8401,1.2594834778771607e-4,8.144038839597004e-5,3.025116271807673e-5
succinic acid,151158,187130,441494,5.414550312816923e-4,7.640982642535911e-4,0.0015897758401445742
stigmasterol,258,158,181,9.24168076255816e-7,6.451532397374413e-7,6.517629391705616e-7
stearic acid,2236660,1125937,1830655,0.008011820811776486,0.004597480400571237,0.006592005985675604
squalene,2983,2928,2640,1.0685245625856973e-5,1.1955751176906506e-5,9.506376571327528e-6
spermidine,82304,59282,89156,2.948167804192197e-4,2.4206312884882906e-4,3.210418596944231e-4
sorbitol,41689,4437311,90324,1.4933194934507252e-4,0.01811864283147206,3.2524771114719227e-4
sophorose,110182,71679,132575,3.946770813101485e-4,2.926831586781016e-4,4.7738934619081326e-4
shikimic acid,17773,11549,18210,6.36637179042427e-5,4.715743522612474e-5,6.557239294086148e-5
serine,5206064,10755530,4462041,0.018648364929242864,0.043917500155653426,0.01606736440253896
salicyl alcohol,1857,820,1374,6.651860920957559e-6,3.348263649270265e-6,4.947636897350009e-6
saccharic acid,51726,33778,51640,1.8528495314886953e-4,1.379239628598183e-4,1.859504871755127e-4
ribulose-5-phosphate,13501,1993,11882,4.836121394391385e-5,8.13791396706785e-6,4.27858963714067e-5
ribose-5-phosphate,19482,6767,3327,6.978543589773568e-5,2.7631341603185223e-5,1.1980195020002533e-5
ribonic acid,54923,37768,41471,1.9673675679146582e-4,1.5421612378736506e-4,1.4933293287481967e-4
ribitol,348590,298562,304735,0.0012486656965194375,0.0012191027946993034,0.0010973203274482932
quinic acid,8055,3087,3494,2.8853387031940303e-5,1.2604987664996715e-5,1.2581545356143327e-5
pyrophosphate,733489,78786,824303,0.002627391930561249,3.217028047212281e-4,0.0029682328510890134
putrescine,219357,153488,248698,7.857470414854536e-4,6.267296231697492e-4,8.955366820212172e-4
pseudo-uridine,88784,53849,112579,3.1802844372983086e-4,2.1987884054823717e-4,4.053857454634401e-4
prunin,41628,20925,36882,1.4911344448983375e-4,8.544197178168328e-5,1.3280840178170526e-4
propyleneglycol,698863,230936,737256,0.0025033599778153813,9.42969041594973e-4,0.002654785289951003
proline,1733205,1772844,2362991,0.006208421436461092,0.007238962342715724,0.008508894803279472
pipecolinic acid,6020,2672,5056,2.1563921779302373e-5,1.0910439598597741e-5,1.8206151494178782e-5
phthalic acid,251623,73062,217176,9.013253637663457e-4,2.9833029114998056e-4,7.8202910539948e-4
phosphoinositol,10714,12605,11647,3.8378049492266714e-5,5.1469345486648396e-5,4.19396848205499e-5
phosphoethanolamine,466392,440862,766769,0.0016706379745003975,0.0018001490352982773,0.0027610586580379686
phosphate,520548,2006408,3381304,0.0018646273013907461,0.008192662160981773,0.012175738305354566
phenylalanine,2900757,7330229,2409970,0.010390647350292992,0.029931145489666737,0.008678061494546288
phenylacetic acid,2474,4301,4247,8.861983800995693e-6,1.7562051165257814e-5,1.5293023219101518e-5
pentadecanoic acid,564569,73968,479642,0.0020223125838901928,3.0202971415758896e-4,0.001727142981600257
pelargonic acid,132052,62409,120321,4.730164449834613e-4,2.548314464479365e-4,4.332639149389013e-4
parabanic acid,130215,20307,64762,4.664362249986476e-4,8.291852429967228e-5,2.3320149981527022e-4
pantothenic acid,123796,51515,129098,4.434430665432752e-4,0.00021034853889287522,4.6486901613834893e-4
palmitoleic acid,330297,196237,400482,0.0011831393142754546,8.012844070022548e-4,0.0014420957204690876
palmitic acid,1760036,1017064,1778431,0.006304531334344889,0.00415292490266026,0.006403952572773707
palatinitol,137509,105289,161984,4.92563674410314e-4,4.2992113581465476e-4,5.832882206552721e-4
oxoproline,6391402,7108058,8791806,0.0228943011275875,0.029023966119883778,0.031658416128051814
ornithine,365972,637680,339143,0.001310928834122068,0.0026038058095934906,0.0012212201020945954
oleic acid,499570,287923,471837,0.0017894831234694496,0.001175661115474198,0.0016990379554111617
octadecanol,3433,3370,6593,1.2297166689093861e-5,1.3760546948830235e-5,2.3740735126803936e-5
nonadecanoic acid,26387,25728,29188,9.451946910140394e-5,1.0505381362003094e-4,1.0510307551663178e-4
N-methyl-UMP,66131,12397,15176,2.3688433740648592e-4,5.062002982927253e-5,5.464726168426764e-5
N-methylethanolamine,1460079,1376376,1530647,0.0052300713201996725,0.005620085034790256,0.00551170711355029
nicotinic acid,342091,213756,447182,0.0012253859743194897,8.728188348944082e-4,0.0016102577605755252
nicotinamide,36947,16066,31668,1.3234588338536293e-4,6.560146803558057e-5,1.140333080533334e-4
n-epsilon-trimethyllysine,48686,35200,58834,1.7439553085500255e-4,1.4373034201745527e-4,2.118553633323802e-4
N-alpha-acetyllysine,11490,17584,11061,4.115771781464855e-5,7.179983903508334e-5,3.98295572937325e-5
N-acetylserine,22288,23398,12696,7.983665923871948e-5,9.553984495808006e-5,4.571702914756602e-5
N-acetylputrescine,241009,112790,153415,8.633055189547983e-4,4.605495817087721e-4,5.524321067008381e-4
N-acetylglucosamine-6-phosphate,6222,2777,4386,2.2287495234355378e-5,1.1339180675638446e-5,1.5793548349182778e-5
N-acetylgalactosamine,59671,45003,61838,2.137443150320186e-4,1.83758425619646e-4,2.226724675824817e-4
N-acetylaspartic acid,8190,8367,7310,2.9336963350911367e-5,3.4164538967615004e-5,2.63225805819713e-5
myristic acid,1161405,1016633,1095408,0.004160207072108085,0.004151165022620216,0.003944454904259373
myo-inositol,1518031,676774,2065981,0.005437658096770126,0.002763436320696627,0.007439391430002961
methionine sulfoxide,160273,440553,329582,5.741053879292574e-4,0.0017988873115572718,0.0011867918951254809
methionine,237250,1546680,311284,8.498406050065594e-4,0.006315478562260162,0.0011209026229655752
methanolphosphate,32467,11773,29419,1.162983136891379e-4,4.807208285714491e-5,1.0593488346662293e-4
melezitose,3995,933,1026,1.4310276994736376e-5,3.809670713133118e-6,3.694523622038653e-6
maltotriose,76721,55536,71157,2.748182130946607e-4,2.2676728051935783e-4,2.562292566992246e-4
maltotriitol,22532,16424,25102,8.071067865967459e-5,6.706327094587174e-5,9.038979723237258e-5
maltose,320037,242977,541876,0.0011463875140336533,9.9213543501066e-4,0.0019512414056684377
maltitol,1680,4623,2180,6.017838636084383e-6,1.887685713484931e-5,7.849962471778035e-6
malonic acid,4904,2041,3308,1.756635754247489e-5,8.333909888000744e-6,1.1911777915890706e-5
malonamide,1316,916,474,4.7139735982661e-6,3.7402554911360517e-6,1.7068267025792606e-6
malic acid,32880,80902,67148,1.1777769902050864e-4,3.303429582356865e-4,2.4179324773162912e-4
maleimide,48907,106047,26015,1.7518716319939222e-4,4.3301623806605335e-4,9.367741912995668e-5
lysine,6754927,4314815,4220521,0.024196464693172368,0.017618461241251313,0.015197674982271148
loganin,85510,66599,103139,3.0630082248308074e-4,2.7194025704603705e-4,3.7139324742051135e-4
linolenic acid,98307,43220,93962,3.521402754747306e-4,1.7647799380665955e-4,3.3834778613449893e-4
linoleic acid,220683,118583,201078,7.904968355517916e-4,4.8420383941636075e-4,7.240618137156806e-4
lignoceric acid,8138,4280,6618,2.9150696916937327e-5,1.7476302949849675e-5,2.3830757632214236e-5
leucrose,7546,23579,34527,2.7030125207079023e-5,9.627891290993119e-5,1.2432828177205514e-4
leucine,4873760,13717271,5113816,0.01745803644702537,0.0560110242152307,0.018414341141090855
L-DOPA,7083828,7431801,4555163,0.02537460347010498,0.03034588919135415,0.016402687432491674
lauric acid,218133,361227,134227,7.813626161934493e-4,0.0014749795527255487,4.833380333483258e-4
lactulose,88956,34991,86758,3.186445557806681e-4,1.4287694311172663e-4,3.124069009754673e-4
lactose,197237,64543,81506,7.065121661103426e-4,2.6354509843274477e-4,2.934949730388718e-4
lactobionic acid,38706,12593,48975,1.3864670371921555e-4,5.1420346506415174e-5,1.7635408809877487e-4
lactitol,1408915,982268,1550519,0.005046799477356445,0.004010844192977322,0.0055832642026508285
lactic acid,2774776,1481965,3590702,0.009939377511476,0.006051231145110741,0.012929759608870795
kynurenine,161353,35733,321289,5.779739984810259e-4,1.4590671338948093e-4,0.0011569296296307767
kynurenic acid,13400,9715,14319,4.799942721638734e-5,3.96687577471471e-5,5.156129019880261e-5
ketoisoleucine,21560,5661,41389,7.722892916308291e-5,2.311526892502313e-5,1.490376590570739e-4
isoxanthopterin,86651,7514,158450,3.1038793789008804e-4,3.068152812270338e-5,5.705626392904723e-4
isothreonic acid,22959,15980,19410,8.224021264634605e-5,6.525030867724247e-5,6.989347320055581e-5
isomaltotriose,10463,8217,292,3.747895574366125e-5,3.3552051714699715e-5,1.0514628631922871e-6
isomaltose,8839,3996,10297,3.166171172877968e-5,1.6316660417663388e-5,3.707846952839377e-5
isoleucine,3569147,9876870,3450264,0.012784851615752778,0.040329713158009754,0.012424056384278334
isoheptadecanoic acid,69199,40837,51597,2.478740570109543e-4,1.6674761298201196e-4,1.85795648466207e-4
isogluconic acid,1722845,1013346,748394,0.006171311431538571,0.0041377433852846654,0.0026948921165613994
inulotriose,107977,16309,471,3.8677866810028777e-4,6.659369738530335e-5,1.6960240019300249e-6
inosine-5-monophosphate,6119,8732,7212,2.191854441321449e-5,3.565492461637555e-5,2.5969692360762928e-5
inosine,2584112,2183316,1972562,0.009256410139029338,0.008915021460573363,0.007102998932685974
indole-3-acetate,7091,8108,14293,2.5400293909806168e-5,3.310697764424794e-5,5.146766679317589e-5
hypoxanthine,1676158,962890,2299685,0.006004076412251148,0.003931719006397372,0.008280936214179298
hypotaurine,13238,5809,13574,4.7419135633622065e-5,2.3719589681232887e-005,4.887861953757571e-5
homoserine,24768,16616,23183,8.872013532055834e-5,6.784725462960332e-5,8.347966971707806e-5
histidine,2838256,4146143,5148376,0.010166765842796617,0.016929731575093126,0.018538788252570052
heptanoic acid,24493,6923,32320,8.773507244858024e-5,2.8268328346217126e-5,1.1638109499443399e-4
heptadecanoic acid,101935,41594,56296,3.6513594129122714e-4,1.698386319850578e-4,2.027162785831267e-4
guanosine,91961,160322,67381,3.294086064362833e-4,6.5463454241257e-4,2.426322574820531e-4
glycyl-proline,28391,45548,26645,1.0169789090301888e-4,1.859837959719049e-4,9.59459862662962e-5
glycyl-glycine,44770,30233,7655,1.6036823555803443e-4,1.2344884744925355e-4,2.756489115663342e-5
glycolic acid,43422,25789,32097,1.5553963646193814e-4,1.0530289176954982e-4,1.1557809424617412e-4
glycine,2908185,2964511,2944943,0.010417254793976823,0.01210483465751444,0.010604445886020835
glycerol-alpha-phosphate,238716,145409,134127,8.550918856259045e-4,5.937410597277316e-4,4.829779433266846e-4
glycerol-3-galactoside,105777,68999,97643,3.78898165124463e-4,2.817400530926817e-4,3.516026998311113e-4
glycerol,5134074,2746213,4581255,0.01839049337959303,0.011213469708601757,0.016496642120938293
glyceric acid,114146,72620,105081,4.088763148538619e-4,2.9652549537805684e-4,3.7838619564078334e-4
glutaric acid,5321,5608,11549,1.9060071061074407e-5,2.2898856762326395e-5,4.158679659934152e-5
glutamine,1822765,10044948,3793979,0.006529229548513304,0.0410160173746464,0.013661739802162365
glutamate,5530832,6590974,4372134,0.019811699106721346,0.026912583728640773,0.01574361826678201
glucose-6-phosphate,40305,32297,12644,1.443743965639173e-4,1.31876672049368e-4,4.55297823363126e-5
glucose,13206702,5905972,13157388,0.047307024732650534,0.024115550440497565,0.04737844129661589
gluconic acid lactone,224910,127586,127308,8.056381474057968e-4,5.209653243363366e-4,4.584234047509716e-4
gluconic acid,286873,211712,207085,0.001027592513719902,8.644726752613491e-4,7.456924213156671e-4
galacturonic acid,76393,45886,101291,2.736433017419014e-4,1.8736393391514069e-4,3.6473878382058204e-4
galactose,288097,278159,243045,0.0010319769390119062,0.0011357922785577652,8.751807930978406e-4
galactinol,2104,2055,4430,7.536626482334251e-6,8.391075364939505e-6,1.5951987958704904e-5
fumaric acid,35397,86456,56287,1.2679371083421364e-4,3.530213195869634e-4,2.02683870481179e-4
fructose-6-phosphate,17950,16548,9071,6.429774018911588e-5,6.756959374161505e-5,3.266376586307273e-5
fructose-1-phosphate,8590,5268,6028,3.07697820737886e-5,2.1510552322385065e-5,2.170622650453119e-5
fructose,535137,392974,192504,0.0019168857822608862,0.001604610438180894,6.931876952601646e-4
ethanolamine,12060257,9001844,12814870,0.043200405080778055,0.036756764684880046,0.04614506815629091
erythritol,217421,183698,256913,7.788121988667278e-4,7.500845559068891e-4,9.251180772990414e-4
ergosterol,21663,10105,9776,7.75978799842238e-5,4.1261224604726856e-5,3.520240051564315e-5
Dopamine,1998765,389650,810742,0.007159669786579287,0.001591037720656291,0.002919401043254251
digalacturonic acid,5806,10453,14686,2.0797363762563055e-5,4.2682195031490336e-5,5.2882820578225784e-5
dehydroabietic acid,2605,2531,2184,9.331231932737987e-6,1.0334701580857366e-5,7.864366072643683e-6
cytidine,1971,5167,1533,7.060214256977571e-6,2.1098144238755438e-5,5.5201800317595075e-6
cystathionine,79319,38072,75964,2.841243706997483e-4,1.5545743128660673e-4,2.735387840395168e-4
citrulline,244949,344552,292817,8.774187833751391e-4,0.001406891386443132,0.0010544047986690958
citric acid,118884,187137,55105,4.2584805262634273e-4,7.641268469920604e-4,1.984276064253801e-4
cholesterol,107068,44774,66391,3.835225875525493e-4,1.82823361746862e-4,2.3906736626780526e-4
chenodeoxycholic acid,721,1057,949,2.5826557479862144e-6,4.315993508876426e-6,3.4172543053749332e-6
cerotinic acid,4307,1036,1487,1.542787559858062e-5,4.230245293468286e-6,5.354538621804559e-6
cellobiose minor,4137,4732,7834,1.4818927641357793e-5,1.9321931205301088e-5,2.8209452295371156e-5
caproic acid,54189,24562,48479,1.941075344349861e-4,1.0029274604070273e-4,1.7456804159143456e-4
capric acid,13389,8812,14333,4.796002470150822e-5,3.598158448459704e-5,5.1611702801832374e-5
campesterol,21154,7435,14604,7.577461815936252e-5,3.0358951502834656e-5,5.258754676048001e-5
butylamine,236291,148952,209436,8.464054221184613e-4,6.082080086415909e-4,7.541581377244516e-4
biphenyl,5568,4777,4699,1.99448366224511e-5,1.9505677381175677e-5,1.692063011691972e-5
biopterin,12286,6794,23567,4.400902707317425e-5,2.7741589308709972e-5,8.486241540018025e-5
beta-sitosterol,476174,354100,306364,0.00170567755636836,0.0014458782417153667,0.0011031861939008283
beta-alanyl lysine,478949,352627,335912,0.001715617736258321,0.0014398636168917386,0.0012095855934953685
beta-alanine,2190354,1748917,1562475,0.007845950552322603,0.0071412624593790285,0.00562631656563825
Benzaldehyde-4-carboxylic acid,1381,2380,3909,4.946806640733651e-6,9.718131079589305e-6,1.4075918945954282e-5
behenic acid,67434,31862,55749,2.415517443962585e-4,1.3010045901591362e-4,2.0074658616474938e-4
azelaic acid,3005,7153,20457,1.0764050655615221e-5,2.9207475467353908e-5,7.36636157271391e-5
aspartate,62783,1630286,55313,2.2489164469600346e-4,0.006656862624041735,1.9917659367039376e-4
asparagine,999836,1802467,938288,0.0035814593515167054,0.007359920408669788,0.0033786814622567287
arachidic acid,178166,77700,162991,6.381989514503632e-4,3.1726839701012145e-4,5.869143271731989e-4
arabitol,1719370,1132268,1566302,0.006158863818883575,0.004623331445892615,0.005640097210766458
arabinose,31955,12278,11772,1.1446430572385504e-4,5.013412327529306e-5,4.238979734760139e-5
alpha-ketoglutarate,1705889,1274985,1494985,0.006110574245875805,0.005206080401054693,0.005383291810032608
alpha-aminoadipic acid,5878,2027,1765,2.1055271132680954e-5,8.276744411061984e-6,6.355588881967078e-6
allantoin,11302,13339,23863,4.048429301489625e-5,5.446644977758056e-5,8.592828186423819e-5
allantoic acid,109459,79158,153324,3.9208726146854793e-4,3.2322177310845806e-4,5.521044247811447e-4
alanine,15463106,16683340,25739029,0.05538956947658824,0.06812222057367875,0.09268367509633327
adipic acid,28053,14953,24148,1.0048715908218762e-4,6.10568126189491e-5,8.695453842591558e-5
adenosine-5-monophosphate,10002,7928,6706,3.582763216554524e-5,3.2371992940749587e-5,2.4147636851258487e-5
adenosine,10199,11618,17259,3.6533295386562274e-5,4.7439179362465775e-5,6.214793683505372e-5
adenine,14998,9161,13916,5.3723538014281896e-5,3.7406638159713286e-5,5.011012741158859e-5
aconitic acid,1252,1989,1087,4.484722602605743e-6,8.121580973656776e-6,3.914178535239782e-6
9-myristoleate,109669,50053,128068,3.9283949129805847e-4,2.043788298011275e-4,4.611600889154446e-4
6-methylcholecalciferol,1766,754,949,6.325894661502988e-6,3.078769257987536e-6,3.4172543053749332e-6
5-methyluridine,992,595,378,3.5533904327355407e-6,2.4295327698973263e-6,1.3611402818037143e-6
5-aminovaleric acid,26470,20268,40749,9.481677898640097e-5,8.27592776139143e-5,1.4673308291857025e-4
4-hydroxybutyric acid,1088,852,884,3.897266926226077e-6,3.4789275965588605e-6,3.1831957913081573e-6
3-phosphoglycerate,47921,7982,26920,1.7165526504749984e-4,3.2592488351799086e-5,9.693623382580949e-5
3-hydroxypropionic acid,88487,49662,97245,3.1696457582809455e-4,2.02782279695195e-4,3.501695415449793e-4
3-hydroxykynurenine,103253,30037,508199,3.698570789831076e-4,1.226485307721109e-4,0.0018299738890803327
3-hydroxy-3-methylglutaric acid,6471,1832,8357,2.3179424889346454e-5,7.4805109822721034e-6,3.0092723108554604e-5
"3-Aminopiperidine-2,6-dione",45515,98045,20669,1.6303686042939326e-4,4.0034208474719893e-4,7.442700657301844e-5
3-aminoisobutyric acid,6370,8435,13981,2.2817638161819953e-5,3.444219985560327e-5,5.034418592565537e-5
"3,6-anhydro-D-galactose",20778,9215,13484,7.442776855985792e-5,3.762713357076279e-5,4.8554538518098634e-5
"3,4-dihydroxyphenylacetic acid",56750,14676,17916,2.032811563082076e-4,5.99257528252322e-5,6.451372827723637e-5
2-picolinic acid,4047,2621,6209,1.4496543428710415e-5,1.0702193932606541e-5,2.235798944370175e-5
2-monoolein,26147,17081,21952,9.36597778676776e-5,6.974596511364072e-5,7.904696155067497e-5
2-ketoisovaleric acid,19193,30685,48833,6.875022437045688e-5,1.2529447570470495e-4,1.7584276026804438e-4
2-ketoisocaproic acid,115420,82789,82411,4.134398424862259e-4,3.380480478773609e-4,2.967537877347246e-4
2-hydroxyglutaric acid,9357292,4551853,4792120,0.033518257932573396,0.01858634626429488,0.017255945945071998
2-Deoxyinosine,2598,2571,3149,9.306157605087635e-6,1.049803151496811e-5,1.1339234781481208e-5
2-amino-4-oxo-4-phenylbutanoic acid,10734,2023,21679,3.8449690428410574e-5,8.26041141765091e-6,7.80639157915945e-5
"2,6-diaminopimelic acid",6123,1802,4057,2.193287260044326e-5,7.358013531689045e-6,1.460885217798325e-5
1-monopalmitin,4694,2752,5258,1.681412771296434e-5,1.123709946681923e-5,1.8933533337893993e-5
1-kestose,24792,2396,31492,8.880610444393096e-5,9.783463053233603e-6,1.133995496152449e-4
588382,156851,184903,197854,5.618476237550426e-4,7.550048701719754e-4,7.124525114179684e-4
588380,133014,59397,55772,4.7646237401198103e-4,2.4253270240939747e-4,2.0082940686972685e-4
588375,25876,17255,43408,9.268904318292827e-5,7.045645032702246e-5,1.563078765940096e-4
588374,48907,105953,26015,1.7518716319939222e-4,4.326324127208931e-4,9.367741912995668e-5
588356,4237,5957,2841,1.5177132322077102e-5,2.4323910437442644e-5,1.0230157514826329e-5
562527,50742,35072,103538,1.8176021909059153e-4,1.432076862283009e-4,3.728300066068597e-4
554665,1628,888,987,5.831572202110343e-6,3.6259245372585304e-6,3.5540885135985873e-6
553510,27137,15437,9188,9.720600420679876e-5,6.303310482168912e-5,3.308507118839293e-5
553483,65963,65413,75311,2.3628255354287748e-4,2.6709752449965345e-4,2.711873961981998e-4
553440,55473,24562,48479,1.98706882535422e-4,1.0029274604070273e-4,1.7456804159143456e-4
553439,8864,11763,17335,3.175126289895951e-5,4.8031250373617226e-5,6.242160525150102e-5
553386,236291,148952,206307,8.464054221184613e-4,6.082080086415909e-4,7.428909209472986e-4
553359,49237,32649,53618,1.7636923864576594e-4,1.3331397546954252e-4,1.9307306780357554e-4
553345,37832,10466,42561,1.355159948097288e-4,4.273527726007633e-5,1.532579141107087e-4
553344,205559,129238,211497,7.363219596398035e-4,5.277108506151104e-4,7.615795930704766e-4
553268,71826,39618,25035,2.5728409397345053e-4,1.6177013323998701e-4,9.014853691787297e-5
553263,160050,72724,121621,5.733065914912533e-4,2.969501532067448e-4,4.3794508522023687e-4
550987,15830,16588,17370,5.670380095786654e-5,6.77329236757258e-5,6.254763675907544e-5
545358,15795023,5890509,4733544,0.05657851170669135,0.024052411171218705,0.017045019613995453
545069,3582,31405,4927,1.2830891663365631e-5,1.2823441451869836e-4,1.774163536626164e-5
544748,2742624,4702527,4919789,0.009824207542531129,0.01920158562659994,0.017715669274801095
544707,1333,1158,1281,4.774868393988383e-6,4.728401592506057e-6,4.612753177223698e-6
544105,50723,17652,59937,1.8169216020125486e-4,7.20774999230716e-5,2.158271562710826e-4
544078,7992,6978,1821,2.862771808308714e-5,2.8492907005619398e-5,6.557239294086148e-6
544032,944,2000,1790,3.3814521859902724e-6,8.166496705537231e-6,6.445611387377377e-6
541377,59975,118314,72362,2.148332572614053e-4,4.83105445609466e-4,2.60568341460001e-4
540580,28900,8214,38521,1.0352115272788016e-4,3.353980196964141e-5,1.3871027723640444e-4
539711,165656,2941,66282,5.933875458923778e-4,1.2008833405492498e-5,2.3867486814421637e-4
539702,28540,4222,15480,1.0223161587729066e-4,1.7239474545389094e-5,5.574193535005687e-5
539604,7087,2981,6508,2.5385965722577395e-5,1.2172163339603243e-5,2.3434658608408922e-5
534660,3304,1526,5417,1.1835082650965954e-5,6.231036986324907e-6,1.950607647230349e-5
524550,6436,2210,2956,2.3054053251094696e-5,9.02397885961864e-6,1.0644261039713701e-5
521677,2480,12227,4858,8.883476081838851e-6,4.992587760930186e-5,1.7493173251329217e-5
521666,2000,1200,1512,7.1640936143861704e-6,4.899898023322339e-6,5.444561127214857e-6
520868,179818,61475,49200,6.441164927758462e-4,2.5101769248645064e-4,1.7716429064746757e-4
520865,10059,4457,10714,3.603180883355524e-5,1.819903790828972e-5,3.858004491863755e-5
520862,4819,2245,3723,1.726188356386348e-5,9.166892551965542e-6,1.3406151505701661e-5
520631,166252,96212,204468,5.955224457894648e-4,3.92857490516574e-4,7.36268865449317e-4
519942,332,5727,336,1.1892395399881043e-6,2.3384763316305862e-5,1.2099024727144127e-6
519090,154421,100517,169978,5.531432500135634e-4,4.1043587467524294e-4,6.120738169852691e-4
517908,16604,13656,20113,5.9476305186633985e-5,5.576083950540821e-5,7.24249060526934e-5
517902,24886,3666,8966,8.914281684380712e-5,1.4969188461249744e-5,3.2285671340349475e-5
514161,680,824,761,2.435791828891298e-6,3.364596642681339e-6,2.740285064689488e-6
513579,878,1830,843,3.145037096715529e-6,7.472344485566567e-6,3.0355588824352677e-6
511804,667,591,542,2.3892252203977878e-6,2.4131997764862516e-6,1.9516879172952727e-6
511719,19606,25372,15439,7.022960970182763e-5,1.0360017720644532e-4,5.559429844118398e-5
509844,153451,77278,122680,5.496686646105861e-4,3.155452662052531e-4,4.417584385494171e-4
488159,280,199,488,1.002973106014064e-6,8.125664222009545e-7,1.757239305609028e-6
486463,16556,10422,136,5.930436693988872e-5,4.255561433255451e-5,4.897224294320242e-7
476084,1368,2117,1383,4.90024003224014e-6,8.64423676281116e-6,4.980044999297716e-6
474821,23437,11590,40870,8.395243102018435e-5,4.732484840858825e-5,1.471687918447561e-4
474672,210347,73090,124480,7.534727997526439e-4,2.984446221038581e-4,4.482400589389586e-4
474251,854,7942,11058,3.059067973342895e-6,3.242915841768834e-5,3.981875459308326e-5
474221,85523,50563,75282,3.063473890915742e-4,2.064612864610395e-4,2.7108297009192386e-4
474043,8079,18263,16849,2.8939356155312936e-5,7.457236466661322e-5,6.0671567746324816e-5
425777,1051,1465,932,3.7647311943599327e-6,5.981958836806022e-6,3.3560390016959304e-6
425770,34689,16997,36135,1.2425762169472094e-4,6.940297225200816e-5,1.3011852932004553e-4
425127,22227,4723,26606,7.961815438348071e-5,1.928518197012617e-5,9.580555115785614e-5
422265,338848,238204,331807,0.0012137693965237626,9.726460906228953e-4,0.0011948038981069973
421543,4025,9408,1007,1.4417738398952169e-5,3.841520050284714e-5,3.626106517926826e-6
417901,9484,9931,20440,3.397213191941922e-5,4.0550739391345123e-005,7.36024004234601e-5
417820,5011,4566,5686,1.794963655084455e-5,1.86441119787415e-5,2.0474718630518304e-5
417688,22476,3806,13330,8.051008403847178e-5,1.554084323063735e-5,4.799999988477119e-5
412153,4646,2493,5462,1.6642189466219075e-5,1.0179538143452159e-5,1.966811698204203e-5
407336,53649,21781,57800,1.9217322915910184e-4,8.893723237165322e-5,2.0813203250861028e-4
406926,22506,751,5371,8.061754544268758e-5,3.06651951292923e-6,1.9340435062348545e-5
406851,217296,332444,244795,7.783644430158287e-4,0.0013574514153878096,8.814823684765615e-4
406846,45939,306129,371440,1.6455564827564314e-4,0.0012500007349847036,0.001337518376384052
405282,11938,7023,18855,4.276247478427105e-5,2.8676653181493988e-5,6.789497358044717e-5
404192,26763,9626,16623,9.586631870090854e-5,3.9305348643750694e-5,5.985776429741572e-5
404164,163934,30976,164213,5.872192612903913e-4,1.2648270097536063e-4,5.913146272376543e-4
404049,32299,19067,17948,1.1569652982552946e-4,7.785529634223919e-5,6.462895708416155e-5
400553,409,294,273,1.465057144141972e-6,1.200475015713973e-6,9.830457590804603e-7
400202,3765,4104,3888,1.3486406229081966e-5,1.67576512397624e-5,1.4000300041409632e-5
396760,14689,4011,10189,5.261668555085923e-5,1.6377909142954915e-5,3.668957230502128e-5
396036,92138,196403,114367,3.3004262872115647e-4,8.019622262288144e-4,4.118241550503846e-4
391901,2995470,105742,868721,0.010729913749542672,4.3177084731845893e-4,0.003128177636901599
391335,6927,4343,7690,2.4812838233426503e-5,1.7733547596074098e-5,2.7690922664207838e-5
390198,2360,2431,15044,8.45363046497568e-6,9.926376745580504e-6,5.417194285570126e-5
390194,6569868,4904392,7841675,0.023533574693080022,0.020025850555331577,0.02823708920453212
390145,35192,11650,30381,1.2605939123873906e-4,4.756984330975437e-5,1.0939894947481122e-4
390130,54575,56169,70800,1.9549020450256263e-4,2.2935197672666036e-4,2.549437353219655e-4
389549,10721,4380,4851,3.8403123819917066e-5,1.7884627785126537e-5,1.7467966949814334e-5
385008,81664,46440,87778,2.925242704626161e-4,1.896260535025745e-4,3.160798191962075e-4
384914,14934,7696,13326,5.3494287018621536e-5,3.142467932290726e-5,4.798559628390555e-5
383524,90150,56897,65709,3.2292151966845664e-4,2.3232458152747592e-4,2.3661155232021234e-4
382948,378,7189,1881,1.3540136931189862e-6,2.9354472408053577e-5,6.773293307070864e-6
382947,247,588,371,8.847655613766921e-7,2.400950031427946e-6,1.3359339802888306e-6
382905,33487,24410,28668,1.1995200143247485e-4,9.96720922910819e-5,1.0323060740409757e-4
382622,1130,693,1060,4.0477128921281866e-6,2.8296911084686508e-6,3.816954229396659e-6
382616,10760,161875,8960,3.85428236453976e-5,6.609758271044196e-4,3.226406593905101e-5
382613,5411,69802,65750,1.9382455273721783e-5,2.850189015199549e-4,2.3675918922908522e-4
382601,1923,2142,1452,6.888276010232303e-6,8.746317971630375e-6,5.228507114230141e-6
381736,6071,4748,7676,2.174660616646922e-5,1.9387263178945385e-5,2.764051006117807e-5
381214,54934,37401,36371,1.9677615930634496e-4,1.5271757164189899e-4,1.3096834177111875e-4
380652,5046,7320,6051,1.8075008189096308e-5,2.9889377942266267e-5,2.1789047209508662e-5
380602,5710,3475,5548,2.0453487269072516e-5,1.418928802587094e-5,1.9977794400653456e-5
380297,9113,3968,2734,3.264319255395059e-5,1.6202329463785865e-5,9.84486119167025e-6
380205,11073,13702,18173,3.9664004296049036e-5,5.594866892963557e-5,6.543915963285423e-5
379924,132581,89261,126070,4.749113477444664e-4,3.644748312164794e-4,4.539654902830536e-4
379876,7609,2970,4520,2.7255794155932187e-5,1.2127247607722789e-5,1.627606897818198e-5
379063,1215,3195,1485,4.352186870739598e-6,1.3045978487095727e-5,5.347336821371735e-6
378996,85456,26879,17820,3.061073919554923e-4,1.0975363247406762e-4,6.416804185646082e-5
377666,2098,2503,2472,7.515134201491093e-6,1.0220370626979845e-5,8.901425334970322e-6
377276,6903,430,1402,2.4726869110053867e-5,1.7557967916905047e-6,5.048462103409543e-6
377232,119703,83403,124468,4.287817489614339e-4,3.405551623659608e-4,4.4819684813636164e-4
377204,5603,13180,9332,2.0070208260702858e-5,5.3817213289490355e-5,3.360360081955625e-5
376958,31103,14991,26501,1.1141240184412653e-4,6.121197605635432e-5,9.542745663513288e-5
374861,210347,73090,124480,7.534727997526439e-4,2.984446221038581e-4,4.482400589389586e-4
371572,8387,599,943,3.0042626571928407e-5,2.4458657633084006e-6,3.3956489040764618e-6
371569,1018,754,1362,3.646523649722561e-6,3.078769257987536e-6,4.904426094753066e-6
371565,11774,53888,12222,4.2175019107891385e-5,2.2003808723399516e-4,4.401020244498676e-5
371564,44672,8703,14035,1.600171949709295e-4,3.553651041414526e-5,5.053863453734161e-5
371554,43430,34544,103538,1.555682928363957e-4,1.4105173109803904e-4,3.728300066068597e-4
371553,44551,8703,14035,1.5958376730725913e-4,3.553651041414526e-5,5.053863453734161e-5
371547,218623,106198,221329,7.831178191289739e-4,4.336328085673214e-4,7.969836439982388e-4
371541,2463,1142,1696,8.82258128611657e-6,4.663069618861759e-6,6.107126767034654e-6
371280,6090,6165,6057,2.181466505580589e-5,2.5173226094818514e-5,2.1810652610807137e-5
371271,19276,4182,3508,6.904753425545391e-5,1.707614461127835e-5,1.2631957959173094e-5
370221,85451,26879,17820,3.0608948172145635e-4,1.0975363247406762e-4,6.416804185646082e-5
370173,12670,8099,9788,4.538453304713639e-5,3.3070228409073014e-5,3.5245611318240094e-5
370157,3829,2668,4503,1.3715657224742324e-5,1.0894106605186666e-5,1.6214853674502976e-5
367427,7524,4824,8900,2.6951320177320773e-5,1.9697590053755803e-5,3.204801192606629e-5
367202,38041,28748,24651,1.3626464259243215e-4,1.1738522364539217e-4,8.87657912347708e-5
366123,3750,1291,3558,1.343267552697407e-5,5.271473623424283e-6,1.2812002969993692e-5
361344,1139,891,638,4.079951313392924e-6,3.6381742823168363e-6,2.2973743380708193e-6
360157,10992,12663,24272,3.9373858504666395e-5,5.170617389110898e-5,8.740105005275067e-5
360148,36947,16066,31668,1.3234588338536293e-4,6.560146803558057e-5,1.140333080533334e-4
360106,2837,2136,2117,1.0162266792006783e-5,8.721818481513762e-6,7.623105758144082e-6
359906,62521,38168,5204,2.239531484325189e-4,1.558494231284725e-4,1.8739084726207747e-5
357445,126340,85366,238640,4.525557936207744e-4,3.4857057888244565e-4,8.59318827644546e-4
356187,4191,3022,5027,1.501235816894622e-5,1.2339576522066755e-5,1.8101725387902836e-5
355602,1833,4343,2695,6.565891797584925e-6,1.7733547596074098e-5,9.704426083230185e-6
354270,15660,10376,18997,5.609485300064371e-5,4.236778490832715e-5,6.840630141117767e-5
354256,77525,13691,202749,2.7769817872764396e-4,5.590375319775512e-5,7.30078917977305e-4
354254,9799,7835,9947,3.5100476663685044e-5,3.19922508439421e-5,3.581815445264959e-5
354252,184967,203042,177381,6.625604517860835e-4,8.290709120428452e-4,6.387312812873668e-4
354246,521999,229073,195745,0.0018698248513079833,9.353619499137651e-4,7.048582128615557e-4
353481,562698,284712,899400,0.0020156105743139347,0.0011625498050134582,0.003238649654640901
351741,2758,741,3024,9.879285094238529e-6,3.025687029401544e-6,1.0889122254429714e-5
351285,26420,56754,33858,9.463767664604132e-5,2.3174067701303e-4,1.2191927952727555e-4
351222,9322,12091,16627,3.339184033665394e-5,4.937055583332533e-5,5.987216789828137e-5
350330,1580,1240,1506,5.659633955365075e-6,5.0632279574330834e-006,5.422955725916385e-6
350308,8243,6094,8387,2.95268118316926e-5,2.488331546177194e-5,3.0200750115046963e-5
348293,175,2387,4503,6.268581912587899e-7,9.746713818058686e-6,1.6214853674502976e-5
347607,148495,251291,610950,5.319160406341372e-4,0.0010260835618155781,0.0021999699872168764
346922,4097,3282,2953,1.467564576907007e-5,1.3401221093786595e-5,1.0633458339064466e-5
346416,6099,8119,14346,2.1846903477070627e-5,3.3151893376128386e-5,5.165851450464573e-5
346408,9312,3712,8159,3.335601986858201e-5,1.51570178854771e-5,2.937974486570504e-5
346346,2417,2091,6180,8.657807132985687e-6,8.538072305639175e-6,2.2253563337425805e-5
346256,46822,42083,32579,1.6771859560639463e-4,1.7183534042956164e-4,1.1731372815048467e-4
346225,23769,22444,32258,8.514167056017244e-5,9.16444260295388e-5,1.1615783918101644e-4
344676,49512,7518,53624,1.7735430151774405e-4,3.069786111611445e-5,1.93094673204874e-4
342924,32030,45182,35182,1.1473295923439452e-4,1.844893270747916e-4,1.2668687141380495e-4
342840,48664,34245,47250,1.743167258252443e-4,1.3983083984056124e-4,1.701425352254643e-4
342183,6794,3751,5634,2.4336426008069823e-5,1.531626457123508e-5,2.0287471819264886e-5
341344,30050,18908,39894,1.0764050655615221e-4,7.720605985414899e-5,1.4365431323353804e-4
328993,4191,3016,5027,1.501235816894622e-5,1.2315077031950144e-5,1.8101725387902836e-5
328824,450,79,488,1.6119210632368885e-6,3.2257661986872063e-7,1.757239305609028e-6
324432,3739,2728,5112,1.3393273012094947e-5,1.1139101506352783e-5,1.840780190629785e-5
323841,15378,10585,20797,5.5084715801015266e-5,4.322118381405579e-5,7.488792180071917e-5
321802,20435,37286,47048,7.31991265049907e-5,1.522479980813306e-4,1.6941515338174908e-4
320847,226940,227748,164562,8.129097024243988e-4,9.299516458463466e-4,5.925713414131821e-4
320842,141587,6469,315243,5.071712612900474e-4,2.6414533594060174e-5,0.00113515858692235
250667,2362,7727,3416,8.460794558590067e-6,3.155126002184309e-5,1.2300675139263195e-5
250558,3861,1630,4107,1.3830282722572502e-5,6.6556948150128436e-6,1.4788897188803847e-5
242849,4694,3103,6631,1.681412771296434e-5,1.2670319638641014e-5,2.387756933502759e-5
241382,6093,4926,7500,2.1825411196227467e-5,2.01140813857382e-5,2.700675162308957e-5
237707,24604,18184,31699,8.813267964417867e-5,7.42497880467445e-5,1.1414493596004216e-4
234465,70014,237842,170404,2.5079342515881665e-4,9.71167954719193e-4,6.136078004774606e-4
232320,2432,25338,8237,8.711537835093583e-6,1.0346134676245118e-4,2.966061508258517e-5
230854,54193,31511,53497,1.9412186262221488e-4,1.2866723884409184e-4,1.926373588773897e-4
228851,37991,25326,26042,1.360855402520725e-4,1.0341234778221796e-4,9.37746434357998e-5
228833,15378,10317,11144,5.5084715801015266e-5,4.212687325551381e-5,4.012843201169469e-5
228307,3197,1500,2413,1.1451803642596293e-5,6.1248725291529235e-6,8.688972222202017e-6
227159,24661,11716,9730,8.833685631218868e-5,4.78393377010371e-5,3.50367591056882e-5
224423,6346,3076,5686,2.273166903844732e-5,1.2560071933116261e-5,2.0474718630518304e-5
224377,17773,13151,18210,6.36637179042427e-5,5.3698799087260066e-5,6.557239294086148e-5
223738,787,764,563,2.819070837260958e-6,3.1196017415152222e-6,2.0273068218399235e-6
223237,1672,1410,1742,5.989182261626838e-6,5.757380177403748e-6,6.272768176989604e-6
223227,12045,10309,14502,4.3145753792640714e-5,4.209420726869166e-5,5.222025493840599e-5
223171,6923,2135,5350,2.479851004619773e-5,8.717735233160994e-6,1.926481615780389e-5
223160,3171,4581,2799,1.1358670425609273e-5,1.8705360704033026e-5,1.0078919705737026e-5
223108,8859,13188,6032,3.173335266492354e-5,5.38498792763125e-5,2.1720630105396837e-5
222288,12190,6818,12035,4.366515057968371e-5,2.783958726917642e-5,4.333683410451773e-5
219979,40736,27418,31113,1.4591825873781753e-4,1.119545033362099e-4,1.1203480843322476e-4
219417,2703,13051,2036,9.682272519842909e-6,5.3290474251983204e-5,7.331432840614715e-6
215929,2611,940,6345,9.352724213581145e-6,3.838253451602499e-6,2.2847711873133774e-5
215683,24698,13646,17232,8.846939204405482e-5,5.572000702188053e-5,6.205071252921059e-5
215676,6973,4612,5613,2.4977612386557383e-5,1.8831941402968854e-5,2.0211852914720232e-5
215644,7137,12594,10470,2.556506806293705e-5,5.142442975476795e-5,3.770142526583304e-5
214058,6792,1552,4320,2.4329261914455436e-5,6.337201443496891e-6,1.555588893489959e-5
212017,9569,10325,8405,3.4276605898030636e-5,4.215953924233595e-5,3.0265566318942376e-5
211126,11176,3713,9753,4.003295511718992e-5,1.516110113382987e-5,3.511957981066567e-5
210861,2262,10570,2084,8.102589877870758e-6,4.3159935088764264e-5,7.5042760510024885e-6
210845,7198,6503,4853,2.578357291817583e-5,2.6553364038054307e-5,1.7475168750247155e-5
210842,4347,6717,4812,1.5571157470868343e-5,2.7427179185546792e-5,1.7327531841374267e-5
210393,17467,14491,21120,6.256761158124162e-5,5.9170351879970004e-5,7.605101257062023e-5
210312,148471,13354,161233,5.318300715107646e-4,5.4527698502872095e-5,5.805839445927468e-4
210297,47408,14537,29321,1.698176750354098e-4,5.9358181304197367e-5,1.0558199524541457e-4
210259,88956,34991,86758,3.186445557806681e-4,1.4287694311172663e-4,3.124069009754673e-4
210228,100274,36366,102459,3.5918616154447945e-4,1.4849140959678346e-4,3.689446352733512e-4
209687,1432676,756300,1294876,0.005131912491542161,0.003088160729198904,0.0046627192686266306
209676,273119,156946,325865,9.783250419337682e-4,6.408494959736231e-4,0.0011734073490210777
209172,4138169,7250820,12457782,0.014823115054075402,0.029606898821221733,0.0448592298998128
208244,5813,7181,14233,2.0822438090213406e-5,2.9321806421231427e-5,5.125161278019118e-5
205795,2139,433,232,7.66199812058601e-6,1.7680465367488105e-6,8.354088502075706e-7
199152,9443,6376,10099,3.382526800032431e-5,2.6034791497252693e-5,3.636549128554421e-5
190197,34154,25868,44695,1.2234122665287264e-4,1.0562546838941855e-4,1.6094223517253178e-4
190007,2587,634,924,9.266755090208512e-6,2.588779455655302e-6,3.327231799964635e-6
189939,4344,4025,8599,1.556041133044676e-5,1.6435074619893676e-5,3.096414096092629e-5
189234,3317,4316,3929,1.1881649259459464e-5,1.7623299890549345e-5,1.4147936950282522e-5
188923,25841,13527,26305,9.256367154467652e-5,5.523410046790106e-5,9.472168019271615e-5
187931,8094,1480,5187,2.899308685742083e-5,6.043207562097551e-6,1.8677869422528747e-5
187846,17310,2744,15126,6.200523023251231e-5,1.120443347999708e-5,5.446721667344704e-5
187839,1257,698,1366,4.502632836641708e-6,2.850107350232494e-6,4.918829695618714e-6
187836,2225,1075,2407,7.970054146004615e-6,4.389491979226262e-6,8.667366820903546e-6
183432,2321,1132,1950,8.313930639495151e-6,4.6222371353340724e-6,7.021755422003288e-6
170841,32851,67577,49626,1.1767381966310004e-4,2.759336739350447e-4,1.7869827413965906e-4
170728,48336,61421,47938,1.7314181447248498e-4,2.507971970754011e-4,1.726199545743557e-4
170630,8402,19450,12683,3.00963572740363e-5,7.941918046134958e-5,4.567021744475267e-5
170487,4950,19577,7073,1.7731131695605772e-5,7.993775300215118e-5,2.5469167230681668e-005
170319,33555,24586,28666,1.2019558061536397e-4,1.0039074400116918e-4,1.0322340560366475e-4
170278,4281,1500,3200,1.5334742381593597e-5,6.1248725291529235e-6,1.1522880692518217e-5
170275,14209,6369,13399,5.089730308340655e-5,2.6006208758783312e-5,4.824846199970362e-5
170242,35576,1712,18713,1.274348972127012e-4,6.9905211799398695e-6,6.738364574971668e-5
169614,1663,610,1754,5.956943840362101e-6,2.4907814951888556e-6,6.315978979586547e-6
169611,2996,4093,327,1.0731812234350483e-5,1.6712735507881944e-5,1.1774943707667053e-6
169610,2576,777,4624,9.227352575329387e-6,3.1726839701012143e-6,1.6650562600688823e-5
168880,2463,2189,1558,8.82258128611657e-6,8.938230644210499e-6,5.610202537169807e-6
163829,3245,1624,2980,1.1623741889341561e-5,6.631195324896232e-6,1.0730682644907589e-5
163410,4598,15520,4547,1.6470251219473806e-5,6.337201443496892e-5,1.63732932840251e-5
161401,156060,109086,7344,5.590142247305529e-4,4.4542522981011717e-4,2.6445011189329304e-5
161388,5157,823,3062,1.8472615384694742e-5,3.3605133943285704e-6,1.1025956462653367e-5
160575,4412,8754,13182,1.5803990513335894e-5,3.574475608013646e-5,4.746706665274222e-5
146435,10474,14120,11438,3.7518358258540376e-5,5.7655466741092853e-5,4.11870966753198e-5
146430,10594,4606,9475,3.794820387540355e-5,1.8807441912852243e-5,3.411852955050315e-5
146264,6698,3708,4219,2.3992549514579287e-5,1.5140684892066027e-5,1.5192198013041986e-5
138111,26099,2308,16511,9.348783962093233e-5,9.424137198189965e-6,5.9454463473177585e-5
135765,13654,18857,31955,4.890926710541439e-5,7.699781418815778e-5,1.1506676641544363e-4
135325,7406,11836,3544,2.652863865407199e-5,4.832932750336933e-5,1.2761590366963923e-5
135323,8658,5768,6800,3.101336125667773e-5,2.3552176498769373e-5,2.448612147160121e-5
135260,5616,13180,8917,2.0116774869196366e-5,5.3817213289490355e-5,3.210922722974529e-5
135163,933,960,809,3.3420496711111487e-6,3.919918418657871e-6,2.9131282750772616e-6
134328,64595,31710,89880,2.3138231351063735e-4,1.294798052662928e-4,3.236489114511054e-4
133924,2673,1821,2868,9.574811115627118e-6,7.4355952503916485e-6,1.0327381820669452e-5
133605,25887,13784,18217,9.27284456978074e-5,5.6283495294562596e-5,6.559759924237636e-5
133467,11490,17584,11061,4.115771781464855e-5,7.179983903508334e-5,3.98295572937325e-5
132335,86179,55610,110012,3.086972117970929e-4,2.270694408974627e-4,3.961422346079106e-4
132248,3387,3383,7160,1.213239253596298e-5,1.3813629177416227e-5,2.578244554950951e-5
131989,13925,7558,13666,4.988000179016371e-5,3.0861191050225195e-5,4.9209902357485604e-5
131524,28586,18263,27411,1.0239639003042153e-4,7.457236466661322e-5,9.870427583206775e-5
131446,755226,728455,680872,0.002705254882009205,0.0029744626788160617,0.002451752132148832
131427,3643,493,1168,1.3049396518604409e-5,2.0130414379149276e-6,4.205851452769149e-6
131421,698863,414706,985599,0.0025033599778153813,0.0016933475913832614,0.003549043652395394
130738,6545,13149,4516,2.3444496353078743e-5,5.369063259055453e-5,1.6261665377316334e-5
130659,1912,19042,8739,6.848873495353179e-6,7.775321513341998e-5,3.146826699122397e-5
130582,27133,51866,19406,9.719167601956998e-5,2.11781759064697e-4,6.987906959969016e-5
130549,4288,6082,2275,1.5359816709243948e-5,2.483431648153872e-5,8.19204799233717e-6
130548,4209,43997,12039,1.5076835011475696e-5,1.7965067777676077e-4,4.335123770538338e-5
130530,34562,22153,17537,1.238027017502074e-4,9.045620075888314e-5,6.314898709521623e-5
130528,15800,2248,7721,5.6596339553650745e-5,9.179142297023848e-6,2.780255057091661e-5
130463,75803,46632,110988,2.715298941256574e-4,1.9041003718630608e-4,3.996567132191287e-4
128059,2815,2160,3598,1.0083461762248535e-5,8.81981644198021e-6,1.295603897865017e-5
127630,9183,4883,7377,3.28939358304541e-5,1.993850170656915e-5,2.65638408964709e-5
125960,82800,14939,30683,2.9659347563558745e-4,6.0999647142010345e-5,1.1048642134016763e-4
125942,12992,7819,15900,4.6537952119052564e-5,3.19269188702978e-5,5.725431344094988e-5
125898,2629,192,355,9.417201056110621e-6,7.839836837315741e-7,1.2783195768262395e-6
125897,47408,14537,29321,1.698176750354098e-4,5.9358181304197367e-5,1.0558199524541457e-4
125868,5813,7181,28316,2.0822438090213406e-5,2.9321806421231427e-5,1.0196309052792057e-4
125802,30561,20739,28873,1.0947093247462787e-4,8.468248758806832e-5,1.0396879194846201e-4
124996,60897,37619,48395,2.1813590441763732e-4,1.5360771978280256e-4,1.7426556597325595e-4
121191,2262,2150,2415,8.102589877870758e-6,8.778983958452524e-6,8.696174022634842e-6
118967,487,679,1518,1.7444567951030325e-6,2.77252563152989e-6,5.466166528513329e-6
118602,4840,9548,5844,1.7337106546814533e-5,3.8986855272234744e-5,2.1043660864711393e-5
118128,61245,5034,37687,2.1938245670654051e-4,2.0555072207837212e-5,1.3570712645591688e-4
118125,23066,2611,12366,8.26234916547157e-5,1.0661361449078855e-5,4.452873207615008e-5
118060,36212,31372,27102,1.29713078982076e-4,1.28099667323057e-4,9.759159766519646e-5
117962,28557,17286,8818,1.0229251067301294e-4,7.058303102595829e-5,3.175273810832051e-5
117769,70132,33413,44755,2.5121610668206543e-4,1.3643357721105775e-4,1.611582891855165e-4
117750,63826,23408,76014,2.2862771951590586e-4,9.558067744160775e-5,2.737188290503374e-4
117745,39523,17663,37904,1.4157323596069232e-4,7.212241565495205e-5,1.3648852180287826e-4
117300,2010,1044,1379,7.199914082458101e-6,4.262911280290435e-6,4.965641398432069e-6
117249,4947,5958,8528,1.7720385555184194e-5,2.432799368579541e-5,3.0708477045561045e-5
117245,28444,20459,13578,1.0188773938380011e-4,8.353917804929311e-5,4.889302313844135e-5
117242,36254,15123,12748,1.2986352494797813e-4,6.175096483891977e-5,4.590427595881944e-5
117235,4342,6914,10324,1.5553247236832378e-5,2.8231579111042206e-5,3.717569383423689e-5
117213,42607,70576,26589,1.5262026831407578e-4,2.881793357449978e-4,9.574433585417713e-5
117212,36936,28203,17472,1.323064808704838e-4,1.1515985329313327e-4,6.291492858114946e-5
117201,119240,92539,147231,4.271232612897035e-4,3.778597193168549e-4,5.301641397625467e-4
117200,20435,29862,11684,7.31991265049907e-5,1.2193396231037639e-4,4.2072918128557136e-5
117199,34923,138762,88170,1.250958206476041e-4,5.665997079268787e-4,3.17491372081041e-4
117196,522,4445,853,1.8698284333547905e-6,1.8150038928056495e-5,3.071567884599387e-6
117195,4840258,5468846,3813041,0.01733803071489079,0.02233065642104523,0.01373038016208761
117192,59652,63392,34623,2.1367625614268193e-4,2.5884527957870806e-4,1.2467396819283068e-4
117191,5649,2128,8612,2.0234982413833738e-5,8.689152494691614e-6,3.1010952663739646e-5
117190,64086,9518,77601,2.2955905168577605e-4,3.886435782165168e-5,2.7943345769378315e-4
117182,1092969,708015,36164,0.003915066116811019,0.0028910010824854714,1.302229554263215e-4
116942,87420,58542,95793,3.1314253188481953e-4,2.390415250677803e-4,3.449410344307492e-4
115895,13376,19041,27446,4.791345809301471e-5,7.77491318850672e-5,9.883030733964217e-5
114282,2063,3114,1944,7.389762563239335e-6,1.2715235370521468e-5,7.000150020704816e-6
113559,9550,8080,14087,3.4208547008693965e-5,3.2992646690370415e-5,5.072588134859504e-5
113534,10950,4033,7417,3.9223412538764285e-5,1.6467740606715827e-5,2.6707876905127376e-5
112543,4027,1890,3431,1.4424902492566554e-5,7.717339386732684e-6,1.2354688642509374e-5
112530,420,3197,542,1.5044596590210958e-6,1.3054144983801263e-5,1.9516879172952727e-6
111776,61756,7436,57226,2.2121288262501616e-4,3.0363034751187426e-5,2.0606511578438982e-4
111772,14185,3313,22144,5.0811333960033915e-5,1.3527801792722423e-5,7.973833439222605e-5
111739,13901,15765,15136,4.979403266679108e-5,6.437241028139722e-5,5.450322567561116e-5
111732,87075,13153,137921,3.119067257363379e-4,5.37069655839656e-5,4.966397587477515e-4
110962,7616,406,5341,2.728086848358254e-5,1.657798831224058e-6,1.9232408055856186e-5
110647,45734,22111,25494,1.6382132868016856e-4,9.028470432806686e-5,9.180135011720606e-5
110628,34372,87875,52279,1.2312211285684074e-4,3.588154489995421e-4,1.8825146241379994e-4
110612,13579,18124,29851,4.8640613594874903e-5,7.400479314557838e-5,1.074904723601129e-4
110605,197237,13097,29238,7.065121661103426e-4,5.347830367621056e-5,1.0528312052745237e-4
110346,43459,28809,51436,1.5567217219380428e-4,1.1763430179491105e-4,1.8521590353136468e-4
110328,27054,17261,32481,9.690869432180173e-5,7.048094981713907e-5,1.1696083992927631e-4
110321,38887,31288,46777,1.392950541913175e-4,1.2775667446142446e-4,1.6843930942310144e-4
110283,8802,8743,3638,3.152917599691354e-5,3.5699840348256007e-5,1.3100074987306647e-5
110182,3322,1948,2947,1.1899559493495429e-5,7.954167791193263e-6,1.0611852937765995e-5
110123,44945,3236,1556,1.6099509374929323e-4,1.321339166955924e-5,5.603000736736983e-6
110031,7137,12594,10470,2.556506806293705e-5,5.142442975476795e-5,3.770142526583304e-5
110021,25037,17026,32469,8.968370591169328e-5,6.952138645423844e-5,1.1691762912667936e-4
109714,9692,7761,9486,3.471719765531538e-5,3.1690090465837224e-5,3.415813945288369e-5
109387,135046,51900,141973,4.837410931241974e-4,2.1192058950869115e-4,5.112306064246527e-4
109386,11466,4388,9657,4.1071748691275914e-5,1.7917293771948684e-5,3.477389338989013e-5
108314,9536007,3445042,7932132,0.034158423427720915,0.014066962071718698,0.028562815835408095
107960,12845,9104,7075,4.601139123839518e-5,3.7173893003605474e-5,2.5476369031114492e-5
107143,67606,114588,308160,2.4216785644709573e-4,4.678912622470501e-4,0.0011096534106895043
106940,203332,140787,177018,7.283447414001844e-4,5.748682858412351e-4,6.374241545088092e-4
106931,11042,4171,6253,3.9552960845026044e-5,1.7031228879397894e-5,2.2516429053223877e-5
106902,9818,3013,7609,3.516853555302171e-5,1.2302827286891839e-5,2.739924974667847e-5
106482,27207,13652,27442,9.745674748330227e-5,5.574450651199714e-5,9.881590373877653e-5
106427,296259,170057,268128,0.0010612136050522163,6.943849651267725e-4,9.655021732261014e-4
105769,3199,820,1264,1.145896773621068e-5,3.348263649270265e-6,4.5515378735446956e-6
105406,69381,36445,76104,2.4852598952986347e-4,1.4881398621665218e-4,2.740429100698145e-4
105370,163125,60851,172540,5.84321385423372e-4,2.4846974551432304e-4,6.212993233397165e-4
105085,273,448,430,9.778987783637124e-7,1.8292952620403397e-6,1.5483870930571353e-6
105081,24816,2197,4954,8.88920735673036e-5,8.970896631032649e-6,1.7838859672104764e-5
104990,3359,7031,4939,1.2032095225361573e-5,2.8709319168316135e-5,1.7784846168858585e-5
104933,76214,41907,88047,2.730021153634138e-4,1.7111668871947437e-4,3.170484613544223e-4
104931,12334,8063,22640,4.418096531991951e-5,3.292323146837335e-5,8.152438089956638e-5
104924,26650,45779,43725,9.546154741169572e-5,1.8692702634139446e-4,1.574493619626122e-4
104918,306993,168482,336342,0.0010996632954806268,6.879538489711619e-4,0.0012111339805884257
104417,6984,11956,9824,2.5017014901436508e-5,4.8819317305701565e-5,3.537524372603092e-5
104390,1051,1114,732,3.7647311943599327e-6,4.548738664984238e-6,2.635858958413542e-6
104378,20293,4486,46420,7.269047585836928e-5,1.831745211052001e-5,1.6715378804584236e-4
104312,16905,256312,737694,6.0554501275599104e-5,0.0010465855517948293,0.0026563624842457917
104238,736,1421,1097,2.636386450094111e-6,5.802295909284203e-6,3.950187537403901e-6
104135,17347,8513,21379,6.213776596437845e-5,3.476069322711922e-5,7.698364572667092e-5
104131,29276,9389,19627,1.0486800232738476e-4,3.833761878414453e-5,7.06748685475172e-5
103821,117494,92739,108704,4.2086900756434437e-4,3.7867636898740865e-4,3.914322571248438e-4
102904,97470,20355,41314,3.4914210229711e-4,8.311452022060516e-5,1.4876759154084298e-4
100922,4729,6604,9770,1.69394993512161e-5,2.6965772121683935e-5,3.518079511434468e-5
100908,1381,1036,1460,4.946806640733651e-6,4.230245293468286e-6,5.257314315961436e-6
100877,337,474,538,1.2071497740240697e-6,1.9354597192123237e-6,1.937284316429625e-6
100869,11816,12221,19041,4.2325465073793494e-5,4.990137811918525e-5,6.85647410206998e-5
100865,7852,10410,14444,2.8126231530080106e-5,4.2506615352321286e-5,5.2011402725854097e-5
100727,6370,13477,13299,2.2817638161819953e-5,5.5029938050262634e-5,4.788837197806242e-5
100468,1106,1795,1579,3.961743768755553e-6,7.329430793219665e-6,5.685821441714457e-6
100114,6864,4933,5160,2.458716928457334e-5,2.014266412420758e-5,1.8580645116685622e-5
100017,154056,113237,134533,5.518358029289379e-4,4.623747937224597e-4,4.8443990881454784e-4
99877,6182,1272,4557,2.2144213362067655e-5,5.193891904721679e-6,1.6409302286189222e-5
98053,39984,39427,27963,1.432245595388083e-4,1.609902328046082e-4,1.0069197275152714e-4
98027,14167,13092,9088,5.074685711750444e-5,5.3457887434446715e-5,3.2724981166751735e-5
97891,18007,12245,12314,6.450191685712589e-5,4.9999376079651694e-5,4.434148526489666e-5
97693,6945,10073,6478,2.4877315075955976e-5,4.113056065743826e-5,2.3326631601916564e-5
95422,32663,50552,67066,1.1700039486334775e-4,2.0641637072915905e-4,2.4149797391388335e-4
95404,5548,2427,7721,1.9873195686307237e-5,9.91004375216943e-6,2.780255057091661e-5
94586,11058,6308,14045,3.961027359394114e-5,2.5757130609264426e-5,5.057464353950573e-5
94582,187983,95389,218822,6.733639049565777e-4,3.8949697712224545e-4,7.879561871556941e-4
92552,3402,35314,48478,1.2186123238070876e-5,1.4419583232967088e-4,1.7456444069121815e-4
91648,3842,3284,5525,1.3762223833235834e-5,1.3409387590492133e-5,1.989497369567598e-5
91401,299,947,323,1.0710319953507325e-6,3.8668361900718785e-6,1.1630907699010573e-6
90822,6871,2071,8631,2.461224361222369e-5,8.456407338583802e-6,3.1079369767851475e-5
87950,1967,2531,2184,7.045886069748799e-6,1.0334701580857366e-5,7.864366072643683e-6
87877,34925,19730,50383,1.251029847412185e-4,8.056249000012478e-5,1.814241556034829e-4
85106,14593,5348,4682,5.227280905736869e-5,2.1837212190606555e-5,1.6859414813240715e-5
84390,20708,16275,28987,7.417702528335441e-5,6.645486694130921e-5,1.0437929457313297e-4
84223,121299,72060,108610,4.3449869566571407e-4,2.9423887630050644e-4,3.910937725045011e-4
84216,2120,14643,1694,7.593939231249341e-6,5.979100562959084e-5,6.0999249666018304e-6
84185,2684,1789,2492,9.614213630506241e-6,7.304931303103053e-6,8.973443339298561e-6
84181,6079,4872,7356,2.1775262540926764e-5,1.9893585974688694e-5,2.648822199192625e-5
84086,47270,2672,480,1.6932335257601713e-4,1.0910439598597741e-5,1.7284321038777323e-6
68541,815,619,490,2.9193681478623644e-6,2.527530730363773e-6,1.7644411060418517e-6
68263,8247,3686,7586,2.9541140018921375e-5,1.5050853428305117e-5,2.7316429041700995e-5
68235,717,1842,695,2.5683275607574423e-6,7.52134346579979e-6,2.5026256504063e-6
68142,2616,1266,1045,9.370634447617112e-6,5.169392414605068e-6,3.7629407261504798e-6
68094,747,7688,626,2.6757889649732346e-6,3.139201333608512e-5,2.254163535473876e-6
67178,28247,46610,32008,1.0118207616278308e-4,1.9032020572254518e-4,1.1525761412691345e-4
67163,54414,31479,37514,1.9491349496660455e-4,1.2853657489680324e-4,1.350841707184776e-4
67160,38118,24917,22301,1.3654046019658602e-4,1.017422992059356e-4,8.030367572620273e-5
66827,4593,3264,4305,1.645234098543784e-5,1.332772262343676e-5,1.550187543165341e-5
66763,45648,50488,41568,1.6351327265474997e-4,2.0615504283458185e-4,1.496822201958116e-4
66608,3241,4876,2993,1.160941370211279e-5,1.990991896809977e-5,1.0777494347720943e-5
66546,758,1799,511,2.7151914798523586e-6,7.3457637866307394e-6,1.8400600105865025e-6
66437,307717,171046,336878,0.0011022566973690347,6.984232977476606e-4,0.0012130640631044223
66396,3230,4104,3888,1.1570011187233666e-5,1.67576512397624e-5,1.4000300041409632e-5
66391,44954,59065,49805,1.6102733217055796e-4,2.411770639562783e-4,1.793428352783968e-4
66367,9489,6877,8174,3.3990042153455183e-005,2.808049892198977e-5,2.943375836895122e-5
66350,3850,32698,3154,1.3790880207693379e-5,1.3351405463882818e-4,1.1357239282563266e-5
66291,10760,164190,8960,3.85428236453976e-5,6.70428547041079e-4,3.226406593905101e-5
66287,26772,98040,17941,9.589855712217327e-5,4.0032166850543507e-4,6.460375078264666e-5
66261,34108,49347,23446,1.2217645249974174e-4,2.0149605646407288e-4,8.44267064739944e-5
66256,210347,73090,124480,7.534727997526439e-4,2.984446221038581e-4,4.482400589389586e-4
65419,4534,1464,8810,1.624100022381345e-5,5.977875588453253e-6,3.1723930906589214e-5
65232,2507,1082,2244,8.980191345633064e-6,4.418074717695642e-6,8.080420085628398e-6
65051,111406,73371,2355,3.9906150660215284e-4,2.9959201489098607e-4,8.480120009650124e-6
65017,20887,11138,16821,7.481821166184197e-5,4.547922015313684e-5,6.057074254026528e-5
64799,253,794,196,9.062578422198505e-7,3.2420991920982807e-6,7.057764424167407e-7
64787,358,627,463,1.2823727569751245e-6,2.560196717185922e-6,1.6672168001987294e-6
64753,881,4579,1521,3.155783237137108e-6,1.869719420732749e-5,5.476969229162565e-6
64652,1139,667,173,4.079951313392924e-6,2.7235266512966666e-6,6.229557374392661e-7
64643,2935,3715,2405,1.0513307379111705e-5,1.5169267630535407e-5,8.660165020470721e-6
64616,6809,3832,5796,2.4390156710177717e-5,1.5647007687809334e-5,2.0870817654323617e-5
64612,33844,4155,15858,1.2123079214264278e-4,1.6965896905753596e-5,5.710307563186058e-5
64604,2760,4471,3398,9.886449187852915e-6,1.825620338522848e-5,1.223585893536778e-5
64586,4838,816,16006,1.7329942453200147e-5,3.33193065585919e-6,5.763600886388955e-5
64585,19095,1870,9945,6.839918378335196e-5,7.635674419677311e-6,3.581095265221677e-5
64557,9130,12809,71951,3.270408734967287e-5,5.23023281506132e-5,2.5908837147105567e-4
62840,124118,71381,142161,4.4459648561519135e-4,2.9146635066897654e-4,5.119075756653381e-4
62820,21503,7735,14008,7.702475249507291e-5,3.158392600866524e-5,5.044141023149849e-5
62816,663005,643834,884143,0.0023749149434030515,0.0026289341199564288,0.003183710720039104
62766,2107,1949,2593,7.54737262275583e-6,7.958251039546031e-6,9.337134261156167e-6
62409,49825,41348,60615,1.7847548216839548e-4,1.6883415289027672e-4,2.182685666178099e-4
62393,20791,69386,11002,7.447433516835144e-5,2.8332027020520315e-4,3.961710418096419e-5
62375,17093,8650,18050,6.12279260753514e-5,3.532009825144852e-5,6.499624890623556e-5
62348,6088,15292,4547,2.1807500962191502e-5,6.244103381053767e-5,1.63732932840251e-5
62311,8363,11684,5412,2.9956657448555774e-5,4.77086737537485e-5,1.9488071971221433e-5
62290,41754,18212,45388,1.4956478238754007e-4,7.436411900062203e-5,1.6343765902250524e-4
62267,27830,6320,49582,9.968836264418356e-5,2.580612958949765e-5,1.7853983453013694e-4
62252,45010,2300,73257,1.6122792679176077e-4,9.391471211367816e-6,2.6379114715368966e-4
53745,13579,19799,29509,4.8640613594874903e-5,8.084423413646582e-5,1.062589644861e-4
52871,6578,4155,3808,2.3562703897716114e-5,1.6965896905753596e-5,1.3712228024096677e-5
50367,3732,1025,924,1.3368198684444595e-5,4.185329561587831e-6,3.327231799964635e-6
48608,105001,75169,175783,3.7611849680208113e-4,3.0693369542926404e-4,6.329770427415405e-4
47358,3859,3345,4388,1.3823118628958115e-5,1.365846574001102e-5,1.5800750149615603e-5
47286,12045,10309,14502,4.3145753792640714e-5,4.209420726869166e-5,5.222025493840599e-5
47259,5603,13195,9332,2.0070208260702858e-5,5.387846201478188e-5,3.360360081955625e-5
46365,2723,9636,4326,9.75391345598677e-6,3.934618112727838e-5,1.5577494336198064e-5
46362,1368,2117,1383,4.90024003224014e-6,8.64423676281116e-6,4.980044999297716e-6
46349,24873,3666,8966,8.90962502353136e-5,1.4969188461249744e-5,3.2285671340349475e-5
46207,1331,24135,3638,4.7677043003739964e-006,9.854919899407054e-5,1.3100074987306647e-5
46179,25887,13784,18217,9.27284456978074e-5,5.6283495294562596e-5,6.559759924237636e-5
46149,4707,2458,8082,1.6860694321457853e-5,1.0036624451105257e-5,2.9102475549041318e-5
46131,798060,612078,1353900,0.0028586882749485135,0.0024992664852659086,0.0048752588030001286
42424,29630,12420,31058,1.0613604689713112e-4,5.071394454138621e-5,1.1183675892132211e-4
42245,113764,8789,139698,4.0750797297351414e-4,3.588766977248336e-5,5.030385584323155e-4
42007,103257,124424,132099,3.698714071703364e-4,5.080540930448822e-4,4.756753176878012e-4
34087,1377,2238,1141,4.9324784535048785e-6,9.138309813496162e-6,4.108627146926026e-6
33999,1541,1172,1719,5.5199341298845445e-6,4.785567069444817e-6,6.189947472012129e-6
33395,15194,28193,32435,5.442561918849174e-5,1.1511902080960558e-4,1.1679519851932135e-4
31695,17093,8650,17681,6.12279260753514e-5,3.532009825144852e-5,6.366751672637955e-5
31664,7828,4684,5246,2.804026240670747e-5,1.9125935284368197e-5,1.889032253529705e-5
31599,1012,3333,1512,3.625031368879402e-6,1.3609466759777796e-5,5.444561127214857e-6
27127,13236,49444,5611,4.7411971540007675e-5,2.0189213155429142e-4,2.020465111428741e-5
26911,435,266,296,1.5581903611289922e-6,1.0861440618364517e-6,1.0658664640579349e-6
26755,24150,15244,63402,8.650643039371301e-5,6.224503788960478e-5,2.2830427552094997e-4
26751,24163,20495,26676,8.655299700220652e-5,8.368617498999278e-5,9.605761417300498e-5
26736,7024,2683,6111,2.516029677372423e-5,1.0955355330478196e-5,2.200510122249338e-5
26723,1993,2011,1785,7.139019286735819e-6,8.211412437417685e-6,6.427606886295317e-6
23170,63201,15266,38014,2.2638894026141018e-4,6.233486935336568e-5,1.3688462082668359e-4
22969,71756,39183,41627,2.57033350696947e-4,1.5999392020653267e-4,1.4989467330857992e-4
22885,81227,49754,66897,2.9095891600787276e-4,2.031579385436497e-4,2.408894217773097e-4
21827,3850,2553,2933,1.3790880207693379e-5,1.0424533044618276e-5,1.0561440334736228e-5
21709,852935,694891,998126,0.0030552530934932344,0.002837412531103736,0.0035941521294063864
21683,36796,22318,37724,1.3180499431747676e-4,9.112993673708996e-5,1.358403597639241e-4
20297,3918,5559,2248,1.4034459390582508e-5,2.2698777593040734e-5,8.094823686494046e-6
18588,4233,4631,4918,1.516280413484833e-5,1.8909523121671457e-5,1.7709227264313935e-5
18489,149,557,88,5.337249742717697e-7,2.274369332492119e-6,3.1687921904425095e-7
18488,2725,5224,18021,9.761077549601157e-6,2.133088939486325e-5,6.489182279995962e-5
18361,9288878,2444927,8267824,0.03327319578230609,0.009983244145389513,0.029771609230855853
18345,10645,27246,14794,3.813088826257039e-5,1.112521846195337e-4,5.3271717801598276e-5
18257,46079,23969,37161,1.6505713482865017e-4,9.787137976751095e-5,1.338130529420842e-4
18177,9858,4098,7970,3.5311817425309435e-5,1.6733151749645785e-5,2.8699174724803183e-5
18168,4115,4919,3118,1.4740122611599547e-5,2.008549864726882e-5,1.1227606874772436e-5
18037,3934,2809,4165,1.4091772139497598e-5,1.146984462292704e-5,1.499774940135574e-5
18023,1010,1195,761,3.617867275265016e-6,4.879481781558496e-6,2.740285064689488e-6
17863,280,907,1260,1.002973106014064e-6,3.7035062559611343e-6,4.537134272679048e-6
17830,105611,67385,137545,3.783035453544689e-4,2.7514969025131317e-4,4.952858202663806e-4
17829,107999,16106,26497,3.86857473130046e-4,6.576479796969132e-5,9.541305303426723e-5
17651,6578,4155,4299,2.3562703897716114e-5,1.6965896905753596e-5,1.548027003035494e-5
17644,2520,23632,6776,9.026757954126574e-6,9.649532507262792e-5,2.4399699866407322e-5
17537,8177,18368,43129,2.929039674241786e-5,7.500110574365393e-5,1.5530322543363067e-4
17456,22198,5229,6274,7.95142750260721e-5,2.135130563662709e-5,2.2592047957768527e-5
17382,6283,4595,5396,2.2506000089594155e-5,1.8762526180971787e-5,1.943045756775884e-5
17297,8241,7892,9621,2.9519647738078215e-5,3.2224996000049914e-5,3.4644260982099297e-5
17267,1276,3195,1485,4.570691725978377e-6,1.3045978487095727e-5,5.347336821371735e-6
17250,1995219,391650,805665,0.00714696784860098,0.0015992042173618283,0.0029011192728555274
17233,18387,28452,41546,6.586309464385925e-5,1.1617658213297265e-4,1.4960300039105055e-4
17222,6412,11170,4484,2.2968084127722063e-5,4.5609884100425434e-5,1.614643657039115e-5
17188,3861,2358,4392,1.3830282722572502e-5,9.628299615828395e-6,1.5815153750481253e-5
17045,2867,3885,5072,1.0269728196222576e-5,1.586341985050607e-5,1.826376589764137e-5
16980,4395,564,2563,1.574309571761361e-5,2.302952070961499e-6,9.229107254663808e-6
16808,19637,5474,6059,7.034065315285062e-5,2.2351701483055403e-5,2.181785441123996e-5
14764,848,1155,1301,3.037575692499736e-6,4.716151847447751e-6,4.684771181551937e-6
14702,18276,12132,20815,6.546548744826083e-5,4.9537969015788844e-5,7.495273800461458e-5
14701,1667,1052,1009,5.9712720275908734e-006,4.295577267112583e-6,3.63330831835965e-6
14688,19272,33636,31755,6.903320606822513e-5,1.3734414159372515e-4,1.1434658637216123e-4
13139,6399,10562,19775,2.292151751922855e-5,4.3127269101942114e-5,7.120780177954617e-5
9489,27133,51866,19406,9.719167601956998e-5,2.11781759064697e-4,6.987906959969016e-5
9392,6545,12699,10155,2.3444496353078743e-5,5.1853170831808646e-5,3.656714169766328e-5
8811,7085,6915,9724,2.5378801628963008e-5,2.8235662359394976e-5,3.501515370438973e-5
8598,105777,67385,142905,3.78898165124463e-4,2.7514969025131317e-4,5.145866454263487e-4
7543,8453,5601,11593,3.027904166120315e-5,2.2870274023857014e-5,4.174523620886365e-5
5990,29632,27118,17587,1.0614321099074551e-4,1.1072952883037931e-4,6.332903210603683e-5
5900,1274,1192,1618,4.56352763236399e-6,4.867232036500189e-6,5.826256550154523e-6
5290,52912,32267,29865,1.8953326066220054e-4,1.317541745987849e-4,1.0754088496314266e-4
5269,2850,1440,2772,1.0208833400500293e-5,5.879877627986807e-6,9.981695399893905e-6
4755,5813,4847,5360,2.0822438090213406e-5,1.979150476586948e-5,1.930082515996801e-5
4732,23053,13378,19677,8.257692504622219e-5,5.462569646333854e-5,7.08549135583378e-5
4713,52866,12924,22584,1.8936848650906964e-4,5.2771901711181586e-5,8.132273048744731e-5
4709,3739,2734,5112,1.3393273012094947e-5,1.1163600996469394e-5,1.840780190629785e-5
4603,56953,74416,44171,2.0400831181006777e-4,3.0385900941962927e-4,1.5905536345913192e-4
4548,14552,6237,12548,5.2125945138273776e-5,2.5467219976217856e-5,4.5184095915537055e-5
4543,35255,11056,31893,1.2628506018759223e-4,4.514439378820981e-5,1.1484351060202609e-4
4541,22312,23197,26213,7.992262836209212e-5,9.471911203917358e-5,9.439039737280625e-5
3772,166941,110154,108526,5.979904760396209e-4,4.497861390508741e-4,3.9079129688632247e-4
3618,315,1504,1360,1.1283447442658218e-6,6.141205522563998e-6,4.897224294320242e-6
3253,17467,14491,21120,6.256761158124162e-5,5.9170351879970004e-5,7.605101257062023e-5
3232,5257374,3070522,6597371,0.01883215975091994,0.012537703898639795,0.023756474661649873
3204,5046,7320,6051,1.8075008189096308e-5,2.9889377942266267e-5,2.1789047209508662e-5
3182,20408,15554,12502,7.310241124119648e-5,6.351084487896305e-5,4.5018454505582105e-5
3178,6597,4482,4086,2.3630762787052783e-5,1.8301119117108934e-5,1.4713278284259197e-5
3175,10992,11481,21245,3.9373858504666395e-5,4.6879774338136474e-5,7.650112509767171e-5
3143,2360,2431,15044,8.45363046497568e-6,9.926376745580504e-6,5.417194285570126e-5
3090,20111,14021,24259,7.203854333946014e-5,5.725122515416876e-5,8.735423834993731e-5
2813,35753,15544,31882,1.280689194975744e-4,6.347001239543536e-5,1.1480390069964556e-4
2810,2312,2004,1898,8.281692218230413e-6,8.182829698948305e-6,6.8345086107498665e-6
2806,36864,252745,44641,1.3204857350036588e-4,0.0010320206049205037,1.6074778656084552e-4
2672,1510,868,897,5.408890678861559e-6,3.544259570203158e-6,3.2300074941215122e-6
2568,1462,4866,2486,5.23695243211629e-6,1.9869086484572083e-5,8.951837938000089e-6
2403,1604,2556,5446,5.745603078737709e-6,1.0436782789676581e-5,1.9610502578579438e-5
2242,33806,11866,39915,1.2109467436396944e-4,4.845182495395239e-5,1.437299321380827e-4
2197,140510,63866,137020,5.033133968787004e-4,2.607807392979204e-4,4.933953476527643e-4
2193,55001,37758,41481,1.9701615644242688e-4,1.5417529130383738e-4,1.4936894187698378e-4
2044,3918,5559,2248,1.4034459390582508e-5,2.2698777593040734e-5,8.094823686494046e-6
2042,6243,3657,6591,2.2362718217306432e-5,1.4932439226074826e-5,2.373353332637111e-5
2040,7478,3579,11786,2.6786546024189893e-5,1.4613945854558875e-5,4.2440209950631154e-5
2039,23439,8396,10535,8.395959511379872e-5,3.428295316984529e-5,3.7935483779899816e-5
2037,1095,18133,37960,3.9223412538764285e-6,7.404154238075331e-5,1.3669017221499733e-4
2017,17056,119056,7442,6.109539034348526e-5,4.8613521588722027e-4,2.6797899410537676e-5
2011,121924,28045,96611,4.3673747492020974e-4,1.1451470005339582e-4,3.478865708077742e-4
1973,1394,78839,1785,4.993373249227161e-6,3.219192168839249e-4,6.427606886295317e-6
1968,17329,10927,7942,6.207328912184898e-5,4.461765475070266e-5,2.8598349518743645e-5
1921,7600,6410,22177,2.722355573466745e-5,2.6173621941246827e-5,7.985716409936764e-5
1830,1095,9385,853,3.9223412538764285e-6,3.832128579073346e-5,3.071567884599387e-6
1809,25793,47595,15783,9.239173329793125e-5,1.9434220535002227e-4,5.6833008115629685e-5
1799,28391,45548,137921,1.0169789090301888e-4,1.859837959719049e-4,4.966397587477515e-4
1786,6593,22391,4772,2.3616434599824013e-5,9.142801386684207e-5,1.718349583271779e-5
1781,89822,78083,111388,3.217466083156973e-4,3.1883228112923183e-4,4.0109707330569344e-4
1771,15013,53519,11328,5.377726871638979e-5,2.1853136859182354e-4,4.079099765151448e-5
1767,175503,120615,159773,6.28659960802808e-4,4.925010000691865e-4,5.753266302767853e-4
1746,20561,37903,10766,7.365046440269703e-5,1.5476736231498885e-4,3.8767291729890973e-5
1740,20220,91164,20430,7.242898644144419e-5,3.722452528317981e-4,7.356639142129599e-5
1732,28066,17053,51855,1.0053372569068113e-4,6.96316341597632e-5,1.8672468072204127e-4
1721,4062,11218,2722,1.4550274130818312e-5,4.580588002135833e-5,9.801650389073308e-6
1713,13512,54809,14669,4.8400616458792966e-5,2.2379875896689504e-4,5.2821605274546786e-5
1710,17198,16869,20394,6.160404099010668e-5,6.888031646285377e-5,7.343675901350516e-5
1708,3955,14854,2814,1.4166995122448653e-5,6.065257103202502e-5,1.0132933208983206e-5
1681,175765,92833,227867,6.295984570662927e-4,3.790601943325689e-4,8.205263296131401e-4
1380,2079964,2490721,1922606,0.0074505284052765585,0.010170232420456199,0.006923112361474899
1148,14646,7257,16098,5.2462657538149926e-5,2.9632133296041844e-5,5.796729168379945e-5
816,54193,31511,69236,1.9412186262221488e-4,1.2866723884409184e-4,2.4931192738349725e-4
782,161980,97050,215720,5.802199418291359e-4,3.962792526361941e-4,7.767861946843842e-4
592,6767674,4573890,8473522,0.024242125043823656,0.01867632880824484,0.030512307203571357
573,38520,21074,33954,1.3798044301307764e-4,8.605037578624581e-5,1.2226496594805109e-4
479,48255,35991,34919,1.7285166868110234e-4,1.4696019146449523e-4,1.2573983465688862e-4
473,7596,6077,15772,2.7209227547438675e-5,2.4813900239774878e-5,5.6793398213249156e-5
136,1331,23252,3869,4.7677043003739964e-006,9.494369069857585e-5,1.3931882937297805e-5
99,798060,612078,1353900,0.0028586882749485135,0.0024992664852659086,0.0048752588030001286
61,12045,10309,14502,4.3145753792640714e-5,4.209420726869166e-5,5.222025493840599e-5
54,1041468,405865,1022842,0.003730587124193768,0.0016572475926964342,0.003683151979155224
