BinBase name,L1_SAC_907,L2_SAC_907,L3_SAC_907,normL1_SAC_907,normL2_SAC_907,normL3_SAC_907
zymostenol,9591,1246,4921,3.799133193161388e-5,5.191550051473635e-6,1.9701262640350728e-5
xylulose,217489,159784,296842,8.615052435069097e-4,6.657517122188309e-4,0.001188409308003859
xylose,22907,12142,20684,9.073792519627557e-5,5.0590530276880324e-5,8.280855851514213e-5
xanthosine,11339,2730,7733,4.4915411612195784e-5,1.1374744494801786e-5,3.095912700626543e-5
xanthine,490428,119957,328582,0.0019426559208171755,4.998096063600504e-4,0.0013154806504555422
valine,2304278,3935643,3121718,0.009127576932615511,0.016398144156686882,0.012497822842330907
uridine-5'-monophosphate,3282,16122,11435,1.3000474549010191e-005,6.717349111545581e-5,4.578011345100804e-5
uridine,155042,135227,159243,6.141436852613156e-4,5.634331772155901e-4,6.375306170772955e-4
uric acid,1577975,397540,843981,0.00625058617503789,0.0016563794602430409,0.0033788846463047853
urea,320097,296396,372768,0.0012679503052146603,0.0012349555931433223,0.0014923796528994635
uracil,623433,310042,543778,0.0024695078761465786,0.0012918126493250313,0.0021770195480684085
undecanoic acid,49970,30250,45120,1.9793836478185228e-4,1.2603883551932381e-4,1.8063827887271385e-4
UDP-N-acetylglucosamine,29817,20605,40302,1.1810943011207705e-4,8.585223821076585e-5,1.6134937755159825e-4
UDP-glucuronic acid,7767,5750,5914,3.076620530839797e-5,2.395779518135907e-5,2.367674603841378e-5
tyrosine,182169,1068959,1808612,7.21597638061742e-4,0.004453895787699202,0.0072407925272282075
tryptophan,3853357,5682910,5213653,0.015263701891148769,0.02367825979375605,0.020872901253536375
trisaccharide,489,650,579,1.936999407210842e-6,2.70827249876233e-6,2.3180311052150114e-6
tridecanoic acid,1804174,2329258,2264148,0.007146592982628249,0.009705023667572534,0.00906453452644276
tocopherol gamma-,1973,707,802,7.815337076537815e-6,2.945767164038411e-6,3.210813378898859e-6
tocopherol alpha-,19520,5842,14536,7.732153052915263e-5,2.4341119904260816e-5,5.819499161555338e-5
thymine,4684,6311,5325,1.855399841181101e-5,2.6295242676444713e-5,2.1318679853661375e-5
threonine,1635342,2368923,2068997,0.006477825121854791,0.009870290788593162,0.008283245945762597
terephthalic acid,3741,1795,2000,1.4818639636760244e-5,7.478998669659049e-6,8.00701590747845e-6
tagatose,2987,3980,4296,1.1831937074312444e-5,1.6582960838575497e-5,1.7199070169263713e-5
sucrose,7416,23576,10075,2.9375843770706756e-5,9.823112681664722e-5,4.03353426339227e-5
succinic acid,395387,291479,322549,0.0015661848356214175,0.0012144685533334542,0.0012913274869706334
stigmasterol,383,140,156,1.5171181451160582e-6,5.833202305026557e-7,6.245472407833192e-7
stearic acid,1471460,1831456,1344271,0.005828664923792363,0.007630895257681941,0.005381799640480982
squalene,3211,3417,2210,1.2719233326286326e-5,1.4237180197339817e-5,8.847752577763688e-6
spermidine,55518,17585,111745,2.19914791594134e-4,7.326918752420857e-5,4.4737199629058975e-4
sorbitol,4388589,91274,3657947,0.01738383290693665,3.8029979084928137e-4,0.014644619908856538
sophorose,66966,33476,45429,2.652619679003706e-4,1.39480200259335e-4,1.8187536283041926e-4
shikimic acid,30998,14436,18544,1.2278754115485006e-4,6.014864891097384e-5,7.424105149414019e-5
serine,10227911,10181197,11324842,0.040514228106350206,0.0424207012916639,0.04533909502184004
salicyl alcohol,50241,44503,45662,1.990118348009814e-4,1.8542500155756917e-4,1.828081801836405e-4
saccharic acid,17130,16574,13363,6.785439641210986e-5,6.90567821453644e-5,5.349887678581727e-5
ribulose-5-phosphate,2087,1007,5202,8.266907490488809e-6,4.195739086544102e-6,2.082624837535145e-5
ribose-5-phosphate,9282,4558,9380,3.676733844116776e-5,1.899124007593646e-5,3.7552904606073936e-5
ribonic acid,45813,57735,46150,1.8147188924856912e-4,2.4055709648622018e-4,1.8476189206506526e-4
ribitol,25485,511914,346834,1.0094975438193928e-4,0.0021329270891252607,0.0013885526776271904
quinic acid,4309,5041,6655,1.7068569418551163e-5,2.1003694871170622e-5,2.6643345432134545e-5
pyrophosphate,289307,212149,351942,0.0011459866820080716,8.839343112921992e-4,0.0014090025962548904
putrescine,127424,124691,142871,5.047448107657143e-4,5.195341632971903e-4,5.719851848586769e-4
pseudo-uridine,117151,50703,88783,4.640519786383586e-4,2.1125775462268678e-4,3.554434466568296e-4
prunin,4564,10147,15094,1.807866113396786e-5,4.227821699221748e-5,6.042894905373987e-5
propyleneglycol,306970,111056,161231,0.0012159523681626015,4.627229394193066e-4,6.454895908893291e-4
proline,1961678,1625441,1842531,0.007770489004373313,0.006772518705631908,0.007376587513511089
pipecolinic acid,7705,2171,2520,3.0520614381512346e-5,9.045630145866182e-6,1.0088840043422848e-5
phthalic acid,106006,37562,107550,4.199050289586759e-4,1.565048178438625e-4,4.305772804246537e-4
phosphoinositol,42570,40928,46008,1.6862589931485795e-4,1.7052950281437636e-4,1.8419339393563428e-4
phosphoethanolamine,545134,1983576,1953033,0.002159354263497904,0.008264714353853826,0.00781898314941518
phosphate,1843810,1537855,1098457,0.007303596885499842,0.006407585236283296,0.004397681336340528
phenylalanine,5258548,10094656,7857593,0.020829865764396233,0.042060121891178685,0.03145793607274566
phenylacetic acid,2989,3192,4854,1.1839859362276496e-5,1.329970125546055e-5,1.94330276074502e-5
pentadecanoic acid,514181,255491,424552,0.002036744973822245,0.0010645219215096714,0.0016996973087758957
pelargonic acid,50577,71398,76747,2.0034277917894223e-4,2.974849844102043e-4,3.072572249256243e-4
parabanic acid,48054,10354,35986,1.9034881291229e-4,4.3140697618746404e-5,1.4407023722325977e-4
pantothenic acid,61180,49226,59510,2.4234278882036668e-4,2.0510372619088376e-4,2.382487583270213e-4
palmitoleic acid,460669,160324,334207,0.001824776237056056,6.680016616793412e-4,0.0013380003826953253
palmitic acid,1879523,1048170,1518011,0.007445061220529945,0.004367276900042633,0.006077369112363635
palatinitol,139617,82555,114784,5.530430393385605e-4,3.43971440208191e-4,4.5953865696200325e-4
oxoproline,7612021,11960781,10810369,0.030152311175207527,0.04983546807079846,0.04327939827435596
ornithine,768073,5468340,2774592,0.0030424477417068567,0.022784238209049228,0.011108101140381224
oleic acid,528735,202564,398456,0.0020943954633366553,8.439977083681424e-4,0.0015952217652151167
octadecanol,3158,10189,1901,1.2509292695238935e-5,4.245321306136827e-5,7.610668620058267e-6
nonadecanoic acid,23532,13229,11302,9.321364018504199e-5,5.511959520942594e-5,4.5247646893160725e-5
N-methyl-UMP,42559,16749,23336,1.6858232673105567e-4,6.978593243349272e-5,9.342586160845856e-5
N-methylethanolamine,440117,1132319,1488836,0.0017433668059374523,0.004717889857732404,0.0059605667678132935
nicotinic acid,440193,207418,329006,0.0017436678528800862,8.642222540742845e-4,0.0013171781378279277
nicotinamide,47349,29586,32648,1.8755620640496147e-4,1.2327223099751122e-4,1.3070652767367824e-4
n-epsilon-trimethyllysine,33754,4322,32490,1.3370445396931443e-4,1.8007928830231985e-5,1.3007397341698742e-4
N-alpha-acetyllysine,24402,43821,40423,9.665983544940483e-5,1.8258339872040624e-4,1.618338020140007e-4
N-acetylserine,14606,15485,23940,5.785646900147558e-5,6.451938406666874e-5,9.584398041251705e-5
N-acetylputrescine,84090,290894,174196,3.330925974485883e-4,0.001212031108084568,6.973950715095581e-4
N-acetylglucosamine-6-phosphate,6868,4188,5706,2.7205136868556366e-5,1.7449608038179443e-5,2.284401638403602e-5
N-acetylgalactosamine,41095,14026,30570,1.6278321194136922e-4,5.844035395021606e-5,1.2238723814580812e-4
N-acetylaspartic acid,7368,8498,5703,2.9185708859569495e-5,3.54075379915112e-5,2.2832005860174804e-5
myristic acid,1576612,1608898,1713365,0.006245187135790389,0.006703591087251869,0.006859470405158408
myo-inositol,1238401,411777,854936,0.004905484668485304,0.001715698961112086,0.0034227430759379983
methionine sulfoxide,1004672,600460,1282716,0.003979650446710288,0.00250186046862589,0.005135363708388564
methionine,885972,2352534,1521073,0.003509462656043771,0.009802004822466676,0.0060896278537179846
methanolphosphate,8739,10634,14725,3.46164372589275e-5,4.4307338079751715e-5,5.895165461881009e-5
melezitose,2344,453,502,9.284921493869557e-6,1.887457602983593e-6,2.009760992777091e-6
maltotriose,11701,25301,17982,4.634934573368929e-5,1.0541846537105494e-4,7.199108002413875e-5
maltotriitol,13720,7475,10531,5.434689543340031e-5,3.114513373576679e-5,4.2160942260827783e-5
maltose,165562,88499,151377,6.558149199522319e-4,3.687375505661037e-4,6.060390235131827e-4
maltitol,881,1633,1231,3.4897678481651366e-6,6.804013831505976e-6,4.9283182910529864e-6
malonic acid,3437,2077,2224,1.3614451866224262e-5,8.653972276814398e-6,8.903801689116037e-6
malonamide,891,1151,1301,3.529379287985399e-6,4.7957256093468334e-6,5.2085638478147324e-6
malic acid,208465,270441,93360,8.257598802131047e-4,0.001126812188981205,3.737675025610941e-4
maleimide,61985,132635,120077,2.4553150972589783e-4,5.526334198051409e-4,4.8072922456114496e-4
lysine,2668366,3226135,2162850,0.010569781922743488,0.013441927227376322,0.008658987177744883
loganin,90744,52379,72536,3.5945004950499107e-4,2.1824093109641858e-4,2.9039845293242847e-4
linolenic acid,74565,29075,58501,2.953627010197882e-4,1.2114311215617652e-4,2.3420921880169842e-4
linoleic acid,174716,71494,153574,6.920752319637003e-4,2.978849754254062e-4,6.148347304875478e-4
lignoceric acid,5493,1701,4861,2.1758563893270254e-5,7.087340800607266e-6,1.9461052163126373e-5
leucrose,5260,22575,19453,2.0835617345458136e-5,9.406038716855323e-5,7.788024022408915e-5
leucine,10664939,13418674,13644375,0.042245358938527176,0.05590988579085709,0.05462536383630064
L-DOPA,677331,1772624,756190,0.0026830056144898297,0.007385767430532425,0.003027412679538065
lauric acid,283190,449262,359005,0.001121756364270017,0.0018718829528291722,0.0014372793729321505
lactulose,45313,105237,38206,1.79491317257556e-4,4.3847765069577124e-4,1.5295802488056085e-4
lactose,106226,143588,49820,4.207764806347217e-4,5.982698946958237e-4,1.994547662552882e-4
lactobionic acid,20992,26583,5911,8.315233447069529e-5,1.1076001205322925e-4,2.3664735514552562e-5
lactitol,660269,697741,748588,0.0026154205758684977,0.0029071888639368103,0.002996978012073739
lactic acid,1031403,335838,389796,0.004085535786493832,0.0013992935683682206,0.0015605513863357352
kynurenine,16372,30973,22396,6.485184927373396e-5,1.2905126785256254e-4,8.96625641319437e-5
kynurenic acid,8704,3235,6047,3.447779721955658e-5,1.3478863897686366e-5,2.4209212596261096e-5
ketoisoleucine,40263,30782,40057,1.5948754014832338e-4,1.282554523952339e-4,1.6036851810293215e-4
isoxanthopterin,71092,12697,22118,2.81605647970211e-4,5.290297833351585e-5,8.854958892080418e-5
isothreonic acid,16667,15424,18910,6.602038674843171e-5,6.426522310909258e-5,7.570633540520876e-5
isomaltotriose,1731,216,363,6.856740232887459e-6,8.999797842040974e-7,1.4532733872073389e-6
isomaltose,6447,4388,5163,2.5537495252123308e-5,1.8282922653183238e-5,2.067011156515562e-5
isoleucine,8174696,12948174,10109614,0.032381147865294155,0.053949513159060665,0.04047392005823343
isoheptadecanoic acid,23816,5442,18882,9.433860507593745e-5,2.267449067425323e-5,7.559423718250406e-5
isogluconic acid,1292257,659959,915103,0.005118816038781311,0.0027497674000164438,0.0036636221389906264
inulotriose,52936,159,3746,2.0968711783254219e-4,6.624851189280161e-7,1.4997140794707138e-5
inosine-5-monophosphate,5499,6095,7603,2.178233075716241e-5,2.5395262892240617e-5,3.043867097227933e-5
inosine,2296191,2379481,2595694,0.009095543161232863,0.009914281467119212,0.010391881574473185
indole-3-acetate,5647,5380,10384,2.2368580066502298e-5,2.2416163143602052e-5,4.157242659162812e-5
hypoxanthine,1395000,440257,958884,0.005525795854926635,0.0018343629622886264,0.0038388997207132835
hypotaurine,13831,6726,8680,5.4786582415405224e-5,2.8024370502577587e-5,3.4750449038456474e-5
homoserine,21463,82872,54053,8.501803328622965e-5,3.4529224387297203e-4,2.1640161542346636e-4
histidine,8162493,8004141,9019396,0.03233281002528149,0.033349838379255405,0.036109223623923756
heptanoic acid,13513,12422,14391,5.3526938629120875e-5,5.1757170737885635e-5,5.7614482962261195e-5
heptadecanoic acid,92932,38434,75616,3.6811703253766457e-4,1.6013806956527906e-4,3.0272925742994526e-4
guanosine,115338,227304,179772,4.56870424598945e-4,9.470787262441118e-4,7.19718631859608e-4
glycyl-proline,47776,134325,80886,1.8924761488528668e-4,5.59674928301923e-4,3.2382774434615096e-4
glycyl-glycine,28837,26045,31350,1.142275090096913e-4,1.0851839573886905e-4,1.255099743497247e-4
glycolic acid,28075,24080,30874,1.112091172953873e-4,1.0033107964645677e-4,1.2360430456374483e-4
glycine,3591963,3308058,3250322,0.014228282621110996,0.013783265393401101,0.013012689979213586
glycerol-alpha-phosphate,291823,340236,282808,0.0011559529202668497,0.001417618156752154,0.001132224077381083
glycerol-3-galactoside,89551,24355,79560,3.5472440473443374e-4,1.0147688724208699e-4,3.1851909279949277e-4
glycerol,4402887,2665790,3421527,0.017440469343591662,0.011107208837654817,0.01369811055843351
glyceric acid,110779,93410,88861,4.3881156918488726e-4,3.891995909375219e-4,3.557557202772213e-4
glutaric acid,8832,4948,8564,3.4984823649255945e-5,2.061620357519386e-5,3.428604211582273e-5
glutamine,14431608,2860024,6664244,0.05716567718016206,0.011916498992308053,0.02668035385965891
glutamate,8869987,7717844,10841505,0.035135295625701175,0.0321569610075967,0.04340405149800358
glucose-6-phosphate,26794,38437,27952,1.0613489185441165e-4,1.601505692845041e-4,1.1190605432291883e-4
glucose,8179965,6011675,4913088,0.03240201913293545,0.02504808319076466,0.019669586885420743
gluconic acid lactone,149051,72621,126400,5.904124716649964e-4,3.0258070328095256e-4,5.060434053526381e-4
gluconic acid,151301,256047,111123,5.993250456245554e-4,0.0010668385361393819,4.4488181434336395e-4
galacturonic acid,45782,23780,38824,1.813490937851263e-4,9.908110772395108e-5,1.5543219279597168e-4
galactose,327935,125780,209147,0.001298997751745782,5.24071561375886e-4,8.373216780006978e-4
galactinol,1754,2890,1922,6.947846544474063e-6,1.2041396186804821e-5,7.69474228708679e-6
fumaric acid,179396,230647,104391,7.106133857995833e-4,9.610075800339002e-4,4.1793019879879145e-4
fructose-6-phosphate,14128,5348,14198,5.596304217806703e-5,2.2282832805201446e-5,5.684180592718952e-5
fructose-1-phosphate,8973,6335,7110,3.554334495072165e-5,2.6395240430245168e-5,2.846494155108589e-5
fructose,119698,153853,137613,4.741410123605795e-4,6.410397673108935e-4,5.50934740037916e-4
ethanolamine,9082104,8999187,3027984,0.03597552160373664,0.03749577025126073,0.012122558027795115
erythritol,179214,604444,400829,7.098924575948544e-4,0.002518460095756766,0.00160472208958934
ergosterol,44029,13707,23361,1.7440520838463426e-4,5.711121713928501e-5,9.352594930730205e-5
Dopamine,16587,86524,15776,6.57034952298696e-5,3.605085687429413e-4,6.315934147819001e-5
digalacturonic acid,8917,15137,11435,3.5321520887728176e-5,6.306941663656214e-5,4.578011345100804e-5
dehydroabietic acid,28751,24728,25727,1.1388685062723705e-4,1.0303101899906907e-4,1.0299824912584905e-4
cytidine,4399,13565,7680,1.7425072376933524e-5,5.651956376263231e-5,3.074694108471725e-5
cystathionine,70051,35704,54232,2.7748209708492166e-4,1.4876332507047726e-4,2.1711824334718567e-4
citrulline,437112,542287,518087,0.0017314635682714632,0.0022594784131328115,0.002074165425228894
citric acid,94120,617882,336180,3.7282287158831175e-4,0.0025744505047388708,0.0013458993038880528
cholesterol,24169,37661,49805,9.573688890159272e-5,1.569173085782894e-4,1.9939471363598213e-4
chenodeoxycholic acid,782,849,154,3.0976145939445367e-6,3.5374205406911045e-6,6.165402248758407e-7
cerotinic acid,1485,1425,1211,5.882298813308999e-6,5.937366631902031e-6,4.848248131978202e-6
cellobiose minor,3758,8019,6028,1.4885979084454691e-5,3.341174948857711e-5,2.413314594514005e-5
caproic acid,21816,19381,20097,8.641631711188492e-5,8.075235276694264e-5,8.045849934629722e-5
capric acid,10305,7934,8574,4.081958873478063e-5,3.30575907772005e-5,3.432607719536012e-5
campesterol,15253,16574,16430,6.041932915784657e-5,6.90567821453644e-5,6.577763567993548e-5
butylamine,136729,121139,119188,5.416032555184688e-4,5.047344957347229e-4,4.771701059902708e-4
biphenyl,5521,6792,8758,2.186947592476699e-5,2.8299364325528836e-5,3.506272265884814e-5
biopterin,9132,4752,8300,3.617316684386382e-5,1.979955525249014e-5,3.322911601603557e-5
beta-sitosterol,200718,219676,185176,7.950728977843472e-4,9.152961068278671e-4,7.413535888416148e-4
beta-alanyl lysine,1205013,288410,680334,0.004773229993213412,0.0012016813405662209,0.002723722580199222
beta-alanine,819119,548881,785637,0.0032446482974133693,0.0022869527959894866,0.0031453039782518236
Benzaldehyde-4-carboxylic acid,7180,6687,4769,2.8441013790948558e-5,2.7861874152651845e-5,1.9092729431382368e-5
behenic acid,53210,41844,49707,2.1077247128361738e-4,1.7434608375109373e-4,1.9900236985651568e-4
azelaic acid,7650,8919,12224,3.03027514625009e-5,3.716166525609418e-5,4.8938881226508294e-5
aspartate,442408,4042461,1986761,0.0017524417868002744,0.016843209159414257,0.007954013465678898
asparagine,1616455,2684603,2030151,0.00640301099546626,0.01118559457691515,0.008127725675791642
arachidic acid,87381,34664,73817,3.461287222934368e-4,1.4443008907245755e-4,2.955269466211684e-4
arabitol,1059910,1042594,1155221,0.004198456117989455,0.004344044088576327,0.004624936461826582
arabinose,16601,14289,14198,6.575895124561796e-5,5.953616266894605e-5,5.684180592718952e-5
alpha-ketoglutarate,1221154,1114233,2385889,0.004837166818227298,0.004642533217097611,0.009551925588238927
alpha-aminoadipic acid,5610,8103,6427,2.2222017739167328e-5,3.376174162687871e-5,2.5730545618682003e-5
allantoin,27538,7921,36370,1.090819829770392e-4,3.300342532722525e-5,1.4560758427749562e-4
allantoic acid,107273,20780,92207,4.2492379838390316e-4,8.658138849889418e-5,3.691514578904328e-4
alanine,21158791,11518226,14953344,0.08381301763660143,0.04799153032358344,0.05986583163899872
adipic acid,23162,15408,16327,9.174801691169228e-5,6.419855793989227e-5,6.536527436070033e-5
adenosine-5-monophosphate,10263,5655,6369,4.0653220687535526e-5,2.356197073923227e-5,2.5498342157365126e-5
adenosine,14450,10820,26915,5.7238530540279484e-5,4.508232067170525e-5,1.0775441657489125e-4
adenine,9124,4997,7691,3.614147769200761e-5,2.0820365655869787e-5,3.079097967220838e-5
aconitic acid,1777,5126,3022,7.038952856060667e-6,2.1357853582547234e-5,1.209860103619994e-5
9-myristoleate,31944,9332,138981,1.265347833618469e-4,3.888245993607702e-5,5.564115389186313e-4
6-methylcholecalciferol,1226,902,853,4.856362521964197e-6,3.75824891366711e-6,3.4149922845395594e-6
5-methyluridine,755,1446,997,2.9906637064298276e-6,6.024864666477429e-6,3.991497429878008e-6
5-aminovaleric acid,12837,36188,20426,5.084920529727112e-5,1.5077994643878645e-4,8.177565346307741e-5
4-hydroxybutyric acid,918,688,610,3.6363301755001083e-6,2.866602275613051e-6,2.4421398517809277e-6
3-phosphoglycerate,57098,40910,46191,2.261733990857355e-4,1.7045450449902603e-4,1.8492603589116856e-4
3-hydroxypropionic acid,89544,31843,42957,3.5469667672655955e-4,1.3267618642782904e-4,1.719786911687759e-4
3-hydroxykynurenine,12309,10348,19970,4.875772127476125e-5,4.3115698180296295e-5,7.995005383617233e-5
3-hydroxy-3-methylglutaric acid,4454,2585,3622,1.764293529594497e-5,1.0770591398924034e-5,1.4500705808443475e-5
"3-Aminopiperidine-2,6-dione",83635,135543,110399,3.312902769367664e-4,5.647498143072961e-4,4.4198327458485676e-4
3-aminoisobutyric acid,1470,24401,16267,5.822881653578605e-6,1.0166854960353787e-4,6.512506388347598e-5
"3,6-anhydro-D-galactose",21620,27775,25319,8.563993289140777e-5,1.1572656715865187e-4,1.0136481788072345e-4
"3,4-dihydroxyphenylacetic acid",19200,15700,18778,7.605396445490423e-5,6.541519727779781e-5,7.517787235531517e-5
2-picolinic acid,2721,3446,3375,1.0778272775093458e-5,1.4358010816515368e-5,1.3511839343869886e-5
2-monoolein,12184,11596,11113,4.826257827700797e-5,4.831558137791997e-5,4.4490983889904014e-5
2-ketoisovaleric acid,56590,37855,24014,2.2416113794286615e-4,1.5772562375484308e-4,9.614024000109376e-5
2-ketoisocaproic acid,88546,144700,162818,3.5074345503249734e-4,6.029031239552448e-4,6.518431580119132e-4
2-hydroxyglutaric acid,2355140,4474326,4282200,0.00932904863782933,0.018642606240457323,0.01714382175950211
2-Deoxyinosine,2245,2217,2051,8.892768239648958e-6,9.237292507317055e-6,8.211194813119151e-6
2-amino-4-oxo-4-phenylbutanoic acid,1227,903,1687,4.860323665946223e-6,3.762415486742129e-6,6.753917917958073e-6
"2,6-diaminopimelic acid",1254,4227,2271,4.967274553460932e-6,1.7612104388105182e-5,9.09196656294178e-6
1-monopalmitin,9343,5066,7915,3.700896822407136e-5,2.1107859198046098e-5,3.168776545384597e-5
1-kestose,6450,10068,3746,2.5549378684069388e-5,4.1949057719290984e-5,1.4997140794707138e-5
588382,141074,45390,132725,5.588144261203729e-4,1.89120751875111e-4,5.313655931600387e-4
588380,23402,36969,32829,9.269869146737858e-5,1.5403404001037627e-4,1.3143116261330503e-4
588375,24650,10933,21715,9.764219915694735e-5,4.5553143429182386e-5,8.693617521544728e-5
588374,61985,132635,119694,2.4553150972589783e-4,5.526334198051409e-4,4.7919588101486287e-4
588356,2289,4755,2791,9.067058574858114e-6,1.9812054971715198e-5,1.1173790698886177e-5
562527,42153,20800,60074,1.66974102274353e-4,8.666471996039456e-5,2.4050673681293023e-4
554665,1526,1009,957,6.044705716572075e-6,4.2040722326941395e-6,3.831357111728438e-6
553510,12613,13436,10969,4.996190904529724e-5,5.5982075835954866e-5,4.391447874456556e-5
553483,50895,61215,54298,2.016024229652266e-4,2.550567707872862e-4,2.1738247487213246e-4
553440,21612,19778,20097,8.560824373955157e-5,8.240648227772517e-5,8.045849934629722e-5
553439,5991,11089,10762,2.3731213596319333e-5,4.620312882888535e-5,4.308575259814154e-5
553386,136729,121139,119188,5.416032555184688e-4,5.047344957347229e-4,4.771701059902708e-4
553359,17529,28250,28762,6.943489286093834e-5,1.1770568936928587e-4,1.151488957654476e-4
553345,24316,22075,22267,9.631917706695058e-5,9.197710063104374e-5,8.914611160591134e-5
553344,121481,103733,100209,4.812037320805323e-4,4.322111247909427e-4,4.0118752853625405e-4
553268,26109,30830,30943,1.0342150822672367e-4,1.284554479028348e-4,1.2388054661255284e-4
553263,84041,53282,60918,3.3289850139346904e-4,2.220033465831607e-4,0.00024388569752588614
550987,19864,18539,31290,7.868416405896966e-5,7.724409823777667e-5,1.2526976387250037e-4
545358,4020487,2971016,4961656,0.015925727884864817,0.012378955271050558,0.01986402925971795
545069,20377,466186,127413,8.071623092174913e-5,0.0019423980355507931,5.10098958909776e-4
544748,8059909,7997630,8946310,0.03192646003102931,0.033322709821963954,0.03581662324161677
544707,838,978,310,3.3194386569380072e-6,4.074908467368552e-6,1.2410874656591598e-6
544105,16506,11100,24212,6.538264256732547e-5,4.624896113271056e-5,9.693293457593412e-5
544078,7626,9176,7359,3.0207684006932272e-5,3.823247453637406e-5,2.946181503156696e-5
544032,3369,14297,9404,1.3345094075446475e-5,5.95694952535462e-5,3.7648988796963676e-5
541377,63469,161549,17235,2.514098473952248e-4,6.731057136962394e-4,6.900045958269555e-5
540580,9256,2096,4763,3.666434869763508e-5,8.733137165239759e-6,1.906870838365993e-5
539711,1582,1302,1920,6.266529779565546e-6,5.424878143674698e-6,7.686735271179312e-6
539702,8988,3492,7790,3.560276211045204e-5,1.454967317796624e-5,3.1187326959628566e-5
539604,1738,4543,3456,6.884468240761643e-6,1.8928741479811177e-5,1.3836123488122762e-5
534660,3211,428,3981,1.2719233326286326e-5,1.7832932761081188e-6,1.5937965163835857e-5
524550,286,825,645,1.1328871788595109e-6,3.4374227868906494e-6,2.5822626301618002e-6
521677,31493,31124,38174,1.2474830742595307e-4,1.2968042038689038e-4,1.528299126260412e-4
521666,2056,1940,1066,8.144112027045994e-6,8.0831517655368e-6,4.267739478686015e-6
520868,77630,12759,39211,3.075036073246987e-4,5.3161305864167024e-5,1.5698155037406877e-4
520865,6316,4891,7402,2.501858539047787e-5,2.0378708909917778e-5,2.9633965873577746e-5
520862,4411,2614,3531,1.747260610471784e-5,1.0891422018099585e-5,1.4136386584653205e-5
520631,90690,52466,60867,3.5923614772996165e-4,2.1860342295394522e-4,2.4368151862024542e-4
519942,1386,7725,4675,5.490145559088399e-6,3.2186777004521535e-5,1.871639968373088e-5
519090,91710,91286,77591,3.632765145916285e-4,3.803497897261816e-4,3.1063618563858023e-4
517908,9266,7906,6021,3.670396013745534e-5,3.294092673109997e-5,2.4105121389463877e-5
517902,12923,860,4195,5.118986367972538e-5,3.5832528445163133e-6,1.679471586593605e-5
514161,1137,1209,1775,4.5038207075638595e-6,5.037386847697934e-6,7.106226617887125e-6
513579,3494,4448,3823,1.3840237073199759e-5,1.8532917037684374e-5,1.5305410907145058e-5
511804,1175,624,652,4.654344178880857e-6,2.599941598811837e-6,2.610287185837975e-6
511719,25704,54453,39097,1.0181724491400302e-4,2.2688240365400792e-4,1.565251504673425e-4
509844,89234,48355,69056,3.5346872209213143e-4,2.0147464104254225e-4,2.7646624525341594e-4
488159,299,623,444,1.1843820506258523e-6,2.5957750257368176e-6,1.777557531460216e-6
486463,8700,51,61,3.446195264362847e-5,2.1249522682596742e-7,2.4421398517809274e-7
476084,1723,2668,2438,6.825051081031249e-6,1.111641696415061e-5,9.760552391216232e-6
474821,9718,16432,18851,3.849439721733121e-5,6.846512876871169e-5,7.547012843593813e-5
474672,426155,77922,124172,0.0016880613136604015,3.246677071516281e-4,4.971235896317071e-4
474251,8018,17296,10787,3.1760452447886564e-5,7.206504790552809e-5,4.3185840296985024e-5
474221,47155,58358,47270,1.8678774447244837e-4,2.43152871511957e-4,1.892458209732532e-4
474043,34469,31599,32348,1.365366719164632e-4,1.316595425975244e-4,1.2950547528755646e-4
425777,1131,12015,4750,4.480053843671702e-6,5.006137549635291e-5,1.901666278026132e-5
425770,24354,21517,24309,9.646970053826757e-5,8.965215285518316e-5,9.732127484744683e-5
425127,5487,1369,4864,2.1734797029378097e-5,5.704038539700969e-6,1.947306268698759e-5
422265,252061,120362,183665,9.984499132535216e-4,5.014970684554331e-4,7.353042883235148e-4
421543,2762,40120,18732,1.0940679678356535e-5,1.6716291176976103e-4,7.499371098944317e-5
417901,16469,32641,3058,6.52360802399905e-5,1.3600111174169417e-4,1.2242727322534552e-5
417820,3649,5102,5411,1.445421439041383e-5,2.125785582874678e-5,2.166298153768295e-5
417688,4567,4424,4466,1.8090544565913936e-5,1.843291928388392e-5,1.7879666521399382e-5
412153,1374,531,2087,5.442611831304084e-6,2.2124503028350728e-6,8.355321099453764e-6
407336,28617,23971,27912,1.1335605733364553e-4,9.98769231812797e-5,1.1174591400476926e-4
406926,151,329,338,5.981327412859655e-7,1.3708025416812407e-6,1.3531856883638582e-6
406851,239770,401484,362079,9.497634925704368e-4,0.0016728124244509157,0.001449586156381945
406846,300869,182794,112069,0.0011917854287282594,7.616245586750174e-4,4.4866913286760126e-4
405282,5654,18977,10227,2.2396308074376482e-5,7.906905724463497e-5,4.0943875842891055e-5
404192,13143,3073,14153,5.2061315355771155e-5,1.2803879059533293e-5,5.666164806927126e-5
404164,37474,10046,18949,1.4843990958245213e-4,4.1857393111640566e-5,7.586247221540458e-5
404049,24767,14621,20647,9.810565300284442e-5,6.0919464929852346e-5,8.266042872085379e-5
400553,230,603,242,9.110631158660401e-7,2.512443564236438e-6,9.688489248048926e-7
400202,2870,4568,3382,1.1368483228415372e-5,1.903290580668665e-5,1.353986389954606e-5
396760,3591,1529,2416,1.4224468039456306e-5,6.3706902317040035e-6,9.672475216233968e-6
396036,134758,319210,214801,5.33795840729895e-4,0.001330011791276805,8.599575119711394e-4
391901,43926,36810,41239,1.7399721055448556e-4,1.5337155489144824e-4,1.6510066450425192e-4
391335,2402,4801,1835,9.51466784482708e-6,2.000371733316607e-5,7.346437095111479e-6
390198,2458,7271,3430,9.73649190782055e-6,3.0295152828462925e-5,1.3732032281325543e-5
390194,4659787,3159458,3995477,0.018458087232574208,0.013164112634453282,0.01599592394848214
390145,14507,10634,14730,5.746431574725498e-5,4.4307338079751715e-5,5.897167215857879e-5
390130,38072,47362,20110,1.5080867368370384e-4,1.9733723397904841e-4,8.051054494969583e-5
389549,1539,3249,3863,6.096200588338417e-6,1.3537195920736631e-5,1.546555122529463e-5
385008,46873,18658,38824,1.8567070186951696e-4,7.773992043370393e-5,1.5543219279597168e-4
384914,10256,8160,9360,4.062549267966134e-5,3.3999236292154786e-5,3.747283444699915e-5
383524,60503,46517,54967,2.396610943445349e-4,1.9381647973065738e-4,2.20060821693184e-4
382948,1483,9763,3376,5.874376525344946e-6,4.06782529314102e-5,1.3515842851823625e-5
382947,166,938,796,6.575499010163594e-7,3.908245544367793e-6,3.1867923311764234e-6
382905,27219,19238,16962,1.0781837804677282e-4,8.015653281721493e-5,6.790750191132474e-5
382622,1645,1329,926,6.516081850433201e-6,5.53737561670021e-6,3.7072483651625226e-6
382616,113745,248583,185170,4.505603222355771e-4,0.0010357392347074405,7.413295677938924e-4
382613,31400,82477,51222,1.2437992103562462e-4,3.436464475083395e-4,2.050676844064306e-4
382601,2665,2023,4986,1.0556448712099988e-5,8.428977330763375e-6,1.996149065734378e-5
381736,101172,23135,71600,4.0075685894956094e-4,9.639366809056385e-5,2.8665116948772856e-4
381214,21380,20681,19312,8.468925833572147e-5,8.61688977644673e-5,7.731574560261192e-5
380652,4846,7681,6044,1.9195703736899265e-5,3.20034477892207e-5,2.419720207239988e-5
380602,4924,5128,6104,1.9504672967497312e-5,2.1366186728697275e-5,2.4437412549624233e-5
380297,20761,22741,5860,8.223731021084722e-5,9.475203829900637e-5,2.346055660891186e-5
380205,13892,20268,14094,5.5028212198308826e-5,8.444810308448446e-5,5.6425441100000644e-5
379924,124105,89486,100970,4.915977738893692e-4,3.728499581911475e-4,4.0423419808904956e-4
379876,3741,1795,2000,1.4818639636760244e-5,7.478998669659049e-6,8.00701590747845e-6
379063,5675,17327,2203,2.2479492097999034e-5,7.219421167085368e-5,8.819728022087514e-6
378996,211875,6467,4432,8.392673811918142e-4,2.6945228076147673e-5,1.7743547250972246e-5
377666,1681,1062,1315,6.658683033786146e-6,4.4249006056701455e-6,5.264612959167081e-6
377276,3671,1002,1360,1.4541359558018406e-5,4.174906221169007e-6,5.4447708170853465e-6
377232,86128,129821,96629,3.411654088839579e-4,5.409086831720376e-4,3.868549700618676e-4
377204,19123,45206,49917,7.57489563682882e-5,1.8835410242930753e-4,1.9984310652680092e-4
376958,22985,14985,16327,9.104689442687363e-5,6.243609752915925e-5,6.536527436070033e-5
374861,426155,77920,123106,0.0016880613136604015,3.2465937400547805e-4,4.928558501530211e-4
371572,7082,270,249,2.8052821680709986e-5,1.1249747302551217e-6,9.968734804810672e-7
371569,885,2127,1412,3.5056124240932415e-6,8.862300930565348e-6,5.652953230679786e-6
371565,73542,106695,132959,2.913104507261753e-4,4.445525142391489e-4,5.323024140212137e-4
371564,26094,6153,15058,1.0336209106699327e-4,2.5636924130591715e-5,6.028482276740525e-5
371554,42153,20706,45007,1.66974102274353e-4,8.627306209134277e-5,1.801858824739413e-4
371553,26140,6153,17973,1.0354430369016648e-4,2.5636924130591715e-5,7.19550484525551e-5
371547,176237,94315,114912,6.981001319603622e-4,3.929703395704141e-4,4.6005110598008186e-4
371541,1993,866,672,7.89455995617834e-6,3.608252282966427e-6,2.6903573449127593e-6
371280,2443,4767,3171,9.677074748090158e-6,1.9862053848615424e-5,1.2695123721307084e-5
371271,17340,23248,8064,6.868623664833538e-5,9.686449084804099e-5,3.228428813895311e-5
370221,208634,11598,10889,8.264293135460671e-4,4.832391452407e-5,4.359419810826643e-5
370173,1568,3301,2704,6.211073763817178e-6,1.3753857720637616e-5,1.0825485506910866e-5
370157,2632,2001,1924,1.042573096069312e-5,8.337312723112957e-6,7.70274930299427e-6
367427,9882,2964,4901,3.914402483038352e-5,1.2349722594356224e-5,1.9621192481275944e-5
367202,22123,15492,17320,8.763238831436698e-5,6.454855007819387e-5,6.934075775876338e-5
366123,2013,662,862,7.973782835818865e-6,2.7582713756625576e-6,3.451023856123212e-6
361344,2176,2901,1289,8.619449304889145e-6,1.208722849063003e-5,5.160521752369861e-6
360157,4525,2761,3919,1.7924176518668832e-5,1.1503908260127374e-5,1.5689747670704024e-5
360148,49731,29586,48539,1.9699165137014802e-4,1.2327223099751122e-4,1.9432627256654825e-4
360106,2750,4132,2428,1.0893145950572219e-5,1.7216279945978382e-5,9.720517311678839e-6
359906,10500,8274,3986,4.159201181127575e-5,3.447422562270695e-5,1.5957982703604553e-5
357445,36868,71505,89392,1.4603945632934423e-4,2.979308077292314e-4,3.578815830006568e-4
356187,4999,4094,4291,1.9801758766149282e-5,1.705795016912766e-5,1.7179052629495017e-5
355602,2471,4801,3250,9.787986779586892e-6,2.000371733316607e-5,1.3011400849652482e-5
354270,10930,6686,14542,4.329530372354704e-5,2.7857707579576828e-5,5.8219012663275816e-5
354256,92287,95248,113291,3.655620946692576e-4,3.968577522494068e-4,4.535614195870706e-4
354254,6407,10919,10166,2.5379049492842257e-5,4.5494811406132126e-5,4.069966185771297e-5
354252,146582,245015,231730,5.806324071733734e-4,0.0010208729019757726,9.277328981199907e-4
354246,252483,243067,227805,0.0010001215160139365,0.0010127564176256358,9.120191294015642e-4
353481,254758,384639,354506,0.0010091331185730463,0.0016026265010022213,0.0014192675906482778
351741,965,1127,1147,3.822503942655342e-6,4.695727855546378e-6,4.592023622938892e-6
351285,42957,92525,67921,1.701588620359021e-4,3.8551217376613014e-4,2.719222637259219e-4
351222,5992,11089,13717,2.373517474030136e-5,4.620312882888535e-5,5.491611860144095e-5
350330,1060,1312,1247,4.1988126209478375e-6,5.466543874424888e-6,4.992374418312814e-6
350308,4009,5788,5083,1.5880226223943282e-5,2.4116124958209793e-5,2.0349830928856484e-5
348293,2632,2030,2239,1.042573096069312e-5,8.458143342288506e-6,8.963854308422126e-6
347607,127489,295897,352699,5.050022851245461e-4,0.001232876473178888,0.001412033251775871
346922,3720,4450,4225,1.4735455613137694e-5,1.854125018383441e-5,1.6914821104548227e-5
346416,7617,3435,6184,3.0172033711094034e-5,1.4312178512690159e-5,2.475769318592337e-5
346408,1694,4005,2704,6.710177905552487e-6,1.6687125165450973e-5,1.0825485506910866e-5
346346,1151,2184,3303,4.5592767233122274e-6,9.099795595841429e-6,1.322358677120066e-5
346256,10728,19486,44863,4.249515263917774e-5,8.118984293981963e-5,1.7960937732860286e-4
346225,38970,23475,17133,1.543657809795634e-4,9.78103029360703e-5,6.859210177141415e-5
344676,28994,17124,28762,1.1484940861486944e-4,7.134839733662482e-5,1.151488957654476e-4
342924,56536,31118,43206,2.2394723616783673e-4,1.2965542094844028e-4,1.7297556464925697e-4
342840,27670,28354,26967,1.0960485398266666e-4,1.1813901296908786e-4,1.0796259898848569e-4
342183,2082,1128,705,8.247101770578676e-6,4.699894428621397e-6,2.822473107386154e-6
341344,16956,8672,10103,6.716515735923729e-5,3.61325217065645e-5,4.0447440856627396e-5
328993,4956,4312,4199,1.9631429574922152e-5,1.7966263099481794e-5,1.6810729897751008e-5
328824,15955,13858,12154,6.3200052233229e-5,5.7740369673612874e-5,4.8658635669746543e-5
324432,3619,3026,2859,1.4335380070953042e-5,1.26080501250074e-5,1.1446029239740446e-5
323841,15552,7113,9215,6.160371120847242e-5,2.9636834282609927e-5,3.689232579370696e-5
321802,10312,21637,5324,4.0847316742654813e-5,9.015214162418543e-5,2.1314676345707636e-5
320847,181882,49746,94141,7.204607897389005e-4,2.0727034418989364e-4,3.768942422729644e-4
320842,2675,911,1750,1.059606015192025e-5,3.795748071342281e-6,7.006138919043644e-6
250667,4960,7369,6555,1.964727415085026e-5,3.070347698981478e-5,2.6242994636760623e-5
250558,2350,2625,2205,9.308688357761714e-6,1.0937254321924794e-5,8.827735037994992e-6
242849,2617,1743,2367,1.0366313800962727e-5,7.262336869758063e-6,9.476303326500746e-6
241382,2224,5562,5097,8.809584216026406e-6,2.3174479443255505e-5,2.0405880040208833e-5
237707,19160,30966,29067,7.589551869562317e-5,1.290221018410374e-4,1.1636996569133806e-4
234465,184780,183966,207482,7.319401849988126e-4,7.665077823189397e-4,8.306558372577219e-4
232320,20427,53096,22070,8.091428812085045e-5,2.2122836399120717e-4,8.83574205390247e-5
230854,39069,7035,34126,1.5475793423378402e-4,2.9311841582758446e-5,1.366237124293048e-4
228851,36101,50160,42687,1.4300125889513007e-4,2.089953054429515e-4,1.7089774402126632e-4
228833,14030,7113,9494,5.557485006782845e-5,2.9636834282609927e-5,3.8009304512800204e-5
228307,4527,3428,4494,1.7932098806632886e-5,1.4283012501165026e-5,1.799176474410408e-5
227159,17150,21319,19571,6.793361929175038e-5,8.88271713863294e-5,7.835265416263038e-5
224423,1954,1688,1514,7.740075340879315e-6,7.03317535063202e-6,6.061311041961187e-6
224377,34823,7686,16702,1.379389168861005e-4,3.20242806545958e-5,6.686658984335254e-5
223738,1957,2531,1395,7.751958772825393e-6,1.0545596452873011e-5,5.584893595466219e-6
223237,1851,3030,1946,7.33207751073061e-6,1.2624716417307477e-5,7.790826477976533e-6
223227,6451,9742,14284,2.5553339828051415e-5,4.05907548968348e-5,5.71861076112111e-5
223171,809,1035,944,3.204565481459246e-6,4.312403132644633e-6,3.779311508329829e-6
223160,3298,10019,9679,1.306385285272261e-5,4.174489563861505e-5,3.8749953484241965e-5
223108,9809,6055,10425,3.88548613196956e-5,2.5228599969239857e-5,4.173657041773142e-5
222288,9700,4679,10503,3.842309662565474e-5,1.9495395418013757e-5,4.2048844038123086e-5
219979,14853,21836,57643,5.8834871565036064e-5,9.09812896661142e-5,2.3077420897739016e-4
219417,10496,21168,15481,4.1576167235347643e-5,8.819801885200154e-5,6.197830663183694e-5
215929,1062,2109,2288,4.20673490891189e-6,8.787302615215005e-6,9.160026198155348e-6
215683,22387,6687,19344,8.867813032562192e-5,2.7861874152651845e-5,7.744385785713157e-5
215676,5712,4630,4814,2.2626054425334007e-5,1.9291233337337827e-5,1.927288728930063e-5
215644,8068,15499,15422,3.195850964698788e-5,6.4577716089719e-5,6.174209966256633e-5
214058,9186,11093,5090,3.638706861889324e-5,4.6219795121185424e-5,2.037785548453266e-5
212017,7809,39668,10019,3.0932573355643075e-5,1.6527962073985245e-4,4.01111461885133e-5
211126,5923,1066,2762,2.3461855805541547e-5,4.441566897970221e-6,1.105768896822774e-5
210861,5892,15162,11256,2.3339060342098734e-5,6.317358096343761e-5,4.506348552728872e-5
210845,1639,1591,1784,6.492314986541043e-6,6.62901776235518e-6,7.1422581894707784e-6
210842,2989,7230,12641,1.1839859362276496e-5,3.0124323332387145e-5,5.060834404321755e-5
210393,12386,30552,21783,4.9062729361377276e-5,1.2729714058797956e-4,8.720841375630154e-5
210312,58053,38636,61846,2.2995629158857056e-4,1.6097971732643288e-4,2.4760095290695614e-4
210297,33497,15870,15843,1.326864399659337e-4,6.612351470055104e-5,6.342757651109055e-5
210259,45774,99186,38206,1.813174046332701e-4,4.1326571701883147e-4,1.5295802488056085e-4
210228,22740,15960,30768,9.007641415127719e-5,6.649850627730274e-5,1.231799327206485e-4
209687,743028,565121,572329,0.0029432408906770093,0.002354617942727795,0.0022913237036556173
209676,195708,123331,171191,7.752275664343957e-4,5.138676239151644e-4,6.853645301085718e-4
209172,7184317,1646412,6156361,0.028458114049518965,0.006859895909588131,0.02464704022958997
208244,5412,6705,8392,2.1437711230726127e-5,2.7936872468002187e-5,3.359743874777958e-5
205795,1004,1480,1020,3.9769885579543665e-6,6.166528151028074e-6,4.08357811281401e-6
199152,3588,3110,2461,1.4212584607510227e-5,1.2958042263308994e-5,9.852633074152234e-6
190197,21378,6480,15225,8.468133604775742e-5,2.699939352612292e-5,6.095340859567971e-5
190007,1508,1725,609,5.9734051248956025e-6,7.1873385544077215e-6,2.4381363438271885e-6
189939,2672,658,3840,1.0584176719974172e-5,2.7416050833624815e-6,1.5373470542358624e-5
189234,2618,3201,3004,1.0370274944944754e-5,1.333720041313572e-5,1.2026537893032634e-5
188923,10512,34301,19878,4.1639545539060065e-5,1.4291762304622567e-4,7.958173110442832e-5
187931,7704,10601,7548,3.051665323753032e-5,4.416984116827609e-5,3.0218478034823674e-5
187846,3488,583,1766,1.3816470209307601e-5,2.429112102736059e-6,7.070195046303472e-6
187839,1199,663,859,4.749411634449488e-6,2.7624379487375764e-6,3.4390133322619946e-6
187836,1636,1464,1612,6.480431554594964e-6,6.099862981827771e-6,6.453654821427631e-6
183432,1242,561,662,4.9197408256766165e-6,2.3374474950856417e-6,2.6503222653753674e-6
170841,42305,84458,60695,1.67576196159621e-4,3.519004287699521e-4,2.429929152522023e-4
170728,69777,84890,70436,2.7639674363384644e-4,3.537003883383603e-4,2.819910862295761e-4
170630,18874,49145,45254,7.476263151676366e-5,2.0476623377180722e-4,1.811747489385149e-4
170487,22234,25276,22716,8.80720752963719e-5,1.0531430104417947e-4,9.094368667714024e-5
170319,27185,19233,17034,1.0768369915138393e-4,8.013569995183983e-5,6.819575448399396e-5
170278,3514,4884,3575,1.3919459952840284e-5,2.0349542898392645e-5,1.4312540934617731e-5
170275,9499,9168,7903,3.762690668526746e-5,3.819914195177391e-5,3.16397233584011e-5
170242,1040,944,1275,4.119589741307312e-6,3.933244982817907e-6,5.104472641017513e-6
169614,14844,14411,14231,5.8799221269197826e-5,6.004448458409836e-5,5.697392168966292e-5
169611,32165,12612,19220,1.274101961818747e-4,5.2548819622139235e-5,7.694742287086791e-5
169610,49910,49174,24808,1.9770069614293072e-4,2.0488706439098279e-4,9.93190253163627e-5
168880,2029,8107,5023,8.037161139531285e-6,3.377840791917878e-5,2.010962045163213e-5
163829,2855,3119,3310,1.1309066068684977e-5,1.2995541420984165e-5,1.3251611326876837e-5
163410,13304,17566,16147,5.2699059536877386e-5,7.31900226357832e-5,6.464464292902728e-5
161401,7397,49173,23792,2.9300582035048258e-5,2.0488289781790775e-4,9.525146123536365e-5
161388,5882,4436,1948,2.329944890227847e-5,1.8482918160784148e-5,7.798833493884011e-6
160575,18993,4787,14330,7.523400765062478e-5,1.9945385310115804e-5,5.73702689770831e-5
146435,1644,5716,3264,6.512120706451174e-6,2.3816131696808427e-5,1.3067449961004832e-5
146430,21718,7218,6141,8.602812500164635e-5,3.007432445548692e-5,2.4585542343912583e-5
146264,3901,2561,2113,1.5452422673884446e-5,1.067059364512358e-5,8.459412306250983e-6
138111,49668,16990,10418,1.9674209929928035e-4,7.079007654457228e-5,4.170854586205525e-5
135765,4517,8293,7390,1.7892487366812625e-5,3.455339051113231e-5,2.9585923778132875e-5
135325,15008,12082,11601,5.9448848882250135e-5,5.034053589237919e-5,4.644469577132875e-5
135323,7197,6946,6049,2.8508353238643006e-5,2.894101657908176e-5,2.4217219612168574e-5
135260,19179,45057,49076,7.597078043128167e-5,1.877332830411297e-4,1.9647615633770622e-4
135163,426,983,1109,1.6874473363431874e-6,4.095741332743647e-6,4.439890320696801e-6
134328,47391,24479,40236,1.8772257445220656e-4,1.0199354230338934e-4,1.6108514602665148e-4
133924,2900,1530,6773,1.148731754787616e-5,6.374856804779022e-6,2.7115759370675773e-5
133605,13853,12448,17062,5.48737275830098e-5,5.186550163783613e-5,6.830785270669866e-5
133467,32946,43821,40423,1.305038496318372e-4,1.8258339872040624e-4,1.618338020140007e-4
132335,9263,27701,32117,3.669207670550926e-5,1.1541824075110046e-4,1.285806649502427e-4
132248,2618,4049,3262,1.0370274944944754e-5,1.6870454380751804e-5,1.3059442945097354e-5
131989,4141,4520,2529,1.640309722957075e-5,1.883291029908574e-5,1.01248716150065e-5
131524,12850,13510,8824,5.0900700169037465e-5,5.629040224350627e-5,3.5326954183794925e-5
131446,782510,640304,656400,0.00309963477737537,0.002667873406226946,0.0026279026208344274
131427,2378,348,307,9.41960038925845e-6,1.4499674301066013e-6,1.2290769417979422e-6
131421,306970,111056,161231,0.0012159523681626015,4.627229394193066e-4,6.454895908893291e-4
130738,6640,18346,10438,2.630199604065438e-5,7.6439949634298e-5,4.1788616021130035e-5
130659,9178,16386,10934,3.635537946703703e-5,6.827346640726082e-5,4.377435596618469e-5
130582,37874,59163,42682,1.5002436717526265e-4,2.4650696283734725e-4,1.7087772648149762e-4
130549,6567,2001,4268,2.601283252996646e-5,8.337312723112957e-6,1.7086971946559015e-5
130548,33304,65339,43659,1.319219391774026e-4,2.722397181486644e-4,1.7478915375230083e-4
130530,52093,39524,41992,2.0634787345569404e-4,1.6467963421704974e-4,1.6811530599341755e-4
130528,12038,8532,5693,4.768425125563214e-5,3.554920147606184e-5,2.2791970780637412e-5
130463,48662,31152,42385,1.9275718845336194e-4,1.2979708443299092e-4,1.6968868461923707e-4
128059,2979,2435,2157,1.1800247922456233e-5,1.0145605437671189e-5,8.635566656215509e-6
127630,3307,1242,2711,1.3099503148560846e-5,5.17488375917356e-6,1.085351006258704e-5
125960,47410,16380,12506,1.8779783618786506e-4,6.824846696881071e-5,5.006787046946275e-5
125942,6714,7885,3289,2.6595120695324322e-5,3.2853428696524574e-5,1.3167537659848312e-5
125898,1026,273,115,4.064133725558944e-6,1.1374744494801786e-6,4.6040341468001093e-7
125897,17163,15870,15843,6.798511416351673e-5,6.612351470055104e-5,6.342757651109055e-5
125868,4698,8841,18851,1.8609454427559378e-5,3.6836672556242704e-5,7.547012843593813e-5
125802,15907,21225,20043,6.300991732209175e-5,8.843551351727761e-5,8.024230991679529e-5
124996,25002,22774,25637,9.903652183862059e-5,9.4889535210482e-5,1.0263793341001252e-4
121191,1144,2297,1036,4.5315487154380435e-6,9.570618353318571e-6,4.147634240073837e-6
118967,953,2017,1267,3.7749702148710273e-6,8.40397789231326e-6,5.072444577387598e-6
118602,17010,28575,26266,6.737905913426672e-5,1.1905982561866705e-4,1.051561399129145e-4
118128,3021,4185,4127,1.1966615969701337e-5,1.7437108318954384e-5,1.6522477325081782e-5
118125,1939,4319,2572,7.680658181148922e-6,1.7995429111006927e-5,1.0297022457017287e-5
118060,29117,101479,41876,1.1533662932465866e-4,4.2281966907984996e-4,1.6765089907078381e-4
117962,1036,9536,1390,4.103745165379207e-6,3.973244084338089e-5,5.564876055697523e-6
117769,56677,28840,31625,2.2450575746930243e-4,1.2016396748354707e-4,1.26610939037003e-4
117750,38204,16903,32339,1.513315446893313e-4,7.042758468704563e-5,1.2946944371597282e-4
117745,78066,79387,76482,3.0923066610086215e-4,3.307717367065309e-4,3.0619629531788344e-4
117300,712,4295,2411,2.8203345152026982e-6,1.7895431357206472e-5,9.652457676465272e-6
117249,36022,9794,26021,1.4268832852055e-4,4.080741669673578e-5,1.0417528046424838e-4
117245,1465,12620,5358,5.8030759336684735e-6,5.258215220673939e-5,2.145079561613477e-5
117242,6557,5069,4653,2.5973221090146198e-5,2.1120358917271156e-5,1.8628322508748614e-5
117235,39320,14769,28897,1.557521813732726e-4,6.153611774495516e-5,1.1568936933920239e-4
117213,22658,30038,44835,8.975160034475103e-5,1.251555220274198e-4,1.7949727910589818e-4
117212,17138,23181,17700,6.788608556396608e-5,9.658533045201472e-5,7.086209078118429e-5
117201,94812,23496,123244,3.7556398322387394e-4,9.78978009706457e-5,4.934083342506371e-4
117200,9822,31145,25974,3.890635619146194e-5,1.2976791842146578e-4,1.0398711559042264e-4
117199,506448,568895,392203,0.0020061134474092363,0.0023703425895129165,0.0015701878299803854
117196,2085,6578,1846,8.258985202524755e-6,2.7407717687474778e-5,7.39047568260261e-6
117195,10528727,8641336,9619737,0.041705803594447415,0.036004757909792115,0.038512693592379514
117192,41254,69525,54606,1.634130338345114e-4,2.8968099304069384e-4,2.1861555532188415e-4
117191,3126,1331,1840,1.2382536087814093e-5,5.545708762850248e-6,7.366454634880175e-6
117190,17039,24584,10005,6.749393230974548e-5,1.0243103247626634e-4,4.005509707716095e-5
117182,23368,103133,38762,9.256401257198968e-5,4.2971118094593135e-4,1.5518397530283985e-4
116942,52446,50430,48622,2.0774615728134932e-4,2.101202801732066e-4,1.9465856372670863e-4
115895,12327,20692,15327,4.882902186643773e-5,8.621473006829251e-5,6.136176640696111e-5
114282,2565,805,2991,1.016033431389736e-5,3.35409132539027e-6,1.1974492289634023e-5
113559,5506,19556,11506,2.1810058765036595e-5,8.148150305507096e-5,4.6064362515723527e-5
113534,8029,9964,10485,3.1804025031688855e-5,4.1515734119489006e-5,4.197678089495578e-5
112543,2306,3546,2164,9.134398022552559e-6,1.4774668124017264e-5,8.663591211891683e-6
112530,2252,6203,5199,8.920496247523142e-6,2.5845252784342667e-5,2.0814237851490234e-5
111776,36820,34698,48890,1.4584932141820694e-4,1.445717525570082e-4,1.9573150385831072e-4
111772,1412,2954,24937,5.593135302621081e-6,1.2308056863606034e-5,9.983547784239507e-5
111739,16287,22315,25179,6.451515203526173e-5,9.297707816904829e-5,1.0080432676719996e-4
111732,12236,30403,84935,4.8468557764073335e-5,1.2667632119980172e-4,3.4003794805084113e-4
110962,9059,14594,10837,3.58840033331759e-5,6.0806967456826836e-5,4.338601569467198e-5
110647,59401,22996,30674,2.3529591367634197e-4,9.581451443313621e-5,1.22803602972997e-4
110628,60582,149897,106920,2.39974024719115e-4,6.245568042261184e-4,4.28055070413798e-4
110612,32843,40630,36626,1.300958518016885e-4,1.6928786403802072e-4,1.4663248231365286e-4
110605,106226,28450,22281,4.207764806347217e-4,1.1853900398428968e-4,8.920216071726368e-5
110346,16221,65274,14104,6.4253716532448e-5,2.719688908987882e-4,5.6465476179538036e-5
110328,15270,13576,13045,6.048666860554102e-5,5.656539606645752e-5,5.2225761256528194e-5
110321,28091,93784,22519,1.1127249559909971e-4,3.90757889267579e-4,9.015499561025361e-5
110283,11963,17129,15047,4.738716545698017e-5,7.136923020199992e-5,6.0240784179914125e-5
110182,1729,2570,2369,6.848817944923407e-6,1.070809280279875e-5,9.484310342408225e-6
110123,3644,19429,9108,1.4434408670503697e-5,8.095234827454354e-5,3.646395044265686e-5
110031,8068,15499,15422,3.195850964698788e-5,6.4577716089719e-5,6.174209966256633e-5
110021,14615,9317,13151,5.7892119297313816e-5,3.881996133995174e-5,5.2650133099624556e-5
109714,6667,6469,5723,2.6408946928169088e-5,2.695356122229771e-5,2.2912076019249587e-5
109387,117059,80763,106524,4.636875533920122e-4,3.36504941257757e-4,4.2646968126411723e-4
109386,6399,6391,5298,2.5347360340986047e-5,2.6628568522446232e-5,2.1210585138910417e-5
108314,5005855,3681646,4110389,0.019828912408146073,0.015339847095351288,0.01645597505446222
107960,13026,19823,14067,5.159786150987409e-5,8.259397806610102e-5,5.631734638524968e-5
107143,37612,140893,204399,1.4898654745197176e-4,5.870409802586476e-4,8.183130222363439e-4
106940,32588,64323,37931,1.290857600862718e-4,2.6800647990444517e-4,1.5185706019328255e-4
106931,5044,1391,1901,1.9980010245340463e-5,5.795703147351386e-6,7.610668620058267e-6
106902,818,1028,1009,3.240215777297482e-6,4.2832371211195005e-6,4.039539525322878e-6
106482,30629,13716,22922,1.2132587902548236e-4,5.714871629696018e-5,9.176840931561052e-5
106427,178255,184049,159881,7.060937205160913e-4,7.668536078841662e-4,6.400848551517811e-4
105769,474,970,588,1.877582247480448e-6,4.0415758827684e-6,2.3540626767986646e-6
105406,40724,37082,36622,1.6131362752403749e-4,1.545048627678534e-4,1.4661646828183791e-4
105370,70682,35727,36722,2.799815789375802e-4,1.488591562512027e-4,1.4701681907721185e-4
105085,426,751,646,1.6874473363431874e-6,3.129096379339246e-6,2.5862661381155394e-6
105081,1655,3690,2080,6.555693290253463e-6,1.5374654646819994e-5,8.32729654377759e-6
104990,3298,3865,14459,1.306385285272261e-5,1.6103804934948314e-5,5.788672150311546e-5
104933,34546,10581,44476,1.3684168000307922e-4,4.408650970677571e-5,1.780600197505058e-4
104931,8427,2292,11500,3.3380560336535305e-5,9.549785487943477e-6,4.604034146800109e-5
104924,47313,34366,56929,1.8741360522160852e-4,1.4318845029610188e-4,2.2791570429842037e-4
104918,123488,45521,181125,4.89153748052459e-4,1.8966657294793848e-4,7.251353781210172e-4
104417,11835,2943,9733,4.688013902728081e-5,1.2262224559780825e-5,3.896614291374388e-5
104390,797,1057,809,3.1570317536749306e-6,4.4040677402950506e-6,3.2388379345750333e-6
104378,55244,49172,64523,2.188294381430588e-4,2.0487873124483275e-4,2.5831834369911605e-4
104312,114110,221586,272533,4.520061397890167e-4,9.232542614011533e-4,0.0010910880331564123
104238,625,1162,818,2.4757149887664136e-6,4.841557913172042e-6,3.2748695061586864e-6
104135,12250,20712,16881,4.85240137798217e-5,8.629806152979289e-5,6.758321776707186e-5
104131,16322,12612,13283,6.465379207463264e-5,5.2548819622139235e-5,5.317859614951813e-5
103821,105514,65517,165608,4.1795614611951897e-4,2.729813681560178e-4,6.630129452028456e-4
102904,67147,16221,46571,2.6597893496111736e-4,6.75859818498827e-5,1.8644736891358947e-4
100922,8128,6690,8133,3.2196178285909454e-5,2.7874373871876903e-5,3.256053018776112e-5
100908,1172,2114,1706,4.6424607469347785e-6,8.808135480590101e-6,6.829984569079119e-6
100877,511,870,487,2.0241445748154195e-6,3.624918575266503e-6,1.9497083734710028e-6
100869,9453,8565,8857,3.744469406209425e-5,3.568669838753747e-5,3.545906994626832e-5
100865,5049,17279,5177,1.9999815965250594e-5,7.199421616325277e-5,2.0726160676507968e-5
100727,19865,19993,17450,7.868812520295169e-5,8.330229548885425e-5,6.986121379274948e-5
100468,3115,5917,6291,1.2338963504011806e-5,2.465361288488724e-5,2.5186068536973466e-5
100114,14278,28527,10037,5.655721377537096e-5,1.1885983011106613e-4,4.01832093316806e-5
100017,123300,91054,83574,4.884090529838381e-4,3.793831447727772e-4,3.34589173725802e-4
99877,4695,8727,7149,1.8597570995613298e-5,3.636168322569054e-5,2.8621078361281723e-5
98053,130673,134005,96682,5.176145675633176e-4,5.58341624917917e-4,3.870671559834158e-4
98027,27920,24628,29655,1.1059513997817323e-4,1.0261436169156718e-4,1.1872402836813673e-4
97891,20352,13247,22265,8.061720232219848e-5,5.5194593524776284e-5,8.913810459000385e-5
97693,14319,28575,25961,5.671962067863404e-5,1.1905982561866705e-4,1.0393506998702403e-4
95422,54356,41031,44622,2.1531194228701947e-4,1.7095865984110333e-4,1.7864453191175172e-4
95404,7673,1179,3536,3.0393857774087506e-5,4.912389655447365e-6,1.4156404124421901e-5
94586,6066,2481,8389,2.4028299394971303e-5,1.0337267799122062e-5,3.358542822391836e-5
94582,69782,17831,99878,2.764165493537566e-4,7.429416450066323e-5,3.9986236740356635e-4
92552,4179,5014,26671,1.6553620700887748e-5,2.0891197398145112e-5,1.0677756063417888e-4
91648,2827,33397,16392,1.1198154037188241e-5,1.391510409864085e-4,6.562550237769338e-5
91401,479,2516,1473,1.8973879673905793e-6,1.0483097856747725e-5,5.897167215857879e-6
90822,5063,5891,6809,2.005527198099896e-5,2.4545281984936747e-5,2.7259885657010384e-5
87950,28978,25594,26299,1.1478603031115701e-4,1.066392712820355e-4,1.0528825567538788e-4
87877,21107,19072,17757,8.36078660286283e-5,7.946488168676178e-5,7.109029073454742e-5
85106,7130,10686,8172,2.8242956591847247e-5,4.45239998796527e-5,3.271666699795695e-5
84390,25632,15748,12893,1.0153204254729714e-4,6.561519278539873e-5,5.161722804755983e-5
84223,69793,64272,59895,2.7646012193755887e-4,2.677939846776192e-4,2.3979010888921091e-4
84216,4828,16019,13761,1.912440314522279e-5,6.674433408872886e-5,5.509227295140548e-5
84185,1246,1517,1678,4.935585401604722e-6,6.320691354803776e-6,6.71788634637442e-6
84181,8535,5649,6623,3.380836388659414e-5,2.3536971300782158e-5,2.651523317761489e-5
84086,1032,6871,1304,4.087900589451102e-6,2.8628523598455335e-5,5.22057437167595e-6
68541,302,436,445,1.196265482571931e-6,1.8166258607082704e-6,1.7815610394139552e-6
68263,4146,2156,5068,1.642290294948088e-5,8.983131549740897e-6,2.0289778309550393e-5
68235,1302,3173,2369,5.157409464598193e-6,1.3220536367035188e-5,9.484310342408225e-6
68142,5089,4544,3749,2.0158261724531644e-5,1.8932908052886194e-5,1.5009151318568356e-5
68094,2662,26619,11943,1.054456528015391e-5,1.1091000868392994e-4,4.781389549150757e-5
67178,25450,47493,23879,1.0081111434256835e-4,1.978830550518759e-4,9.559976642733896e-5
67163,20385,19925,18267,8.074792007360535e-5,8.301896851975296e-5,7.313207979095443e-5
67160,20030,30695,24440,7.934171395998602e-5,1.2789296053770726e-4,9.784573438938667e-5
66827,2580,2881,2591,1.0219751473627755e-5,1.200389702912965e-5,1.0373089108138334e-5
66763,27908,24763,18555,1.105476062503889e-4,1.0317684905669473e-4,7.428509008163132e-5
66608,1731,4023,2620,6.856740232887459e-6,1.676212348080131e-5,1.048919083879677e-5
66546,1495,4727,2740,5.921910253129261e-6,1.9695390925614668e-5,1.0969611793245477e-5
66437,123485,45837,181958,4.891418646205129e-4,1.909832100396445e-4,7.28470300246482e-4
66396,3522,4568,3382,1.3951149104696493e-5,1.903290580668665e-5,1.353986389954606e-5
66391,56238,109757,105138,2.227668152611929e-4,4.57310560994857e-4,4.2092081924023465e-4
66367,10719,7770,10880,4.24595023433395e-5,3.237427279289739e-5,4.355816653668277e-5
66350,24041,50617,36422,9.522986247189336e-5,2.1089942933823514e-4,1.4581576669109008e-4
66291,113621,247831,179980,4.500691403818059e-4,0.001032605971755026,7.205513615139858e-4
66287,108871,119776,125417,4.3125370646718113e-4,4.99055456633472e-4,5.021079570341124e-4
66261,47113,19811,61070,1.8662137642520328e-4,8.254397918920079e-5,2.444942307348545e-4
66256,426173,77920,124172,0.001688132614252078,3.2465937400547805e-4,4.971235896317071e-4
65419,308,510,487,1.2200323464640885e-6,2.124952268259674e-6,1.9497083734710028e-6
65232,1127,334,991,4.464209267743597e-6,1.3916354070563357e-6,3.967476382155573e-6
65051,47218,27838,42197,1.8703729654331603e-4,1.1598906126237805e-4,1.6893602512393408e-4
65017,11804,7065,9032,4.675734356383799e-5,2.9436838775009017e-5,3.615968383817268e-5
64799,457,1196,765,1.8102427997860017e-6,4.983221397722687e-6,3.0626835846105076e-006
64787,412,666,512,1.6319913205948198e-6,2.7749376679626333e-6,2.0497960723144834e-6
64753,1489,3619,892,5.898143389237103e-6,1.507882795849365e-5,3.5711290947353892e-6
64652,131,1298,861,5.189098616454403e-7,5.4082118513746216e-6,3.447020348169473e-6
64643,1246,1382,1938,4.935585401604722e-6,5.758203989676215e-6,7.758798414346619e-6
64616,7034,1572,7881,2.7862686769572725e-5,6.54985287392982e-6,3.1551646183418836e-5
64612,1278,6051,2639,5.062342009029562e-6,2.5211933676939782e-5,1.0565257489917815e-5
64604,3275,5873,4269,1.2972746541136007e-5,2.4470283669586404e-5,1.7090975454512754e-5
64586,2279,784,1402,9.027447135037851e-6,3.2665932908148717e-6,5.612918151142394e-6
64585,981,4398,2153,3.885882246367763e-6,1.8324588383933426e-5,8.619552624400552e-6
64557,11493,14294,13399,4.5525427785427824e-5,5.955699553432114e-5,5.364300307215188e-5
62840,89333,19495,45191,3.5386087534635205e-4,8.12273420974948e-5,1.8092252793742934e-4
62820,9399,9152,9460,3.7230792287064833e-5,3.813247678257361e-5,3.787318524237307e-5
62816,642291,752189,506218,0.0025442071293596295,0.0031340504347254433,0.002026647789325963
62766,2216,1704,1482,8.777895064170195e-6,7.099840519832323e-6,5.933198787441532e-6
62409,38827,36093,43443,1.5379933739013366e-4,1.5038412199665964e-4,1.7392439603429317e-4
62393,67852,103448,82373,2.6877154146844593e-4,4.310236514645623e-4,3.2978096067336123e-4
62375,12237,8505,9937,4.8472518908055366e-5,3.543670400303633e-5,3.978285853630668e-5
62348,13186,17566,14825,5.223164454699829e-5,7.31900226357832e-5,5.935200541418402e-5
62311,14573,14828,14774,5.772575125006871e-5,6.178194555638128e-5,5.9147826508543316e-005
62290,14859,9864,9902,5.8858638428928225e-5,4.109907681198711e-5,3.964273575792581e-5
62267,6480,2627,5122,2.5668213003530174e-5,1.0945587468074832e-5,2.0505967739052313e-5
62252,1410,597,806,5.5852130146570285e-6,2.4874441257863244e-6,3.2268274107138157e-6
53745,32420,40962,19109,1.284202878972914e-4,1.70671166298927e-4,7.650303348800285e-5
52871,3172,4803,3239,1.2564748710987302e-5,2.0012050479316108e-5,1.296736226216135e-5
50367,716,1096,1910,2.836179091130803e-6,4.56656409022079e-6,7.64670019164192e-6
48608,67119,151027,109507,2.6586802292962066e-4,6.292650318008899e-4,4.3841214549012136e-4
47358,1148,3794,2740,4.547393291366148e-6,1.580797824662197e-5,1.0969611793245477e-5
47286,9238,10978,14284,3.65930481059586e-5,4.5740639217558245e-5,5.71861076112111e-5
47259,19123,45206,49917,7.57489563682882e-5,1.8835410242930753e-4,1.9984310652680092e-4
46365,11530,31363,37888,4.56719901127628e-5,1.3067623135181992e-4,1.5168490935127177e-4
46362,1723,2668,2439,6.825051081031249e-6,1.111641696415061e-5,9.764555899169971e-6
46349,13273,860,4931,5.257626407343457e-5,3.5832528445163133e-6,1.974129771988812e-5
46207,51191,190054,123593,2.0277492158390635e-4,7.918738791996551e-4,4.948055585264921e-4
46179,13853,13982,16127,5.48737275830098e-5,5.825702473491523e-5,6.45645727699525e-5
46149,3375,2395,3927,1.3368860939338633e-5,9.978942514670431e-6,1.5721775734333937e-5
46131,563502,510548,919855,0.0022321125561597624,0.0021272355503047847,0.0036826468087867953
42424,16028,4112,9763,6.348921574391693e-5,1.7132948484478002e-5,3.908624815235606e-5
42245,27965,9383,15826,1.1077339145736441e-4,3.9094955162902984e-5,6.335951687587698e-5
42007,60323,117832,92549,2.3894808842777018e-4,4.909556385756351e-4,3.705206576106116e-4
34087,1256,2890,2375,4.9751968414249845e-6,1.2041396186804821e-5,9.50833139013066e-6
33999,1136,1196,1538,4.4998595635818336e-6,4.983221397722687e-6,6.157395232850929e-6
33395,27573,39120,34344,1.0922062301641011e-4,1.6299633869474206e-4,1.3749647716321996e-4
31695,12237,8505,9937,4.8472518908055366e-5,3.543670400303633e-5,3.978285853630668e-5
31664,3638,2961,3316,1.441064180661154e-5,1.2337222875131168e-5,1.3275632374599272e-5
31599,2673,7489,4761,1.0588137863956197e-5,3.120346575881706e-5,1.906070136775245e-5
27127,26434,14882,19823,1.047088800208822e-4,6.20069405024323e-5,7.936153816697267e-5
26911,438,294,288,1.7349810641275026e-6,1.2249724840555769e-006,1.153010290676897e-6
26755,12287,5930,11705,4.867057610715668e-5,2.4707778334862486e-5,4.6861060598517636e-5
26751,10957,16432,18851,4.340225461106175e-5,6.846512876871169e-5,7.547012843593813e-5
26736,3945,1074,1677,1.5626713009093603e-5,4.474899482570373e-6,6.713882838420681e-6
26723,3966,2659,4284,1.5709897032716155e-5,1.1078917806475439e-5,1.7151028073818842e-5
23170,17471,18841,15101,6.920514650998082e-5,7.85024033064324e-5,6.045697360941604e-5
22969,61790,103665,73268,2.447590866494027e-4,4.3192779782184144e-4,2.9332902075456554e-4
22885,15867,26793,73800,6.285147156281069e-5,1.1163499239898324e-4,2.954588869859548e-4
21827,4282,2519,3061,1.6961618531036454e-5,1.0495597575972784e-5,1.225473784639577e-5
21709,877261,501791,781488,0.0034749571308163403,0.0020907488698868435,0.00312869342375176
21683,20576,14884,18811,8.150449857417236e-5,6.201527364858233e-5,7.530998811778857e-5
20297,4078,4245,4671,1.6153545158703095e-5,1.7687102703455524e-5,1.8700385651915923e-5
18588,26155,13628,20688,1.0360372084989687e-4,5.678205786635851e-5,8.282457254695709e-5
18489,833,403,854,3.299632937027876e-6,1.6791289492326446e-6,3.4189957924932986e-6
18488,3077,11189,14869,1.2188440032694807e-5,4.6619786136387245e-5,5.952815976414854e-5
18361,1625509,1573751,647775,0.0064388751930795265,0.0065571485433841776,0.0025933723647334267
18345,6564,8041,8544,2.6000949098020382e-005,3.350341409622753e-5,3.4205971956747944e-5
18257,29729,18736,27489,1.1776084944165873e-4,7.80649131335554e-5,1.1005243014033757e-4
18177,9269,10021,10398,3.671584356940142e-5,4.175322878476509e-5,4.162847570298047e-5
18168,1209,3010,1847,4.78902307426975e-6,1.2541384955807097e-5,7.394479190556349e-6
18037,2773,1814,2849,1.0984252262158823e-5,7.55816355808441e-6,1.1405994160203054e-5
18023,1251,1410,1224,4.955391121514853e-6,5.874868035776747e-6,4.900293735376812e-6
17863,187,390,474,7.407339246389109e-7,1.624963499257398e-6,1.8976627700723928e-6
17830,90991,56357,79560,3.604284520685516e-4,2.3481555878884403e-4,3.1851909279949277e-4
17829,4855,9995,2841,1.92313540327375e-5,4.16448978848146e-5,1.1373966096573139e-5
17651,3172,4943,3238,1.2564748710987302e-5,2.0595370709818764e-5,1.2963358754207612e-5
17644,7258,75778,31431,2.8749983021546608e-005,3.157345744787874e-4,1.258342584939776e-4
17537,5557,14767,19316,2.2012077108119937e-5,6.152778459880511e-5,7.733175963442688e-5
17456,14985,5136,4331,5.935774257066353e-5,2.1399519313297425e-5,1.7339192947644584e-5
17382,7994,1986,2812,3.1665384992317935e-5,8.274814126987673e-6,1.1257864365914702e-5
17297,1519,4421,12158,6.016977708697892e-6,1.8420419564658864e-5,4.86746497015615e-5
17267,5974,18647,13325,2.3663874148624888e-5,7.769408812987871e-5,5.3346743483575175e-5
17250,16587,90312,15776,6.57034952298696e-5,3.762915475511131e-4,6.315934147819001e-5
17233,16451,23726,29617,6.516477964831404e-5,9.885611277790006e-5,1.1857189506589464e-4
17222,4580,10571,9106,1.8142039437680277e-5,4.404484397602552e-5,3.6455943426749384e-5
17188,2350,2625,2205,9.308688357761714e-6,1.0937254321924794e-5,8.827735037994992e-6
17045,3187,5700,2068,1.2624165870717696e-5,2.3749466527608123e-5,8.279254448332718e-6
16980,2969,2415,1952,1.176063648263597e-5,1.006227397617081e-5,7.814847525698968e-6
16808,14224,4767,3171,5.634331200034154e-5,1.9862053848615424e-5,1.2695123721307084e-5
14764,650,1422,1104,2.57474358831707e-6,5.924866912676974e-6,4.419872780928105e-6
14702,14927,12284,12389,5.912799621970601e-5,5.118218365353301e-5,4.9599460038875264e-5
14701,2348,2987,3118,9.300766069797662e-6,1.244555377508166e-5,1.2482937799758905e-5
14688,15023,22203,16881,5.9508266041980526e-5,9.251042198464617e-5,6.758321776707186e-5
13139,8941,4891,7186,3.5416588343296805e-5,2.0378708909917778e-5,2.8769208155570073e-5
9489,36882,60279,54650,1.4609491234509258e-4,2.511568583890684e-4,2.1879170967184866e-4
9392,26148,25985,26544,1.0357599284202269e-4,1.0826840135436791e-4,1.06269115124054e-4
8811,36563,15856,28970,1.448313074148262e-4,6.606518267750077e-5,1.1598162541982536e-4
8598,90991,10407,76376,3.604284520685516e-4,4.3361525991722414e-5,3.057719234747871e-4
7543,7497,5101,7443,2.9696696433250883e-5,2.125368925567176e-5,2.9798109699681056e-5
5990,24832,26312,29254,9.836312736167613e-5,1.0963087074989911e-4,1.171186216786873e-4
5900,772,958,1249,3.058003154124274e-6,3.991577005868173e-6,5.000381434220293e-6
5290,65112,48433,37989,2.5791800695769396e-4,2.0179963374239372e-4,1.5208926365459943e-4
5269,2307,2854,2707,9.138359166534585e-6,1.1891399556104138e-5,1.0837496030772083e-5
4755,5412,8841,8392,2.1437711230726127e-5,3.6836672556242704e-5,3.359743874777958e-5
4732,21711,9726,18229,8.600039699377217e-5,4.0524089727634496e-5,7.297994648871234e-5
4713,27039,17478,6753,1.071053721300081e-4,7.282336420518155e-5,2.703568921160099e-5
4709,3332,3026,2859,1.3198531748111504e-5,1.26080501250074e-5,1.1446029239740446e-5
4603,27955,157382,60241,1.1073378001754414e-4,6.557436036926354e-4,2.4117532264120468e-4
4548,3658,5634,5815,1.4489864686252065e-5,2.347447270465687e-5,2.3280398750993597e-5
4543,19193,27070,43184,7.602623644703004e-5,1.1278913314076349e-4,1.7288748747427472e-4
4541,37069,26919,21458,1.468356462697315e-4,1.1215998060643563e-4,8.59072736713363e-5
3772,93549,46440,67290,3.7056105837457475e-4,1.9349565360388091e-4,2.693960502071125e-4
3618,767,4636,5272,3.038197434214143e-6,1.931623277578794e-5,2.1106493932113195e-5
3253,12386,32668,21783,4.9062729361377276e-5,1.3611360921471968e-4,8.720841375630154e-5
3232,3321653,2909334,3045215,0.013157545791329477,0.012121952710637237,0.012191542473345996
3204,4846,7681,5643,1.9195703736899265e-5,3.20034477892207e-5,2.259179538295045e-5
3182,34919,22378,33234,1.3831918670837503e-4,9.323957227277449e-5,1.330525833345694e-4
3178,2149,3775,2669,8.512498417374436e-6,1.572881335819661e-5,1.0685362728529992e-5
3175,8779,6566,9410,3.477488301820855e-5,2.7357718810574552e-5,3.767300984468611e-5
3143,2458,7271,3430,9.73649190782055e-6,3.0295152828462925e-5,1.3732032281325543e-5
3090,17358,10401,8434,6.875753724001186e-5,4.33365265532723e-5,3.3765586081836626e-5
2813,27717,7954,14543,1.097910277498219e-4,3.314092223870088e-5,5.822301617122955e-5
2810,1620,2104,1803,6.4170532508825435e-6,8.766469749839911e-6,7.218324840591823e-6
2806,129777,262528,118660,5.140653825554222e-4,0.0010938420962385799,4.750562537906965e-4
2672,1571,297,634,6.222957195763257e-6,1.2374722032806337e-6,2.5382240426706687e-6
2568,5963,10354,7885,2.3620301564822597e-5,4.3140697618746404e-5,3.156766021523379e-5
2403,1060,3839,4954,4.1988126209478375e-6,1.599547403499782e-5,1.983337840282412e-5
2242,11549,7430,16470,4.5747251848421296e-5,3.095763794739094e-5,6.593777599808505e-5
2197,219772,159010,200101,8.705485352178756e-4,6.625267846587662e-4,8.011059450511727e-4
2193,49793,57790,46147,1.9723724229703366e-4,2.4078625800534622e-4,1.8474988154120402e-4
2044,4078,4245,5178,1.6153545158703095e-5,1.7687102703455524e-5,2.073016418446171e-5
2042,2884,11878,8029,1.1423939244163738e-5,4.9490554985075314e-5,3.214416536057224e-5
2040,4017,4065,2246,1.5911915375799493e-5,1.693711954995211e-5,8.9918788640983e-6
2039,11610,5475,8896,4.59888816313249e-5,2.2811987585728855e-5,3.5615206756464146e-5
2037,10919,35153,54537,4.325173113974475e-5,1.464675433061418e-4,2.1833931327307614e-4
2017,79722,226348,154329,3.1579032053509763e-4,9.430954823843936e-4,6.178573789926209e-4
2011,32214,7380,14697,1.2760429223699398e-4,3.074930929363999e-5,5.8839556396105394e-5
1973,50864,199231,98267,2.0147962750178378e-4,8.301105203091042e-4,3.9341271609009244e-4
1968,5522,3014,3014,2.1873437068749017e-5,1.2558051248107172e-5,1.2066572972570026e-5
1921,6619,4508,3549,2.6218812017031827e-5,1.8782911422185513e-5,1.420844972782051e-5
1830,3306,20431,12522,1.3095542004578821e-5,8.512725449571256e-5,5.013192659672258e-5
1809,49674,120846,80216,1.9676586616317252e-4,5.035136898237423e-4,3.211453940171457e-4
1799,47776,150171,84935,1.8924761488528668e-4,6.256984452486736e-4,3.4003794805084113e-4
1786,8896,38679,16093,3.5238336864105624e-5,1.611588799686587e-4,6.442845349952535e-5
1781,69789,120883,78479,2.7644427736163077e-4,5.03667853027518e-4,3.1419130070150066e-4
1771,73542,106695,133056,2.913104507261753e-4,4.445525142391489e-4,5.326907542927264e-4
1767,45315,219991,90467,1.7949923954552004e-4,9.16608577346498e-4,3.621853540509265e-4
1746,21325,77216,53781,8.447139541671003e-5,3.2172610656066474e-4,2.1531266126004927e-4
1740,93411,72684,89408,3.7001442050505515e-4,3.0284319738467877e-4,3.579456391279167e-4
1732,7330,48658,18857,2.9035185388252498e-5,2.02737112684273e-4,7.549414948366058e-5
1721,7957,17105,15312,3.151882266498296e-5,7.126923244819947e-5,6.130171378765501e-5
1713,23505,98445,53864,9.310668929752729e-5,4.101782863702424e-4,2.1564495242020965e-4
1710,16305,29941,27609,6.458645262693819e-5,1.2475136443914297e-4,1.1053285109478627e-4
1708,9052,26905,19332,3.585627532530172e-5,1.1210164858338537e-4,7.73958157616867e-5
1681,80910,29042,98709,3.204961595857448e-4,1.210056152447009e-4,3.951822666056452e-4
1380,2354194,1691940,2226660,0.009325301395622333,0.007049591648547594,0.008914451020272983
1148,7118,5477,6796,2.819542286406293e-5,2.2820320731878893e-5,2.7207840053611775e-5
816,39069,23603,34126,1.5475793423378402e-4,9.834362428967272e-5,1.366237124293048e-4
782,90619,36092,132697,3.589549065072378e-4,1.5037995542358464e-4,5.31253494937334e-4
592,4659745,4661753,4627467,0.018457920864526963,0.019423534532188903,0.018526100940165793
573,12472,11923,8425,4.940338774383154e-5,4.9678050773451166e-5,3.372955451025298e-5
479,9326,27293,27147,3.694162877637692e-5,1.1371827893649272e-4,1.0868323042015875e-4
473,4716,4250,5825,1.868075501923585e-5,1.770793556883062e-5,2.332043383053099e-5
136,49507,190998,122782,1.9610435511817413e-4,7.95807124182473e-4,4.915587135760096e-4
99,563502,525644,919855,0.0022321125561597624,0.002190134137445271,0.0036826468087867953
61,9238,10978,14284,3.65930481059586e-5,4.5740639217558245e-5,5.71861076112111e-5
54,505450,234739,411466,0.0020021602257151738,9.780571970568778e-4,0.0016473074036932641
