BinBase name,L1_SF_440,L2_SF_440,L3_SF_440,normL1_SF_440,normL2_SF_440,normL3_SF_440
zymostenol,709,1125,622,2.8058077465993265e-6,4.703625045775679e-6,2.5804028855210067e-6
xylulose,186650,263131,243535,7.386516444326717e-4,0.001100150721706667,0.0010103189979507369
xylose,31080,24514,63950,1.2299648062666724e-4,1.0249303499746221e-4,2.653002645161871e-4
xanthosine,19885,14776,15127,7.869321162359324e-5,6.177845660122794e-5,6.275523223356314e-5
xanthine,646959,564322,480349,0.0025602857178168596,0.002359430304961976,0.0019927555396416882
valine,2073520,3508262,6878474,0.008205780647007948,0.0146680435647494,0.02853574623405341
uridine-5'-monophosphate,5440,2458,3992,2.1528341525388344e-5,1.0276898100014772e-5,1.6561042313504598e-5
uridine,146970,191346,144931,5.816213886004274e-4,8.000176337857716e-4,6.012546151148634e-4
uric acid,1497487,336769,538562,0.005926178596659782,0.0014080312027029596,0.002234255528668753
urea,268740,456939,532279,0.0010635159010170705,0.001910461977592616,0.002208190140678836
uracil,665032,670328,684509,0.002631808092152952,0.0028026413952753062,0.0028397250784004805
undecanoic acid,20454,33152,24061,8.094498116917153e-5,1.3860851334893806e-4,9.981844666964781e-5
UDP-N-acetylglucosamine,28624,21481,27437,1.1327706761446984e-4,8.981206187405098e-5,1.1382397744379399e-4
UDP-glucuronic acid,7945,5711,4483,3.1441667907943084e-5,2.387769123237769e-5,1.859798414114256e-5
tyrosine,4059449,1735305,3450986,0.016064927293547093,0.00725531027560868,0.014316614521370735
tryptophan,4520685,5870870,4836188,0.017890229891305183,0.02454610770888272,0.020063204935887567
trisaccharide,1551,1105,1460,6.137951784168625e-6,4.620005044961889e-6,6.056894232894968e-6
tridecanoic acid,1138713,2581768,1515333,0.004506360728566091,0.010794372113050829,0.006286446375763993
tocopherol gamma-,449,889,1113,1.776879658988854e-6,3.7169090361729587e-6,4.617344713158972e-6
tocopherol alpha-,4545,8962,4929,1.798645445457537e-5,3.747012236465923e-5,2.0448240872561163e-5
thymine,4976,7035,4863,1.969210063057581e-5,2.941333528625058e-5,2.0174436064772758e-5
threonine,2024613,2405295,3387498,0.008012235316312696,0.010056538492870233,0.014053230890509067
terephthalic acid,1945,2409,2617,7.697173578470649e-6,1.0072029098020988e-5,1.0856775484579542e-5
tagatose,2358,3500,2510,9.331586271482668e-6,1.4633500142413223e-5,1.0412879811346828e-5
sucrose,3840,3859,104476,1.519647637086236e-5,1.613447915702075e-5,4.3342471361365386e-4
succinic acid,112853,226399,227675,4.466062364273255e-4,9.465742282120604e-4,9.44522872927645e-4
stigmasterol,97,161,144,3.8386932499313776e-7,6.731410065510083e-7,5.973923079019694e-7
stearic acid,1249811,1260458,1406313,0.004946021700402046,0.005269974949287396,0.005834170615989877
squalene,2575,2378,2771,1.0190345483065254e-5,9.942418096759614e-6,1.1495653369419148e-5
spermidine,94288,79016,144945,3.731368135562162e-4,3.3036589921512093e-4,6.013126949225761e-4
sorbitol,4045993,2455117,132187,0.01601167630759753,0.010264844276897464,5.483853958655391e-4
sophorose,133766,97998,124575,5.293676714127017e-4,4.097296419874889e-4,5.1680657470061e-4
shikimic acid,11208,31915,12617,4.435471540745451e-5,1.3343661629860515e-4,5.234235242221631e-5
serine,8498776,10925809,8937292,0.033633189756576073,0.04568080787356562,0.03707687148801256
salicyl alcohol,48427,36328,38304,1.9164577114889363e-4,1.518873694781679e-4,1.5890635390192385e-4
saccharic acid,49293,13745,38176,1.950728931637808e-4,5.746784555927707e-5,1.5837533851712212e-4
ribulose-5-phosphate,6288,1812,1390,2.4884230057287115e-5,7.57597207372936e-6,5.76649519433151e-6
ribose-5-phosphate,12313,9411,9660,4.872765977979902e-5,3.9347391382928814e-5,4.0075067321757115e-5
ribonic acid,36527,65931,48903,1.445525240621066e-4,2.756575136826989e-4,2.0287691689812508e-4
ribitol,539964,2104470,603608,0.0021368620226865425,0.008798789155629816,0.002504102612417305
quinic acid,2343,7919,3945,9.272225035658987e-6,3.310933932222009e-5,1.6366060101897704e-5
pyrophosphate,391086,188672,214837,0.0015476898848893429,7.888376396769679e-4,8.91263689255107e-4
putrescine,155058,125355,159861,6.136289669565562e-4,5.241092601006313e-4,6.631925814827551e-4
pseudo-uridine,97627,101139,80271,3.8635062465056764e-4,4.228621631152946e-4,3.330088746361041e-4
prunin,31883,22703,23121,1.2617428545109495e-4,9.492124392377355e-5,9.591880243750997e-5
propyleneglycol,328230,357824,649929,0.0012989425622937896,0.001496062158559677,0.0026962679533501324
proline,1768404,2024044,15064947,0.00699830979170273,0.008462528046357323,0.06249780178299202
pipecolinic acid,5537,6582,8995,2.1912210850381483e-5,2.751934226781824e-5,3.731627645540427e-5
phthalic acid,122126,112391,86525,4.8330335241352515e-4,4.6990677557313276e-4,3.589539544529021e-4
phosphoinositol,22117,21382,23933,8.752616351415698e-5,8.939814287002272e-5,9.928743128484607e-5
phosphoethanolamine,733941,272803,609020,0.002904509652111222,0.0011405893541002155,0.002526554606655954
phosphate,1721424,1213519,1472108,0.0068123904011029605,0.005073722988377472,0.006107124969451058
phenylalanine,4647417,6890958,4285835,0.0183917611005323,0.028811095678389582,0.017780033763451646
phenylacetic acid,2437,5004,3137,9.644222113487389e-6,2.092172420361022e-5,1.3014025485336653e-5
pentadecanoic acid,274450,592703,23114,0.001086112744787285,0.0024780912671167844,9.588976253365361e-5
pelargonic acid,85911,56410,76337,3.399855420565511e-4,2.3585021229529426e-4,3.166884486688378e-4
parabanic acid,32818,46705,24410,1.2987446915077109e-4,1.9527360690040275e-4,1.0126629330477134e-4
pantothenic acid,73862,41180,70247,2.9230264002724884e-4,1.721735816755933e-4,2.9142373231381697e-4
palmitoleic acid,258309,363633,288130,0.0010222360976252826,0.0015203495877960421,0.001195323928304128
palmitic acid,1182562,1674900,1286440,0.0046798894505415975,0.007002756968150831,0.005336870559565344
palatinitol,176562,35995,184729,6.987292346333855e-4,1.5049509646461828e-4,7.663589142112702e-4
oxoproline,8927380,8487990,7919790,0.03532935396450761,0.035488286535372005,0.03285570573749263
ornithine,889906,2190057,1376663,0.00352172799512725,0.009156628406112307,0.005711165880369784
oleic acid,346737,536527,428858,0.0013721824550530473,0.0022432194088310114,0.0017791421554321028
octadecanol,31223,3023,2262,1.23562391074853e-4,1.2639163123004335e-5,9.384037503293436e-6
nonadecanoic acid,19094,34294,24483,7.556289578782446e-5,1.4338321539540544e-4,1.0156913801641609e-4
N-methyl-UMP,18672,12985,28287,7.389286635331823e-5,5.429028552835306e-5,1.1735025148349312e-4
N-methylethanolamine,1644719,1647288,1601650,0.006508836828179263,0.006887311195027312,0.006644537430216592
nicotinic acid,356485,500929,343953,0.001410759343506997,0.0020943841693825465,0.0014269088644430978
nicotinamide,27743,27345,22286,1.0979058436375898e-4,1.1432944611265416e-4,9.24547567632173e-5
n-epsilon-trimethyllysine,33508,31683,29180,1.3260508599866042e-4,1.3246662428916518e-4,1.2105491350402408e-4
N-alpha-acetyllysine,42699,52976,42837,1.689776938956906e-4,2.2149265815556656e-4,1.7771176592775462e-4
N-acetylserine,17648,51136,84746,6.984047265442159e-5,2.1379961808069787e-4,3.5157367031569655e-4
N-acetylputrescine,39538,43718,98470,1.564683027997802e-4,1.8278495977886323e-4,4.085084761049092e-4
N-acetylglucosamine-6-phosphate,2971,2956,4224,1.1757482108810435e-5,1.235903612027814e-5,1.752350769845777e-5
N-acetylgalactosamine,18845,23951,43793,7.457749927315135e-5,1.0013913197455403e-4,1.8167778708299268e-4
N-acetylaspartic acid,5412,3157,5831,2.1417533885184138e-5,1.3199417128456728e-5,2.4190239912335997e-5
myristic acid,1186822,1954217,1485292,0.0046967480415155225,0.008170581356516098,0.006161819554085638
myo-inositol,1230007,1147005,1144168,0.004867649039451901,0.004795627951671051,0.004746646959358198
methionine sulfoxide,953519,1080769,781482,0.003773471081424038,0.004518695232975942,0.0032420231636378256
methionine,609545,1637954,1127064,0.0024122229660097127,0.006848285740647517,0.004675690028564064
methanolphosphate,25601,14829,18595,1.0131379988813732e-4,6.200004960338449e-5,7.714243031553557e-5
melezitose,1030,1135,1510,4.076138193226102e-6,4.7454350461825735e-6,6.264322117583152e-6
maltotriose,96432,15146,65559,3.8162151286328104e-4,6.332542661628305e-5,2.719752938454529e-4
maltotriitol,22936,14612,22546,9.076728699012998e-5,6.109277259455486e-5,9.353338176359585e-5
maltose,611640,294161,476499,0.0024205137519464205,0.0012298871529692619,0.001976783592520698
maltitol,3775,1608,1600,1.4939244348959742e-5,6.723048065428704e-6,6.6376923100218825e-6
malonic acid,2543,2330,2655,1.0063708179974735e-5,9.741730094806518e-6,1.101442067694256e-5
malonamide,882,2016,1075,3.4904406664324484e-6,8.428896082030017e-6,4.459699520795952e-6
malic acid,89773,133428,46006,3.552690815732882e-4,5.578624734291176e-4,1.908585452592917e-4
maleimide,27568,104252,68058,1.0909803661248269e-4,4.35877616241961e-4,2.823425395221683e-4
lysine,2502876,2165781,2764619,0.00990492083156211,0.009055130449124529,0.011469181422775242
loganin,114525,128393,112289,4.5322303551380516e-4,5.36811138224246e-4,4.6583739487502946e-4
linolenic acid,73169,65654,83935,2.895601509321948e-4,2.744993766714279e-4,3.482091900260542e-4
linoleic acid,156642,260287,181131,6.198975134595369e-4,0.0010882599575909458,7.514324036291084e-4
lignoceric acid,4576,4448,4737,1.8109134341944313e-5,1.8597088180986864e-5,1.9651717795358537e-5
leucrose,41158,6600,43243,1.6287931626873776e-4,2.759460026855065e-5,1.7939608035142266e-4
leucine,8214733,10500181,8223399,0.032509113522771686,0.043901257188247035,0.034115245190338525
L-DOPA,10281260,2661777,5892291,0.040687219961638633,0.011128889745306354,0.024444509161944468
lauric acid,221610,275622,258322,8.770028980590645e-4,0.0011523755932149192,0.0010716637205684205
lactulose,81472,78169,90029,3.224185736684631e-4,3.268245921806569e-4,3.7349050061185e-4
lactose,98240,142066,138592,3.8877652048789537e-4,5.939779517805934e-4,5.749569078940955e-4
lactobionic acid,46021,30191,29473,1.8212422892277517e-4,1.2622857222845647e-4,1.2227044090829683e-4
lactitol,1582677,752200,1491012,0.0062633108419810745,0.003144948230606636,0.006185549304093966
lactic acid,2862642,1417869,2351139,0.011328664456051607,0.00592811034669237,0.009753835787557837
kynurenine,178443,16674,14380,7.061731336056751e-4,6.97139946784566e-5,5.9656259636321665e-5
kynurenic acid,1818,8505,10300,7.194581781830149e-6,3.555940534606413e-5,4.273014424576587e-5
ketoisoleucine,16461,43640,15796,6.514302019290763e-5,1.8245884177568944e-4,6.553061733069103e-5
isoxanthopterin,37403,54075,24294,1.480192202342096e-4,2.260875772002843e-4,1.0078506061229476e-4
isothreonic acid,15192,22825,13585,6.012105964222421e-5,9.543132592873767e-5,5.6358156269779545e-5
isomaltotriose,974,2161,11410,3.854522912817693e-6,9.035141087929994e-6,4.733504328584355e-5
isomaltose,113990,7817,7122,4.5110581810276054e-4,3.2682877318069764e-5,2.9546027894984904e-5
isoleucine,5828853,10843862,7679787,0.023067194500971402,0.04533818746323124,0.03186003944531626
isoheptadecanoic acid,37249,27287,45636,1.4740977821308649e-4,1.1408694811029418e-4,1.8932357891259915e-4
isogluconic acid,1253031,1837805,2108503,0.00495876457902553,0.007683862779779353,0.008747246342973794
inulotriose,38565,30233,42060,1.526177373026841e-4,1.2640417423016542e-4,1.7448833659970022e-4
inosine-5-monophosphate,4397,6139,6346,1.7400756927781717e-5,2.5667159249792793e-5,2.632674712462429e-5
inosine,1758171,1679580,2363499,0.006957813556623814,0.007022324048341258,0.009805111960652755
indole-3-acetate,2567,5636,2942,1.0158686157292624e-5,2.356411622932598e-5,1.2205056735052736e-5
hypoxanthine,2201320,1497368,1888233,0.008711538376225712,0.006260495668927144,0.007833443539768468
hypotaurine,16975,11895,15787,6.717713187379911e-5,4.973299548400151e-5,6.549328031144715e-5
homoserine,15334,22408,98482,6.0683012674688395e-5,9.368784891177014e-5,4.085582587972344e-4
histidine,7033856,5717043,5521669,0.027835892317720948,0.023902957015623578,0.022906962412366387
heptanoic acid,17003,11331,12453,6.72879395140033e-5,4.737491146105264e-5,5.1661988960439066e-5
heptadecanoic acid,51793,70560,59638,2.0496643246772767e-4,2.9501136287105056e-4,2.474116837406781e-4
guanosine,86034,126040,113952,3.404723041903053e-4,5.269732451285037e-4,4.7273644631975846e-4
glycyl-proline,48652,33726,40395,1.9253618968624885e-4,1.4100840737229383e-4,1.675809880395837e-4
glycyl-glycine,25505,26217,41574,1.0093388797886575e-4,1.0961327806675642e-4,1.724721375605311e-4
glycolic acid,28263,33862,15373,1.1184844053897992e-4,1.415770233778276e-4,6.3775777426229e-5
glycine,3083774,3098271,2854666,0.012203775709395756,0.012953871177067075,0.011842746597425579
glycerol-alpha-phosphate,288419,238398,389797,0.0011413938850020186,9.967420477002937e-4,0.001617095343356
glycerol-3-galactoside,18807,169689,160223,7.442711747573136e-5,7.094697159045593e-4,6.646943593678975e-4
glycerol,4159319,3720641,1818734,0.01646015440166116,0.015556000172390994,0.007545122928609586
glyceric acid,108287,116625,120014,4.28536676242597e-4,4.8760912974541207e-4,4.978850030593539e-4
glutaric acid,5246,7106,5547,2.0760602875402067e-5,2.9710186289139532e-5,2.3012049527307114e-5
glutamine,5982364,6951240,7888764,0.023674701345806674,0.029063134722842426,0.03272699258648592
glutamate,6159925,8201986,7569702,0.024377384038745918,0.03429250379973465,0.03140334547159829
glucose-6-phosphate,15145,10664,7121,5.9935061103310015e-5,4.4586184433912746e-5,2.954187933729114e-5
glucose,7897201,5606208,6383796,0.03125250739386735,0.02343955587611376,0.026483546011217784
gluconic acid lactone,152222,221601,254948,6.024057359701589e-4,9.265137900168322e-4,0.0010576664869096618
gluconic acid,167925,564356,217864,0.00066454903504610985,0.002359572458963359,9.038213733941296e-4
galacturonic acid,52885,37020,48710,2.0928793043569163e-4,1.54780621506325e-4,2.0207624526322868e-4
galactose,203985,771701,301763,8.072534459662392e-4,0.003226481912400122,0.0012518812153432084
galactinol,5017,2982,3162,1.9854354675160538e-5,1.2467742121336066e-5,1.3117739427680745e-5
fumaric acid,79339,135754,54208,3.1397740593433563e-4,5.675874795237613e-4,2.2488501546354136e-4
fructose-6-phosphate,10058,6668,7854,3.980368732763896e-5,2.7878908271317535e-5,3.258277212681991e-5
fructose-1-phosphate,5961,5453,7354,2.3590155116330868e-5,2.2798993221879803e-5,3.0508493279938076e-5
fructose,264900,185047,396811,0.0010483194246462082,7.736815145294685e-4,0.0016461933270200582
ethanolamine,9302479,7378813,30413,0.03681377664425607,0.030850817453240156,1.2617008514043468e-4
erythritol,372187,672820,297055,0.0014728986851672264,0.0028130604473767043,0.0012323498057209689
ergosterol,16043,19836,19952,6.348882042128772e-5,8.293431680711677e-5,8.277202310597288e-5
Dopamine,1448078,32465,79877,0.005730646643272298,1.3573616632098437e-4,3.313743429047612e-4
digalacturonic acid,5440,6018,7579,2.1528341525388344e-5,2.5161258244869366e-5,3.14419187610349e-5
dehydroabietic acid,24569,18624,23863,9.722974686346806e-5,7.78669447578011e-5,9.899703224628262e-5
cytidine,2964,3841,3820,1.1729780198759384e-5,1.605922115628834e-5,1.5847490390177243e-5
cystathionine,73544,51789,75552,2.9104418182778684e-4,2.1652981110726813e-4,3.134318308792333e-4
citrulline,580406,541239,491431,0.00229690782929863,0.00226292028102274,0.0020387298560039773
citric acid,33636,164568,48913,1.3311163521102247e-4,6.880588146961884e-4,2.029184024750627e-4
cholesterol,59029,66501,81644,2.336022926290714e-4,2.7804068370589194e-4,3.387048443496416e-4
chenodeoxycholic acid,1197,1030,316,4.737026618729751e-6,4.3064300419101776e-6,1.3109442312293217e-6
cerotinic acid,1168,4134,3952,4.622261562803968e-6,1.7284254168210363e-5,1.639510000575405e-5
cellobiose minor,6289,8659,6454,2.4888187473008695e-5,3.6203279352330316e-5,2.677479135555077e-5
caproic acid,22809,18880,7845,9.026469519348947e-5,7.893728076821761e-5,3.254543510757604e-5
capric acid,8078,7244,7823,3.196800419891306e-5,3.0287164294754684e-5,3.245416683831324e-5
campesterol,15604,50472,16622,6.175151491951466e-5,2.1102343405368006e-4,6.895732598573984e-5
butylamine,126002,97167,82129,4.986422957503644e-4,4.062552309536759e-4,3.40716894831117e-4
biphenyl,4518,6569,8351,1.7879604230092744e-5,2.7464989267289275e-5,3.464460530062046e-5
biopterin,9812,6258,10023,3.8830163060130596e-5,2.6164698254634843e-5,4.158099376459333e-5
beta-sitosterol,372733,220250,278109,0.0014750594341512084,9.208652589618607e-4,0.0011537512316549224
beta-alanyl lysine,437307,617446,369807,0.0017306055969564338,0.0025815417511235645,0.001534165675057664
beta-alanine,2839528,1803204,2312737,0.011237192749063036,0.007539195997371456,0.009594522875001925
Benzaldehyde-4-carboxylic acid,7062,70396,5377,2.794726982578906e-5,2.943256788643775e-4,2.230679471936729e-5
behenic acid,58668,47143,60958,2.321736655535815e-4,1.9710488491822475e-4,2.528877798964462e-4
azelaic acid,9275,8039,12687,3.670503081764281e-5,3.361105932710283e-5,5.2632751460779765e-5
aspartate,544964,2471463,1101320,0.0021566491012944364,0.010333186903562575,0.004568889559295812
asparagine,1866192,2536988,1969524,0.0073852975602844715,0.010607146931228753,0.00817068394325221
arachidic acid,94213,91042,90214,3.728400073770978e-4,3.8064660570445274e-4,3.7425798378519634e-4
arabitol,1715077,850326,1864630,0.0067872726835181,0.003555213040599333,0.007735525132522564
arabinose,19600,36378,32087,7.75653481429433e-5,1.5209641948020237e-4,1.331147707197951e-4
alpha-ketoglutarate,177282,397251,370881,7.015785739529221e-4,0.0016609064471639415,0.0015386212260207661
alpha-aminoadipic acid,7429,16700,4988,2.9399641395608457e-5,6.982270067951453e-5,2.069300577649322e-5
allantoin,53745,35543,7478,2.1269130795624936e-4,1.4860528444622664e-4,3.102291443396477e-5
allantoic acid,125615,111034,62758,4.971107758661134e-4,4.642331585179171e-4,2.603551837452208e-4
alanine,20837798,17928443,20754924,0.08246382940828202,0.07495882091249924,0.08610299964368039
adipic acid,11818,14107,14979,4.6768738997617545e-5,5.898136757400667e-5,6.214124569488611e-5
adenosine-5-monophosphate,8098,8058,8399,3.204715251334463e-5,3.369049832787593e-5,3.484373606992112e-5
adenosine,9238,12974,20305,3.6558606435944394e-5,5.424429452790547e-5,8.423646397187145e-5
adenine,10901,9655,9801,4.313978878092984e-5,4.036755539285705e-5,4.0660013956577796e-5
aconitic acid,1626,4554,1760,6.4347579632870305e-6,1.904027418529995e-5,7.301461541024071e-6
9-myristoleate,61712,75351,129245,2.4422003901006717e-4,3.150425340659939e-4,5.361803391304864e-4
6-methylcholecalciferol,1228,1024,819,4.859706506098692e-6,4.281344041666041e-6,3.397668751192451e-6
5-methyluridine,626,1251,1021,2.477342241708291e-6,5.230431050902555e-6,4.235677405332714e-6
5-aminovaleric acid,17428,31326,35217,6.896984119567427e-5,1.3097400727463904e-4,1.460997563012754e-4
4-hydroxybutyric acid,1657,2323,1622,6.557437850655972e-6,9.71246309452169e-6,6.728960579284683e-6
3-phosphoglycerate,48003,6465,36262,1.8996782688294423e-4,2.703016526305757e-5,1.5043499909125844e-4
3-hydroxypropionic acid,87601,73470,59990,3.4667357462601916e-4,3.07178072989457e-4,2.4887197604888295e-4
3-hydroxykynurenine,156891,24481,17860,6.2088290997421e-4,1.0235506199611947e-4,7.409324041061927e-5
3-hydroxy-3-methylglutaric acid,2650,3881,4473,1.048715166218366e-5,1.622646115791592e-5,1.8556498564204925e-5
"3-Aminopiperidine-2,6-dione",63964,132494,91513,2.531321392150625e-4,5.539574193911136e-4,3.796469602293953e-4
3-aminoisobutyric acid,9943,4903,7309,3.934858451965741e-5,2.0499443199500582e-5,3.0321808183718712e-5
"3,6-anhydro-D-galactose",24245,31532,25023,9.594754416967655e-5,1.3183529328302107e-4,1.0380935917104848e-4
"3,4-dihydroxyphenylacetic acid",42478,18891,16000,1.681031050212217e-4,7.89832717686652e-5,6.637692310021883e-5
2-picolinic acid,2934,2028,2787,1.1611057727112022e-5,8.479068082518291e-6,1.1562030292519367e-005
2-monoolein,23102,15647,22966,9.142421799991204e-5,6.542010763666849e-5,9.52757759949766e-5
2-ketoisovaleric acid,31889,49411,69568,1.2619802994542442e-4,2.0658739301050852e-4,2.8860686163975147e-4
2-ketoisocaproic acid,39511,180057,64119,1.563614525752976e-4,7.52818324326428e-4,2.6600137076643316e-4
2-hydroxyglutaric acid,2298382,1872174,1842670,0.009095653060993587,0.007827559570177809,0.007644422805567513
2-Deoxyinosine,1868,3223,2272,7.392452567909085e-6,1.3475363131142234e-5,9.425523080231074e-6
2-amino-4-oxo-4-phenylbutanoic acid,9093,1929,1642,3.598478115631548e-5,8.065149078490031e-6,6.811931733159957e-6
"2,6-diaminopimelic acid",1955,1343,1258,7.736747735686436e-6,5.615083054645988e-6,5.218885578754705e-6
1-monopalmitin,3200,10035,3425,1.2663730309051967e-5,4.1956335408319055e-5,1.4208810101140592e-5
1-kestose,38565,2004,4379,1.526177373026841e-4,8.378724081541743e-6,1.816653414099114e-5
588382,112977,191452,177898,4.4709695597680126e-4,8.004608197900847e-4,7.380201166051705e-4
588380,54072,84253,48463,2.1398538289720562e-4,3.522617964282118e-4,2.0105155151286906e-4
588375,34146,29828,27526,1.3512991722902765e-4,1.2471086921368618e-4,1.1419319907853896e-4
588374,27587,104252,68058,1.0917322751119269e-4,4.35877616241961e-4,2.823425395221683e-4
588356,3263,8126,3710,1.2913047499511428e-5,3.3974806330642816e-5,1.539114904386324e-5
562527,46883,22937,43233,1.8553552127477605e-4,9.589959793329489e-5,1.7935459477448504e-4
554665,2487,2641,2293,9.842092899566325e-6,1.104202110746095e-5,9.51264279180011e-6
553510,14139,15644,23727,5.59539008874018e-5,6.540756463654641e-5,9.843282839993075e-5
553483,44650,55461,129861,1.7669861196849073e-4,2.3188244325667994e-4,5.387358506698448e-4
553440,23386,19277,7845,9.25481240648404e-5,8.059713778437134e-5,3.254543510757604e-5
553439,7165,5134,2735,2.835488364511167e-5,2.1465254208899853e-5,1.1346305292443655e-5
553386,126002,97167,82129,4.986422957503644e-4,4.062552309536759e-4,3.40716894831117e-4
553359,28626,20261,20434,1.13284982445913e-4,8.47112418244098e-5,8.477162791436696e-5
553345,25621,17912,6637,1.0139294820256889e-4,7.489007272883018e-5,2.753397741350952e-5
553344,100508,76837,77494,3.9775193934443596e-4,3.2125550012645853e-4,3.2148832992052236e-4
553268,35456,24958,51656,1.4031413182429578e-4,1.0434939901552835e-4,2.1429789622905648e-4
553263,61800,47107,37103,2.445682915935661e-4,1.969543689167599e-4,1.5392393611171368e-4
550987,14506,12775,3512,5.74062724572212e-5,5.3412275519808265e-5,1.4569734620498031e-5
545358,4302049,2355049,6426082,0.017024996347602094,0.009846459964825749,0.026658971921856275
545069,31800,258033,501325,1.2584581994620392e-4,0.0010788359834992317,0.002079775685826075
544748,6495080,5978195,5433671,0.02570373170491164,0.02499483353824972,0.02254189763243057
544707,1001,965,1183,3.961373137300318e-6,4.03466503926536e-6,4.907743751722429e-6
544105,28640,10274,13903,1.133403862660151e-4,4.2955594418043844e-5,5.7677397616396395e-5
544078,15320,20852,12636,6.062760885458629e-5,8.718221284845729e-5,5.242117501839782e-5
544032,4172,9306,8042,1.6510338390426502e-5,3.890838637865642e-5,3.336270097324749e-5
541377,82515,106946,64646,3.265461582660697e-4,4.4714123035157844e-4,2.6818766067104665e-4
540580,9505,5225,6018,3.761523643360592e-5,2.1845725212602598e-5,2.4966020201069805e-5
539711,8802,11472,1177,3.483317318133607e-5,4.7964432466789854e-5,4.882852405559848e-6
539702,6241,7732,2659,2.4698231518372913e-5,3.2327492314611154e-5,1.1031014907717616e-5
539604,6064,5870,1492,2.3997768935653476e-5,2.454247023884732e-5,6.189648079095405e-6
534660,1909,3463,5621,7.554706612493814e-6,1.4478803140907713e-5,2.3319042796645627e-5
524550,6585,857,1996,2.6059582526596e-5,3.583117034870895e-6,8.280521156752299e-6
521677,44721,46781,38287,1.7697958848472283e-4,1.9559136290349516e-4,1.588358284211299e-4
521666,4442,2307,6463,1.757884063525276e-5,9.645567093870659e-6,2.681212837479464e-5
520868,48427,6902,3498,1.9164577114889363e-4,2.8857262280838878e-5,1.451165481278534e-5
520865,9403,7325,11120,3.721158003000489e-5,3.0625825298050534e-5,4.613196155465208e-5
520862,3761,4571,5425,1.488384052885764e-5,1.911135118599167e-5,2.2505925488667947e-5
520631,62747,61122,39341,2.4831596428190116e-4,2.5555108448702314e-4,1.632084082303568e-4
519942,978,4383,966,3.870352575704007e-6,1.8325323178342047e-5,4.0075067321757115e-6
519090,100283,70550,83816,3.9686152080708076e-4,2.949695528706437e-4,3.477155116604963e-4
517908,8704,18284,8244,3.444534644062135e-5,7.644540474396669e-5,3.420070962738775e-5
517902,12058,8355,9989,4.771851877079644e-5,3.4932255339960706e-5,4.1439942803005365e-5
514161,727,1992,2250,2.8770412295877436e-6,8.32855208105347e-6,9.334254810968272e-6
513579,3167,5214,5270,1.2533135590239869e-5,2.1799734212155015e-5,2.1862899046134575e-5
511804,545,1300,640,2.1567915682604132e-6,5.4353000528963405e-6,2.6550769240087527e-006
511719,32961,48532,39885,1.3044037959895685e-4,2.0291229397474244e-4,1.6546522361576423e-4
509844,66070,59820,41618,2.6146645672470734e-4,2.5010742243404544e-4,1.726546740990567e-4
488159,345,559,313,1.3653084239446652e-6,2.3371790227454264e-6,1.2984985581480307e-6
486463,91,8215,14234,3.601248306636653e-7,3.434691533426418e-5,5.905057021303217e-5
476084,1680,2522,2291,6.648458412252282e-6,1.05444821026189e-5,9.504345676412583e-6
474821,38234,24981,28878,1.5130783269884154e-4,1.044455620164642e-4,1.1980204908050746e-4
474672,110616,110723,52791,4.3775349745815386e-4,4.6293286750526266e-4,2.1900650921147824e-4
474251,7620,14031,5819,3.0155507798429996e-005,5.866361157091427e-5,2.4140457220010834e-5
474221,75128,53406,85250,2.9731272833076754e-4,2.2329048817306302e-4,3.5366454339335343e-4
474043,31445,44256,34966,1.2444093736504346e-4,1.8503433780075418e-4,1.4505846832014072e-4
425777,2273,8435,3463,8.995205935148475e-6,3.526673534321587e-5,1.4366455293503612e-5
425770,29633,18314,12604,1.1727010007754279e-4,7.657083474518737e-5,5.2288421172197376e-5
425127,6513,3077,2789,2.577464859464233e-5,1.2864937125201569e-5,1.1570327407906894e-5
422265,192392,196448,69278,7.613751255059768e-4,8.213490959933694e-4,2.8740377990856e-4
421543,4328,7738,3584,1.7127695242992785e-5,3.235257831485529e-5,1.4868430774449017e-5
417901,16829,5864,20558,6.659934917844861e-5,2.4517384238603184e-5,8.528604906839366e-5
417820,3893,3888,3032,1.5406219404106033e-5,1.6255728158200748e-5,1.2578426927491468e-5
417688,6155,4714,4569,2.435789376631714e-5,1.9709234191810266e-5,1.895476010280624e-5
412153,2346,1892,2021,9.284097282823723e-6,7.91045207698452e-6,8.38423509909639e-6
407336,30683,22172,30786,1.2142538658520047e-4,9.270113290216743e-5,1.2771749716020855e-4
406926,15426,1497,1668,6.104709492107363e-5,6.25895706091217e-6,6.919794233197813e-6
406851,228958,209401,3493,9.060819887812251e-4,8.755055895204204e-4,1.4490912024316522e-5
406846,82094,123491,101577,3.24880086247285e-4,5.163158760247861e-4,4.21398044859433e-4
405282,11581,7493,8991,4.583083147160338e-5,3.1328233304886365e-5,3.7299682224629216e-5
404192,16407,10642,8436,6.492931974394238e-5,4.449420243301758e-5,3.4997232704590376e-5
404164,22395,6492,19145,8.862632508475587e-5,2.7143052264156186e-5,7.942413704710559e-5
404049,26208,32654,14794,1.0371595123113561e-4,1.3652637532867468e-4,6.137376252153983e-5
400553,179,461,295,7.083774141625944e-7,1.927441018757856e-6,1.2238245196602846e-6
400202,10927,6643,6206,4.324268158969089e-5,2.77743832703003e-5,2.5745949047497377e-5
396760,1944,1704,1568,7.69321616274907e-6,7.124424069334895e-6,6.5049384638214446e-6
396036,125684,202055,4511,4.973838375509023e-4,8.447919632215154e-4,1.8714143756567943e-5
391901,173618,29344,74961,6.870786027490576e-4,1.2268726519399246e-4,3.10980033282219e-4
391335,3758,1536,650,1.4871968281692904e-5,6.4220160624990605e-6,2.6965625009463896e-6
390198,2975,7315,26761,1.177331177169675e-5,3.0584015297643635e-5,1.1101955244280975e-4
390194,4325144,3648388,163867,0.017116392863691956,0.015253910376451055,6.798117036039724e-4
390145,26201,14842,21565,1.0368824932108456e-4,6.205440260391345e-5,8.946364666601369e-5
390130,10883,31974,11289,4.306855529794142e-5,1.3368329530100582e-4,4.683306780489814e-5
389549,3420,3069,3921,1.353436176779929e-5,1.2831489124876052e-5,1.6266494717247375e-5
385008,52885,37020,48267,2.0928793043569163e-4,1.54780621506325e-4,2.0023843420489138e-4
384914,8100,8333,7754,3.205506734478779e-5,3.484027333906554e-5,3.2167916357443544e-5
383524,36589,30036,19563,1.447978838368445e-4,1.255805172221496e-4,8.115823416309881e-5
382948,7698,11984,9974,3.046418622471314e-5,5.0105104487622875e-5,4.137771443759891e-5
382947,1467,1810,1384,5.805528863556011e-6,7.567610073647981e-6,5.741603848168929e-6
382905,27151,36094,35628,1.0744779425658436e-4,1.5090901546864653e-4,1.4780481351341226e-4
382622,718,2268,913,2.8414244880935352e-6,9.482508092283768e-6,3.787633174406237e-6
382616,71124,177992,61730,2.814672357815663e-4,7.441845592424042e-4,2.560904664360318e-4
382613,40311,62541,34800,1.5952738515256058e-4,2.6148392354476157e-4,1.4436980774297595e-4
382601,1590,2132,1990,6.292290997310196e-6,8.913892086749998e-6,8.255629810589716e-6
381736,7302,16877,297181,2.8897049598967956e-5,7.056273768671657e-5,0.001232872523990383
381214,31788,24055,44360,1.2579833095754497e-4,1.0057395597878574e-4,1.840300192953567e-4
380652,4503,5377,1890,1.7820242994269063e-5,2.24812372187874e-5,7.840774041213349e-6
380602,4755,5277,5232,1.8817511756106905e-5,2.206313721471845e-5,2.1705253853771557e-5
380297,8024,40071,23807,3.175430374994781e-5,1.6753685263046865e-4,9.876471301543184e-5
380205,9772,8240,13829,3.867186643126744e-5,3.445144033528142e-5,5.7370404347057886e-5
379924,84019,98447,171755,3.3249811151132413e-4,4.116069110057585e-4,7.125355266923803e-4
379876,1945,2464,2617,7.697173578470649e-6,1.030198410025891e-5,1.0856775484579542e-5
379063,17004,25071,5381,6.729189692972489e-5,1.0482185202012626e-4,2.2323388950142343e-5
378996,26462,7129,17521,1.0472113482441661e-4,2.980634929007539e-5,7.268687935243337e-5
377666,1561,2000,1806,6.177525941384413e-6,8.362000081378984e-6,7.4922951949372e-6
377276,713,2186,689,2.8216374094856416e-6,9.13966608894723e-6,2.8583562510031732e-6
377232,105376,97593,77337,4.170166390770813e-4,4.0803633697100966e-4,3.2083700636260145e-4
377204,39247,48807,36094,1.553166948248008e-4,2.0406206898593206e-4,1.4973804139870614e-4
376958,13300,13548,14926,5.2633629096997236e-5,5.664418855126124e-5,6.192137213711663e-5
374861,110616,110723,34702,4.3775349745815386e-4,4.6293286750526266e-4,1.439632490889871e-4
371572,1133,4985,1721,4.483752012548712e-6,2.084228520283712e-5,7.139667790967287e-6
371569,2042,4164,1726,8.081042903463786e-6,1.7409684169431045e-5,7.1604105794361055e-6
371565,100221,66309,19069,3.9661616103234287e-4,2.7723793169807953e-4,7.910884666237954e-5
371564,6379,4826,9593,2.524435488795078e-5,2.017750619636749e-5,3.979711395627495e-5
371554,47529,31609,43439,1.8809201183091591e-4,1.3215723028615418e-4,1.8020919765940034e-4
371553,6379,4826,22576,2.524435488795078e-5,2.017750619636749e-5,9.365783849440875e-5
371547,173536,149555,148277,6.867540946598881e-4,6.252894610853171e-4,6.151356891581967e-4
371541,2339,1495,1547,9.256395372772673e-6,6.250595060830791e-6,6.417818752252407e-6
371280,9220,12658,3644,3.648737295295598e-5,5.2923098515047595e-5,1.5117344236074837e-5
371271,6339,25403,4222,2.508605825908763e-5,1.0620994403363517e-4,1.7515210583070242e-5
370221,27721,10101,18045,1.0970352121788425e-4,4.2232281411004564e-5,7.486072358396554e-5
370173,15253,2161,10865,6.0362462001240517e-5,9.035141087929994e-6,4.5074079342742346e-5
370157,2757,2089,294,1.0910595144392585e-5,8.73410908500035e-6,1.2196759619665208e-6
367427,7124,9702,8463,2.819262960052694e-5,4.056406239476945e-5,3.510924376232199e-5
367202,24971,22773,707,9.882062798354271e-5,9.521391392662181e-5,2.9330302894909193e-6
366123,1686,985,1434,6.672202906581755e-6,4.11828504007915e-6,5.949031732857112e-6
361344,1716,3639,2388,6.790925378229117e-6,1.5214659148069064e-005,9.90675577270766e-6
360157,5067,26242,15585,2.0052225461239475e-5,1.0971780306777366e-4,6.46552716573069e-5
360148,27013,24162,22562,1.069016708870065e-4,1.0102132298313952e-4,9.359975868669606e-5
360106,2458,1529,2768,9.727327843640543e-6,6.392749062214234e-6,1.1483207696337857e-5
359906,39627,11387,6724,1.5682051279900072e-4,4.760904746333125e-5,2.7894901932866962e-5
357445,221037,39093,178107,8.747352988505998e-4,1.6344783459067432e-4,7.388871651631671e-4
356187,4482,5371,4488,1.773713726411591e-5,2.2456151218543265e-5,1.861872692961138e-5
355602,2204,2781,650,8.722144250359542e-6,1.1627361113157478e-5,2.6965625009463896e-6
354270,10283,14138,4053,4.069410586499418e-5,5.911097857526804e-5,1.681410433282418e-5
354256,146265,71055,22215,5.788314105167144e-4,2.970809578911919e-4,9.216020916696008e-5
354254,4263,8718,3873,1.6870463221090167e-5,3.644995835473099e-5,1.6067363947946718e-5
354252,197631,132897,170038,7.821080264713278e-4,5.556423624075115e-4,7.05412453132188e-4
354246,138851,169689,26433,5.494911303569296e-4,7.094697159045593e-4,1.0965882551925526e-4
353481,419672,315676,16099,0.0016608165707063928,0.0013198413688446963,6.678763031190142e-5
351741,2768,3137,2330,1.0954126717329952e-5,1.3115797127642938e-5,9.666139426469367e-6
351285,49980,53580,3714,1.977916377645054e-4,2.24017982180143e-4,1.5407743274638296e-5
351222,9216,4973,2578,3.647154329006967e-5,2.0792113202348845e-5,1.0694981734522758e-5
350330,2274,1737,2427,8.999163350870053e-6,7.262397070677648e-6,1.0068549522764443e-5
350308,10738,4762,11179,4.249473001831251e-5,1.990992219376336e-5,4.637672645858414e-5
348293,2757,2089,294,1.0910595144392585e-5,8.73410908500035e-6,1.2196759619665208e-6
347607,268855,125047,104237,0.001063971003825052,5.22821512088099e-4,4.324332083248443e-4
346922,2905,2316,524,1.149629267118624e-5,9.683196094236864e-6,2.1738442315321665e-6
346416,7618,10001,9429,3.0147592966986837e-5,4.181418140693561e-5,3.911675049449771e-5
346408,2092,2586,2114,8.278913689542722e-6,1.0812066105223027e-5,8.770050964616412e-6
346346,2679,1338,1103,1.0601916718109443e-5,5.594178054442541e-6,4.575859136221335e-6
346256,11347,6812,9861,4.490479619275396e-5,2.848097227717682e-5,4.0908927418203616e-5
346225,44373,27357,6152,1.756024078136134e-4,1.1437961811314244e-4,2.5521926932034138e-5
344676,28627,20266,20594,1.1328893986163458e-4,8.473214682461326e-5,8.543539714536916e-5
342924,38495,31380,69293,1.523407182021736e-4,1.3119978127683628e-4,2.874660082739664e-4
342840,30350,22038,22176,1.2010756714991475e-4,9.214087889671503e-5,9.199841541690329e-5
342183,2249,1359,2289,8.900227957830585e-6,5.6819790552970205e-6,9.496048561025056e-6
341344,35561,19004,3216,1.4072966047506155e-4,7.945572477326311e-5,1.3341761543143984e-5
328993,4482,5371,5178,1.773713726411591e-5,2.2456151218543265e-5,2.1481231738308318e-5
328824,15359,10513,10461,6.078194806772786e-5,4.395485342776863e-5,4.3398062034461816e-5
324432,7322,10242,7146,2.897619791339953e-5,4.282180241674178e-5,2.9645593279635233e-5
323841,16490,8880,8439,6.525778524883342e-5,3.712728036132269e-5,3.500967837767167e-5
321802,32539,24688,10919,1.287703501644506e-4,1.0322052900454219e-4,4.5298101458205585e-5
320847,113651,25421,12358,4.497642541731453e-4,1.0628520203436759e-4,5.1267875979531515e-5
320842,17914,1398,3290,7.089314523636154e-5,5.84503805688391e-6,1.3648754812482495e-5
250667,2975,4593,4896,1.177331177169675e-5,1.920333318688684e-5,2.031133846866696e-5
250558,5829,4955,3156,2.3067776241082474e-5,2.0716855201616435e-5,1.3092848081518164e-5
242849,4011,2522,3451,1.5873194459252325e-5,1.05444821026189e-5,1.4316672601178448e-5
241382,3084,4281,3059,1.2204670085348834e-5,1.7898861174191718e-5,1.2690437985223087e-5
237707,13008,9597,12707,5.1478063706296244e-5,4.012505739049706e-5,5.2715722614655036e-5
234465,182058,98370,7511,7.204791914391822e-4,4.1128497400262534e-4,3.1159816837858974e-5
232320,11968,23939,13202,4.7362351355854355e-5,1.0008895997406576e-4,5.4769258673068056e-5
230854,34841,36689,45170,1.3788032115552486e-4,1.5339671049285677e-4,1.8739035102730527e-4
228851,45630,38311,43857,1.805768793756379e-4,1.6017829255885515e-4,1.8194329477539355e-4
228833,6600,12829,7853,2.611894376241968e-5,5.36380495220055e-5,3.257862356912615e-5
228307,1628,9667,5200,6.4426727947301885e-6,4.041772739334532e-5,2.1572500007571116e-5
227159,15295,19547,15608,6.0528673461546825e-5,8.172600779535751e-5,6.475068848426346e-5
224423,1133,178,2076,4.483752012548712e-6,7.442180072427297e-7,8.612405772253392e-6
224377,12591,35092,12617,4.982782135039791e-5,1.4671965342787568e-4,5.234235242221631e-5
223738,1101,2156,1760,4.357114709458192e-6,9.014236087726546e-6,7.301461541024071e-6
223237,2611,3611,2822,1.033281244904209e-5,1.5097591146929757e-5,1.1707229811801094e-5
223227,13558,11329,10460,5.3654642353164554e-5,4.7366549460971256e-5,4.339391347676805e-5
223171,3716,748,3324,1.4705756821386596e-5,3.1273880304357403e-6,1.3789805774070461e-5
223160,9315,7071,6493,3.686332744650596e-5,2.95638512877154e-5,2.693658510560755e-5
223108,12623,10658,14089,4.995445865348843e-5,4.456109843366861e-5,5.844902934743644e-5
222288,2398,8368,2242,9.489882900345817e-6,3.498660834048967e-5,9.301066349418162e-6
219979,4013,5848,4550,1.588110929069548e-5,2.445048823795215e-5,1.887593750662473e-5
219417,9245,20329,9140,3.658630834599545e-5,8.499554982717669e-5,3.7917817321000006e-5
215929,4524,828,2320,1.7903348724422217e-5,3.4618680336908996e-6,9.62465384953173e-6
215683,2196,10783,3254,8.690484924586912e-6,4.50837234387548e-5,1.3499406735507004e-5
215676,4768,7649,6556,1.886895816048743e-5,3.198046931123393e-5,2.7197944240314665e-5
215644,13629,15680,15265,5.3935618869396645e-5,6.555808063801124e-5,6.3327733195302525e-005
214058,8767,7551,9575,3.469466363108081e-5,3.157073130724636e-5,3.97224399177872e-5
212017,13007,36488,3084,5.1474106290574665e-5,1.525563294846782e-4,1.2794151927567178e-5
211126,11356,2349,12697,4.494041293424817e-5,9.821169095579618e-6,5.26742370377174e-5
210861,6165,11242,7301,2.439746792353293e-5,4.7002802457431275e-5,3.0288619722168604e-5
210845,1648,1108,1484,6.521821109161763e-6,4.632548045083958e-6,6.156459617545296e-6
210842,3904,4446,4599,1.54497509770434e-5,1.8588726180905483e-5,1.907921683361915e-5
210393,34643,3187,27150,1.3709675284265228e-4,1.3324847129677412e-5,1.1263334138568382e-4
210312,45673,74171,57275,1.8074704825166577e-4,3.1010895401798036e-4,2.3760864191031458e-4
210297,17732,57330,9789,7.017289557503421e-5,2.396967323327286e-4,4.061023126425263e-5
210259,24775,114182,96096,9.804497450211328e-5,4.7739494664600764e-4,3.986598001399143e-4
210228,56855,15380,46675,2.2499887085035923e-4,6.430378062580439e-5,1.936339303564196e-4
209687,161671,152348,563785,6.397993571233564e-4,6.369669941989628e-4,0.0023388945993785544
209676,230291,157724,210402,9.113572239380895e-4,6.594440504177095e-4,8.72864835883265e-4
209172,6787183,4771192,5770644,0.026859704709431956,0.019948353946137382,0.0239398495641712
208244,6621,12691,7907,2.6202049492572835e-5,5.306107151639035e-5,3.280264568458939e-5
205795,403,736,2696,1.594838535796232e-6,3.0772160299474665e-6,1.1184511542386871e-5
199152,9711,2162,7399,3.8430464072251144e-5,9.039322087970682e-6,3.069517837615744e-5
190197,35038,19484,34816,1.3865993205267589e-4,8.146260479279407e-5,1.4443618466607617e-4
190007,1064,1423,862,4.210690327759779e-6,5.949563057901148e-6,3.576056732024289e-6
189939,7396,6285,7494,2.9269046676796357e-5,2.627758525573346e-5,3.108929135706499e-5
189234,4134,1935,4394,1.6359956593006508e-5,8.090235078734167e-6,1.8228762506397594e-5
188923,16134,33579,15724,6.384894525195138e-5,1.4039380036631247e-4,6.523192117674004e-5
187931,14261,14429,11127,5.6436705605434405e-5,6.0327649587108686e-5,4.616100145850843e-5
187846,9007,1674,2299,3.5644443404259706e-5,6.99899406811421e-6,9.537534137962693e-6
187839,787,519,886,3.114486172882468e-6,2.1699390211178466e-6,3.6756221166746175e-6
187836,1492,708,1254,5.904464256595479e-6,2.9601480288081605e-6,5.2022913479796506e-6
183432,2034,1528,1370,8.049383577691156e-6,6.388568062173544e-6,5.683524040456237e-6
170841,59782,21019,73968,2.365822266674202e-4,8.788043985525245e-5,3.068605154923116e-4
170728,32847,51238,37230,1.2998923420669685e-4,2.142260800848482e-4,1.5445080293882167e-4
170630,51123,47227,42719,2.023149639342699e-4,1.9745608892164266e-4,1.772222361198905e-4
170487,15654,35754,19370,6.194938570559359e-5,1.4948747545481212e-4,8.035756252820241e-5
170319,26928,35984,35389,1.065652905506723e-4,1.504491054641707e-4,1.4681330822460275e-4
170278,5689,6687,4968,2.2513738040061448e-5,2.7958347272090637e-5,2.0610034622617945e-5
170275,17454,20789,14762,6.907273400443532e-5,8.691880984589386e-5,6.12410086753394e-5
170242,8817,970,1906,3.489253441715975e-5,4.055570039468807e-6,7.907150964313567e-6
169614,14502,11478,12933,5.739044279433488e-5,4.798951846703399e-5,5.3653296653445626e-5
169611,22991,13645,24857,9.09849448548168e-5,5.704974555520812e-5,1.0312069859388371e-4
169610,55665,33811,40702,2.2028954614168055e-4,1.4136379237575242e-4,1.6885459525156917e-4
168880,3991,6884,1875,1.579404614482075e-5,2.8782004280106465e-5,7.778545675806894e-6
163829,2823,35446,3427,1.1171784582016782e-5,1.4819972744227973e-4,1.4217107216528119e-5
163410,9106,18955,13487,3.6036227560696e-5,7.925085577126933e-5,5.59515976157907e-5
161401,125011,72248,123202,4.947204967702798e-4,3.0206889093973443e-4,5.111106049870724e-4
161388,1402,1157,3761,5.548296841653393e-6,4.8374170470777425e-6,1.5602725486245186e-5
160575,21508,9674,5341,8.511609733971553e-5,4.044699439363015e-5,2.2157446642391798e-5
146435,14454,5113,15359,5.72004868396991e-5,2.1377453208045374e-5,6.371769761851631e-5
146430,7517,5794,7802,2.9747893979107384e-5,2.4224714235754918e-5,3.23670471267442e-5
146264,7113,5664,7393,2.8149098027589573e-5,2.3681184230465284e-5,3.067028702999486e-5
138111,39352,76517,772,1.5573222347556656e-4,3.199175801134379e-4,3.2026865395855584e-6
135765,18035,29517,19867,7.137199253867257e-5,1.2341057820103174e-4,8.241939570200296e-5
135325,5817,10579,11940,2.3020287252423528e-5,4.423079943045414e-5,4.9533778863538295e-5
135323,5165,4579,735,2.044005220195419e-5,1.9144799186317186e-5,3.0491899049163022e-6
135260,31551,47925,32821,1.2486042343153083e-4,2.003744269500439e-4,1.3615981206701762e-4
135163,937,281,699,3.708098531119279e-6,1.1748610114337475e-6,2.89984182794081e-6
134328,85805,89553,86722,3.3956605599006374e-4,3.744210966438661e-4,3.5977122031857355e-4
133924,1644,1288,29810,6.505991446275448e-6,5.385128052408067e-6,1.2366850485109518e-4
133605,15706,9933,16681,6.215517132311568e-5,4.1529873404168726e-5,6.92020908896719e-5
133467,42699,50016,8312,1.689776938956906e-4,2.0911689803512564e-4,3.448281155056368e-5
132335,106482,55048,99485,4.2139354086514737e-4,2.3015569023987517e-4,4.127192621640794e-4
132248,4586,5031,4318,1.81487084991601e-5,2.1034611204708836e-5,1.7913472121671554e-5
131989,10497,10694,11933,4.154099282941203e-5,4.4711614435133435e-5,4.950473895968195e-5
131524,31545,15154,27863,1.2483667893720135e-4,6.335887461660857e-5,1.1559126302133732e-4
131446,559939,765499,446695,0.0022159114017250778,0.0032005513501477656,0.0018531399790157656
131427,1155,1283,1360,4.570815158423444e-6,5.364223052204619e-6,5.6420384635186e-6
131421,911949,357824,649929,0.00360896130987801,0.001496062158559677,0.0026962679533501324
130738,6339,15769,5996,2.508605825908763e-5,6.593018964163261e-5,2.4874751931807004e-5
130659,5031,14252,5779,1.990975849526264e-5,5.9587612579906645e-5,2.3974514912260285e-5
130582,35273,45473,30237,1.3958992474724687e-4,1.901226148502733e-4,1.254399389863323e-4
130549,2525,11404,4876,9.992474696986318e-6,4.768012446402297e-5,2.0228367314791688e-5
130548,23364,53422,22907,9.246106091896567e-5,2.2335738417371406e-4,9.503101109104454e-5
130530,47925,48578,52504,1.896591484566611e-4,2.0310461997661417e-4,2.1781587315336808e-4
130528,5334,10582,6187,2.1108855458900998e-5,4.424334243057621e-5,2.5667126451315866e-5
130463,40495,38306,23193,1.6025554964533106e-4,1.601573875586517e-4,9.621749859146095e-5
128059,4458,6046,5012,1.764215928679802e-5,2.527832624600867e-5,2.0792571161143548e-5
127630,5372,4008,4360,2.125923725632099e-5,1.6757448163083486e-5,1.808771154480963e-5
125960,28052,45934,18782,1.110134258217268e-4,1.9205005586903114e-4,7.791821060426937e-5
125942,15757,12512,12845,6.23569995249162e-5,5.231267250910693e-5,5.328822357639443e-5
125898,211,509,950,8.350147172531141e-7,2.128129020710952e-6,3.941129809075493e-6
125897,13868,57330,27319,5.488144122685396e-5,2.396967323327286e-4,1.1333444763592988e-4
125868,38234,12347,7907,1.5130783269884154e-4,5.162280750239316e-5,3.280264568458939e-5
125802,42009,16940,43247,1.6624707704780128e-4,7.082614068928e-5,1.7941267458219771e-4
124996,20335,14135,16904,8.047404869830367e-5,5.9098435575145975e-5,7.012721925538119e-5
121191,2924,2698,1996,1.1571483569896235e-5,1.128033810978025e-5,8.280521156752299e-6
118967,678,740,571,2.6831278592303855e-6,3.0939400301102243e-6,2.368826443139059e-6
118602,21114,23602,17240,8.355687554541351e-5,9.86799629603534e-5,7.152113464048578e-5
118128,9074,3459,10023,3.5909590257605486e-5,1.4462079140744954e-5,4.158099376459333e-5
118125,25199,1610,3180,9.972291876806267e-5,6.731410065510082e-6,1.319241346616849e-5
118060,270894,102243,146969,0.001072040174481351,4.2747798716021577e-4,6.097093756947538e-4
117962,73702,11221,27702,2.9166945351179625e-4,4.6915001456576796e-5,1.1492334523264137e-4
117769,47677,54469,36290,1.8867770935770956e-4,2.2773489121631597e-4,1.5055115870668382e-4
117750,60146,33100,57343,2.3802272599007487e-4,1.383911013468222e-4,2.378907438334905e-4
117745,23212,21713,24100,9.18595337292857e-5,9.078205388349094e-5,9.99802404197046e-5
117300,1438,2499,2174,5.6907638076302276e-6,1.044831910168304e-5,9.018964426242234e-6
117249,6341,15477,4876,2.5093973090530787e-5,6.470933762975127e-5,2.0228367314791688e-5
117245,13703,5396,4777,5.422846763279347e-5,2.25606762195605e-5,1.9817660103109082e-5
117242,16622,7590,13256,6.578016412408181e-5,3.1733790308833244e-5,5.4993280788531295e-5
117235,5278,30612,7710,2.0887240178492588e-5,1.2798877324558675e-4,3.198537981891795e-5
117213,49354,43231,53390,1.953142955227971e-4,1.8074881275904745e-4,2.2149149527004268e-4
117212,23002,15243,11399,9.102847642775416e-5,6.373098362022993e-5,4.7289409151212145e-5
117201,6894,29561,12861,2.728242398456383e-5,1.235945422028221e-4,5.3354600499494644e-5
117200,24833,13137,25092,9.827450461396485e-5,5.492579753453786e-5,1.0409560965191817e-4
117199,267963,278664,195448,0.0010604409890014037,0.0011650941953386968,8.108273041307231e-4
117196,2379,3714,1646,9.414692001635822e-6,1.5528234151120776e-5,6.828525963935012e-6
117195,7348549,9933001,8829791,0.029081263343391724,0.04152987758516877,0.036630897387375266
117192,56549,49224,74218,2.2378790163955615e-4,2.0580554600289956e-4,3.0789765491575255e-4
117191,9470,1501,3825,3.747672688335066e-5,6.275681061074928e-6,1.5868233178646064e-5
117190,93275,10992,9195,3.691279514302569e-4,4.59575524472589e-5,3.814598799415701e-5
117182,455801,12049,327791,0.0018037940433113112,5.0376869490267695e-5,0.0013598598749964893
116942,56829,40584,86493,2.248959780415982e-4,1.6968170565134235e-4,3.5882120060670166e-4
115895,11911,22598,20082,4.713677865972437e-5,9.448223891950115e-5,8.331133560616215e-5
114282,2724,3481,4409,1.0780000425580486e-5,1.4554061141640123e-5,1.829099087180405e-5
113559,8997,6678,5300,3.560486924704392e-5,2.792071827172443e-5,2.1987355776947485e-5
113534,8042,7969,4862,3.1825537232936226e-5,3.3318389324254566e-5,2.0170287507078995e-5
112543,2168,2061,1605,8.579677284382707e-6,8.617041083861044e-6,6.658435098490701e-6
112530,2580,5903,2817,1.0210132561673148e-5,2.4680443240190073e-5,1.1686487023332277e-005
111776,31985,35640,47121,1.26577941854696e-4,1.4901084145017352e-4,1.954841870878382e-4
111772,8057,48300,2374,3.18848984687599e-5,2.019423019653025e-4,9.848675964994968e-6
111739,24895,14914,25176,9.851986438870273e-5,6.235543460684309e-5,1.0444408849819432e-4
111732,2435,6061,40395,9.636307282044232e-6,2.5341041246619012e-5,1.675809880395837e-4
110962,4112,11093,5115,1.6272893447131778e-5,4.637983345136854e-5,2.1219872603601204e-5
110647,14033,35770,48101,5.5534414820914456e-5,1.4955437145546313e-4,1.9954977362772661e-4
110628,73218,99508,3672,2.8975406430255214e-4,4.1604295204893e-4,1.523350385150022e-5
110612,35311,28393,22588,1.3974030654466686e-4,1.1871113415529676e-4,9.370762118673393e-5
110605,20999,142066,138592,8.310177273743195e-5,5.939779517805934e-4,5.749569078940955e-4
110346,34751,39533,16588,1.3752415374058277e-4,1.652874746085777e-4,6.881627502415186e-5
110328,13969,9404,11042,5.5281140214733414e-5,3.931812438264399e-5,4.5808374054538516e-5
110321,22221,73505,18120,8.793773474920117e-5,3.0732440799088114e-4,7.517186541099782e-5
110283,12794,14366,15992,5.063117674187839e-5,6.006424658454525e-5,6.634373463866872e-5
110182,2937,4682,3752,1.1622929974276759e-5,1.9575442190508203e-5,1.5565388467001314e-5
110123,2607,7368,2668,1.0316982786155775e-5,3.080560829980018e-5,1.1068351926961488e-5
110031,13362,4154,15265,5.287898887173512e-5,1.736787416902415e-5,6.3327733195302525e-005
110021,5556,1151,30650,2.1987401749091478e-5,4.812331046833606e-6,1.2715329331385668e-4
109714,5822,5151,9942,2.304007433103142e-5,2.1536331209591575e-5,4.124496059139847e-5
109387,147675,145078,172146,5.844113666841404e-4,6.065711239031502e-4,7.141576127506419e-4
109386,6812,6797,8004,2.6957915895394374e-5,2.841825727656648e-5,3.320505578088447e-5
108314,4563331,3017128,3773758,0.01805899784216763,0.012614612290765407,0.015655652785302225
107960,24783,25863,19502,9.80766338278859e-5,1.0813320405235234e-4,8.090517214377922e-5
107143,197386,40776,41186,7.811384596195411e-4,1.7048445765915473e-4,1.7086249717535078e-4
106940,261077,41606,187246,0.0010331902243426126,1.7395468769292703e-4,7.768008339264734e-4
106931,5960,4487,7732,2.358619770060929e-5,1.8760147182573753e-5,3.2076648088180746e-5
106902,3137,315,1622,1.2414413118592507e-5,1.3170150128171902e-6,6.728960579284683e-6
106482,32089,22859,28778,1.2698951308974017e-4,9.55734799301211e-5,1.1938719331113109e-4
106427,131596,90041,89921,5.207800792968758e-4,3.7646142466372256e-4,3.7304245638092353e-4
105769,1952,2422,1782,7.7248754885217e-6,1.012638209854995e-5,7.392729810286871e-6
105406,40241,34253,27422,1.5925036605205005e-4,1.4321179439373717e-4,1.1376174907838753e-4
105370,122846,28169,102644,4.8615269173306184e-4,1.1777459014618232e-4,4.258245559186788e-4
105085,395,875,392,1.5631792100236022e-6,3.6583750356033057e-6,1.6262346159553611e-6
105081,3657,2521,378,1.4472269293813451e-5,1.054030110257821e-5,1.5681548082426697e-6
104990,2548,4080,2471,1.0083495258582629e-5,1.705848016601313e-5,1.0251086061290045e-5
104933,6830,16990,14238,2.7029149378382793e-5,7.103519069131448e-5,5.9067164443807227e-5
104931,1868,3451,2282,7.392452567909085e-6,1.4428631140419439e-5,9.46700865716871e-6
104924,17816,49200,29629,7.050531849564682e-5,2.0570520200192304e-4,1.2291761590852397e-4
104918,17865,65927,37191,7.069923186600419e-5,2.7564078968253617e-4,1.542890091887649e-4
104417,3686,2657,89572,1.4587034349739234e-5,1.1108917108111981e-5,3.715946097458e-4
104390,1321,1780,1341,5.227746168205515e-6,7.442180072427296e-6,5.56321586733709e-6
104378,49718,48594,62841,1.9675479484545177e-4,2.0317151597726518e-4,2.606995140338032e-4
104312,611718,118244,538848,0.0024208224303727036,4.943781688112884e-4,0.0022354420161691695
104238,734,870,624,2.9047431396387948e-6,3.6374700353998586e-6,2.588700000908534e-6
104135,19562,19235,8688,7.741496634552331e-5,8.042153578266239e-5,3.604266924341882e-5
104131,21268,13114,16520,8.416631756653663e-5,5.4829634533602006e-5,6.853417310097594e-5
103821,21643,50788,36605,8.565034846212867e-5,2.1234463006653795e-4,1.518579543802194e-4
102904,74007,165602,72950,2.928764653068778e-4,6.923819687382613e-4,3.026372837600602e-4
100922,5804,12491,8085,2.2968840848043006e-5,5.2224871508252446e-5,3.354108895407932e-5
100908,1413,2695,1448,5.591828414590759e-6,1.1267795109658182e-5,6.007111540569804e-6
100877,700,902,674,2.7701910051051177e-6,3.771262036701922e-6,2.796127885596718e-6
100869,12429,4085,13437,4.918672000350215e-5,1.7079385166216575e-5,5.574416973110252e-5
100865,10747,17595,18100,4.2530346759806715e-5,7.356469571593162e-5,7.508889425712255e-5
100727,11154,37774,19342,4.4141014958489264e-5,1.579330955370049e-4,8.024140291277703e-5
100468,7428,8134,5645,2.9395683979886877e-5,3.400825433096833e-5,2.3418608181295955e-5
100114,8208,15621,14330,3.248246824271829e-5,6.531140163561056e-5,5.944883175163349e-5
100017,125748,167743,161904,4.976371121570833e-4,7.013334898253775e-4,6.716680848511142e-4
99877,3658,3492,3800,1.4476226709535029e-5,1.4600052142087708e-5,1.5764519236301972e-5
98053,87654,135976,118678,3.4688331765926286e-4,5.685156615327944e-4,4.923425299804856e-4
98027,48780,40319,33171,1.9304273889861093e-4,1.6857374064055964e-4,1.376118072598349e-4
97891,20664,21872,2431,8.177603847070307e-5,9.144683288996058e-5,1.0085143753539497e-5
97693,22146,24313,18216,8.764092857008277e-5,1.0165265398928363e-4,7.557012694959913e-5
95422,14083,13457,14158,5.573228560699339e-5,5.62637175475585e-5,5.873527982830613e-5
95404,3676,8789,4478,1.4547460192523447e-5,3.674680935761995e-5,1.8577241352673743e-5
94586,720,1455,1839,2.8493393195366923e-6,6.0833550592032115e-6,7.6291975988314015e-6
94582,7190,31402,25477,2.8453819038151137e-5,1.3129176327773145e-4,1.0569280436401718e-4
92552,19532,5683,11960,7.729624387387594e-5,2.3760623231238386e-5,4.961675001741357e-5
91648,3651,3247,3591,1.4448524799483978e-5,1.3575707132118781e-5,1.4897470678305362e-5
91401,580,2115,919,2.295301118515669e-6,8.842815086058277e-6,3.8125245205688186e-6
90822,6851,11352,7873,2.7112255108535944e-5,4.746271246190712e-5,3.266159472300143e-5
87950,27714,20820,25005,1.0967581930783319e-4,8.704842084715523e-5,1.0373468513256073e-4
87877,19633,14583,205010,7.76959428617554e-5,6.097152359337487e-5,8.504958127984913e-4
85106,7844,10533,8947,3.104196892006363e-5,4.403847342858242e-5,3.711714568610361e-5
84390,14332,13160,14358,5.6717682121666496e-5,5.502196053547372e-5,5.9564991367058867e-5
84223,60552,47653,42076,2.3962943677303584e-4,1.9923719493897637e-4,1.7455471352280046e-4
84216,5248,8806,3016,2.0768517706845226e-5,3.681788635831167e-5,1.2512050004391249e-5
84185,1475,1364,1428,5.837188189328641e-6,5.702884055500467e-6,5.92414038669453e-6
84181,7886,5711,4483,3.120818038036994e-5,2.387769123237769e-5,1.859798414114256e-5
84086,823,5776,2153,3.2569531388593026e-6,2.4149456235022508e-5,8.931844714673195e-6
68541,722,630,324,2.85725415097985e-6,2.6340300256343803e-6,1.3441326927794312e-6
68263,4685,4429,6351,1.8540492655596394e-5,1.8517649180213762e-5,2.634748991309311e-5
68235,1056,2053,582,4.179031001987149e-6,8.583593083535527e-6,2.41446057777046e-6
68142,1752,3772,2211,6.9333923442059516e-6,1.5770732153480766e-5,9.172461060911488e-6
68094,2548,3896,2810,1.0083495258582629e-5,1.6289176158526262e-5,1.1657447119475932e-5
67178,41211,29558,52564,1.6308905930198143e-4,1.235819992027e-4,2.180647866149939e-4
67163,32504,23567,42196,1.2863184061419534e-4,9.853362795892927e-5,1.750525404460521e-4
67160,24921,1614,33427,9.862275719746377e-5,6.748134065672841e-6,1.3867383802943842e-4
66827,3849,3146,4557,1.523209311235657e-5,1.3153426128009143e-5,1.8904977410481073e-5
66763,95902,44961,74350,3.795240825308443e-4,1.8798194282944027e-4,3.0844526453132937e-4
66608,2791,2332,3178,1.1045147278926263e-5,9.750092094887897e-6,1.3184116350780963e-5
66546,1128,2026,1024,4.463964933940819e-6,8.470706082436912e-6,4.248123078414004e-6
66437,16983,66553,36892,6.720879119957173e-5,2.782580957080078e-4,1.5304859043832955e-4
66396,10927,6628,6407,4.324268158969089e-5,2.7711668269689954e-5,2.6579809143943875e-5
66391,290752,163789,255833,0.0011506265358804616,6.848018156644913e-4,0.0010613379604686426
66367,6066,8602,5783,2.4005683767096635e-5,3.596496235001102e-5,2.3991109143035343e-5
66350,17280,36392,14228,6.838414366888063e-5,1.52154953480772e-4,5.902567886686959e-5
66291,71469,180085,60389,2.8283254420551096e-4,7.529353923275673e-4,2.5052725056869465e-4
66287,85818,159598,100010,3.3961750239444425e-4,6.672792444939616e-4,4.148972549533053e-4
66261,52403,58569,71926,2.0738045605789068e-4,2.448769913831429e-4,2.983891606816462e-4
66256,110616,109163,52791,4.3775349745815386e-4,4.564105074417871e-4,2.1900650921147824e-4
65419,1587,586,741,6.28041875014546e-6,2.4500660238440427e-6,3.0740812510788844e-6
65232,1222,794,1299,4.83596201176922e-6,3.319714032307457e-6,5.3889764441990156e-6
65051,106482,58322,103237,4.2139354086514737e-4,2.4384428437309257e-4,4.2828465063108066e-4
65017,9821,6881,11247,3.8865779801624804e-5,2.8769461279984396e-5,4.665882838176007e-5
64799,610,1595,686,2.4140235901630313e-6,6.6686950648997405e-6,2.845910577921882e-6
64787,484,653,494,1.91538920924411e-6,2.7301930265702387e-6,2.049387500719256e-6
64753,4557,1183,2741,1.8033943443234318e-5,4.94612304813567e-6,1.1371196638606238e-5
64652,376,1160,246,1.4879883113136062e-6,4.8499600471998114e-6,1.0205451926658645e-6
64643,2009,3397,1248,7.950448184651687e-6,1.4202857138222206e-5,5.177400001817068e-6
64616,6409,6634,1742,2.5363077359598143e-5,2.7736754269934092e-5,7.226787502536324e-6
64612,2132,2524,585,8.437210318405873e-6,1.0552844102700279e-5,2.426906250851751e-6
64604,4861,5402,5169,1.9236997822594252e-5,2.258576221980464e-5,2.1443894719064443e-5
64586,6619,2436,1536,2.6194134661129676e-5,1.0184916099119604e-5,6.3721846176210074e-6
64585,13716,1327,804,5.427991403717399e-5,5.548187053994956e-6,3.335440385785996e-6
64557,12121,12405,9236,4.7967835961255903e-5,5.1865305504753154e-5,3.8316078859601314e-5
62840,35428,23461,38144,1.4020332418409158e-4,9.809044195461618e-5,1.5824258467092168e-4
62820,9697,6387,8947,3.837506025214904e-5,2.6704047259883788e-005,3.711714568610361e-5
62816,541441,751571,456772,0.0021427071257073146,0.0031423183815810427,0.001894944994895822
62766,1905,1534,1484,7.538876949607499e-6,6.413654062417681e-6,6.156459617545296e-6
62409,30227,39656,42409,1.1962080501616057e-4,1.658017376135825e-4,1.7593618323482376e-4
62393,54311,90086,67353,2.1493120525466292e-4,3.766495696655536e-4,2.794178063480649e-4
62375,11762,13519,11530,4.654712371720913e-5,5.652293955008125e-5,4.783287020909519e-5
62348,6141,18609,13487,2.430248994621504e-5,7.780422975719076e-5,5.59515976157907e-5
62311,10701,13501,11131,4.2348305636614096e-5,5.6447681549348835e-5,4.6177595689283486e-5
62290,12935,8861,89370,5.1189172358620995e-5,3.704784136054959e-5,3.7075660109165976e-4
62267,9081,5020,5381,3.5937292167656535e-5,2.0988620204261252e-5,2.2323388950142343e-5
62252,4286,633,1030,1.6961483782686477e-5,2.6465730257564488e-6,4.2730144245765866e-6
53745,40309,33727,22556,1.5951947032111742e-4,1.410125883723345e-4,9.357486734053348e-5
52871,2912,2421,1933,1.152399458123729e-5,1.0122201098509261e-5,8.019162022045187e-6
50367,2885,3326,570,1.1417144356754663e-5,1.3906006135333251e-5,2.3646778854452955e-6
48608,115172,141945,41973,4.557834834856666e-4,5.9347205077567e-4,1.741274120803428e-4
47358,2928,2094,2469,1.1587313232782549e-5,8.755014085203796e-6,1.0242788945902517e-5
47286,13558,10348,10460,5.3654642353164554e-5,4.326498842105487e-5,4.339391347676805e-5
47259,39247,48807,36094,1.553166948248008e-4,2.0406206898593206e-4,1.4973804139870614e-4
46365,22514,24224,28773,8.909725755562374e-5,1.0128054498566226e-4,1.1936645052266226e-4
46362,1680,2526,2291,6.648458412252282e-6,1.0561206102781657e-5,9.504345676412583e-6
46349,12058,7778,10342,4.771851877079644e-5,3.251981831648287e-5,4.290438366890394e-5
46207,555330,331583,139883,0.0021976716726643214,0.0013863485364919439,5.803126958767444e-4
46179,15706,9933,16681,6.215517132311568e-5,4.1529873404168726e-5,6.92020908896719e-5
46149,4790,2409,4380,1.895602130636216e-5,1.0072029098020988e-5,1.8170682698684904e-5
46131,959970,543367,879453,0.0037990003702439426,0.0022718174491093276,0.0036484615094535466
42424,19404,9948,11907,7.678969466151386e-5,4.159258840477907e-5,4.93968764596441e-5
42245,6778,18516,21964,2.6823363760860698e-5,7.741539675340663e-5,9.111892118582539e-5
42007,109312,71413,138622,4.325930273572152e-4,2.9857775590575873e-4,5.750813646249084e-4
34087,1054,1711,3780,4.171116170543991e-6,7.153691069619722e-6,1.5681548082426697e-5
33999,1246,1125,1876,4.9309399890871095e-6,4.703625045775679e-6,7.782694233500657e-6
33395,35337,14452,18120,1.3984319935342793e-4,6.042381258804454e-5,7.517186541099782e-5
31695,11762,13519,11530,4.654712371720913e-5,5.652293955008125e-5,4.783287020909519e-5
31664,2193,4306,8266,8.678612677422175e-6,1.8003386175208954e-5,3.429197789665055e-5
31599,4551,4240,3231,1.8010198948904845e-5,1.772744017252345e-5,1.3403989908550439e-5
27127,23634,43465,24016,9.352956316379193e-5,1.8172716676856878e-4,9.963176157342846e-5
26911,350,327,309,1.3850955025525588e-6,1.367187013305464e-6,1.281904327372976e-6
26755,48106,21588,32595,1.9037544070226684e-4,9.025942887840476e-5,1.3522223802822704e-4
26751,38234,27523,28878,1.5130783269884154e-4,1.150736641198969e-4,1.1980204908050746e-4
26736,5930,3267,5516,2.3467475228961927e-5,1.3659327132932572e-5,2.288344423880044e-5
26723,2036,2556,1642,8.057298409134314e-6,1.0686636104002343e-5,6.811931733159957e-6
23170,20276,24745,18543,8.024056117073052e-5,1.0345884600686149e-4,7.692670531545985e-5
22969,125358,135265,105424,4.960937200256676e-4,5.655429705038642e-4,4.3735754630734185e-4
22885,69671,68764,43361,2.7571711073811234e-4,2.875022867979723e-4,1.7988561015928677e-4
21827,2976,2326,2351,1.1777269187418328e-5,9.725006094643759e-6,9.753259138038403e-6
21709,1200945,1313128,1088023,0.0047526386237513795,0.005490188221430512,0.004513726187641837
21683,19544,19201,19808,7.734373286253488e-5,8.027938178127895e-5,8.21746307980709e-5
20297,3361,4859,42837,1.3300874240226144e-5,2.0315479197710244e-5,1.7771176592775462e-4
18588,17049,19670,15486,6.746998063719593e-5,8.224027080036232e-5,6.424456444562429e-5
18489,300,3854,61,1.187224716473622e-6,1.6113574156817305e-5,2.5306201931958424e-7
18488,13278,6257,14428,5.25465659511225e-5,2.6160517254594154e-5,5.985539040562232e-5
18361,2264155,735920,3522594,0.008960202593091111,0.0030768815499442113,0.014613684440705764
18345,14113,6650,10302,5.5851008078640754e-5,2.7803650270585125e-5,4.27384413611534e-5
18257,11709,17058,9370,4.6337380683965464e-5,7.131949869408136e-5,3.887198559056565e-5
18177,5591,7787,3902,2.2125911299346734e-5,3.2557447316849075e-5,1.6187672121065864e-5
18168,5451,1953,3338,2.157187309832571e-5,8.165493079466579e-6,1.3847885581783152e-5
18037,1714,2093,1878,6.783010546785959e-6,8.750833085163108e-6,7.790991348888184e-6
18023,810,665,653,3.205506734478779e-6,2.7803650270585126e-6,2.7090081740276806e-6
17863,1105,994,381,4.3729443723445075e-6,4.155914040445355e-6,1.5806004813239608e-6
17830,148186,167692,161119,5.864336061178671e-4,7.011202588233024e-4,6.684114670615097e-4
17829,38565,30233,7052,1.526177373026841e-4,1.2640417423016542e-4,2.9255628856421445e-5
17651,2912,1985,1930,1.152399458123729e-5,8.299285080768643e-6,8.006716348963896e-6
17644,5816,22579,5224,2.301632983670195e-5,9.440279991872805e-5,2.1672065392221445e-5
17537,9238,4638,11883,3.6558606435944394e-5,1.9391478188717865e-5,4.9297311074993766e-5
17456,7141,9639,7297,2.825990566779378e-5,4.0300659392206016e-5,3.0272025491393546e-5
17382,9891,790,2744,3.9142798902135316e-5,3.302990032144699e-6,1.1383642311687529e-5
17297,11395,8085,7493,4.509475214738974e-5,3.380338532897455e-5,3.108514279937123e-5
17267,16978,24776,7423,6.718900412096385e-5,1.0358845700812286e-4,3.079474376080777e-5
17250,1453272,32465,79593,0.005751201460530178,1.3573616632098437e-4,3.301961525197323e-4
17233,14561,17891,22665,5.7623930321908025e-5,7.480227172797571e-5,9.402706012915373e-5
17222,20093,28316,18419,7.951635409368161e-5,1.1838919715216366e-4,7.641228416143315e-5
17188,5813,5936,5346,2.3004457589537214e-5,2.4818416241532827e-5,2.2178189430860616e-5
17045,5201,7504,5151,2.0582519167931024e-5,3.137422430533395e-5,2.13692206805767e-5
16980,2381,3453,3333,9.422606833078979e-6,1.4436993140500818e-5,1.3827142793314335e-5
16808,11364,15038,11182,4.49720722600208e-5,6.287387861188859e-5,4.6389172131665434e-5
14764,815,1308,797,3.225293813086673e-6,5.468748053221856e-6,3.30640048192965e-6
14702,6593,15105,26443,2.609124185236863e-5,6.315400561461478e-5,1.097003110961929e-4
14701,1345,3293,1806,5.322724145523405e-6,1.3768033133990498e-5,7.4922951949372e-6
14688,22095,26334,24479,8.743910036828225e-5,1.1010245507151709e-4,1.0155254378564103e-4
13139,18753,9298,18282,7.421341702676611e-5,3.88749383783309e-5,7.584393175738754e-5
9489,36642,46769,30226,1.4500762687008818e-4,1.9554119090300687e-4,1.2539430485170088e-4
9392,22748,29106,29739,9.002329283447317e-5,1.2169218718430836e-4,1.2337395725483798e-4
8811,5559,30610,7778,2.1999273996256213e-5,1.2798041124550537e-4,3.2267481742093877e-5
8598,19548,167692,160223,7.73595625254212e-5,7.011202588233024e-4,6.646943593678975e-4
7543,9953,7063,7042,3.93881586768732e-5,2.9530403287389886e-5,2.921414327948381e-5
5990,22828,20177,27429,9.033988609219947e-5,8.436003782099189e-5,1.1379078898224388e-4
5900,1097,988,1003,4.341285046571877e-6,4.130828040201218e-6,4.161003366844967e-6
5290,48298,73401,65253,1.9113526452080998e-4,3.068895839866494e-4,2.707058351911612e-4
5269,2903,4724,3473,1.148837783974308e-5,1.975104419221716e-5,1.4407940870441249e-5
4755,23389,12691,4604,9.255999631200514e-5,5.306107151639035e-5,1.9099959622087967e-5
4732,22081,8718,18183,8.738369654818015e-5,3.644995835473099e-5,7.543322454570493e-5
4713,20815,11232,24673,8.237360824466147e-5,4.696099245702438e-5,1.0235736397823119e-4
4709,7322,10242,7261,2.897619791339953e-5,4.282180241674178e-5,3.0122677414418055e-5
4603,81215,48567,37576,3.2140151782801736e-4,2.0305862897616658e-4,1.558862039008639e-4
4548,15361,3789,5420,6.078986289917102e-5,1.5841809154172488e-5,2.2485182700199125e-5
4543,38079,38941,37376,1.5069443326199683e-4,1.6281232258448953e-4,1.5505649236211117e-4
4541,42618,37769,25622,1.6865714322224272e-4,1.5791219053680144e-4,1.0629434522961292e-4
3772,109800,98263,99299,4.345242462293456e-4,4.108376069982716e-4,4.119476304330393e-4
3618,814,2883,2427,3.2213363973650943e-6,1.2053823117307806e-5,1.0068549522764443e-5
3253,34643,64097,27150,1.3709675284265228e-4,2.679895596080744e-4,1.1263334138568382e-4
3232,4616340,429423,4388149,0.018268776492152798,0.001795417580473004,0.01820448929533138
3204,4503,5377,1890,1.7820242994269063e-5,2.24812372187874e-5,7.840774041213349e-6
3182,15176,25316,13562,6.005774099067895e-5,1.0584619703009519e-4,5.626273944282298e-5
3178,4273,3788,9711,1.6910037378305955e-5,1.5837628154131796e-5,4.028664376413906e-5
3175,13590,7458,15585,5.378127965625507e-5,3.118189830346223e-5,6.46552716573069e-5
3143,2975,7309,24188,1.177331177169675e-5,3.05589292973995e-5,1.003453134967558e-4
3090,10632,8508,203955,4.207524395182516e-5,3.55719483461862e-5,8.461190844315707e-4
2813,22992,23695,25398,9.098890227053838e-5,9.906879596413752e-5,1.0536506830620986e-4
2810,1417,2398,1215,5.607658077477074e-6,1.0026038097573402e-5,5.040497597922867e-6
2806,90155,216459,107224,3.5678081437893127e-4,9.050150878076068e-4,4.4482495015611646e-4
2672,856,2727,1183,3.387547857671401e-6,1.1401587110960246e-5,4.907743751722429e-6
2568,4177,6706,4633,1.6530125469034396e-5,2.8037786272863735e-5,1.9220267795207114e-5
2403,2782,997,2639,1.1009530537432053e-5,4.168457040567424e-6,1.0948043753842342e-5
2242,19564,6656,12188,7.742288117696646e-5,2.7828736270829263e-5,5.056262117159169e-5
2197,171026,147608,237389,6.768209811987255e-4,6.171490540060946e-4,9.848219623648654e-4
2193,34961,65810,48919,1.383552110421143e-4,2.751516126777755e-4,2.029432938212253e-4
2044,3361,3074,4419,1.3300874240226144e-5,1.28523941250795e-5,1.8332476448741686e-5
2042,5618,4700,4978,2.223276152382936e-5,1.9650700191240613e-5,2.065152019955558e-5
2040,7384,3145,2840,2.9221557688137414e-5,1.3149245127968454e-5,1.1781903850288842e-5
2039,7332,9026,12508,2.901577207061532e-5,3.773770636726336e-5,5.189015963359607e-5
2037,31265,11567,18832,1.237286025351593e-4,4.8361627470655357e-5,7.812563848895756e-5
2017,60681,111915,72720,2.401399434011195e-4,4.6791661955376454e-4,3.016831154904946e-4
2011,8844,6213,20369,3.499938464164237e-5,2.5976553252803816e-5,8.450197166427233e-5
1973,34855,133685,31081,1.3793572497562698e-4,5.589369904395748e-4,1.2894132167986884e-4
1968,5220,1418,7541,2.065771006664102e-5,5.9286580576977005e-6,3.128427356867189e-5
1921,19011,4736,4595,7.523443028293342e-5,1.9801216192705437e-5,1.9062622602844092e-5
1830,4283,10229,2656,1.6949611535521742e-5,4.276744941621282e-5,1.1018569234636324e-5
1809,39290,76306,42168,1.5548686370082867e-4,3.190353891048524e-4,1.749363808306267e-4
1799,48652,41288,40395,1.9253618968624885e-4,1.7262512967998776e-4,1.675809880395837e-4
1786,12014,23811,9578,4.754439247904698e-5,9.95537919688575e-5,3.97348855908685e-5
1781,86575,82258,75509,3.4261326609567937e-4,3.439207013470363e-4,3.1325344289840143e-4
1771,100536,66309,19069,3.978627469846402e-4,2.7723793169807953e-4,7.910884666237954e-5
1767,352369,94366,20978,0.0013944706203969789,3.945442498397046e-4,8.70284432997744e-5
1746,24075,35696,25107,9.527478349700815e-5,1.4924497745245213e-4,1.0415783801732463e-4
1740,50989,140065,62638,2.0178467022757834e-4,5.856117706991737e-4,2.5985735682196916e-4
1732,7006,20390,4824,2.772565454538065e-5,8.525059082965876e-5,2.0012642314715976e-5
1721,7120,12200,10273,2.8176799937640626e-5,5.100820049641181e-5,4.261813318803425e-5
1713,23294,52344,18195,9.218404181845516e-5,2.188502661298508e-4,7.548300723803009e-5
1710,21142,44296,20130,8.366768318561771e-5,1.8520157780238175e-4,8.35104663754628e-5
1708,8706,13737,9244,3.445326127206451e-5,5.743439755895156e-5,3.834926732115142e-5
1681,149192,72261,115537,5.904147663337753e-4,3.021232439402634e-4,4.7931191026437387e-4
1380,1900364,2616461,1535086,0.00752053037032226,0.01093942354746247,0.006368392835888907
1148,7018,3583,584,2.7773143534039594e-5,1.4980523145790452e-5,2.422757693157987e-6
816,44850,36689,45170,1.7749009511280648e-4,1.5339671049285677e-4,1.8739035102730527e-4
782,11919,33123,29435,4.7168437985497e-5,1.3848726434775806e-4,1.2211279571593383e-4
592,4689151,4533314,7094,0.018556919888256668,0.018953786018458246,2.942986827955952e-5
573,8586,28975,30633,3.397837138547506e-5,1.2114447617897805e-4,1.270827678330627e-4
479,24056,23210,26330,9.519959259829816e-5,9.704101094440312e-5,1.092315240767976e-4
473,6613,4555,2585,2.6170390166800207e-5,1.904445518534064e-5,1.0724021638379103e-5
136,553395,332020,140130,0.0021900140732430667,0.0013881756335097253,5.81337389627104e-4
99,956723,554545,879453,0.0037861506413959765,0.0023185526675641548,0.0036484615094535466
61,13558,10348,10743,5.3654642353164554e-5,4.326498842105487e-5,4.456795530410318e-5
54,772175,434538,791560,0.0030558174848100634,0.0018168033956811307,0.003283832328075576
