BinBase name,L1_PAC_440,L2_PAC_440,L3_PAC_440,normL1_PAC_440,normL2_PAC_440,normL3_PAC_440
zymostenol,1798,1249,NA,7.331362156487151e-6,5.194036261625628e-6,NA
xylulose,131334,52601,128053,5.355156381869207e-4,2.1874419647539603e-4,5.255630807566851e-4
xylose,8236,17817,NA,3.358236858777985e-5,7.409298965042738e-5,NA
xanthosine,4517,10819,NA,1.8418110601141522e-5,4.499141578424953e-5,NA
xanthine,254406,262375,40181,0.0010373428925379699,0.0010911010921889704,1.649133573433216e-4
valine,2544249,3123656,1718698,0.010374199574683135,0.012989897944631274,0.007053987144154008
uridine-5'-monophosphate,5255,4099,NA,2.1427312643125683e-5,1.704592044547914e-5,NA
uridine,193425,158567,134446,7.886922831582464e-4,6.594097260986316e-4,5.518016286647973e-4
uric acid,1266316,1003081,1203374,0.005163415573166953,0.004171368364569813,0.004938962357324664
urea,218628,294911,285338,8.914577561448681e-4,0.0012264038654541836,0.0011711019526051791
uracil,384487,358586,442279,0.0015677494112687849,0.001491199909456595,0.0018152289582749792
undecanoic acid,23195,28059,23377,9.457783382631783e-5,1.1668491870692833e-4,9.594533621897985e-5
UDP-N-acetylglucosamine,23938,22890,NA,9.76074234160119e-5,9.518934349768665e-5,NA
UDP-glucuronic acid,2095,1926,NA,8.542382490456385e-6,8.009378574772585e-6,NA
tyrosine,12845390,6247150,5469210,0.05237720029550527,0.025979122203214203,0.022447071578996742
tryptophan,4080468,4655776,3611143,0.016638147205760182,0.019361304539636765,0.014821077523626451
trisaccharide,814,858,NA,3.3190927671749392e-6,3.5680409227180052e-6,NA
tridecanoic acid,1950390,3197768,3191778,0.007952733835590085,0.013298096836081713,0.013099893628196222
tocopherol gamma-,1971,631,NA,8.036771307250375e-6,2.6240487438637077e-6,NA
tocopherol alpha-,23080,44645,18464,9.410892022898968e-5,1.856587261011018e-4,7.578109628896968e-5
thymine,3385,3607,NA,1.3802369799615686e-5,1.4999910965319166e-5,NA
threonine,1711372,1917864,1704692,0.0069781356598841646,0.007975544564344574,0.006996502848517996
terephthalic acid,2148,2910,NA,8.758490496181535e-6,1.2101397535092535e-5,NA
tagatose,1323,1862,NA,5.394545124044772e-6,7.74323100011763e-6,NA
sucrose,17142,17140,19232,6.989666856868895e-5,7.127764733728043e-5,7.893316961814692e-5
succinic acid,323160,415078,480613,0.0013176879835875349,0.0017261250467598417,0.0019725617434321156
stigmasterol,5956,6477,NA,2.4285646832056435e-5,2.6934966266252355e-5,NA
stearic acid,756981,728914,846931,0.003086597250600556,0.0030312295817506666,0.00347602684473101
squalene,9426,1075,NA,3.8434604942740756e-5,4.470447543032466e-6,NA
spermidine,100174,38628,45153,4.0846044085870065e-4,1.6063669552768194e-4,1.8531974874002642e-4
sorbitol,4043873,2561498,4227083,0.01648893074407128,0.010652132502867511,0.017349056750675194
sophorose,73843,71632,26599,3.010955371087212e-4,2.978856729325596e-4,1.0916926885779377e-4
shikimic acid,33055,25079,7112,1.347820779102796e-4,1.0429242226205694e-4,2.9189512392068473e-5
serine,9980056,10885950,10466713,0.04069377356953422,0.04526983109867374,0.042958133973245806
salicyl alcohol,745,665,NA,3.037744608778046e-6,2.7654396428991533e-6,NA
saccharic acid,23083,20154,6081,9.412115275761563e-5,8.381153468118727e-5,2.4958018118133913e-5
ribulose-5-phosphate,2483,5990,NA,1.012445619274616e-5,2.49097495653623e-5,NA
ribose-5-phosphate,2205,2319,NA,8.99090854007462e-6,9.643691025388175e-6,NA
ribonic acid,13959,5285,NA,5.6917955696554024e-5,2.1977967688303796e-5,NA
ribitol,967225,1329795,2118275,0.003943869166745431,0.005530026781848239,0.008693955900212155
quinic acid,109700,72959,41212,4.473027967556398e-4,3.03404076550796e-4,1.6914485161725619e-4
pyrophosphate,343917,255040,255353,0.0014023248491504957,0.0010605980850000001,0.0010480356521164033
putrescine,203084,120448,182420,8.280769478242694e-4,5.008897355006273e-4,7.486995009225437e-4
pseudo-uridine,53719,41456,67484,2.1903973508583606e-4,1.723970914827478e-4,2.769720267528612e-4
prunin,14307,3104,NA,5.833692901716444e-5,1.2908157370765371e-5,NA
propyleneglycol,168637,487370,511851,6.876189766315482e-4,0.0020267553665560306,0.0021007706843915413
proline,1617112,1784814,689113,0.006593789610456757,0.007422248707972044,0.00282830040115797
pipecolinic acid,3044,5555,NA,1.2411939045799158e-5,2.3100777768879394e-5,NA
phthalic acid,106796,97400,146886,4.354617090457184e-4,4.050433401780113e-4,6.028586497780329e-4
phosphoinositol,16737,19661,NA,6.824527720418545e-5,8.17613666451733e-5,NA
phosphoethanolamine,635745,412446,358125,0.002592256303768589,0.0017151797277521566,0.0014698388815255234
phosphate,1722227,144295,1610007,0.0070223970259624,6.000588169505764e-4,0.006607890787094627
phenylalanine,5504502,6422619,5748095,0.02244465942886976,0.026708819840356866,0.023591688727964966
phenylacetic acid,2640,2561,NA,1.076462519083764e-5,1.0650061542052228e-5,NA
pentadecanoic acid,216599,337937,316339,8.831844892841826e-4,0.0014053298896276858,0.001298338183435679
pelargonic acid,70169,40940,35964,2.861147670514721e-4,1.7025127666209222e-4,1.4760568386787832e-4
parabanic acid,12400,20390,31236,5.056111832060104e-5,8.479295386272742e-5,1.2820073243513088e-4
pantothenic acid,47758,59521,50512,1.947337007060697e-4,2.4752140298496317e-4,2.073144895877619e-4
palmitoleic acid,173388,215800,172411,7.069912244655139e-4,8.974163532896801e-4,7.076199410895554e-4
palmitic acid,719344,732383,804848,0.002933132023968906,0.003045655612008136,0.003303307180783398
palatinitol,18167,34593,55482,7.407611584922251e-5,1.4385692265685775e-4,2.2771267246017197e-4
oxoproline,7624992,9174152,8206081,0.03109097763755132,0.03815122350493617,0.033679907626521045
ornithine,1150963,1422301,778179,0.004693062614970479,0.0059147181496768545,0.0031938506135752885
oleic acid,200190,245320,240821,8.162766352097679e-4,0.0010201769220992787,9.883925145908778e-4
octadecanol,8097,3455,NA,3.301559476144408e-5,1.4367810475513645e-5,NA
nonadecanoic acid,8662,13437,12255,3.531938765266501e-5,5.587851500997883e-5,5.029773261597288e-5
N-methyl-UMP,1702,35488,19762,6.939921240456691e-6,1.4757883014617315e-4,8.110842855625102e-5
N-methylethanolamine,1497036,1615829,1320823,0.006104178574693492,0.00671951514698661,0.0054210038422706774
nicotinic acid,330751,392776,406390,0.001348640358520735,0.0016333809341042974,0.0016679310940681533
nicotinamide,21023,20331,2980,8.572148310112868e-5,8.454759906734238e-5,1.22307011991513e-5
n-epsilon-trimethyllysine,30269,32087,NA,1.234221363263123e-4,1.3343558168677462e-4,NA
N-alpha-acetyllysine,39738,61235,21413,1.620320741793584e-4,2.5464916771869117e-4,8.788456536155262e-5
N-acetylserine,50416,15572,39954,2.0557172106866307e-4,6.4757031758234e-5,1.639816898358695e-4
N-acetylputrescine,111384,39908,48959,4.541693228243408e-4,1.6595964702078106e-4,2.009405704729022e-4
N-acetylglucosamine-6-phosphate,4959,4916,NA,2.022036981869843e-5,2.0443460578183815e-5,NA
N-acetylgalactosamine,5948,17951,1357,2.4253026755720564e-5,7.46502361348612e-5,5.5694837339759445e-6
N-acetylaspartic acid,4213,6256,NA,1.71785477003784e-5,2.601592542252196e-5,NA
myristic acid,1060266,1470117,1423542,0.00432324473204116,0.006113563656390939,0.005842589545785987
myo-inositol,758887,895562,1117998,0.0030943689837875776,0.0037242445977053403,0.0045885568722311264
methionine sulfoxide,290927,513705,593659,0.0011862576185207659,0.002136270934970691,0.0024365321621432757
methionine,1105137,1246484,991944,0.004506206662699522,0.005183573335097004,0.004071198211507026
methanolphosphate,20922,13613,NA,8.53096546373883e-5,5.661042084027996e-5,NA
melezitose,993,3488,NA,4.048966975190067e-6,1.4505042818695107e-5,NA
maltotriose,86140,92913,30362,3.5123667194649784e-4,3.863839000611865e-4,1.246136073183328e-4
maltotriitol,13365,12834,NA,5.4495915028615553e-5,5.337090583002666e-5,NA
maltose,237482,195289,50450,9.683351210494336e-4,8.121202141686206e-4,2.0706002533462523e-4
maltitol,1763,2260,NA,7.188649322517712e-6,9.398336230003136e-6,NA
malonic acid,1497,1130,NA,6.10403178434998e-6,4.699168115001568e-6,NA
malonamide,906,2117,NA,3.694223645037463e-6,8.80366274288347e-6,NA
malic acid,191290,239830,189171,7.799868002861107e-4,9.97346450460908e-4,7.76407374679413e-4
maleimide,46528,30841,2557,1.8971836396942945e-4,1.2825402109271095e-4,1.0494598310815395e-5
lysine,2953953,2187144,2650025,0.012044771544072129,0.009095360484705302,0.010876397297074136
loganin,76608,67957,38100,3.123698509923068e-4,2.8260298016916953e-4,1.5637238781465254e-4
linolenic acid,44813,53707,25676,1.8272543510492695e-4,2.2334355924990198e-4,1.0538103489577477e-4
linoleic acid,121893,167606,140688,4.970198706010501e-4,6.969989124627902e-4,5.774204329886571e-4
lignoceric acid,277,3644,NA,1.1294701431295555e-6,1.5153777531916563e-5,NA
leucrose,11086,5456,NA,4.520327078243412e-5,2.2689080739335006e-5,NA
leucine,10913704,12620580,10625437,0.04450073219838845,0.052483386839669466,0.04360957887832436
L-DOPA,9675508,9037135,8746743,0.03945197619354209,0.03758143065749089,0.035898926207640354
lauric acid,221056,306170,329499,9.013579493128051e-4,0.001273225045814186,0.0013523502732950183
lactulose,27886,59214,17958,1.1370543108776456e-4,2.4624472633779016e-4,7.370433964240238e-5
lactose,89077,131506,44570,3.6321231747130474e-4,5.46875046133979e-4,1.8292696390811191e-4
lactobionic acid,21989,20674,18717,8.966035731868518e-5,8.597398372525879e-5,7.681947461225332e-5
lactitol,1256514,1192574,874700,0.005123447824636427,0.004959385589008744,0.0035899981003012227
lactic acid,1005787,1955118,2177154,0.004101106089703416,0.008130467404128882,0.00893561075118693
kynurenine,46870,10642,32584,1.9111287223278796e-4,4.4255351398094415e-5,1.3373327780978053e-4
kynurenic acid,5024,4697,NA,2.0485407938927387e-5,1.9532736846161386e-5,NA
ketoisoleucine,31709,217,13324,1.2929375006676922e-4,9.024066203144605e-7,5.468518885150736e-5
isoxanthopterin,22426,5063,17091,9.144222898853217e-5,2.1054768288719416e-5,7.014594436063587e-5
isothreonic acid,10617,11063,NA,4.329091880724365e-5,4.600610341262155e-5,NA
isomaltotriose,13980,15012,NA,5.700358339693569e-5,6.242824048000315e-5,NA
isomaltose,3077,2395,NA,1.2546496860684628e-5,9.959741270290935e-6,NA
isoleucine,8096854,9722171,7681953,0.03301499944505095,0.04043019112548046,0.03152874891574629
isoheptadecanoic acid,16818,20790,22499,6.857555547708615e-5,8.64563762043209e-5,9.234179405359232e-5
isogluconic acid,407033,244048,376719,0.0016596809414023551,0.0010148872390530112,0.0015461535318936506
inulotriose,140,36680,27278,5.708513358777536e-7,1.5253582872412172e-4,1.1195606285585543e-4
inosine-5-monophosphate,17778,21159,NA,7.248996463739075e-5,8.799088331444088e-5,NA
inosine,2268058,2347568,1676489,0.009248028136773044,0.009762492649024781,0.006880750343175828
indole-3-acetate,3824,2018,NA,1.559239648854664e-5,8.391965713339084e-6,NA
hypoxanthine,695065,813945,1162180,0.0028341341697990774,0.0033848357445707537,0.00476989138242606
hypotaurine,15942,10840,NA,6.50036571183082e-5,4.507874545718319e-5,NA
homoserine,14551,17940,NA,5.933184134540852e-5,7.460449202046738e-5,NA
histidine,5826310,6976684,7515998,0.023756834619556536,0.029012930089594338,0.03084762609108013
heptanoic acid,13881,8226,NA,5.6599909952279276e-5,3.4208280454869826e-5,NA
heptadecanoic acid,35668,39173,53164,1.454366103434837e-4,1.6290310846810304e-4,2.1819899280257711e-4
guanosine,120217,114425,NA,4.901859646086851e-4,4.758427535920836e-4,NA
glycyl-proline,60596,73478,49204,2.470807682060597e-4,3.055623670390135e-4,2.019461146990069e-4
glycyl-glycine,25544,26846,9917,1.0415590374043814e-4,1.1164059045604611e-4,4.0701967715430686e-5
glycolic acid,20389,19420,404,8.313634205151085e-5,8.075915468436324e-5,1.6581219075359482e-6
glycine,3108616,3881082,3358221,0.012675411402363994,0.016139696270890725,0.013783019332790296
glycerol-alpha-phosphate,175234,274257,197381,7.145183070800163e-4,0.0011405130528460046,8.101033669092896e-4
glycerol-3-galactoside,72004,101229,72792,2.9359699706101266e-4,4.209664505429149e-4,2.98757450231081e-4
glycerol,2427236,3159589,1462047,0.009897077950646966,0.01313932733213247,0.006000624159770323
glyceric acid,38108,32106,23508,1.5538573362592454e-4,1.3351459424800033e-4,9.648299456028482e-5
glutaric acid,6116,4496,NA,2.4938048358773868e-5,1.8696867119510667e-5,NA
glutamine,13729617,2801233,9161721,0.055982644325285116,0.01164908389052229,0.03760210470503009
glutamate,5758412,7732754,6917122,0.023479979876674908,0.03215708941411579,0.028389681993314042
glucose-6-phosphate,37250,27121,NA,1.518872304389023e-4,1.1278419331589162e-4,NA
glucose,6352494,6423005,7479092,0.02590235490039582,0.026710425042916503,0.03069615419226943
gluconic acid lactone,60424,40242,41904,2.463794365648385e-4,1.6734860467601162e-4,1.719850010232336e-4
gluconic acid,285238,80602,114699,0.0011630606667364192,3.351879189427933e-4,4.7075476404075675e-4
galacturonic acid,37097,28750,31290,1.5126337147897877e-4,1.1955848080203107e-4,1.2842236259108866e-4
galactose,396868,498145,429267,0.0016182330569080882,0.0020715638058827045,0.0017618242992134502
galactinol,346,443,NA,1.4108183015264482e-6,1.8422402433147743e-6,NA
fumaric acid,180405,202608,152888,7.356031089216154e-4,8.425566844639272e-4,6.274924311865249e-4
fructose-6-phosphate,20595,16990,2939,8.397630901715954e-5,7.065386395918287e-5,1.2062426451109286e-5
fructose-1-phosphate,5092,7298,NA,2.0762678587782298e-5,3.0349140622372962e-5,NA
fructose,198434,250537,536950,8.091165284540441e-4,0.0010418721079895115,0.0022037835600282854
ethanolamine,7463266,7829551,7565584,0.030431538329364422,0.032559625145113846,0.031051140033919428
erythritol,87054,84205,53495,3.5496351566787117e-4,3.501711956846965e-4,2.1955750357335532e-4
ergosterol,22328,30530,7026,9.104263305341774e-5,1.2696071022212202e-4,2.883654584739498e-5
Dopamine,386650,54450,389134,0.0015765690644080961,2.2643336624941185e-4,0.0015971079464532022
digalacturonic acid,8010,5716,NA,3.2660851431291474e-5,2.3770305261370768e-5,NA
dehydroabietic acid,1715,1492,NA,6.992928864502482e-6,6.204565334143664e-6,NA
cytidine,4821,5278,NA,1.9657673501904646e-5,2.194885779732591e-5,NA
cystathionine,17298,67213,35865,7.053276005723844e-5,2.795090146138057e-4,1.4719936191528906e-4
citrulline,476166,455250,361425,0.0019415714085683317,0.0018931825525260744,0.0014833829466118318
citric acid,61631,44996,88942,2.513009905820131e-4,1.8711837920585008e-4,3.650412839110453e-4
cholesterol,76403,57670,57987,3.1153396153620007e-4,2.3982391609923934e-4,2.3799384913932432e-4
chenodeoxycholic acid,1266,994,NA,5.162127080151687e-6,4.133604518859787e-6,NA
cerotinic acid,2870,5003,NA,1.170245238549395e-5,2.0805254937480396e-5,NA
cellobiose minor,1786,1772,NA,7.282432041983343e-6,7.368960973259097e-6,NA
caproic acid,19702,12224,NA,8.033509299616788e-5,5.083418675909661e-5,NA
capric acid,7036,5736,NA,2.8689357137399104e-5,2.385347637845044e-5,NA
campesterol,78286,97613,82461,3.192119120037559e-4,4.059291125749098e-4,3.384415609339649e-4
butylamine,11272,100142,99718,4.596168755724314e-5,4.164461003296346e-4,4.092688128110636e-4
biphenyl,5421,4560,NA,2.210417922709502e-5,1.896301469416562e-5,NA
biopterin,1426,2158,NA,5.814528606869119e-6,8.974163532896801e-6,NA
beta-sitosterol,238069,210297,245228,9.707286191505782e-4,8.745318204252078e-4,0.0010064799978743205
beta-alanyl lysine,296855,315187,259201,0.0012104290950856469,0.001310722743949557,0.0010638288528594685
beta-alanine,813211,425271,489065,0.003315875612146314,0.0017685132065794974,0.0020072509671016548
Benzaldehyde-4-carboxylic acid,2025,3451,NA,8.256956822517509e-6,1.435117625209771e-5,NA
behenic acid,32124,40323,33546,1.3098591652669256e-4,1.676854477001843e-4,1.3768157799554684e-4
azelaic acid,5852,4079,NA,2.3861585839690104e-5,1.6962749328399468e-5,NA
aspartate,573457,1009366,553473,0.002338276389417493,0.0041975048881121,0.0022715982834892175
asparagine,1801414,2533454,1846754,0.007345282774063483,0.010535509962498394,0.007579562537697135
arachidic acid,57358,58859,63757,2.3387779230911568e-4,2.4476843900962593e-4,2.6167544172962733e-4
arabitol,678926,885676,1007587,0.0027683272433009984,0.003683133114532858,0.004135401184278276
arabinose,13895,7506,NA,5.665699508586705e-5,3.121412024000157e-5,NA
alpha-ketoglutarate,434243,163737,204813,0.0017706299760397385,6.809094598637273e-4,8.406062431885153e-4
alpha-aminoadipic acid,4908,12827,NA,2.001241683205725e-5,5.334179593904878e-5,NA
allantoin,16631,19427,NA,6.781306119273515e-5,8.078826457534113e-5,NA
allantoic acid,62899,41801,36961,2.5647127268124876e-4,1.7383179325237218e-4,1.5169763322880244e-4
alanine,16135121,22073181,23503608,0.06579110983856569,0.09179255606359153,0.0964649686409336
adipic acid,11256,10497,NA,4.5896447404571394e-5,4.365236079926678e-5,NA
adenosine-5-monophosphate,12581,14523,NA,5.129914754770014e-5,6.039470666740511e-5,NA
adenosine,24939,13334,NA,1.0168901046753784e-4,5.545018375701851e-5,NA
adenine,9600,8675,NA,3.9144091603045966e-5,3.60754720333085e-5,NA
aconitic acid,724,603,NA,2.952116908396383e-6,2.5076091799521644e-6,NA
9-myristoleate,148286,60085,153551,6.046375799426328e-4,2.4986682848660995e-4,6.302135569902287e-4
6-methylcholecalciferol,376,1099,NA,1.533143587785967e-6,4.570252883528075e-6,NA
5-methyluridine,581,1175,NA,2.3690330438926777e-6,4.8863031284308345e-6,NA
5-aminovaleric acid,11767,20835,NA,4.798005478052519e-5,8.664351121775016e-5,NA
4-hydroxybutyric acid,1137,784,NA,4.636128349235756e-6,3.260307789523212e-6,NA
3-phosphoglycerate,11256,9135,NA,4.5896447404571394e-5,3.7988407726141e-5,NA
3-hydroxypropionic acid,36170,41352,37874,1.4748352013355963e-4,1.719646016739335e-4,1.5544482456934778e-4
3-hydroxykynurenine,56898,17851,19110,2.3200213791980305e-4,7.423438054946283e-5,7.843244963616825e-5
3-hydroxy-3-methylglutaric acid,3417,3252,NA,1.3932850104959173e-5,1.3523623637154956e-5,NA
"3-Aminopiperidine-2,6-dione",78781,115462,49768,3.212302792270379e-4,4.801551760126647e-4,2.0426091855012146e-4
3-aminoisobutyric acid,8016,4113,NA,3.2685316488543383e-5,1.7104140227434913e-5,NA
"3,6-anhydro-D-galactose",21283,31867,NA,8.678163558204451e-5,1.325206993988982e-4,NA
"3,4-dihydroxyphenylacetic acid",14924,12419,NA,6.085275240456854e-5,5.1645105150623436e-5,NA
2-picolinic acid,2337,2261,NA,9.529139799616502e-6,9.402494785857121e-6,NA
2-monoolein,10192,7419,10316,4.1557977251900464e-5,3.085232588070499e-5,4.2339568312229805e-5
2-ketoisovaleric acid,44731,17291,18766,1.8239107932248427e-4,7.190558927123197e-5,7.702058345747426e-5
2-ketoisocaproic acid,80582,76057,72057,3.2857387391215106e-4,3.1628728258643743e-4,2.9574081755276687e-4
2-hydroxyglutaric acid,3406518,2011621,5333631,0.013890109649940098,0.008365438285546523,0.021890619821318978
2-Deoxyinosine,2927,3374,NA,1.1934870429387035e-5,1.4030967451340967e-5,NA
2-amino-4-oxo-4-phenylbutanoic acid,4227,1658,NA,1.7235632833966176e-5,6.8948856059049565e-6,NA
"2,6-diaminopimelic acid",4837,1074,NA,1.972291365457639e-5,4.466288987178482e-6,NA
1-monopalmitin,2294,2275,NA,9.353806889311192e-6,9.460714567812892e-6,NA
1-kestose,3041,32095,NA,1.2399706517173205e-5,1.334688501336065e-4,NA
588382,27349,33756,34808,1.1151580846371918e-4,1.403762114070734e-4,1.4286115682552299e-4
588380,101363,16054,1358,4.133085997041196e-4,6.676145567985414e-5,5.573587996123311e-6
588375,16906,15329,1995,6.893437631678074e-5,6.374650268571597e-5,8.188002983995585e-6
588374,44340,30881,2557,1.8079677309156854e-4,1.284203633268703e-4,1.0494598310815395e-5
588356,2647,1557,NA,1.0793167757631528e-5,6.474871464652604e-6,NA
562527,24362,25445,NA,9.93362874618131e-5,1.0581445370461496e-4,NA
554665,953,1247,NA,3.885866593510709e-6,5.18571914991766e-6,NA
553510,13263,17178,NA,5.408000905533319e-5,7.143567245973182e-5,NA
553483,47683,49930,33713,1.9442788749042092e-4,2.076366937894056e-4,1.3836698977415699e-4
553440,19702,12224,NA,8.033509299616788e-5,5.083418675909661e-5,NA
553439,10367,5159,NA,4.227154142174766e-5,2.1453989650701852e-5,NA
553386,132411,100142,99718,5.399071159636374e-4,4.164461003296346e-4,4.092688128110636e-4
553359,26395,22467,3336,1.0762586436066648e-4,9.343027437145153e-5,1.3691818523613671e-5
553345,22722,18887,NA,9.264917181295942e-5,7.854264441418993e-5,NA
553344,101640,79495,71717,4.144380698472492e-4,3.3058439761243335e-4,2.943453684226624e-4
553268,32885,30339,8992,1.3408890128814235e-4,1.2616642605401115e-4,3.6905525229116947e-005
553263,59747,53867,49283,2.4361896260491534e-4,2.240089281865394e-4,2.0227035140864884e-4
550987,13011,12072,NA,5.3052476650753236e-5,5.020208626929109e-5,NA
545358,5042450,3967210,6075906,0.020560637989976992,0.01649786436948263,0.02493711100675523
545069,24693,106086,24728,1.0068594312020979e-4,4.4116455632571365e-4,1.014901943800716e-4
544748,6515903,7193521,7634832,0.026568656657141875,0.0299146588653046,0.03133535197910024
544707,1038,1252,NA,4.232454904579345e-6,5.206511929187578e-6,NA
544105,23472,16818,NA,9.570730396944739e-5,6.993859235229769e-5,NA
544078,4028,2958,NA,1.642420843511137e-5,1.2301008216083753e-5,NA
544032,3762,9738,NA,1.5339590896943636e-5,4.0496016906093163e-5,NA
541377,97366,112603,70514,3.970107940648097e-4,4.682658648261253e-4,2.894079410593808e-4
540580,4075,3200,NA,1.6615851383584614e-5,1.3307378732747805e-5,NA
539711,6824,1611,NA,2.7824925114498506e-5,6.699433480767723e-6,NA
539702,3599,5625,NA,1.4674956841600253e-5,2.339187667865825e-5,NA
539604,3416,3660,NA,1.3928772595417188e-5,1.5220314425580302e-5,NA
534660,1437,1323,NA,5.859381211830943e-6,5.50176939482042e-6,NA
524550,2202,1376,NA,8.978676011448669e-6,5.722172855081556e-6,NA
521677,34458,45769,7348,1.4050282379768312e-4,1.9033294288097946e-4,3.01581182588469e-5
521666,2459,2620,NA,1.0026595963738544e-5,1.0895416337437265e-5,NA
520868,54980,8397,23837,2.2418147461827784e-4,3.491939350590104e-5,9.783329680676831e-5
520865,5408,5773,NA,2.2051171603049227e-5,2.4007342945047837e-5,NA
520862,3095,2210,NA,1.261989203244034e-5,9.190408437303952e-6,NA
520631,63526,44917,37326,2.590278711640727e-4,1.8678985329338536e-4,1.531956889125911e-4
519942,3334,2967,NA,1.3594416812974505e-5,1.2338435218769606e-5,NA
519090,80363,76488,63465,3.2768089932245657e-4,3.180796201595044e-4,2.604769971825964e-4
517908,9356,9139,NA,3.814917927480188e-5,3.800504194955693e-5,NA
517902,4164,7608,NA,1.6978749732821188e-5,3.1638292937107904e-5,NA
514161,252,961,NA,1.0275324045799566e-6,3.996372175678325e-6,NA
513579,5065,4412,NA,2.065258583014873e-5,1.8347548427776034e-5,NA
511804,285,264,NA,1.162090219465427e-6,1.097858745451694e-6,NA
511719,45167,58591,36847,1.841688734827893e-4,2.4365394604075833e-4,1.5122974734400267e-4
509844,70027,57676,52344,2.855357606965104e-4,2.3984886743436324e-4,2.1483349784173682e-4
488159,456,533,NA,1.8593443511446834e-6,2.2165102701733064e-6,NA
486463,78,9420,NA,3.1804574427474846e-7,3.917359614452635e-5,NA
476084,1724,2380,NA,7.029626450380338e-6,9.89736293248118e-6,NA
474821,7958,2761,NA,3.244882093510831e-5,1.1481772712848965e-5,NA
474672,68745,131223,210507,2.80308393463687e-4,5.456981748273017e-4,8.639759118556185e-4
474251,6587,18383,NA,2.685855535304831e-5,7.644673226378216e-5,NA
474221,42134,66697,30823,1.7180178704195195e-4,2.773631997931501e-4,1.2650567216826865e-4
474043,35335,37455,12032,1.4407879966600305e-4,1.5575870951095908e-4,4.938248215711022e-5
425777,1412,5470,NA,5.757443473281344e-6,2.274730052129078e-5,NA
425770,12911,13617,NA,5.2644725696554836e-5,5.662705506369589e-5,NA
425127,2128,1663,NA,8.676940305341855e-6,6.9156783851748746e-6,NA
422265,183877,137873,213424,7.497602220513836e-4,5.733525712562932e-4,8.759480445394857e-4
421543,5793,5801,NA,2.362101277671305e-5,2.412378250895938e-5,NA
417901,24317,26036,NA,9.915279953242383e-5,1.0827216021431933e-4,NA
417820,3960,2589,NA,1.614693778625646e-5,1.0766501105963771e-5,NA
417688,2712,4611,NA,1.1058205877860485e-5,1.917510104271879e-5,NA
412153,1961,1659,NA,7.995996211830535e-6,6.89904416175894e-6,NA
407336,27010,20055,8592,1.1013353272898661e-4,8.339983765164288e-5,3.526382037017046e-5
406926,4635,9411,NA,1.889925672709563e-5,3.91361691418405e-5,NA
406851,256922,217720,223235,0.0010476019065456016,9.054007805293288e-4,9.162149604672955e-4
406846,125219,113945,93731,5.105816673376888e-4,4.7384664678217143e-4,3.846965953347821e-4
405282,11375,10418,NA,4.638167104006748e-5,4.332383488680207e-5,NA
404192,7676,3241,NA,3.129896324426884e-5,1.3477879522761136e-5,NA
404164,25886,9369,9313,1.0555041200379666e-4,3.8961509795973185e-5,3.82229933784215e-5
404049,19798,15712,NA,8.072653391219833e-5,6.533922957779172e-5,NA
400553,1668,929,NA,6.801285916029237e-6,3.863298388350847e-6,NA
400202,7908,14675,NA,3.2244945458009116e-5,6.102680715721064e-5,NA
396760,1483,986,NA,6.046946650762204e-6,4.100336072027917e-6,NA
396036,140071,176430,149304,5.711408390552345e-4,7.336940093183422e-4,6.127827556503644e-4
391901,151646,73843,119390,6.183380120036988e-4,3.070802399257175e-4,4.900078577740516e-4
391335,3041,2207,NA,1.2399706517173205e-5,9.177932769742002e-6,NA
390198,3292,10299,NA,1.342316141221118e-5,4.282896674017801e-5,NA
390194,3950474,3999347,4028563,0.01610809543035952,0.016631507878962105,0.016534278629180055
390145,20922,14207,NA,8.53096546373883e-5,5.908060301754627e-5,NA
390130,2801,26169,14272,1.1421104227097057e-5,1.0882524814289916e-4,5.857602936721052e-5
389549,3785,3161,NA,1.5433373616409267e-5,1.3145195054442442e-5,NA
385008,37097,40524,31290,1.5126337147897877e-4,1.6852131742683502e-4,1.2842236259108866e-4
384914,7234,5675,NA,2.949670402671193e-5,2.3599804471357435e-5,NA
383524,45124,32591,30878,1.8399354057248396e-4,1.355314938371824e-4,1.2673140658637377e-4
382948,6732,6825,NA,2.7449794236635984e-5,2.838214370343868e-5,NA
382947,1638,764,NA,6.678960629769718e-6,3.1771366724435383e-6,NA
382905,31350,39135,7343,1.2782992414119698e-4,1.6274508334565167e-4,3.0137596948110066e-5
382622,4494,2067,NA,1.832432788167589e-5,8.595734950184285e-6,NA
382616,109708,107776,81038,4.473354168319757e-4,4.4819251571894604e-4,3.326011958982628e-4
382613,52755,64444,33474,2.1510901588736353e-4,2.679939734541249e-4,1.3738607112093645e-4
382601,1789,1597,NA,7.294664570609295e-6,6.641213698811951e-6,NA
381736,151344,120860,145327,6.171066041220196e-4,5.026030605124686e-4,5.96460105090289e-4
381214,32783,30322,NA,1.3367299531485998e-4,1.260957306044934e-4,NA
380652,5562,4531,NA,2.2679108072514755e-5,1.8842416574400094e-5,NA
380602,2893,2604,NA,1.1796235104959581e-5,1.0828879443773526e-5,NA
380297,3566,45007,7113,1.4540399026714782e-5,1.8716412332024388e-4,2.919361665421584e-5
380205,7500,13677,NA,3.058132156487966e-5,5.6876568414934915e-5,NA
379924,71517,68019,82769,2.916112499140665e-4,2.8286081063211657e-4,3.397056736753537e-4
379876,2515,2910,NA,1.0254936498089646e-5,1.2101397535092535e-5,NA
379063,9929,32574,NA,4.048559224235869e-5,1.354607983876647e-4,NA
378996,20613,25075,22835,8.404970418891526e-5,1.04275788038641e-4,9.372082613510736e-5
377666,843,433,NA,3.4373405438924736e-6,1.8006546847749374e-6,NA
377276,1335,3782,NA,5.44347523854858e-6,1.5727658239766313e-5,NA
377232,96831,75979,84224,3.9482932645984833e-4,3.159629152298267e-4,3.456773750997715e-4
377204,21146,54989,16068,8.62230167747927e-5,2.2867482785470907e-4,6.594728418388024e-5
376958,11030,10251,NA,4.497493024808302e-5,4.2629356059186795e-5,NA
374861,68745,128920,210507,2.80308393463687e-4,5.361210206955772e-4,8.639759118556185e-4
371572,494,5213,NA,2.0142897137400736e-6,2.167855166681697e-5,NA
371569,389,409,NA,1.5861512118317583e-6,1.7008493442793287e-6,NA
371565,73827,90951,67337,3.010302969560494e-4,3.782248134756705e-4,2.763687002171984e-4
371564,6663,5381,NA,2.716844607823909e-5,2.237718905028623e-5,NA
371554,25452,25441,NA,1.0378077286257561e-4,1.0579781948119904e-4,NA
371553,6663,5381,NA,2.716844607823909e-5,2.237718905028623e-5,NA
371547,122349,155430,172517,4.988792149521949e-4,6.463643363846848e-4,7.080549928771762e-4
371541,1264,2514,NA,5.153972061067719e-6,1.0454609416914995e-5,NA
371280,4351,909,NA,1.7741244017172186e-5,3.7801272712711733e-6,NA
371271,17172,8973,NA,7.001899385494847e-5,3.7314721677795644e-5,NA
370221,21097,25075,56125,8.602321880723549e-5,1.04275788038641e-4,2.3035171302092844e-4
370173,14126,15948,NA,5.7598899790065346e-5,6.632064875933188e-5,NA
370157,2226,2042,NA,9.076536240456283e-6,8.491771053834693e-6,NA
367427,6652,12603,NA,2.7123593473277267e-5,5.2410279427756434e-5,NA
367202,1774,1043,NA,7.233501927479535e-6,4.337373755704988e-6,NA
366123,1412,1819,NA,5.757443473281344e-6,7.56441309839633e-6,NA
361344,1618,3211,NA,6.5974104389300385e-6,1.3353122847141626e-5,NA
360157,10859,7538,163,4.4277676116403766e-5,3.1347194027329044e-5,6.68994730020692e-7
360148,21023,20331,2980,8.572148310112868e-5,8.454759906734238e-5,1.22307011991513e-5
360106,1589,1625,NA,6.479162662212504e-6,6.757653262723495e-6,NA
359906,9723,14367,NA,3.964562527670999e-5,5.974597195418366e-5,NA
357445,82222,41099,NA,3.3526098956100474e-4,1.7091248704287563e-4,NA
356187,3996,5201,NA,1.6293728129767883e-5,2.1628648996569167e-5,NA
355602,3041,2626,NA,1.2399706517173205e-5,1.0920367672561168e-5,NA
354270,11044,7982,NA,4.5032015381670796e-5,3.3193592826497804e-5,NA
354256,118951,84935,87227,4.850238375285334e-4,3.532069414581046e-4,3.5800247432831226e-4
354254,4926,5932,NA,2.0085812003812962e-5,2.4668553325831245e-5,NA
354252,155589,134373,142848,6.344156321277415e-4,5.587976257673502e-4,5.862856392269681e-4
354246,181833,160447,140902,7.414257925475685e-4,6.67227811104121e-4,5.782987450881935e-4
353481,303269,378502,354064,0.0012365822412879319,0.0015740217078445342,0.0014531714729450692
351741,1140,590,NA,4.648360877861708e-6,2.4535479538503767e-6,NA
351285,46376,65538,47479,1.8909858251904787e-4,2.72543433558383e-4,1.948662624948002e-4
351222,10366,5120,NA,4.2267463912205675e-5,2.129180597239649e-5,NA
350330,801,935,NA,3.2660851431291475e-6,3.88824972347475e-6,NA
350308,3036,3363,NA,1.2379318969463287e-5,1.3985223336947146e-5,NA
348293,2226,2117,NA,9.076536240456283e-6,8.80366274288347e-6,NA
347607,224411,89498,77364,9.150379938261613e-4,3.721824318198322e-4,3.1752213676883935e-4
346922,2277,2529,NA,9.284489227097465e-6,1.0516987754724749e-5,NA
346416,4763,5751,NA,1.9421177948469574e-5,2.3915854716260195e-5,NA
346408,1635,2392,NA,6.666728101143766e-6,9.947265602728984e-6,NA
346346,2618,1619,NA,1.0674919980913993e-5,6.7327019275995924e-6,NA
346256,12682,3964,NA,5.1710976011440516e-5,1.648451540519134e-5,NA
346225,20089,12122,6697,8.191308918891567e-5,5.041001406199028e-5,2.7486243600911497e-5
344676,26395,18570,3336,1.0762586436066648e-4,7.72243822084771e-5,1.3691818523613671e-5
342924,44479,29806,35491,1.813635469179043e-4,1.2394991578383783e-4,1.456643678721741e-4
342840,26107,21139,1467,1.064515416125751e-4,8.79077121973612e-5,6.020952570186228e-6
342183,2250,2672,NA,9.174396469463898e-6,1.1111661241844417e-5,NA
341344,21588,18589,NA,8.802527599234962e-5,7.73033947697028e-5,NA
328993,3996,5201,NA,1.6293728129767883e-5,2.1628648996569167e-5,NA
328824,73,174,NA,2.976581965648287e-7,7.235887185931619e-7,NA
324432,2877,3718,NA,1.1730994952287838e-5,1.5461510665111356e-5,NA
323841,5576,6130,NA,2.2736193206102532e-5,2.5491947384920012e-5,NA
321802,43755,22161,6579,1.7841143000950794e-4,9.215775628013253e-5,2.7001940667522284e-5
320847,157211,44191,56774,6.410293526048395e-4,1.837707417433932e-4,2.3301537915456911e-4
320842,5193,1406,NA,2.1174507051522678e-005,5.846929530701066e-6,NA
250667,693,3571,NA,2.8257141125948804e-6,1.4850202954575753e-5,NA
250558,886,3077,NA,3.6126734541977837e-6,1.279587636270781e-5,NA
242849,3194,2991,NA,1.3023565477096752e-5,1.2438240559265215e-5,NA
241382,5394,5164,NA,2.199408646946145e-5,2.147478242997177e-5,NA
237707,25695,28052,13319,1.0477160768127771e-4,1.1665580881595044e-4,5.466466754077053e-5
234465,198616,133068,164121,8.098586351906851e-4,5.533707103779015e-4,6.735956078878895e-4
232320,20874,29190,NA,8.511393417937307e-5,1.2138824537778388e-4,NA
230854,29219,30746,34455,1.1914075130722917e-4,1.278589582865825e-4,1.414123522875027e-4
228851,46786,56804,39072,1.907703614312613e-4,2.3622260672968948e-4,1.603617306218925e-4
228833,5576,6130,NA,2.2736193206102532e-5,2.5491947384920012e-5,NA
228307,2066,2259,NA,8.424134713738851e-6,9.394177674149153e-6,NA
227159,11906,21487,NA,4.854682860686097e-5,8.935488963454752e-5,NA
224423,1639,1225,NA,6.683038139311702e-6,5.094230921130019e-6,NA
224377,34142,25079,7112,1.392143307824162e-4,1.0429242226205694e-4,2.9189512392068473e-5
223738,1484,2272,NA,6.051024160304189e-6,9.44823890025094e-6,NA
223237,1712,2712,NA,6.980696335876531e-6,1.1278003476003764e-5,NA
223227,9595,12007,NA,3.912370405533604e-5,4.9931780138782154e-5,NA
223171,2941,3399,NA,1.199195556297481e-5,1.4134931347690559e-5,NA
223160,8289,6779,NA,3.3798476593505e-5,2.8190850134155427e-5,NA
223108,5621,7748,NA,2.291968113549181e-5,3.2220490756665625e-5,NA
222288,5595,3671,NA,2.2813665887400226e-5,1.5266058539974123e-5,NA
219979,8193,4025,NA,3.340703567747454e-5,1.6738187312284347e-5,NA
219417,17360,18033,NA,7.078556564884145e-5,7.499123771488787e-5,NA
215929,1239,748,NA,5.05203432251812e-6,3.1105997787797995e-6,NA
215683,8926,4454,NA,3.639585017174878e-5,1.8522207773643352e-5,NA
215676,5249,4733,NA,2.1402847585873777e-5,1.96824448569048e-5,NA
215644,15952,14926,NA,6.504443221372805e-5,6.207060467656054e-5,NA
214058,2256,2273,NA,9.198861526715801e-6,9.452397456104926e-6,NA
212017,8263,28765,NA,3.369246134541342e-5,1.1962085913984081e-4,NA
211126,2736,2752,NA,1.11560661068681e-5,1.1444345710163112e-5,NA
210861,8850,9734,NA,3.6085959446558e-5,4.047938268267723e-5,NA
210845,2006,870,NA,8.179484141219813e-6,3.6179435929658093e-6,NA
210842,3686,3753,NA,1.5029700171752857e-5,1.5607060120000786e-5,NA
210393,5335,4607,NA,2.17535134064844e-5,1.9158466819302854e-5,NA
210312,91617,37644,40361,3.73569191707944e-4,1.56544676567362e-4,1.6565212452984753e-4
210297,6573,35218,32818,2.6801470219460533e-5,1.4645602006559756e-4,1.3469367515226422e-4
210259,56250,35086,16612,2.2935991173659746e-4,1.4590709069287172e-4,6.818000279204745e-5
210228,27080,25560,15548,1.1041895839692549e-4,1.062926876278231e-4,6.38130678672498e-5
209687,661031,148661,626804,0.0026953602100471957,6.182150718090692e-4,0.002572567931017729
209676,177634,163948,156274,7.243043299807778e-4,6.817869151489179e-4,6.413894628175069e-4
209172,6658244,5262928,6567199,0.027149053442857413,0.021886180043494668,0.026953506269921216
208244,13365,7668,NA,5.4495915028615553e-5,3.188780628834693e-5,NA
205795,498,624,NA,2.0305997519080093e-6,2.594938852885822e-6,NA
199152,4419,3938,NA,1.8018514666027094e-5,1.6376392952987766e-5,NA
190197,18228,23361,NA,7.432484393128353e-5,9.714802330491296e-5,NA
190007,1181,1905,NA,4.81553876908305e-6,7.922048901838928e-6,NA
189939,681,730,NA,2.776783998091073e-6,3.0357457734080928e-6,NA
189234,2756,4361,NA,1.1237616297707779e-5,1.813546207922287e-5,NA
188923,7076,6891,NA,2.8852457519078464e-5,2.8656608389801602e-5,NA
187931,14593,7930,NA,5.9503096746171854e-5,3.297734792209065e-5,NA
187846,2658,2081,NA,1.0838020362593351e-5,8.653954732140056e-6,NA
187839,719,830,NA,2.9317293606864635e-6,3.451601358806462e-6,NA
187836,1255,450,NA,5.117274475189863e-6,1.87135013429266e-6,NA
183432,1163,1215,NA,4.74214359732734e-6,5.052645362590182e-6,NA
170841,79722,104730,82461,3.2506721570604483e-4,4.355255545877118e-4,3.384415609339649e-4
170728,69815,68676,47717,2.8467132867360977e-4,2.8559298182818384e-4,1.9584307688587336e-4
170630,34691,37802,NA,1.4145288352096537e-4,1.572017283922914e-4,NA
170487,19813,23448,19937,8.078769655532809e-5,9.750981766420954e-5,8.18266744320401e-5
170319,4192,39135,7343,1.709291999999674e-5,1.6274508334565167e-4,3.0137596948110066e-5
170278,1537,5550,NA,6.267132166029338e-6,2.3079984989609476e-5,NA
170275,4784,2433,NA,1.950680564885124e-5,1.0117766392742315e-5,NA
170242,6185,2228,NA,2.521939651717076e-5,9.26526244267566e-6,NA
169614,415,254,NA,1.6921664599233412e-6,1.056273186911857e-6,NA
169611,4248,5955,NA,1.7321260534347838e-5,2.476420011047287e-5,NA
169610,735,877,NA,2.9969695133582065e-6,3.647053483943695e-6,NA
168880,2919,4222,NA,1.1902250353051164e-005,1.7557422815519136e-5,NA
163829,6394,8513,NA,2.6071596011445406e-5,3.5401785984963145e-5,NA
163410,11207,14458,NA,4.569664943701418e-5,6.0124400536896174e-5,NA
161401,84010,47901,54094,3.4255157662207205e-4,1.9919898396167268e-4,2.2201595659962768e-4
161388,1162,1254,NA,4.738066087785355e-6,5.214829040895546e-6,NA
160575,7162,13740,NA,2.9203123339689083e-5,5.713855743373589e-5,NA
146435,180,115,NA,7.339517175571118e-7,4.782339232081242e-7,NA
146430,15420,18936,15335,6.287519713739258e-5,7.874641365103513e-5,6.29388600298608e-5
146264,1627,4317,NA,6.634108024807894e-6,1.7952485621647587e-5,NA
138111,1477,72210,NA,6.022481593510301e-6,3.0028931821616216e-4,NA
135765,9570,4253,NA,3.9021766316786446e-5,1.768633804699263e-5,NA
135325,8459,13542,NA,3.4491653215642274e-5,5.6315163374647116e-5,NA
135323,4964,4057,NA,2.024075736640835e-5,1.6871261099611826e-5,NA
135260,19827,50382,16068,8.084478168891587e-5,2.0951636103540622e-4,6.594728418388024e-5
135163,434,525,NA,1.7696391412210364e-6,2.1832418233414368e-6,NA
134328,38745,49409,26769,1.5798310720416833e-4,2.0547008618948008e-4,1.0986699342284603e-4
133924,1597,1655,NA,6.511782738548376e-6,6.882409938343005e-6,NA
133605,14443,11505,NA,5.889147031487426e-5,4.784418510008234e-5,NA
133467,8760,61235,21849,3.571898358777944e-5,2.5464916771869117e-4,8.967402365780428e-5
132335,58776,24253,10549,2.3965970083964893e-4,1.008574551266664e-4,4.3295861392566134e-5
132248,1500,1384,NA,6.116264312975932e-6,5.755441301913426e-6,NA
131989,1948,450,NA,7.942988587784743e-6,1.87135013429266e-6,NA
131524,13342,16467,NA,5.440213230914992e-5,6.847893924754941e-5,NA
131446,648310,702005,525702,0.0026434902111636175,0.0029193270022758195,0.0021576188193947105
131427,467,2043,NA,1.9041969561065069e-6,8.495929609688676e-6,NA
131421,522822,487370,359989,0.002131811693759135,0.0020267553665560306,0.001477489226168214
130738,10514,8655,NA,4.2870935324419296e-5,3.599230091622883e-5,NA
130659,8116,8023,NA,3.309306744274178e-5,3.336409361651114e-5,NA
130582,37346,34665,10350,1.5227867135493277e-4,1.4415633867834459e-4,4.247911322524026e-5
130549,3153,6540,NA,1.2856387585875409e-5,2.7196955285053327e-5,NA
130548,41403,41382,9202,1.6882112756676167e-4,1.7208935834955302e-4,3.776742028006385e-5
130530,44413,65559,18288,1.8109443128813338e-4,2.726307632313167e-4,7.505874615103322e-5
130528,3277,13156,NA,1.336199876908142e-5,5.470996081500941e-5,NA
130463,73600,55402,43887,3.0010470229001904e-4,2.3039231142240433e-4,1.8012375286146078e-4
128059,2176,3026,NA,8.872660763357086e-6,1.2583790014154643e-5,NA
127630,250,224,NA,1.0193773854959886e-6,9.315165112923463e-7,NA
125960,15545,51165,51123,6.338488583014058e-5,2.1277251026907544e-4,2.0982219375980266e-4
125942,3415,6293,NA,1.3924695085875206e-5,2.6169791989119356e-5,NA
125898,214,2168,NA,8.725870419845663e-7,9.015749091436637e-6,NA
125897,24828,35218,32818,1.0123640690837763e-4,1.4645602006559756e-4,1.3469367515226422e-4
125868,13365,7668,NA,5.4495915028615553e-5,3.188780628834693e-5,NA
125802,7944,18877,NA,3.239173580152054e-5,7.85010588556501e-5,NA
124996,23229,15808,NA,9.471646915074528e-5,6.573845093977416e-5,NA
121191,1492,3034,NA,6.08364423664006e-6,1.2617058460986513e-5,NA
118967,654,1279,NA,2.6666912404575064e-6,5.318792937245138e-6,NA
118602,17220,24187,NA,7.02147143129637e-5,1.0058299044030348e-4,NA
118128,2200,1567,NA,8.9705209923647e-6,6.516457023192441e-6,NA
118125,9222,11459,NA,3.760279299617603e-5,4.765289153079909e-5,NA
118060,34123,21004,4255,1.3913685810111847e-4,8.73463071570734e-5,1.7463635437043216e-5
117962,44159,820,22678,1.8005874386446945e-4,3.410015800266625e-6,9.307645697797087e-5
117769,46275,58202,46484,1.886867540553075e-4,2.4203626781355865e-4,1.9078252165817083e-4
117750,31386,31513,NA,1.279767144847084e-4,1.3104857062658798e-4,NA
117745,71221,76333,NA,2.904043070896392e-4,3.174350440021369e-4,NA
117300,1944,1984,NA,7.926678549616808e-6,8.250574814303639e-6,NA
117249,27910,15808,NA,1.1380329131677217e-4,6.573845093977416e-5,NA
117245,13314,4314,NA,5.4287962041974374e-5,1.7940009954085636e-5,NA
117242,9263,820,NA,3.776997088739737e-5,3.410015800266625e-6,NA
117235,28580,20784,NA,1.1653522270990142e-4,8.6431424869197e-5,NA
117213,44143,21880,8446,1.799935037117977e-4,9.098920208516312e-5,3.4664598096655e-5
117212,26177,24124,11503,1.0673696728051398e-4,1.0032100142150251e-4,4.7211327481153495e-5
117201,39676,11338,NA,1.617792685877554e-4,4.7149706272467063e-5,NA
117200,15188,15667,3858,6.19292149236523e-5,6.515209456436246e-5,1.5834243364538833e-5
117199,483438,716863,531887,0.001971223057957639,0.0029811148251543095,0.0021830036807761704
117196,2551,4274,NA,1.0401726841601069e-5,1.7773667719926287e-5,NA
117195,5853244,7802130,7391505,0.02386665826156033,0.03244559338504176,0.030336674183568065
117192,70283,56367,26725,2.865796031392583e-4,2.344053178214986e-4,1.0968640588836192e-4
117191,717,1687,NA,2.9235743416024956e-6,7.0154837256704835e-6,NA
117190,2767,55213,47175,1.1282468902669603e-5,2.296063443660014e-4,1.9361856680200087e-4
117182,718594,435588,407242,0.002930073891812418,0.001811417027325047,0.0016714279254177093
116942,45717,42115,21528,1.8641150373088045e-4,1.7513757979052306e-4,8.835655550849973e-5
115895,13861,21932,NA,5.6518359761439596e-5,9.120544698957027e-5,NA
114282,2542,1499,NA,1.0365029255723213e-5,6.23367522512155e-6,NA
113559,2476,16185,NA,1.0095913625952273e-5,6.7306226496726e-5,NA
113534,6351,5482,NA,2.5896263101140095e-5,2.2797203191538582e-5,NA
112543,707,1885,NA,2.882799246182656e-6,7.838877784759254e-6,NA
112530,4252,4638,NA,1.7337570572515776e-5,1.928738205077635e-5,NA
111776,39081,39151,27838,1.5935315041027494e-4,1.628116202393154e-4,1.1425444965838051e-4
111772,34660,2573,NA,1.4132648072516388e-4,1.0699964212300032e-5,NA
111739,10118,13603,NA,4.1256241545793654e-5,5.656883528174012e-5,NA
111732,67489,10822,49204,2.751870414789551e-4,4.500389145181148e-5,2.019461146990069e-4
110962,10488,13269,NA,4.2764920076327714e-5,5.5179877626509567e-5,NA
110647,24240,47156,37993,9.883883129769106e-5,1.9610085985045483e-4,1.5593323176488436e-4
110628,49192,106600,63181,2.005808493892747e-4,4.4330205403466126e-4,2.5931138673274443e-4
110612,30251,32283,12165,1.233487411545566e-4,1.3425065863415544e-4,4.9928349022709924e-5
110605,103460,68418,89055,4.2185913721365994e-4,2.84520074417856e-4,3.655050655336977e-4
110346,20051,25320,3351,8.175814382632028e-5,1.05294634222867e-4,1.3753382455824164e-5
110328,13819,12561,NA,5.634710436067627e-5,5.223562008188912e-5,NA
110321,27501,49740,1270,1.1213558991410073e-4,2.068465681771487e-4,5.212412927155084e-6
110283,11077,14037,NA,4.516657319655627e-5,5.8373648522369045e-5,NA
110182,1970,4038,NA,8.03269379770839e-6,1.6792248538386135e-5,NA
110123,5461,5463,NA,2.2267279608774375e-5,2.2718190630312895e-5,NA
110031,4866,15189,NA,1.9841161431293922e-5,6.316430486615826e-5,NA
110021,16641,15490,3217,6.7853836288155e-5,6.441603017820735e-5,1.3203411328077092e-5
109714,6195,5379,NA,2.52601716125906e-5,2.236887193857826e-5,NA
109387,85694,106345,40092,3.4941810269077303e-4,4.4224162229189543e-4,1.6454807801220603e-4
109386,5728,6323,NA,2.3355974656484094e-5,2.6294548664738865e-5,NA
108314,4560470,3168871,4219588,0.018595359940931564,0.013177927047569147,0.017318295305880683
107960,13469,23957,NA,5.4919976020981884e-5,9.962652259388724e-5,NA
107143,112601,36922,857,4.5913165193693526e-4,1.5354219924078576e-4,3.5173526602928407e-6
106940,193231,246243,NA,7.879012463071016e-4,0.0010240152691525055,NA
106931,3427,4374,NA,1.3973625200379013e-5,1.8189523305324656e-5,NA
106902,534,250,NA,2.177390095419432e-6,1.0396389634959223e-6,NA
106482,33479,44316,20952,1.3651094195608082e-4,1.8429056122514116e-4,8.59925005116168e-5
106427,149345,156031,146707,6.089556625475937e-4,6.48863628452929e-4,6.021239868536543e-4
105769,588,685,NA,2.3975756106865655e-6,2.848610759978827e-6,NA
105406,41938,36866,29325,1.710025951717231e-4,1.5330932011296269e-4,1.2035748747151405e-4
105370,48414,51612,NA,1.974085469656112e-4,2.1463138473580616e-4,NA
105085,701,665,NA,2.858334188930752e-6,2.7654396428991533e-6,NA
105081,886,1810,NA,3.6126734541977837e-6,7.526986095710477e-6,NA
104990,5302,4168,NA,2.1618955591598928e-5,1.7332860799404016e-5,NA
104933,19763,6569,NA,8.05838210782289e-5,2.7317553404818854e-5,NA
104931,4216,1405,NA,1.7190780229004353e-5,5.842770974847083e-6,NA
104924,30304,22821,NA,1.2356484916028178e-4,9.490240314376176e-5,NA
104918,68184,19337,NA,2.7802091061063396e-4,8.04139945484826e-5,NA
104417,16867,14332,NA,6.877535344464336e-5,5.960042249929423e-5,NA
104390,108,158,NA,4.403710305342671e-7,6.570518249294229e-7,NA
104378,39234,47908,28130,1.5997700937019847e-4,1.9922809385265058e-4,1.1545289420541144e-4
104312,252312,6721,NA,0.0010288045875570557,2.7949653894624373e-5,NA
104238,1082,1027,NA,4.411865324426639e-6,4.270836862041249e-6,NA
104135,5715,8129,NA,2.3302967032438302e-5,3.380490053703341e-5,NA
104131,6006,7033,NA,2.448952230915563e-5,2.9247123321067286e-5,NA
103821,26306,18607,18871,1.0726296601142991e-4,7.73782487750745e-5,7.745153098294772e-5
102904,65478,23781,27296,2.669871697900254e-4,9.88946167635861e-5,1.1202993957450802e-4
100922,13654,11822,NA,5.5674315286248914e-5,4.9162447305795175e-5,NA
100908,1277,822,NA,5.20697968511351e-6,3.4183329119745923e-6,NA
100877,526,453,NA,2.14477001908356e-6,1.883825801854611e-6,NA
100869,9731,9866,NA,3.9678245353045865e-005,4.102831205540308e-5,NA
100865,16108,2921,NA,6.568052370227754e-5,1.2147141649486356e-5,NA
100727,23154,36237,19869,9.441065593509648e-5,1.5069358848080695e-4,8.154758460601919e-5
100468,5538,9865,NA,2.258124784350714e-5,4.102415349954909e-5,NA
100114,9500,14338,NA,3.8736340648847566e-5,5.962537383441813e-5,NA
100017,149072,179540,132437,6.078425024426321e-4,7.466271180242315e-4,5.435561660107385e-4
99877,5253,5599,NA,2.1419157624041714e-5,2.3283754226454675e-5,NA
98053,83534,138368,67540,3.4061068208008765e-4,5.754110564040151e-4,2.772018654331137e-4
98027,29573,44997,24760,1.205841896850915e-4,1.8712253776170405e-4,1.0162153076878731e-4
97891,17448,27453,NA,7.114438648853603e-5,1.1416483385941422e-4,NA
97693,19777,23852,NA,8.064090621181667e-5,9.918987422921895e-5,NA
95422,38158,26795,41654,1.5558960910302375e-4,1.1142850410749295e-4,1.7095893548639204e-4
95404,11753,2499,NA,4.7922969646937416e-5,1.0392231079105239e-5,NA
94586,2346,683,NA,9.565837385494358e-6,2.8402936482708595e-6,NA
94582,41457,8719,NA,1.6904131308202882e-4,3.6258448490883785e-5,NA
92552,4182,13709,7920,1.70521449045769e-5,5.700964220226239e-5,3.250575620714037e-5
91648,3238,2931,NA,1.3202975896944046e-5,1.2188727208026192e-5,NA
91401,659,1331,NA,2.687078788167426e-6,5.53503784165229e-6,NA
90822,9175,8277,NA,3.741115004770278e-5,3.4420366803422995e-5,NA
87950,1715,1492,NA,6.992928864502482e-6,6.204565334143664e-6,NA
87877,22090,12510,NA,9.007218578242556e-5,5.202353373333595e-5,NA
85106,7137,8923,NA,2.9101185601139483e-5,3.7106793885096456e-5,NA
84390,15854,10900,1741,6.464483627861362e-5,4.532825880842221e-5,7.145520398564569e-6
84223,50896,34106,34492,2.0752892564881537e-4,1.418317059559677e-4,1.4156420998695526e-4
84216,5239,4718,NA,2.136207249045394e-5,1.9620066519095044e-5,NA
84185,1531,1495,NA,6.242667108777435e-6,6.217041001705615e-6,NA
84181,2095,1926,NA,8.542382490456385e-6,8.009378574772585e-6,NA
84086,627,3447,NA,2.5565984828239395e-006,1.4334542028681775e-5,NA
68541,759,497,NA,3.0948297423658218e-6,2.0668022594298935e-6,NA
68263,5010,4315,NA,2.0428322805339613e-5,1.7944168509939617e-5,NA
68235,1425,1914,NA,5.810451097327136e-6,7.95947590452478e-6,NA
68142,1536,3456,NA,6.263054656487354e-6,1.437196903136763e-5,NA
68094,7252,3382,NA,2.957009919846764e-5,1.4064235898172837e-5,NA
67178,56161,44887,21675,2.2899701338736087e-4,1.8666509661776585e-4,8.895988204416256e-5
67163,31502,28522,2005,1.2844970559157854e-4,1.1861033006732278e-4,8.229045605469247e-6
67160,33846,28958,3673,1.3800738795798892e-4,1.2042346041965967e-4,1.5074954867276084e-5
66827,4039,3402,NA,1.6469061040073194e-5,1.414740701525251e-5,NA
66763,53871,58024,18404,2.196595165362176e-4,2.4129604487154957e-4,7.55348405601277e-5
66608,3209,2462,NA,1.308472812022651e-5,1.0238364512507842e-5,NA
66546,1789,1538,NA,7.294664570609295e-6,6.395858903426914e-6,NA
66437,68186,18832,NA,2.780290656297179e-4,7.831392384222083e-5,NA
66396,7271,14650,NA,2.9647571879765334e-5,6.0922843260861045e-5,NA
66391,61702,35595,25926,2.5159049375949395e-4,1.480237956225494e-4,1.0640710043261632e-4
66367,5665,6830,NA,2.3099091555339102e-5,2.8402936482708597e-5,NA
66350,28554,23106,NA,1.1642920746180984e-4,9.608759156214712e-5,NA
66291,111725,107115,81756,4.5555975357815736e-4,4.4544371029946287e-4,3.355480561200717e-4
66287,98876,105893,62775,4.031678334732055e-4,4.4036195504589475e-4,2.576450563009137e-4
66261,59803,73465,44015,2.4384730313926645e-4,3.055083058129117e-4,1.8064909841632366e-4
66256,68745,131223,210507,2.80308393463687e-4,5.456981748273017e-4,8.639759118556185e-4
65419,1013,785,NA,4.130517166029746e-6,3.2644663453771957e-6,NA
65232,995,507,NA,4.057121994274035e-6,2.1083878179697305e-6,NA
65051,69365,65720,15993,2.82836449379717e-4,2.7330029072380807e-4,6.563946452282777e-5
65017,7726,5180,NA,3.150283872136804e-5,2.154131932363551e-5,NA
64799,1400,1160,NA,5.7085133587775365e-6,4.823924790621079e-6,NA
64787,692,452,NA,2.8216366030528965e-6,1.8796672460006274e-6,NA
64753,16291,32142,NA,6.64267079484606e-5,1.3366430225874372e-4,NA
64652,598,665,NA,2.438350706106405e-6,2.7654396428991533e-6,NA
64643,2116,2641,NA,8.628010190838048e-6,1.0982746010370922e-5,NA
64616,2566,3667,NA,1.0462889484730827e-5,1.5249424316558187e-5,NA
64612,2185,2039,NA,8.909358349234942e-6,8.479295386272741e-6,NA
64604,3528,4322,NA,1.4385453664119392e-5,1.7973278400917505e-5,NA
64586,2464,1778,NA,1.0046983511448464e-5,7.393912308382999e-6,NA
64585,1074,1387,NA,4.379245248090767e-6,5.767916969475376e-6,NA
64557,16115,15015,NA,6.570906626907142e-5,6.24407161475651e-5,NA
62840,20387,15886,16091,8.312818703242688e-5,6.606281829638488e-5,6.604168221326965e-5
62820,7798,6355,NA,3.1796419408390876e-5,2.6427622452066344e-5,NA
62816,429553,390858,560470,0.0017515064562878336,0.0016254048239763568,0.002300315805734339
62766,2578,1526,NA,1.0511819599234634e-5,6.345956233179109e-6,NA
62409,41446,26038,985,1.68996460477067e-4,1.082804773260273e-4,4.042698215155715e-6
62393,70550,82519,47007,2.87668298186968e-4,3.4315987051488e-4,1.9292905076124335e-4
62375,8982,6323,NA,3.662419070609988e-5,2.6294548664738865e-5,NA
62348,10948,14458,NA,4.464057446564033e-5,6.0124400536896174e-5,NA
62311,12474,14968,NA,5.086285402670785e-5,6.224526402242786e-5,NA
62290,11471,12134,NA,4.6773111956097944e-5,5.045991673223808e-5,NA
62267,2810,2045,NA,1.1457801812974913e-5,8.504246721396645e-6,NA
62252,1751,603,NA,7.139719208013905e-6,2.5076091799521644e-6,NA
53745,30248,32246,12165,1.2333650862593067e-4,1.3409679206755802e-4,4.9928349022709924e-5
52871,2293,2296,NA,9.349729379769208e-6,9.54804424074655e-6,NA
50367,2239,4797,NA,9.129543864502074e-6,1.9948592431559755e-5,NA
48608,72728,148160,100172,2.9654911396940906e-4,6.161316353262234e-4,4.111321478259678e-4
47358,1228,1934,NA,5.007181717556296e-6,8.042647021604455e-6,NA
47286,9316,12596,NA,3.798607889312252e-5,5.238116953677855e-5,NA
47259,21146,54989,16068,8.62230167747927e-5,2.2867482785470907e-4,6.594728418388024e-5
46365,13609,30715,NA,5.549082735685964e-5,1.27730043055109e-4,NA
46362,1724,2380,NA,7.029626450380338e-6,9.89736293248118e-6,NA
46349,4164,7608,NA,1.6978749732821188e-5,3.1638292937107904e-5,NA
46207,178608,425729,60982,7.282758242746701e-4,0.001770417825160622,2.5028611427068613e-4
46179,9407,11505,NA,3.835713226144306e-5,4.784418510008234e-5,NA
46149,3988,3527,NA,1.6261108053432012e-5,1.4667226497000472e-5,NA
46131,789100,492203,551272,0.0032175627795795387,0.0020468536669983337,0.0022625648025028644
42424,14242,14648,NA,5.807189089693548e-5,6.0914526149153075e-5,NA
42245,7236,19844,NA,2.9504859045795897e-5,8.252238236645232e-5,NA
42007,94652,56458,35587,3.859444331678653e-4,2.347837464042111e-4,1.4605837703832126e-4
34087,1475,1163,NA,6.014326574426333e-6,4.83640045818303e-6,NA
33999,1900,3360,NA,7.747268129769514e-6,1.3972747669385194e-5,NA
33395,24069,28373,NA,9.814157716601181e-5,1.1799070524507921e-4,NA
31695,8982,6323,NA,3.662419070609988e-5,2.6294548664738865e-5,NA
31664,2952,2952,NA,1.2036808167936635e-5,1.227605688095985e-5,NA
31599,5177,6282,NA,2.1109266898850935e-5,2.6124047874725535e-5,NA
27127,145381,17334,278247,5.927924147231693e-4,7.208440717295327e-5,0.0011419986297182053
26911,368,241,NA,1.5005235114500952e-6,1.002211960810069e-6,NA
26755,13639,13030,NA,5.561315264311916e-5,5.4185982777407466e-5,NA
26751,7958,3077,NA,3.244882093510831e-5,1.279587636270781e-5,NA
26736,2047,1926,NA,8.346662032441155e-6,8.009378574772585e-6,NA
26723,550,726,NA,2.242630248091175e-6,3.0191115499921584e-6,NA
23170,10019,13335,5142,4.085256810113724e-5,5.5454342312872494e-5,2.1104115961757042e-5
22969,62133,131568,80617,2.5334790037208907e-4,5.47132876596926e-4,3.308733015342216e-4
22885,11386,7879,NA,4.642652364502931e-5,3.2765261573537484e-5,NA
21827,1323,1356,NA,5.394545124044772e-6,5.639001738001882e-6,NA
21709,587022,593526,571274,0.002393587806354505,0.002468211021791523,0.0023446582539744833
21683,21838,18258,2477,8.90446533778456e-5,7.592691278203419e-5,1.0166257339026098e-5
20297,4204,5008,NA,1.7141850114500544e-5,2.0826047716750314e-5,NA
18588,63010,39892,20322,2.56923876240409e-4,1.6589311012711732e-4,8.340681535877608e-5
18489,15714,38489,24703,6.407398494273586e-5,1.600586562639782e-4,1.0138758782638744e-4
18488,7326,5683,NA,2.987183490457445e-5,2.3633072918189304e-5,NA
18361,1550494,868789,3929756,0.00632215407978887,0.0036129075818266353,0.01612874879918524
18345,6180,5987,NA,2.519900896946084e-5,2.4897273897800347e-5,NA
18257,11434,8228,NA,4.6622244103044535e-5,3.4216597566577796e-5,NA
18177,5450,4974,NA,2.2222427003812553e-5,2.068465681771487e-5,NA
18168,516,366,NA,2.1039949236637206e-6,1.52203144255803e-6,NA
18037,2488,1073,NA,1.014484374045608e-5,4.462130431324498e-6,NA
18023,2214,1717,NA,9.027606125952476e-6,7.140240401289994e-6,NA
17863,4497,2230,NA,1.8336560410301845e-5,9.273579554383626e-6,NA
17830,72730,102990,72830,2.96557268988493e-4,4.2828966740178015e-4,2.9891341219268096e-4
17829,10663,36680,4498,4.347848424617491e-5,1.5253582872412172e-4,1.8460971138853205e-5
17651,2349,2375,NA,9.578069914120309e-6,9.876570153211261e-6,NA
17644,21857,19558,NA,8.91221260591433e-5,8.1333035392213e-5,NA
17537,12609,3142,NA,5.1413317814875685e-5,1.3066182493216751e-5,NA
17456,7339,17332,NA,2.9924842528620242e-5,7.207609006124529e-5,NA
17382,1896,634,NA,7.730958091601578e-6,2.636524411425659e-6,NA
17297,11069,3732,7474,4.513395312022039e-5,1.551973044706713e-5,3.067525528941504e-5
17267,9406,33259,NA,3.8353054751901076e-5,1.383094091476435e-4,NA
17250,388235,58481,389142,0.0015830319170321407,2.4319650489682012e-4,0.001597140780550381
17233,21517,11242,NA,8.773577281486875e-5,4.6750484910484635e-5,NA
17222,6893,6469,NA,2.81062732728954e-5,2.6901697819420485e-5,NA
17188,2222,2214,NA,9.060226202288347e-6,9.207042660719887e-6,NA
17045,1051,996,NA,4.285462528625136e-6,4.141921630567754e-6,NA
16980,2430,3416,NA,9.90834818702101e-6,1.4205626797208282e-5,NA
16808,1506,4552,NA,6.140729370227836e-6,1.892974624733375e-5,NA
14764,579,347,NA,2.36087802480871e-6,1.4430188813323401e-6,NA
14702,7512,4475,NA,3.0630251679383466e-5,1.860953744657701e-5,NA
14701,2235,1507,NA,9.113233826334138e-6,6.266943671953419e-6,NA
14688,17377,18272,3655,7.085488331105518e-5,7.598513256398996e-5,1.5001078148623492e-5
13139,10058,9701,NA,4.1011590973274614e-5,4.034215033949577e-5,NA
9489,37346,34674,10350,1.5227867135493277e-4,1.4419376568103044e-4,4.247911322524026e-5
9392,22668,39063,23,9.242898629769228e-5,1.6244566732416483e-4,9.43980293894228e-8
8811,28580,20072,NA,1.1653522270990142e-4,8.34705331011606e-5,NA
8598,72004,101229,72792,2.9359699706101266e-4,4.209664505429149e-4,2.98757450231081e-4
7543,7111,6936,NA,2.89951703530479e-5,2.8843743403230865e-5,NA
5990,21788,19214,NA,8.88407779007464e-5,7.99024921784426e-5,NA
5900,910,810,NA,3.710533683205399e-6,3.3684302417267883e-6,NA
5290,31755,83887,38259,1.2948131550570048e-4,3.488487749231297e-4,1.5702496549608376e-4
5269,937,1265,NA,3.8206264408389655e-6,5.260573155289367e-6,NA
4755,9974,6641,NA,4.066908017174796e-5,2.7616969426305677e-5,NA
4732,16772,18575,7791,6.838799003815489e-5,7.724517498774703e-5,3.197630639013013e-5
4713,16867,29441,10589,6.877535344464336e-5,1.224320428971338e-4,4.346003187846078e-5
4709,2877,3718,NA,1.1730994952287838e-5,1.5461510665111356e-5,NA
4603,134442,38329,189316,5.481885378434069e-4,1.5939328732734082e-4,7.770024926907811e-4
4548,8221,6525,NA,3.352120594465009e-5,2.713457694724357e-5,NA
4543,24782,21552,25492,1.0104884146944637e-4,8.962519576505647e-5,1.0462585066065938e-4
4541,23850,32370,26386,9.724860257631732e-5,1.34612452993452e-4,1.0829506102040477e-4
3772,5525,244813,245228,2.252824021946135e-5,0.0010180685342813089,0.0010064799978743205
3618,1211,1224,NA,4.937864055342569e-6,5.0900723652760355e-6,NA
3253,5335,4607,NA,2.17535134064844e-5,1.9158466819302854e-5,NA
3232,4647041,2647645,3670644,0.01894835401949066,0.011010379614020644,0.015065285225656888
3204,5737,611,NA,2.3392672242361948e-5,2.540877626784034e-6,NA
3182,59118,11070,431,2.4105420910300744e-4,4.6035213303599436e-5,1.7689369855148359e-6
3178,3595,2514,NA,1.4658646803432317e-5,1.0454609416914995e-5,NA
3175,6893,7538,NA,2.81062732728954e-5,3.1347194027329044e-5,NA
3143,3292,10141,NA,1.342316141221118e-5,4.217191491524859e-5,NA
3090,9550,6563,4935,3.8940216125946766e-5,2.729260206969495e-5,2.0254533697252237e-5
2813,15926,23862,32390,6.493841696563646e-5,9.923145978775878e-5,1.329370509531915e-4
2810,3137,3893,NA,1.2791147433203666e-5,1.61892579395585e-5,NA
2806,149276,122307,91313,6.086743143891968e-4,5.08620490833183e-4,3.747724894624506e-4
2672,890,926,NA,3.6289834923657198e-6,3.850822720788896e-6,NA
2568,4185,6039,NA,1.706437743320285e-5,2.5113518802207498e-5,NA
2403,2407,2640,NA,9.814565467555379e-6,1.0978587454516939e-5,NA
2242,15960,8335,NA,6.507705229006392e-5,3.466156304295405e-5,NA
2197,104945,137775,71494,4.279142388835061e-4,5.729450327826027e-4,2.934301179637997e-4
2193,13959,9056,NA,5.6917955696554024e-5,3.7659881813676285e-5,NA
2044,4204,5016,NA,1.7141850114500544e-5,2.0859316163582183e-5,NA
2042,7308,3098,NA,2.979843973281874e-5,1.2883206035641468e-5,NA
2040,9728,12233,NA,3.9666012824419914e-5,5.087161376178247e-5,NA
2039,9250,7319,NA,3.771696326335158e-5,3.043647029530662e-5,NA
2037,27310,11428,NA,1.113567855915818e-4,4.7523976299325596e-5,NA
2017,116854,107523,74206,4.7647330001899304e-4,4.4714040108788817e-4,3.0456087690745686e-4
2011,5817,3858,NA,2.3718873005720664e-5,1.6043708484669073e-5,NA
1973,67154,78272,55567,2.738210757823905e-4,3.254984838030113e-4,2.280615347426981e-4
1968,1834,2779,NA,7.478152499998573e-6,1.1556626718220671e-5,NA
1921,4952,3673,NA,2.0191827251904545e-5,1.527437565168209e-5,NA
1830,6303,5045,NA,2.5700542643124867e-5,2.097991428334771e-5,NA
1809,62872,72099,33782,2.563611799236152e-4,2.9982771851637e-4,1.3865018386232525e-4
1799,67489,78030,49204,2.751870414789551e-4,3.2449211328634727e-4,2.019461146990069e-4
1786,15783,16684,NA,6.435533310113275e-5,6.938134586786387e-5,NA
1781,66789,72108,62519,2.7233278479956634e-4,2.9986514551905586e-4,2.5659436519118796e-4
1771,72423,90951,67337,2.953054735591039e-4,3.782248134756705e-4,2.763687002171984e-4
1767,80625,106212,44215,3.2874920682245633e-4,4.4168853436331556e-4,1.814699508457969e-4
1746,27338,24845,1924,1.1147095585875735e-4,1.0331932019222475e-4,7.896600371532584e-6
1740,81470,81423,36106,3.321947023854328e-4,3.386020932989139e-4,0.00014818848909280431
1732,12918,26472,NA,5.2673268263348725e-5,1.1008529056665621e-4,NA
1721,5997,8262,NA,2.4452824723277778e-5,3.435798846561324e-5,NA
1713,33112,27243,9121,1.350144959541727e-4,1.1329153713007764e-4,3.7434975046127186e-5
1710,20368,24707,19935,8.305071435112919e-5,1.02745439484375e-4,8.181846590774536e-5
1708,10042,8476,NA,4.094635082060287e-5,3.5247919418365745e-5,NA
1681,65951,43837,43906,2.689158318033838e-4,1.8229861297108297e-4,1.8020173384226075e-4
1380,1970992,1830376,1894230,0.008036738687174038,0.0076117208297912485,0.007774416487405493
1148,5827,4301,680,2.3759648101140504e-5,1.7885948727983848e-5,2.7908982602090218e-6
816,29219,30746,34455,1.1914075130722917e-4,1.278589582865825e-4,1.414123522875027e-4
782,37578,9514,NA,1.5322465356867304e-4,3.956450039480082e-5,NA
592,4239767,4630651,4390912,0.017287690398288685,0.019256820823805424,0.018021453914016054
573,25079,22436,32390,1.022598618034156e-4,9.330135913997804e-5,1.329370509531915e-4
479,31567,21378,NA,1.2871474371180749e-4,8.89016070464633e-5,NA
473,6190,3988,NA,2.523978406488068e-5,1.658432074568695e-5,NA
136,176687,427688,51340,7.20442928444519e-4,0.001778564436078576,2.1071281864578113e-4
99,789100,492203,551223,0.0032175627795795387,0.0020468536669983337,0.0022623636936576434
61,9595,12007,NA,3.912370405533604e-5,4.9931780138782154e-5,NA
54,414603,430230,439596,0.0016905476886351736,0.0017891354850594024,0.0018042172229335957
