BinBase name,L1_PAT_440,L2_PAT_440,L3_PAT_440,normL1_PAT_440,normL2_PAT_440,normL3_PAT_440
zymostenol,204,102,77,7.713086287237746e-7,4.114993194345888e-7,3.355906292217955e-7
xylulose,223809,167156,131863,8.462049651276434e-4,6.743586297981188e-4,5.747011317022548e-4
xylose,18736,25223,12228,7.083940425376785e-5,1.0175732680488857e-4,5.3293535248365134e-5
xanthosine,21326,6155,3067,8.06319990988393e-5,2.483115991294014e-5,1.3366967010691516e-5
xanthine,557605,213713,168684,0.00210826248980157,8.62183863277689e-4,7.351788272681734e-4
valine,456707,3737187,3215361,0.0017267747544046515,0.015076959873527378,0.014013571703444435
uridine-5'-monophosphate,4260,4846,8671,1.6106739011584703e-5,1.9550251980196248e-5,3.7790991506262194e-5
uridine,189628,126284,65002,7.169691796452545e-4,5.094684319164472e-4,2.832995075412357e-4
uric acid,2196224,717347,357163,0.008303757459854132,0.0028939980617494507,0.0015566305961655083
urea,170605,390300,339448,6.450446500167625e-4,0.0015745900428952941,0.0014794229598451953
uracil,245248,445012,375442,9.272642087120013e-4,0.001795315050394365,0.0016362963248868745
undecanoic acid,12569,17430,18631,4.752244193347609e-5,7.031797193867532e-5,8.119985731209444e-5
UDP-N-acetylglucosamine,47692,30968,19440,1.8031985843673654e-4,1.2493442082598378e-4,8.47257380788533e-5
UDP-glucuronic acid,2103,1433,927,7.95128454022597e-6,5.781162007350644e-6,4.040162510241616e-6
tyrosine,18618251,969239,5369186,0.07039420415708356,0.003910207734014327,0.02340062997595916
tryptophan,2384833,5322983,4226319,0.009016873877280418,0.02147454786139104,0.01841965003249389
trisaccharide,1075,979,254,4.064493999402243e-6,3.949586605161396e-6,1.1070132444459227e-6
tridecanoic acid,478664,1986924,1673474,0.0018097925169580237,0.008015861507531872,0.007293534969432663
tocopherol gamma-,1887,1089,1179,7.134604815694915e-6,4.393360381022227e-6,5.138459114967492e-6
tocopherol alpha-,7390,2352,1656,2.7941033167983794e-5,9.4886901893152235e-006,7.217377688198615e-6
thymine,2193,5449,3883,8.291567758780576e-6,2.198293913332426e-5,1.6923356016470543e-5
threonine,1319440,2802275,2148172,0.004988703220996554,0.011305237797731004,0.009362420690346011
terephthalic acid,2918,1925,2004,1.1032738130470461e-5,7.766041077564544e-6,8.73407299948673e-6
tagatose,1302,1137,877,4.922763895089973e-6,4.587007119579681e-6,3.82224651724045e-6
sucrose,9026,8019,6573,3.412662589637642e-5,3.2351108260254584e-5,2.864723643993327e-5
succinic acid,1473808,641381,373753,0.005572356997461415,0.002587527892139961,0.0016289351226432952
stigmasterol,24015,23891,16316,9.079890548432082e-5,9.638362980991923e-5,7.111034683614046e-5
stearic acid,1170576,732541,378540,0.004425859653808633,0.002955295323116991,0.0016497983998132269
squalene,11193,16673,9769,4.231988961424122e-5,6.726400149934215e-5,4.2576426712567794e-5
spermidine,57282,63094,68982,2.1657892583605516e-4,2.545405692196661e-4,3.006456205841285e-4
sorbitol,222538,2870706,2368731,8.413994098967223e-4,0.011581309463694026,0.010323687360352895
sophorose,76883,42345,32821,2.9068882991259784e-4,1.7083273217115356e-4,1.4304441612582533e-4
shikimic acid,14580,16268,13443,5.512588140584624e-5,6.563010714276364e-5,5.858889387829346e-5
serine,6218451,9529306,9674265,0.02351149467449012,0.03844414640866611,0.042163541280628485
salicyl alcohol,974,625,726,3.6826206096909627e-6,2.5214419083001763e-6,3.1641402183769287e-6
saccharic acid,57671,18755,9750,2.1804970552514118e-4,7.566342878427169e-5,4.249361863522735e-5
ribulose-5-phosphate,12939,2366,1908,4.8921384054200586e-5,9.545170488061148e-6,8.315674292924491e-6
ribose-5-phosphate,17185,1873,2222,6.497519012067679e-5,7.5562571107939685e-6,9.684186728971812e-6
ribonic acid,9020,9156,4757,3.4103940348472776e-5,3.6938115379834265e-5,2.0732527574130925e-5
ribitol,254724,408688,263463,9.630922507011507e-4,0.001648772880991012,0.0011482560252813235
quinic acid,44239,67198,31277,1.6726432561819148e-4,2.7109736536632843e-4,1.363151702619493e-4
pyrophosphate,827549,306087,143442,0.0031289004136849556,0.0012348489430174018,6.251661173614648e-4
putrescine,149078,283588,184087,5.636526850631513e-4,0.0011440810686256487,8.023100280721125e-4
pseudo-uridine,61254,59943,50483,2.3159675854826512e-4,2.4182846769477996e-4,2.2002106149355717e-4
prunin,22731,19207,16531,8.594419823294176e-5,7.748693557235438e-5,7.204738560604548e-5
propyleneglycol,1172902,612119,475156,0.004434654084545945,0.0024694759991468734,0.0020708818314092397
proline,1715387,2215848,1417263,0.006485748993630341,0.008939411215397007,0.0061768854797762274
pipecolinic acid,2641,4044,5938,9.985422002252396e-6,1.6314737723465463e-5,2.587970332881846e-5
phthalic acid,93663,93048,77937,3.541327455497789e-4,3.753842026936237e-4,3.3967437493063736e-4
phosphoinositol,26262,24756,16205,9.929464317423416e-5,9.987330541100668e-5,7.062657333167787e-5
phosphoethanolamine,922307,1107342,652574,0.0034871732717271487,0.004467357640993494,0.002844126224334857
phosphate,2430852,816458,1039819,0.00919086824877669,0.003293842268107113,0.004531863798529587
phenylalanine,2963391,9640475,7886499,0.011204358081286152,0.03889263628947223,0.034371885217754035
phenylacetic acid,3164,3140,3145,1.1962845594519718e-5,1.2667724147300086e-5,1.3706915959773336e-5
pentadecanoic acid,275243,154520,263597,0.0010406730436069503,6.233811258728692e-4,0.0011488400401425665
pelargonic acid,117016,52973,48276,4.4242867891539805e-4,2.137093475334164e-4,2.104022495624857e-4
parabanic acid,45989,9415,5098,1.7388094375675328e-4,3.798300090663386e-5,2.2218714646398875e-5
pantothenic acid,71853,29328,27232,2.7167077892004593e-4,1.1831815725860412e-4,1.18685766428155e-4
palmitoleic acid,317392,195764,129262,0.0012000352367053737,7.897720859783611e-4,5.633651417463341e-4
palmitic acid,1131764,520138,349476,0.004279114406269284,0.0020983964020790994,0.0015231281914015091
palatinitol,102099,69580,65419,3.8602862590229734e-4,2.8070708476724205e-4,2.851169269228654e-4
oxoproline,15028474,7662738,9427644,0.05682152780760245,0.030913837960838846,0.04108868807842968
ornithine,279332,3706057,3662166,0.0010561332445032815,0.014951371894958763,0.015960890808502156
oleic acid,242459,127710,94117,9.167192098614591e-4,5.152213537744249e-4,4.101919902658146e-4
octadecanol,3727,13057,3490,1.4091506172811313e-5,5.267594719468065e-5,1.521053631148138e-5
nonadecanoic acid,17990,6333,6180,6.801883446441522e-5,2.5549266568424027e-5,2.6934416734944106e-5
N-methyl-UMP,32020,23718,22994,1.2106520731242776e-4,9.568569468970174e-5,1.0021520686137617e-4
N-methylethanolamine,1722717,1982420,1623525,0.006513463171319288,0.007997690988563897,0.007075841250744358
nicotinic acid,659153,356109,278561,0.002492207826221383,0.001436653050436588,0.0012140579385279556
nicotinamide,19385,4286,11094,7.329322435201162e-5,1.729104003035929e-5,4.835120052709869e-5
n-epsilon-trimethyllysine,41067,6714,25825,1.552712326264669e-4,2.7086337555723815e-5,1.125536103851022e-4
N-alpha-acetyllysine,26619,77070,61899,1.0064443327450076e-4,3.1092404459631136e-4,2.6977564101558337e-4
N-acetylserine,13460,11528,12193,5.0891245797166696e-5,4.6507491710215093e-5,5.314099405326432e-5
N-acetylputrescine,123797,95619,250467,4.680671289711623e-4,3.857564061276073e-4,0.0010916153003804605
N-acetylglucosamine-6-phosphate,8546,6608,6327,3.231178206408518e-5,2.6658701008076106e-5,2.7575089754367532e-5
N-acetylgalactosamine,30119,11212,11767,1.1387766955162434e-4,4.5232650681378525e-5,5.128434979289438e-5
N-acetylaspartic acid,45392,16001,9649,1.7162373174034104e-4,6.45529471595378e-5,4.2053428329365e-5
myristic acid,1024387,2689404,1984189,0.0038731300600610844,0.010849881526320205,0.008647730324739807
myo-inositol,1430159,634424,410132,0.005407323417387082,0.0025594612179702897,0.0017874864408310835
methionine sulfoxide,272952,482593,377765,0.0010320109452324104,0.0019469283437636912,0.0016464207019217087
methionine,544503,2426163,1877035,0.0020587248150293206,0.00978788650330765,0.008180718918458868
methanolphosphate,26936,10783,9837,1.018429863887431e-4,4.3501932955521285e-5,4.287279246304938e-5
melezitose,1073,399,647,4.05693215010103e-6,1.6096885142588326e-6,2.8198329494350866e-6
maltotriose,129474,35439,33459,4.895314382126568e-4,1.4297180766119992e-4,1.458250241965202e-4
maltotriitol,5221,2419,3083,1.974020760081778e-5,9.758988761885002e-6,1.3436700128451889e-5
maltose,287567,60843,80909,0.001087269159001028,2.4545934404273225e-4,3.5262730155462664e-4
maltitol,5315,923,4109,2.0095614517974812e-5,3.7236654101777004e-6,1.7908336304835815e-5
malonic acid,2440,1345,1105,9.225456147480442e-6,5.4261429866619794e-6,4.815943445325766e-6
malonamide,381,1248,458,1.4405322918811673e-6,5.034815202493793e-6,1.9961104958906796e-6
malic acid,56471,201823,199727,2.135125959444131e-4,8.142159524141864e-4,8.704741506828773e-4
maleimide,2861,98332,97737,1.0817225425385877e-5,3.9670148116315674e-4,4.2596910815909903e-4
lysine,3066535,2188020,2402719,0.011594337773448333,0.008827144518718324,0.010471817935755367
loganin,64201,44049,42180,2.4273914349360318e-4,1.7770719138994316e-4,1.8383393169578357e-4
linolenic acid,75408,28409,21415,2.851119660529529e-4,1.1461062907663954e-4,9.333341980239935e-5
linoleic acid,163508,73758,51974,6.182114277714065e-4,2.975624196358471e-4,2.2651931640485192e-4
lignoceric acid,6044,6889,3041,2.2851908588267125e-5,2.7792341290047866e-5,1.325365069433091e-5
leucrose,31807,22912,95472,1.2025987036184851e-4,9.243404320475784e-5,4.160975136761462e-4
leucine,4660739,10098956,12237230,0.017621902975144196,0.04074228942156723,0.053333762540673145
L-DOPA,8728747,7878029,6105235,0.03300273470120961,0.031782387960646606,0.026608566950609463
lauric acid,149126,664491,552114,5.638341694463805e-4,0.002680760728141268,0.002406289411196914
lactulose,61715,38021,31660,2.3333976481219483e-4,1.5338838847276962e-4,1.3798440676833826e-4
lactose,73353,41481,53389,2.7734216589595607e-4,1.673470908771194e-4,2.3268633900678493e-4
lactobionic acid,22672,4023,13397,8.572112367855596e-5,1.6230017275346574e-5,5.838841116473239e-5
lactitol,969149,559873,576204,0.0036642793442108698,0.0022586995928411914,0.002511281336624876
lactic acid,4416995,1963706,1665418,0.016700325277106708,0.00792219296636881,0.007258424344640314
kynurenine,120572,26811,19831,4.558736469729556e-4,1.0816380640549765e-4,8.642984114412242e-5
kynurenic acid,6842,2806,2656,2.5869086459451302e-5,1.1320265591504473e-5,1.1575697548221933e-5
ketoisoleucine,16495,33570,33116,6.236635211175815e-5,1.354316877786191e-4,1.443301204845322e-4
isoxanthopterin,105680,3177,820,3.9956811707612006e-4,1.2816993508271456e-5,3.573822285219121e-6
isothreonic acid,15748,11629,5363,5.954200139775491e-5,4.69149567225964e-5,2.3373669409305054e-5
isomaltotriose,21238,5342,5574,8.02992777295859e-5,2.155126827862327e-5,2.4293274899769976e-5
isomaltose,3020,1611,1554,1.141839244483235e-5,6.499268662834535e-6,6.772829062476236e-6
isoleucine,3349361,11102193,9297040,0.012663681568680835,0.04478965552677898,0.04051947407143119
isoheptadecanoic acid,42626,18705,13069,1.611656941567628e-4,7.546171343160768e-5,5.6958882250644745e-5
isogluconic acid,803014,457257,250678,0.0030361354273823193,0.001844715140261782,0.0010925349058709254
inulotriose,20144,109,13926,7.616294616182213e-5,4.3973946880755075e-7,6.0693962370684726e-5
inosine-5-monophosphate,89708,31618,22332,3.3917918855662924e-4,1.2755672041061598e-4,9.732999911404074e-5
inosine,2366600,2629398,2160838,0.008947936278125906,0.010607798897281067,0.009417623169693067
indole-3-acetate,2713,2323,2941,1.025764857709608e-5,9.371695284770095e-6,1.2817818708328578e-5
hypoxanthine,2173770,728599,532957,0.008218860577749409,0.0029393920847129605,0.0023227970776384475
hypotaurine,8215,24302,15050,3.106029600473435e-5,9.804173000881743e-5,6.559271389335093e-5
homoserine,14597,26087,18425,5.5190157124906556e-5,1.0524296809892273e-4,8.030204342092963e-5
histidine,6165723,8474948,6634647,0.02331213407951293,0.034190542492583624,0.028915913784344126
heptanoic acid,22945,14138,10461,8.675331610817161e-5,5.703703311927663e-5,4.559238405570393e-5
heptadecanoic acid,41836,18164,12066,1.581787636827835e-4,7.327915331578304e-5,5.2587487431041354e-5
guanosine,69953,137319,105610,2.6448702208389314e-4,5.539870102493951e-4,4.602821604170626e-4
glycyl-proline,48207,105112,97611,1.82267034631799e-4,4.24054082984397e-4,4.254199598567361e-4
glycyl-glycine,53568,32867,32170,2.0253657168370175e-4,1.3259556992016304e-4,1.4020714989695015e-4
glycolic acid,27740,19615,16246,1.048828498078309e-4,7.913293285009273e-5,7.080526444593883e-5
glycine,2398628,3591965,3057592,0.009069031732835539,0.01449108973463591,0.013325963937448417
glycerol-alpha-phosphate,182442,129076,119172,6.897994551059945e-4,5.207322172092057e-4,5.193896943586989e-4
glycerol-3-galactoside,98166,68420,56273,3.7115824925146106e-4,2.7602728858543694e-4,2.452557334830922e-4
glycerol,3813603,2132070,1798167,0.014418945590327808,0.008601425039087292,0.00783698694773855
glyceric acid,33431,37693,28414,1.2640009199443386e-4,1.5206513575929367e-4,1.2383730050270257e-4
glutaric acid,4212,6945,4513,1.5925254628355582e-5,2.8018262485031562e-5,1.9669097528285233e-5
glutamine,9272903,3567087,10898140,0.035060147535385174,0.014390724243764403,0.047497579999314525
glutamate,3553625,7302222,7572038,0.01343598836151237,0.02945940571921845,0.03300136359625125
glucose-6-phosphate,21352,41203,28199,8.073030313975507e-5,1.6622555351630748e-4,1.2290026173279755e-4
glucose,10042655,5158422,4721475,0.03797052184703901,0.020810658258396182,0.020577698261103596
gluconic acid lactone,76705,54465,31313,2.900158253247898e-4,2.1972853365691058e-4,1.3647206977691017e-4
gluconic acid,803014,154745,74939,0.0030361354273823193,6.242888449598573e-4,3.2660813199028745e-4
galacturonic acid,67155,22654,24043,2.5390799491149547e-4,9.139319198501152e-5,1.0478708439454063e-4
galactose,193956,123912,78063,7.333330215330805e-4,4.998990555860664e-4,3.402235232330003e-4
galactinol,3809,1396,618,1.4401541994161066e-5,5.631892646379274e-6,2.6934416734944104e-6
fumaric acid,52677,190665,193473,1.9916776782001114e-4,7.69201154313685e-4,8.432172182782914e-4
fructose-6-phosphate,10290,19340,14524,3.890571465474334e-5,7.802349841044067e-5,6.330023764697867e-5
fructose-1-phosphate,2945,4335,3493,1.1134823096036843e-5,1.7488721075970024e-5,1.522361127106145e-5
fructose,348067,313523,207677,0.0013160151003627355,0.001264848050265594,9.051227935700626e-4
ethanolamine,10004257,7914221,5878607,0.037825341902305014,0.03192839760151893,0.025620849637372097
erythritol,127027,122141,89722,4.802795155926221e-4,4.92754297794707e-4,3.9103717448101216e-4
ergosterol,3926,2661,2285,1.4843910178282054e-5,1.0735291068778832e-5,9.958760880153281e-6
Dopamine,229758,322012,145192,8.686976858741029e-4,0.0012990952828408904,6.327931771165056e-4
digalacturonic acid,6939,4026,817,2.6235836150560156e-5,1.6242120196506415e-5,3.560747325639051e-6
dehydroabietic acid,1572,1756,1230,5.943613550753792e-6,7.084243185560176e-6,5.3607334278286816e-6
cytidine,2107,6157,4325,7.966408238828397e-6,2.48392285270467e-5,1.884973339460085e-5
cystathionine,80574,25789,21224,3.046442227979873e-4,1.0404074459704521e-4,9.25009807091349e-5
citrulline,343509,526316,387517,0.0012987816458052699,0.0021233203510542652,0.001688923037196656
citric acid,51194,138134,43286,1.9356065656316135e-4,5.572749704978186e-4,1.8865423346096935e-4
cholesterol,30042,43196,29134,1.1358653835352763e-4,1.7426592747349509e-4,1.2697529080191934e-4
chenodeoxycholic acid,477,362,464,1.803501058339414e-6,1.4604191532874622e-6,2.0222604150508196e-6
cerotinic acid,1735,1660,557,6.55990426880269e-6,6.696949708445269e-6,2.4275841620329883e-6
cellobiose minor,2015,4305,2011,7.618563170972577e-6,1.7367691864371615e-5,8.764581238506892e-6
caproic acid,31363,16250,13614,1.1858113981697913e-4,6.555748961580459e-5,5.9334166574357455e-5
capric acid,9542,6784,6251,3.6077583016089494e-5,2.7368739049453437e-5,2.724385744500576e-5
campesterol,105118,72709,41028,3.9744323742247907e-4,2.9333043153695603e-4,1.7881314721703668e-4
butylamine,173419,107130,90323,6.556841719835699e-4,4.3219531461791664e-4,3.9365652471688614e-4
biphenyl,4309,5198,4014,1.6292004319464433e-5,2.0970328062950907e-5,1.74942959181336e-5
biopterin,12741,2049,824,4.817276097338045e-5,8.266295152171299e-6,3.591255564659214e-6
beta-sitosterol,425051,448949,306294,0.0016070858036650445,0.0018111981172631295,0.0013349272232059822
beta-alanyl lysine,109414,477577,266963,4.1368608972148564e-4,0.0019266922595844373,0.001163510144791405
beta-alanine,2925989,1372107,677044,0.011062943937504158,0.005535500947955249,0.002950774311309627
Benzaldehyde-4-carboxylic acid,2915,1508,1394,1.1021395356518641e-5,6.0837350363466655e-6,6.075497884872505e-6
behenic acid,45155,44610,27286,1.7072765259814725e-4,1.799704376468334e-4,1.1892111570059626e-4
azelaic acid,10132,1179,3567,3.830832855994747e-5,4.756448015817453e-6,1.5546126940703175e-5
aspartate,59302,3057698,2065115,2.2421639363028078e-4,0.012335692608201013,0.009000431717732054
asparagine,1638528,3665742,2888111,0.006195150905909357,0.014788728806105768,0.012587311529251806
arachidic acid,92154,66381,33928,3.4842733025201335e-4,2.678013365037984e-4,1.4786907621087113e-4
arabitol,1636689,1076292,763552,0.006188197785476891,0.004342092406989142,0.0033278038457605244
arabinose,8130,17204,1539,3.073891740943278e-5,6.940621854463397e-5,6.7074542645758865e-6
alpha-ketoglutarate,589214,241782,181028,0.0022277737370825987,9.754228279562132e-4,7.889779276203013e-4
alpha-aminoadipic acid,1127,6654,4606,4.261102081233794e-6,2.6844279132526998e-5,2.00744212752674e-5
allantoin,15386,32837,9553,5.817330667423527e-5,1.3247454070856464e-4,4.1635029622802756e-5
allantoic acid,69010,68437,24888,2.60921610138371e-4,2.7609587180534267e-4,1.0846986467626034e-4
alanine,17036939,15388900,23804433,0.06441538263598331,0.062083547812224936,0.10374733310049446
adipic acid,15070,10730,5515,5.6978534484643544e-5,4.328811468169743e-5,2.40361340280286e-5
adenosine-5-monophosphate,29109,14335,7363,1.1005893565451153e-4,5.7831791608772845e-5,3.2090309129351694e-5
adenosine,19113,7491,13655,7.226481284704659e-5,3.0220994136122594e-5,5.9512857688618406e-5
adenine,16645,9267,6573,6.293349080934915e-5,3.738592346274838e-5,2.864723643993327e-5
aconitic acid,658,1626,583,2.4878484200992337e-6,6.559783268633739e-6,2.5409004783935945e-6
9-myristoleate,142852,415025,424504,5.401126481884737e-4,0.0016743382847876492,0.0018501242138593385
6-methylcholecalciferol,445,272,202,1.6825114695199984e-6,1.0973315184922367e-6,8.803806117247102e-7
5-methyluridine,839,1440,3546,3.1721957818590533e-6,5.809402156723606e-6,1.5454602223642687e-5
5-aminovaleric acid,12265,42520,25893,4.637304083969164e-5,1.715387359054776e-4,1.1284997613558377e-4
4-hydroxybutyric acid,1274,1632,1483,4.816898004872984e-6,6.583989110953421e-6,6.463388352414581e-6
3-phosphoglycerate,12237,9168,13927,4.6267174949474656e-5,3.698652706447363e-5,6.069832069054475e-5
3-hydroxypropionic acid,70720,36269,31047,2.673869912909085e-4,1.4632028251542256e-4,1.3531275669414396e-4
3-hydroxykynurenine,116777,60449,11426,4.4152503792390307e-4,2.4386982706373978e-4,4.979816272062643e-5
3-hydroxy-3-methylglutaric acid,3862,4747,3109,1.4601931000643223e-5,1.91508555819215e-5,1.3550016444812496e-5
"3-Aminopiperidine-2,6-dione",26952,141555,103215,1.019034811831528e-4,5.710763349270904e-4,4.4984398435230676e-4
3-aminoisobutyric acid,11731,16584,3031,4.435402707626764e-5,6.69049481716002e-5,1.3210067495730676e-5
"3,6-anhydro-D-galactose",16718,32011,21332,6.320949830884345e-5,1.2914220308255512e-4,9.297167925401741e-5
"3,4-dihydroxyphenylacetic acid",11113,20965,19391,4.201741564219268e-5,8.457924737202112e-5,8.451218040571216e-5
2-picolinic acid,4499,2641,1502,1.7010380003079714e-5,1.0654604927713226e-5,6.546196429755024e-6
2-monoolein,39900,4853,3021,1.5085889355920886e-4,1.957849212956921e-5,1.3166484297130443e-5
2-ketoisovaleric acid,20184,23004,26817,7.63141831478464e-5,9.280519945365962e-5,1.1687706368624532e-4
2-ketoisocaproic acid,41951,88269,128087,1.5861357001760326e-4,3.561042492859972e-4,5.582441159108067e-4
2-hydroxyglutaric acid,2769585,4672487,4105016,0.010471592198450662,0.018850247260460428,0.017890972758513483
2-Deoxyinosine,6461,4800,4298,2.4428554167570133e-5,1.9364673855745356e-5,1.873205875838022e-5
2-amino-4-oxo-4-phenylbutanoic acid,6811,4575,998,2.5751877795282494e-5,1.845695476875729e-5,4.349603220303272e-6
"2,6-diaminopimelic acid",21818,12527,16677,8.249221402693781e-5,5.05377644564421e-5,7.268370030560888e-5
1-monopalmitin,311,1446,1064,1.1758675663386956e-6,5.833607999043288e-6,4.63725233106481e-6
1-kestose,6307,1249,7383,2.3846291771376697e-5,5.038849509547073e-6,3.2177475526552156e-5
588382,32385,56690,45632,1.224452448098992e-4,2.287048668504592e-4,1.9887885185258404e-4
588380,27163,37682,16163,1.0270125628443083e-4,1.520207583817076e-4,7.044352389755689e-5
588375,33461,15073,10910,1.2651351973395206e-4,6.08091102140937e-5,4.75492696728544e-5
588374,2861,100107,97737,1.0817225425385877e-5,4.0386237618272923e-4,4.2596910815909903e-4
588356,4554,3008,1963,1.7218330858863087e-5,1.213519561626709e-5,8.555381885225774e-6
562527,52043,24018,14468,1.9677066159152646e-4,9.689598680568582e-5,6.305617173481737e-5
554665,2222,1605,991,8.401214573648171e-6,6.475062820514853e-6,4.319094981283108e-6
553510,10553,12360,11871,3.9900097837852905e-5,4.986403517854429e-5,5.173761505833681e-5
553483,53153,56777,45673,2.0096748795369994e-4,2.2905585156409458e-4,1.99057542966845e-4
553440,29250,16250,13614,1.1059204603024709e-4,6.555748961580459e-5,5.9334166574357455e-5
553439,13157,6474,5311,4.974562562803285e-5,2.6118103862936548e-5,2.3147036776583844e-5
553386,153763,107130,90323,5.813663170512438e-4,4.3219531461791664e-4,3.9365652471688614e-4
553359,38648,22389,13193,1.461251758966492e-4,9.032410061589224e-5,5.7499313913287636e-5
553345,32336,16395,13950,1.2225997950201947e-4,6.614246413853023e-5,6.079856204732529e-5
553344,148671,81714,66746,5.621138487303544e-4,3.29659366551745e-4,2.909004173771164e-4
553268,47487,28703,24117,1.7954476888336216e-4,1.1579671535030395e-4,1.0510960006418236e-4
553263,102483,55707,45688,3.874805009681303e-4,2.247391430170847e-4,1.9912291776474537e-4
550987,10881,9466,8000,4.1140241123251915e-5,3.818875056635115e-5,3.486655888018654e-5
545358,11166097,4177266,2161795,0.04221817139836594,0.01685237368722791,0.009421794081799108
545069,2384,397784,236118,9.013724367046463e-6,0.0016047827968820438,0.0010290777687089858
544748,6034854,8410641,6638338,0.022817328251412677,0.033931108308908324,0.028932000342947472
544707,1238,882,903,4.680784717451141e-6,3.5582588209932092e-6,3.9355628336010565e-6
544105,65926,22415,6846,2.492612385158998e-4,9.042899259927753e-5,2.9837057761719635e-5
544078,8130,5472,2789,3.073891740943278e-5,2.2075728195549705e-5,1.2155354089605033e-5
544032,858,11682,6907,3.244033350220581e-6,4.7128774996420256e-5,3.010291527318106e-5
541377,83731,257924,247633,3.165806019199528e-4,0.0010405446124102636,0.0010792638218971543
540580,25568,1706,1751,9.667068146671308e-5,6.882527832896162e-6,7.63141807490083e-6
539711,55693,741,959,2.1057103656624106e-4,2.989421526480689e-6,4.179628745762362e-6
539702,10377,3810,1975,3.923465509934612e-5,1.5370709872997875e-5,8.607681723546054e-6
539604,7168,5589,3869,2.71016678955491e-5,2.25477421207835e-5,1.6862339538430218e-5
534660,2338,1884,1263,8.839801833118553e-6,7.600634488380052e-6,5.5045579832094504e-6
524550,1150,1229,916,4.348063348197749e-6,4.958163368481467e-6,3.992220991781359e-6
521677,22622,51224,26869,8.553207744602563e-5,2.066533444972292e-4,1.1710369631896654e-4
521666,2869,3217,2720,1.0847472822590732e-5,1.2978365790402668e-5,1.1854630019263425e-5
520868,159748,5940,9553,6.039951510851252e-4,2.3963783896484878e-5,4.1635029622802756e-5
520865,8399,6385,3905,3.175598614044599e-5,2.5759050535194602e-5,1.7019239053391056e-5
520862,3420,2667,2358,1.2930762305075044e-5,1.0759496911098513e-5,1.0276918229934984e-5
520631,108782,31809,34505,4.112965453423022e-4,1.283272730577925e-4,1.5038382677010458e-4
519942,371,8108,5840,1.4027230453750998e-6,3.271016158799653e-5,2.5452587982536178e-5
519090,121262,70342,60347,4.584824849818743e-4,2.837812267418416e-4,2.630115285928272e-4
517908,10331,5985,5455,3.9060732565418214e-5,2.414532771388249e-5,2.37746348364272e-5
517902,11654,2521,2178,4.406289587817092e-5,1.0170488081319592e-5,9.492420655130786e-6
514161,614,969,1023,2.321487735472537e-6,3.909243534628594e-6,4.4585612168038545e-6
513579,2794,6047,2928,1.0563903473795227e-5,2.4395454751185868e-5,1.2761160550148275e-5
511804,357,194,176,1.3497901002666054e-6,7.826555683363748e-7,7.67064295364104e-7
511719,17609,98360,72085,6.657830217253405e-5,3.9681444176064857e-4,3.141694871097809e-4
509844,100975,62680,94671,3.8177886659501535e-4,2.528703660996081e-4,4.1260649946826757e-4
488159,715,525,514,2.7033611251838177e-6,2.1180112029721483e-6,2.2401764080519855e-6
486463,195,57,2387,7.37280306868314e-7,2.299555020369761e-7,1.0403309505875661e-5
476084,1261,2919,2023,4.767745984415097e-6,1.1776142288525143e-5,8.816881076827172e-6
474821,14353,31239,14151,5.426761151015851e-5,1.2602771803742275e-4,6.167458433918997e-5
474672,140408,98954,77717,5.308720683423908e-4,3.9921082015029706e-4,3.387155445614322e-4
474251,7393,17741,14970,2.7952375941935615e-5,7.157264143224549e-5,6.524404830454907e-5
474221,74388,79927,55900,2.81255422909334e-4,3.2245005984753313e-4,2.4363008017530349e-4
474043,22962,46087,31879,8.681759182723192e-5,1.8592910916452837e-4,1.3893887881768336e-4
425777,1142,9034,4068,4.317815950992895e-6,3.644592991933407e-5,1.7729645190574858e-5
425770,38622,23101,16212,1.4602687185573344e-4,9.31965272378278e-5,7.065708157069803e-5
425127,10018,1421,998,3.78773031497783e-5,5.732750322711281e-6,4.349603220303272e-6
422265,174170,214478,187864,6.585236463961756e-4,8.652701081734484e-4,8.187714021834206e-4
421543,2399,14248,7166,9.070438236805565e-6,5.748080689513746e-5,3.12317201169271e-5
417901,30168,55182,48618,1.1406293485950408e-4,2.2262113181411254e-4,2.1189279495461368e-4
417820,5236,5666,2849,1.979692147057688e-5,2.285838376388608e-5,1.2416853281206434e-5
417688,12806,5522,3274,4.8418521075669886e-5,2.227744354821372e-5,1.4269139221716343e-5
412153,2863,1410,1031,1.082478727468709e-5,5.688372945125198e-6,4.493427775684041e-6
407336,41227,214478,187864,1.5587618057056398e-4,8.652701081734484e-4,8.187714021834206e-4
406926,21350,528,1356,8.072274129045386e-5,2.130114124131989e-6,5.9098817301916196e-6
406851,184239,257359,221608,6.965937767031348e-4,0.00103826522892516,9.658385475400475e-4
406846,158306,151495,111702,5.985430577389502e-4,6.111773470366963e-4,4.868330450043247e-4
405282,20870,3891,8556,7.890789745816262e-5,1.5697488744313577e-5,3.728978472235951e-5
404192,34330,2990,5986,1.297991432553293e-4,1.2062578089308044e-5,2.6088902682099582e-5
404164,131780,8889,12646,4.98250250456956e-4,3.586095539660843e-5,5.511531294985488e-5
404049,20756,14552,8900,7.847687204799345e-5,5.8707236239334666e-5,3.878904675420753e-5
400553,1872,12093,5400,7.077890945935814e-6,4.8786875195318456e-5,2.3534927244125918e-5
400202,12294,11888,5937,4.648268765455924e-5,4.7959842249396e-5,2.587534500895844e-5
396760,2140,501,488,8.091178752298419e-6,2.0211878336934214e-6,2.1268600916913793e-6
396036,73564,245292,179670,2.781399409972341e-4,9.89583245713227e-4,7.830593292503896e-4
391901,651956,48096,46328,0.0024649965115109665,1.9403403203456846e-4,2.0191224247516029e-4
391335,8162,3004,1146,3.0859906998252197e-5,1.2119058388053968e-5,4.994634559586723e-6
390198,10817,17202,9988,4.089826194561308e-5,6.939814993052741e-5,4.35308987619129e-5
390194,5433290,5389822,2764647,0.020542860094895084,0.02174419691052524,0.012049215926053887
390145,26941,11031,10599,1.0186189101199612e-4,4.450244110473479e-5,4.619383219638715e-5
390130,54737,28532,7606,2.06956472600261e-4,1.1510684884419302e-4,3.3149380855337357e-5
389549,6564,2920,2860,2.481798940658263e-5,1.1780176595578424e-5,1.246479479966669e-5
385008,68612,22654,22385,2.594168021274295e-4,9.139319198501152e-5,9.756099006662197e-5
384914,9542,6750,6252,3.6077583016089494e-5,2.7231572609641906e-5,2.7248215764865783e-5
383524,36494,34558,32267,1.379810641992423e-4,1.3941758314726e-4,1.406299069233724e-4
382948,2546,8044,8653,9.626234160444755e-6,3.2451965936586594e-5,3.771254174878177e-5
382947,849,1184,558,3.2100050283651205e-6,4.776619551083854e-6,2.4319424818930114e-6
382905,54744,79184,44528,2.0698293907281526e-4,3.1945256970694586e-4,1.940672667271183e-4
382622,1998,3838,1726,7.554287451912262e-6,1.5483670470489723e-5,7.5224600784002466e-6
382616,11095,241326,198001,4.194935899848176e-5,9.735831839399174e-4,8.62951690604477e-4
382613,17759,157334,128528,6.714544087012506e-5,6.347336659207999e-4,5.60166134969077e-4
382601,1193,1075,690,4.510643108173839e-6,4.336880082276303e-6,3.0072407034160894e-6
381736,2611,4221,2611,9.871994262734192e-6,1.702881007189607e-5,1.1379573154520883e-5
381214,20752,16397,1765,7.846174834939103e-5,6.615053275263679e-5,7.692434552941157e-6
380652,5116,5927,5312,1.9343210512504073e-5,2.3911337904792233e-5,2.3151395096443866e-5
380602,2165,1612,1368,8.185701868563588e-6,6.503302969887815e-6,5.962181568511899e-6
380297,7665,10001,27719,2.8980787446900648e-5,4.03471048398561e-5,1.2080826819998635e-4
380205,7465,19952,15549,2.82246025167793e-5,8.04924943270482e-5,6.776751550350257e-5
379924,50586,79083,19681,1.9126185437559246e-4,3.1904510469456455e-4,8.577609316511892e-5
379876,2914,1925,2004,1.1017614431868035e-5,7.766041077564544e-6,8.73407299948673e-6
379063,2121,46908,21625,8.019341183936891e-6,1.892412752552715e-4,9.424866697300425e-5
378996,23381,2832,22493,8.840179925583614e-5,1.142515757488976e-5,9.80316886115045e-5
377666,860,1190,723,3.2515951995217947e-6,4.800825393403536e-6,3.151065258796859e-6
377276,1409,685,2939,5.327322832704894e-6,2.7635003314969935e-6,1.2809102068608532e-5
377232,141190,73720,54501,5.338287514191654e-4,2.974091159678224e-4,2.3753279069113086e-4
377204,10889,103643,58177,4.117048852045677e-5,4.181276859231283e-4,2.535539744965766e-4
376958,14495,10150,7242,5.480450281054467e-5,4.094821659079487e-5,3.156295242628887e-5
374861,140408,98954,77717,5.308720683423908e-4,3.9921082015029706e-4,3.387155445614322e-4
371572,929,473,1424,3.5124790004136594e-6,1.9082272362015734e-6,6.206247480673205e-6
371569,1236,1675,1124,4.673222868149928e-6,6.757464314244473e-6,4.89875152266621e-6
371565,16384,64600,50962,6.194666947554079e-5,2.6061623564190624e-4,2.2210869670650834e-4
371564,9914,20572,16340,3.74840869861152e-5,8.299376470008197e-5,7.121494651278102e-5
371554,51898,24703,14778,1.962224275171885e-4,9.965948713718282e-5,6.440725089142459e-5
371553,9914,20572,16340,3.74840869861152e-5,8.299376470008197e-5,7.121494651278102e-5
371547,176987,97511,109268,6.691745111369348e-4,3.933893150724136e-4,4.762248944650279e-4
371541,1304,837,986,4.930325744391186e-6,3.3767150035955964e-6,4.297303381982992e-6
371280,7293,15007,7193,2.757428347687494e-5,6.05428459485772e-5,3.1349394753147726e-5
371271,4046,17508,5223,1.529762113635486e-5,7.063264788883118e-5,2.276350462890179e-5
370221,28280,2832,22493,1.0692454911915855e-4,1.142515757488976e-5,9.80316886115045e-5
370173,20857,4943,5848,7.885874543770474e-5,1.9941579764364437e-5,2.5487454541416365e-5
370157,3746,2542,2348,1.4163343741172841e-5,1.0255208529438477e-5,1.023333503133475e-5
367427,10492,4195,3486,3.96694614341659e-5,1.6923918088510784e-5,1.5193103032041286e-5
367202,3059,2555,263,1.1565848506206012e-5,1.030765452113112e-5,1.1462381231861326e-6
366123,1216,694,1093,4.597604375137794e-6,2.799809094976516e-6,4.763643607005487e-6
361344,1165,2901,2869,4.4047772179568495e-6,1.17035247615661e-5,1.25040196784069e-5
360157,11550,36122,16115,4.366967971450782e-5,1.4572723937859036e-4,7.023432454427576e-5
360148,19385,15490,11094,7.329322435201162e-5,6.249141625531157e-5,4.835120052709869e-5
360106,3092,5342,3774,1.1690619019676035e-5,2.155126827862327e-5,1.6448299151728002e-5
359906,7472,21815,21508,2.8251068989333548e-5,8.800840836730936e-5,9.373874354938152e-5
357445,96210,36708,26662,3.6376276063487426e-4,1.4809134331181262e-4,1.162015241079417e-4
356187,4119,4013,2667,1.5573628635849154e-5,1.6189674204813774e-5,1.162363906668219e-5
355602,1814,3073,2795,6.858597316200623e-6,1.2397425574730307e-5,1.2181504008765174e-5
354270,24393,7559,5355,9.222809500225017e-5,3.0495327015745654e-5,2.3338802850424867e-5
354256,137856,71307,101694,5.212231486340425e-4,2.876743330482571e-4,4.432149798452113e-4
354254,6498,8226,9390,2.4568448379642584e-5,3.31862098202836e-5,4.092462348561896e-5
354252,177853,161234,128984,6.724487918843601e-4,6.504674634285931e-4,5.621535288252476e-4
354246,62414,170238,144225,2.3598263114296895e-4,6.867923641363287e-4,6.28578681811863e-4
353481,671698,413881,313663,0.0025396395259632445,0.0016697230375186966,0.001367043682254494
351741,447,525,415,1.690073318821212e-6,2.1180112029721483e-6,1.808702741909677e-6
351285,23191,59269,55948,8.768342357222086e-5,2.3910934474086906e-4,2.4383927952858459e-4
351222,13157,8444,5311,4.974562562803285e-5,3.40656887578987e-5,2.3147036776583844e-5
350330,1264,861,730,4.779088758366917e-6,3.4735383728743232e-6,3.181573497817022e-6
350308,3780,3017,2503,1.429189517929347e-5,1.2171504379746611e-5,1.0908874609638366e-5
348293,3746,2541,58,1.4163343741172841e-5,1.0251174222385197e-5,2.5278255188135245e-7
347607,629485,322296,68103,0.0023800353536871824,0.001300241026044022,2.9681465742716805e-4
346922,2381,2204,2580,9.002381593094643e-6,8.891612745429742e-6,1.124446523886016e-5
346416,12505,4525,10368,4.728046275583726e-5,1.8255239416093278e-5,4.518706030872176e-5
346408,3246,3662,1353,1.2272881415869472e-5,1.4773632429112395e-5,5.896806770611549e-6
346346,4055,2290,3348,1.533164945821032e-5,9.238563152011847e-6,1.4591654891358068e-5
346256,26918,6103,6715,1.0177492974503218e-4,2.4621375946169564e-5,2.926611786005658e-5
346225,21663,8932,11135,8.190617070609376e-5,3.603443059989948e-5,4.8529891641359646e-5
344676,35091,20886,18168,1.3267642691444106e-4,8.426053711481197e-5,7.918195521690365e-5
342924,42018,49992,42767,1.5886689196919392e-4,2.0168307820758787e-4,1.8639226545361724e-4
342840,38995,22343,18837,1.4743715675040976e-4,9.013852249144134e-5,8.209767120325924e-5
342183,3882,974,1536,1.4677549493655357e-5,3.929415069894995e-6,6.694379304995817e-6
341344,23999,24617,18079,9.07384106899111e-5,9.93125367306007e-5,7.879406474936157e-5
328993,4119,4013,3133,1.5573628635849154e-5,1.6189674204813774e-5,1.3654616121453056e-5
328824,178,112,25,6.730045878079994e-7,4.518423899673916e-7,1.0895799650058295e-7
324432,2946,1705,1759,1.113860402068745e-5,6.878493525842881e-6,7.666284633781016e-6
323841,15820,7703,5215,5.9814227972598597e-5,3.1076267231418016e-5,2.2728638070021603e-5
321802,29381,9509,4427,1.1108734715947657e-4,3.83622257696422e-5,1.9294282020323227e-5
320847,179437,24355,38393,6.784377765309212e-4,9.825554828264128e-5,1.6732897438587524e-4
320842,63079,2560,538,2.3849694603562244e-4,1.0327826056397523e-5,2.344776084692545e-6
250667,4577,6445,5091,1.730529212582704e-5,2.600110895839142e-5,2.2188206407378712e-5
250558,2132,1547,1434,8.060931355093565e-6,6.241073011424597e-6,6.249830679273438e-6
242849,4708,2116,1429,1.7800593255056523e-5,8.536593724741078e-6,6.228039079973322e-6
241382,6092,7873,5714,2.3033392971496247e-5,3.1762099430475665e-5,2.490343968017324e-5
237707,18466,11014,9512,6.981855459810403e-5,4.443385788482903e-5,4.14563385085418e-5
234465,163594,102550,101694,6.185365872913587e-4,4.1371818831389295e-4,4.432149798452113e-4
232320,15243,99595,90877,5.7632634449198507e-5,4.017968109714497e-4,3.960710339193391e-4
230854,37466,30732,23181,1.4165612295963205e-4,1.2398232436140963e-4,1.0103021267520053e-4
228851,56478,82798,33807,2.1353906241696735e-4,3.3403255539750083e-4,1.473417195078083e-4
228833,15820,7703,5215,5.9814227972598597e-5,3.1076267231418016e-5,2.2728638070021603e-5
228307,1261,3850,1761,4.767745984415097e-6,1.5532082155129087e-5,7.675001273501063e-6
227159,18952,25621,12314,7.16560839782989e-5,1.0336298101209411e-4,5.3668350756327136e-5
224423,2810,2883,497,1.0624398268204933e-5,1.1630907234607054e-5,2.166084970431589e-6
224377,14580,11989,7623,5.512588140584624e-5,4.836730726177731e-5,3.322347229295775e-5
223738,672,1939,662,2.540781365207728e-6,7.822521376310468e-6,2.8852077473354367e-6
223237,1383,2329,1124,5.229018791789119e-6,9.395901127089778e-6,4.89875152266621e-6
223227,21698,21380,13865,8.2038503068865e-5,8.625348479913244e-5,6.0428104859223306e-5
223171,6419,3915,2824,2.426975533224465e-5,1.5794312113592304e-5,1.230789528470585e-5
223160,5247,14434,5225,1.9838511641733553e-5,5.82311880070476e-5,2.2772221268621838e-5
223108,24598,25606,7817,9.300318455562454e-5,1.0330246640629491e-4,3.4068986345802275e-5
222288,9958,4791,2351,3.7650447670741894e-5,1.9328365092265832e-5,1.0246409990914821e-5
219979,11846,7511,4229,4.478883341108742e-5,3.03016802771882e-5,1.8431334688038613e-5
219417,4254,30911,19971,1.6084053463681064e-5,1.247044653239468e-4,8.704000592452569e-5
215929,5503,2266,599,2.0806428352288878e-5,9.14173978273312e-6,2.6106335961539677e-6
215683,12322,5278,4806,4.658855354477623e-5,2.129307262721333e-5,2.0946085247272067e-5
215676,6724,6063,5209,2.5422937350679705e-5,2.446000366403835e-5,2.2702488150861462e-5
215644,16954,19312,16002,6.410179652638664e-5,7.791053781294882e-5,6.974183440009314e-5
214058,2106,2003,1676,7.962627314177791e-6,8.080717027720405e-6,7.304544085399081e-6
212017,9375,38542,27608,3.544616859943817e-5,1.5549026244752865e-4,1.2032449469552377e-4
211126,10107,1891,1350,3.82138054436823e-5,7.628874637753014e-6,5.8837318110314795e-6
210861,3196,16480,12142,1.2083835183339135e-5,6.648538023805905e-5,5.2918719740403125e-5
210845,3459,1848,1143,1.3078218366448707e-5,7.455399434461962e-6,4.9815596000066525e-6
210842,3517,8615,4873,1.3297511996183897e-5,3.475555526400963e-5,2.1238092677893628e-5
210393,6780,6228,4329,2.5634669131113682e-5,2.5125664327829598e-5,1.8867166674040943e-5
210312,94486,36368,29991,3.5724444653722825e-4,1.467196789136973e-4,1.3071037092195933e-4
210297,74508,133252,72898,2.8170913386740685e-4,5.375794834637042e-4,3.177128011559798e-4
210259,61715,38021,31660,2.3333976481219483e-4,1.5338838847276962e-4,1.3798440676833826e-4
210228,75296,24684,14601,2.8468850249208495e-4,9.958283530317049e-5,6.363582827620047e-5
209687,504700,453035,35753,0.0019082326711612207,0.0018276822958828327,1.558230099554137e-4
209676,235393,130429,115899,8.900031962802719e-4,5.26190634652294e-4,5.051249134568425e-4
209172,9334809,4743849,1655944,0.035294209456805635,0.019138143480396615,0.007217133622286453
208244,6698,31239,14151,2.532463330976393e-5,1.2602771803742275e-4,6.167458433918997e-5
205795,191,190,125,7.22156608265887e-7,7.665183401232537e-7,5.447899825029147e-7
199152,11276,3475,1852,4.2633706360241575e-5,1.401921701014898e-5,8.071608380763185e-6
190197,11566,3782,4963,4.373017450891753e-5,1.5257749275506028e-5,2.1630341465295727e-5
190007,1112,829,726,4.204388211474693e-6,3.344440547169354e-6,3.1641402183769287e-6
189939,2930,2790,1739,1.1078109226277743e-5,1.1255716678651988e-5,7.57911823658055e-6
189234,5050,3542,2550,1.9093669485564027e-5,1.4289515582718761e-5,1.1113715643059461e-5
188923,7139,3658,2716,2.6992021080681504e-5,1.4757495200899273e-5,1.1837196739823331e-5
187931,8251,17731,10240,3.1196409292156195e-5,7.153229836171269e-5,4.4629195366638776e-5
187846,4969,717,456,1.878741458886488e-5,2.8925981572019623e-6,1.987393856170633e-6
187839,1215,911,609,4.593823450487186e-6,3.6752537255383372e-6,2.6542167947542008e-6
187836,1934,1441,745,7.312308274273431e-6,5.813436463776887e-6,3.246948295717372e-6
183432,2406,943,650,9.096904709359812e-6,3.8043515512433065e-6,2.8329079090151566e-6
170841,116273,98940,56369,4.396194518999973e-4,3.991543398515511e-4,2.4567413218965444e-4
170728,46419,98670,98349,1.7550674135651418e-4,3.9806507694716545e-4,4.286363999134333e-4
170630,28387,71299,26856,1.0732910805677348e-4,2.8764205859183083e-4,1.1704703816078622e-4
170487,5149,37123,32699,1.9467981025974095e-5,1.497655807389239e-4,1.4251270110290248e-4
170319,61495,79184,46149,2.3250796138906137e-4,3.1945256970694586e-4,2.0113210322021612e-4
170278,4482,6043,3493,1.69461042840194e-5,2.4379317522972747e-5,1.522361127106145e-5
170275,10526,6252,3289,3.979801287228652e-5,2.5222487697108325e-5,1.4334514019616693e-5
170242,18189,1586,1123,6.877123846988596e-5,6.398410986502528e-6,4.894393202806186e-6
169614,1265,333,253,4.782869683017523e-6,1.343424248742334e-6,1.1026549245858995e-6
169611,475,4888,5194,1.7959392090382006e-6,1.971969287643402e-5,2.2637113352961115e-5
169610,10603,1581,1041,4.008914407038324e-5,6.378239451236127e-6,4.537010974284274e-6
168880,2049,3099,2045,7.747114609093206e-6,1.2502317558115595e-5,8.912764113747685e-6
163829,2313,1480,957,8.745278716853384e-6,5.9707744388548175e-6,4.170912106042315e-6
163410,4795,20313,14794,1.8129533699659308e-5,8.194887917328237e-5,6.447698400918496e-5
161401,179320,33457,31192,6.779954083468003e-4,1.349758110815984e-4,1.3594471307384735e-4
161388,1265,2546,1040,4.782869683017523e-6,1.0271345757651599e-5,4.532652654424251e-6
160575,8956,14124,10589,3.3861961170833944e-5,5.6980552820530706e-5,4.615024899778692e-5
146435,354,223,185,1.3384473263147853e-6,8.99650472881503e-7,8.062891741043138e-7
146430,47723,46649,27887,1.8043706710090535e-4,1.881963897284719e-4,1.2154046593647027e-4
146264,2276,5037,2629,8.605384504780935e-6,2.0320804627372782e-5,1.1458022912001304e-5
138111,849,4479,7629,3.2100050283651205e-6,1.8069661291642386e-5,3.3249622212117895e-5
135765,24168,41645,20421,9.137738695586365e-5,1.6800871723385736e-4,8.900124986153618e-5
135325,3663,8569,9429,1.3849526995172482e-5,3.456997713955874e-5,4.1094597960159865e-5
135323,6446,4496,3342,2.4371840297811033e-5,1.813824451154815e-5,1.4565504972197929e-5
135260,10644,101021,57370,4.024416198105812e-5,4.075497328294274e-4,2.500368103695378e-4
135163,982,2376,1106,3.712868006895817e-6,9.585513558593952e-6,4.82030176518579e-6
134328,47509,28365,26441,1.796279492256755e-4,1.1443311956629521e-4,1.1523833541887655e-4
133924,1898,1387,1040,7.1761949868515885e-6,5.5955838828997515e-6,4.532652654424251e-6
133605,14449,10104,8652,5.463058027661676e-5,4.0762638466343976e-5,3.770818342892175e-5
133467,26619,69666,61899,1.0064443327450076e-4,2.810540351738242e-4,2.6977564101558337e-4
132335,17188,9995,10112,6.498653289462862e-5,4.0322898997536425e-5,4.407133042455579e-5
132248,2293,3238,1977,8.66966022384125e-6,1.3063086238521554e-5,8.616398363266099e-6
131989,5216,2730,1643,1.9721302977564745e-5,1.101365825545517e-5,7.160719530018311e-6
131524,31883,13391,9789,1.2054722063529463e-4,5.402340575047626e-5,4.2663593109768264e-5
131446,727977,907210,701039,0.0027524261843747413,0.003659963701806405,0.003055352196350887
131427,949,333,640,3.5880974934257943e-6,1.343424248742334e-6,2.7893247104149235e-6
131421,1265970,612119,475156,0.004786537179928612,0.0024694759991468734,0.0020708818314092397
130738,16191,20389,19088,6.12169510179737e-5,8.225548650933167e-5,8.31916094881251e-5
130659,3747,19595,19060,1.4167124665823448e-5,7.905224670902714e-5,8.306957653204444e-5
130582,21666,49682,40428,8.191751348004559e-5,2.0043244302107098e-4,1.7619815530102272e-4
130549,1332,16051,8256,5.036191634608175e-6,6.475466251220181e-5,3.598228876435251e-5
130548,5078,95341,85781,1.9199535375781014e-5,3.846348687667954e-4,3.7386103591266023e-4
130530,50155,53689,31126,1.8963227585118094e-4,2.165979113835651e-4,1.356570639630858e-4
130528,12478,8797,7542,4.717837779027088e-5,3.5489799147706646e-5,3.287044838429587e-5
130463,20346,29871,27819,7.69266929412447e-5,1.2050878598853532e-4,1.2124410018598869e-4
128059,2150,1293,1549,8.128987998804486e-6,5.216359019891405e-6,6.75103746317612e-6
127630,1230,325,294,4.650537320246288e-6,1.3111497923160918e-6,1.2813460388468555e-6
125960,64270,127526,68208,2.4300002729449506e-4,5.144790412766213e-4,2.9727228101247046e-4
125942,13644,9570,4075,5.1586935932878335e-5,3.86083184998923e-5,1.776015342959502e-5
125898,213,131,540,8.053369505792352e-7,5.28494223979717e-7,2.3534927244125917e-6
125897,74508,133252,10989,2.8170913386740685e-4,5.375794834637042e-4,4.789357694179624e-5
125868,14353,31239,14151,5.426761151015851e-5,1.2602771803742275e-4,6.167458433918997e-5
125802,31807,22912,19180,1.2025987036184851e-4,9.243404320475784e-5,8.359257491524724e-5
124996,38005,17383,14284,1.436940413463091e-4,7.012835950717115e-5,6.225424088057307e-5
121191,1534,4231,2850,5.799938414030736e-6,1.7069153142428875e-5,1.2421211601066457e-5
118967,230,1433,1384,8.696126696395497e-7,5.781162007350644e-6,6.031914686272272e-6
118602,12362,35152,16365,4.6739790530800496e-5,1.418139615369085e-4,7.13239045092816e-5
118128,5686,2275,1819,2.1498337563349912e-5,9.178048546212642e-6,7.927783825382415e-6
118125,27823,7625,2443,1.0519666655383127e-4,3.076159128126215e-5,1.0647375418036966e-5
118060,42677,22579,16004,1.6135852131394376e-4,9.10906189560155e-5,6.975055103981319e-5
117962,53702,58722,37101,2.0304321558688304e-4,2.3690257878272475e-4,1.6169802512672513e-4
117769,47086,22284,17483,1.7802861809846886e-4,8.990049837529781e-5,7.619650611278767e-5
117750,57973,28244,19589,2.191915447696244e-4,1.1394496841284829e-4,8.537512773799678e-5
117745,45915,93576,59831,1.7360115533260838e-4,3.775143168177557e-4,2.6076263554505516e-4
117300,1858,3179,4776,7.024958000827319e-6,1.2825062122378017e-5,2.0815335651471366e-5
117249,1458,1139,1281,5.512588140584624e-6,4.595075733686242e-6,5.5830077406898705e-6
117245,40742,27140,12283,1.5404243211501972e-4,1.0949109342602687e-4,5.3533242840666416e-5
117242,82543,4708,915,3.12088863435032e-4,1.899351760684357e-5,3.987862671921336e-6
117235,1857,3250,2686,7.021177076176712e-6,1.3111497923160918e-5,1.1706447144022632e-5
117213,17696,1202,24040,6.690724261713683e-5,4.8492370780429e-6,1.0477400943496057e-4
117212,16222,18750,20692,6.13341596821425e-5,7.56432572490053e-5,9.01823545436025e-5
117201,85272,9984,20796,3.224070068065378e-4,4.027852161995034e-5,9.063561980904492e-5
117200,14826,17483,14750,5.60559888698955e-5,7.053179021249917e-5,6.428521793534394e-5
117199,225712,1191114,983450,8.534000647377481e-4,0.00480531961146089,0.004286189666339932
117196,1265,61974,29464,4.782869683017523e-6,2.5002214531999223e-4,1.2841353635572705e-4
117195,3491522,7562561,6477913,0.013201181597935738,0.030509693183162385,0.02823281687940323
117192,67555,65569,61526,2.5542036477173817e-4,2.645254791765348e-4,2.6814998770779465e-4
117191,9339,916,116,3.5310055312016326e-5,3.6954252608047384e-6,5.055651037627049e-7
117190,14806,7629,18022,5.598037037688336e-5,3.077772850947527e-5,7.854564051734024e-5
117182,1548128,720925,513474,0.005853355317494508,0.0029084328123860875,0.002237883931805613
116942,64903,43602,35995,2.453933525983291e-4,1.7590385613712686e-4,1.5687772336153932e-4
115895,9471,5550,1565,3.580913736589642e-5,2.2390404145705567e-5,6.820770580936493e-6
114282,6695,1308,1106,2.531329053581211e-5,5.2768736256906094e-6,4.82030176518579e-6
113559,27847,24845,19543,1.0528740874544584e-4,1.0023235873874861e-4,8.51746450244357e-5
113534,5615,6703,4592,2.1229891913156835e-5,2.7041960178137734e-5,2.0013404797227076e-5
112543,1625,2687,1889,6.144002557235949e-6,1.084018305216412e-5,8.232866215584048e-6
112530,796,7665,942,3.0096160218829636e-6,3.092296356339337e-5,4.105537308141965e-6
111776,6729,17197,16287,2.544184197393274e-5,6.937797839526102e-5,7.098395556019978e-5
111772,10181,17920,2741,3.84935938678272e-5,7.229478239478266e-5,1.1946154736323915e-5
111739,17307,17801,13047,6.543646292805082e-5,7.18146998554423e-5,5.686299921372423e-5
111732,48207,65590,14898,1.82267034631799e-4,2.646101996246537e-4,6.493024927462739e-5
110962,8407,8705,8639,3.1786233537650844e-5,3.5118642898804856e-5,3.765152527074144e-5
110647,25064,3688,22618,9.476509544280728e-5,1.4878524412497682e-5,9.85764785940074e-5
110628,25811,133440,100049,9.758944615681052e-5,5.383379331897209e-4,4.3604554367547294e-4
110612,23819,42286,25621,9.005784425280189e-5,1.7059470805501e-4,1.1166451313365744e-4
110605,16827,14499,53389,6.362161909575958e-5,5.849341796551081e-5,2.3268633900678493e-4
110346,61297,45874,46331,2.3175933830824123e-4,1.8506980176217968e-4,2.0192531743474035e-4
110328,22536,13246,10661,8.520691792607345e-5,5.343843122775062e-5,4.6464048027708595e-5
110321,58507,77939,22810,2.2121055853304843e-4,3.144298574256119e-4,9.941327600713188e-5
110283,9237,15758,6074,3.492440099765444e-5,6.35726105455907e-5,2.6472434829781634e-5
110182,2719,2280,1906,1.028033412499972e-5,9.198220081479044e-6,8.306957653204444e-6
110123,3362,17580,23672,1.2711468675339853e-5,7.092311799666737e-5,1.0317014772647198e-4
110031,16954,20847,13962,6.410179652638664e-5,8.410319913973404e-5,6.0850861885645565e-5
110021,17651,10869,10273,6.673710100785953e-5,4.3848883362103386e-5,4.4773019922019546e-5
109714,7348,4705,4251,2.778223433265831e-5,1.8981414685683727e-5,1.8527217724959126e-5
109387,134665,68038,57849,5.091582180739564e-4,2.7448618329108386e-4,2.5212444558248893e-4
109386,11885,10180,4593,4.493628947246108e-5,4.1069245802393274e-5,2.00177631170871e-5
108314,5770720,3205521,2713246,0.021818657499749317,0.012932055979738065,0.011825193926928828
107960,12787,28117,17382,4.834668350730836e-5,1.134326114170817e-4,7.575631580692531e-5
107143,321138,166211,42759,0.0012141985804465466,6.70546209632769e-4,1.8635739889473704e-4
106940,343689,85161,94913,0.0012994622122423792,3.435656229644021e-4,4.136612128743932e-4
106931,4149,1201,1730,1.5687056375367357e-5,4.845202770989619e-6,7.5398933578403405e-6
106902,531,429,241,2.007670989472178e-6,1.7307177258572412e-6,1.0503550862656196e-6
106482,46443,24036,17919,1.7559748354812872e-4,9.696860433264486e-5,7.809673357175784e-5
106427,203231,137667,118095,7.684010976674579e-4,5.553909491039366e-4,5.146957838694537e-4
105769,774,754,470,2.9264356795696152e-6,3.0418675181733328e-6,2.0484103342109596e-6
105406,58877,34838,26887,2.226095006537729e-4,1.4054718912217848e-4,1.1718214607644695e-4
105370,74513,8602,21927,2.8172803849065985e-4,3.470310927231699e-5,9.55648795707313e-5
105085,1858,3238,1193,7.024958000827319e-6,1.3063086238521554e-5,5.199475593007819e-6
105081,1952,1984,1198,7.3803649179843524e-6,8.004065193708081e-6,5.221267192307935e-6
104990,5423,3021,2618,2.050395438024034e-5,1.2187641607959733e-5,1.1410081393541047e-5
104933,47126,8739,8675,1.7817985508449314e-4,3.525580933861639e-5,3.780842478570228e-5
104931,9934,1418,1571,3.755970547912734e-5,5.720647401551441e-6,6.846920500096633e-6
104924,48111,34190,31794,1.8190406586534078e-4,1.3793295815165286e-4,1.3856842162958137e-4
104918,186695,25514,37254,7.058797276450249e-4,1.0293131015739313e-4,1.623648480653087e-4
104417,5777,19150,13321,2.1842401706555127e-5,7.72569800703174e-5,5.805717885537062e-5
104390,248,152,148,9.37669313350471e-7,6.132146720986029e-7,6.45031339283451e-7
104378,50393,26460,28184,1.9053213591802535e-4,1.0674776462979627e-4,1.2283488693489719e-4
104312,302894,108072,80548,0.0011452193911208773,4.359956318621067e-4,3.510539480851582e-4
104238,1056,3339,2085,3.992656431040715e-6,1.3470551250902862e-5,9.087096908148618e-6
104135,12881,47997,43853,4.870209042446539e-5,1.9363463563629372e-4,1.9112540082160258e-4
104131,12224,6187,4737,4.621802292901677e-5,2.4960257738645108e-5,2.064536117693046e-5
103821,52978,38283,27644,2.0030582613984378e-4,1.5444537692072905e-4,1.2048139421048461e-4
102904,28786,22461,16697,1.0883769699236556e-4,9.061457072372842e-5,7.277086670280934e-5
100922,3460,4792,2792,1.3081999291099313e-5,1.9332399399319113e-5,1.2168429049185104e-5
100908,1821,2783,1123,6.88506378875487e-6,1.1227476529279027e-5,4.894393202806186e-6
100877,4428,12594,6726,1.6741934352886638e-5,5.080806302901188e-5,2.9314059378516838e-5
100869,14972,14576,1326,5.660800386888408e-5,5.8804059608613396e-5,5.7791321343909194e-6
100865,6815,14181,12582,2.576700149388492e-5,5.721050832256768e-5,5.483638047881339e-5
100727,13145,18311,14510,4.970025453222557e-5,7.387219645261526e-5,6.323922116893834e-5
100468,4186,20445,7454,1.5826950587439805e-5,8.248140770431538e-5,3.2486916236613815e-5
100114,14003,17086,20574,5.294428788244615e-5,6.89301703123469e-5,8.966807280011974e-5
100017,288325,376458,220702,0.0010901350998861878,0.0015187471646637884,9.618899097468663e-4
99877,2204,8662,2286,8.33315792993725e-6,3.4945167695513805e-5,9.963119200013305e-6
98053,48275,109896,101803,1.825241375080403e-4,4.433542079272899e-4,4.4369003670995387e-4
98027,30670,44080,16520,1.1596095903410866e-4,1.7783225490859486e-4,7.199944408758521e-5
97891,32684,17081,22761,1.2357574128043063e-4,6.89099987770805e-5,9.919971833399074e-5
97693,11700,35858,16913,4.4236818412098834e-5,1.4466218231652436e-4,7.371226379257437e-5
95422,23569,28903,47872,8.91126130901502e-5,1.1660357676096e-4,2.0864148833903628e-4
95404,1866,848,471,7.055205398032173e-6,3.4210923811816796e-6,2.0527686540709827e-6
94586,5299,1335,1214,2.0035119723565104e-5,5.385799916129177e-6,5.2910003100683084e-6
94582,114613,14329,15219,4.333431169799901e-4,5.780758576645317e-5,6.632926994969488e-5
92552,10663,9572,4783,4.031599954941965e-5,3.861638711399886e-5,2.084584389049153e-5
91648,2727,3771,1949,1.0310581522204574e-5,1.5213371897919945e-5,8.494365407185447e-6
91401,176,2499,1705,6.654427385067859e-7,1.0081733326147426e-5,7.430935361339757e-6
90822,10524,7349,5776,3.9790451022985314e-5,2.9648122534556796e-5,2.5173655511494685e-5
87950,1572,1756,1230,5.943613550753792e-6,7.084243185560176e-6,5.3607334278286816e-6
87877,24255,8718,10025,9.170632740046643e-5,3.51710888904975e-5,4.3692156596733764e-5
85106,6247,12713,9504,2.3619436292340294e-5,5.128814556835223e-5,4.142147194966162e-5
84390,12038,19081,13924,4.551477094400391e-5,7.697861288364106e-5,6.068524573096468e-5
84223,86657,48071,44542,3.276435874476281e-4,1.9393317435823645e-4,1.9412828320515863e-4
84216,1404,10671,8406,5.30841820945186e-6,4.305009056555389e-5,3.663603674335601e-5
84185,2060,1239,1332,7.788704780249881e-6,4.99850643901427e-6,5.8052820535510595e-6
84181,2103,1433,927,7.95128454022597e-6,5.781162007350644e-6,4.040162510241616e-6
84086,33661,6402,3485,1.272697046640734e-4,2.582763375510037e-5,1.5188744712181263e-5
68541,586,550,390,2.2156218452555485e-6,2.2188688793041555e-6,1.699744745409094e-6
68263,6037,4984,2988,2.2825442115712878e-5,2.0106986353548927e-5,1.3022659741749674e-5
68235,680,2823,2033,2.5710287624125817e-6,1.1388848811410238e-5,8.860464275427405e-6
68142,1236,2670,1926,4.673222868149928e-6,1.0771599832258354e-5,8.39412405040491e-6
68094,2136,25521,40541,8.076055053695993e-6,1.0295955030676609e-4,1.7669064544520533e-4
67178,47535,74922,67008,1.797262532665913e-4,3.022583530458653e-4,2.920422971804425e-4
67163,8493,15778,17504,3.2111393057603024e-5,6.365329668665629e-5,7.628803082984815e-5
67160,56916,56609,49017,2.151951074139331e-4,2.283780879791435e-4,2.1363176457876297e-4
66827,1948,1580,1765,7.365241219381925e-6,6.374205144182846e-6,7.692434552941157e-6
66763,38979,28230,30303,1.4737666195600003e-4,1.1388848811410236e-4,1.320701667182866e-4
66608,2229,3857,3447,8.427681046202419e-6,1.556032230450205e-5,1.5023128557500377e-5
66546,937,3277,2554,3.5427263976185135e-6,1.3220424213599485e-5,1.1131148922499555e-5
66437,186919,33718,37504,7.067266547667609e-4,1.3602876522250456e-4,1.6345442803031453e-4
66396,12032,11877,5937,4.549208539610027e-5,4.7915464871809915e-5,2.587534500895844e-5
66391,76709,69342,44940,2.9003094902339225e-4,2.7974691968856135e-4,1.9586289450944792e-4
66367,3322,5497,4715,1.2560231689315584e-5,2.2176585871881712e-5,2.0549478140009945e-5
66350,4133,58525,45122,1.562656158095765e-5,2.3610782029322852e-4,1.9665610872397215e-4
66291,11095,241690,198114,4.194935899848176e-5,9.750516717073114e-4,8.634441807486596e-4
66287,24860,203292,169826,9.399378681408351e-5,8.201423494754551e-4,7.4015602854832e-4
66261,44550,114523,94441,1.6844019318453017e-4,4.620209466628178e-4,4.116040859004622e-4
66256,140408,98954,74517,5.308720683423908e-4,3.9921082015029706e-4,3.247689210093576e-4
65419,1458,746,729,5.512588140584624e-6,3.0095930617470908e-6,3.1772151779569987e-6
65232,1750,800,542,6.616618138561792e-6,3.227445642624226e-6,2.3622093641326383e-6
65051,285,10360,13776,1.0775635254229204e-6,4.179542107198373e-5,6.004021439168123e-5
65017,16702,6772,4240,6.314900351443374e-5,2.7320327364814072e-5,1.847927620649887e-5
64799,373,2585,1496,1.4102848946763134e-6,1.042868373272953e-5,6.520046510594884e-6
64787,520,1437,766,1.966080818315504e-6,5.797299235563766e-6,3.3384730127778615e-6
64753,3753,21819,12895,1.4189810213727089e-5,8.802454559552248e-5,5.6200534595000684e-5
64652,138,1983,1271,5.217676017837299e-7,8.0000308866548e-6,5.539424542089637e-6
64643,2771,10533,5359,1.0476942206831271e-5,4.249335619220122e-5,2.335623612986496e-5
64616,1704,2481,1118,6.442695604633881e-6,1.000911579918838e-5,4.87260160350607e-6
64612,11491,7512,5797,4.344660516012203e-5,3.0305714584241482e-5,2.5265180228555173e-5
64604,3216,11143,8218,1.2159453676351269e-5,4.4954283494702184e-5,3.581667260967163e-5
64586,5289,3054,1310,1.999731047705904e-5,1.2320773740717983e-5,5.709399016630546e-6
64585,10212,3430,5678,3.861080253199601e-5,1.3837673192751369e-5,2.47465401652124e-5
64557,52916,22510,16377,2.0007140881150615e-4,9.081225176933915e-5,7.137620434760188e-5
62840,71837,13299,18344,2.7161028412563625e-4,5.365224950157448e-5,7.994901951226774e-5
62820,10125,7572,4719,3.828186208739322e-5,3.0547773007438296e-5,2.056691141945004e-5
62816,687035,390262,346739,0.0025976275673296003,0.0015744367392272695,0.0015111994699446253
62766,1744,1661,1221,6.593932590658151e-6,6.700984015498549e-6,5.321508549088471e-6
62409,50456,35003,34230,1.9077033417101358e-4,1.4121284978596972e-4,1.491852888085982e-4
62393,31732,138313,121685,1.1997630101305302e-4,5.579971114603557e-4,5.303421521669374e-4
62375,12901,8108,3637,4.877770891747753e-5,3.271016158799653e-5,1.5851209330904808e-5
62348,4795,20313,14794,1.8129533699659308e-5,8.194887917328237e-5,6.447698400918496e-5
62311,7028,12890,10700,2.6572338444464154e-5,5.200221791678284e-5,4.66340225022495e-5
62290,27894,10587,8201,1.0546511220402435e-4,4.271120877307835e-5,3.574258117205123e-5
62267,4926,1997,1493,1.862483482888879e-5,8.056511185400725e-6,6.506971551014814e-6
62252,11550,1247,370,4.366967971450782e-5,5.030780895440512e-6,1.6125783482086277e-006
53745,23819,42286,25643,9.005784425280189e-5,1.7059470805501e-4,1.1176039617057794e-4
52871,3085,1902,1132,1.1664152547121787e-5,7.673252015339098e-6,4.933618081546396e-6
50367,136,1513,1311,5.142057524825163e-7,6.1039065716130675e-6,5.71375733649057e-6
48608,115241,204470,125508,4.357175376605711e-4,8.248947631842193e-4,5.470040089918066e-4
47358,2038,2056,1729,7.705524437936532e-6,8.29453530154426e-6,7.535535037980317e-6
47286,21698,21380,13865,8.2038503068865e-5,8.625348479913244e-5,6.0428104859223306e-5
47259,10889,103643,58177,4.117048852045677e-5,4.181276859231283e-4,2.535539744965766e-4
46365,5325,68930,39025,2.013342376448088e-5,2.7808478518260985e-4,1.7008343253741e-4
46362,1261,2919,2022,4.767745984415097e-6,1.1776142288525143e-5,8.812522756967149e-6
46349,11654,2521,2178,4.406289587817092e-5,1.0170488081319592e-5,9.492420655130786e-6
46207,29244,1255792,290876,1.1056936048234344e-4,0.005066250523052952,0.0012677306476041427
46179,13979,10104,8652,5.285354569083159e-5,4.0762638466343976e-5,3.770818342892175e-5
46149,3174,3925,1834,1.2000654841025787e-5,1.5834655184125108e-5,7.993158623282765e-6
46131,936701,675117,406543,0.003541595901147982,0.0027236292748894246,0.0017718444308534597
42424,44356,17619,12287,1.6770669380231247e-4,7.10804559717453e-5,5.355067612010651e-5
42245,95672,5079,4340,3.617286231728478e-4,2.0490245523610556e-5,1.89151081925012e-5
42007,64353,42791,20625,2.4331384404049542e-4,1.7263203311691655e-4,8.989034711298093e-5
34087,1165,2420,1720,4.4047772179568495e-6,9.763023068938283e-6,7.496310159240107e-6
33999,3053,1338,914,1.154316295830237e-5,5.3979028372890174e-6,3.983504352061313e-6
33395,17458,24354,15838,6.600738255029244e-5,9.825151397558799e-5,6.90270699430493e-5
31695,12901,8108,3637,4.877770891747753e-5,3.271016158799653e-5,1.5851209330904808e-5
31664,5296,4479,2150,2.0023776949613283e-5,1.8069661291642386e-5,9.370387699050134e-6
31599,2594,4913,5663,9.80771854367388e-6,1.982055055276603e-5,2.468116536731205e-5
27127,11833,13897,5508,4.473968139062953e-5,5.606476511943609e-5,2.4005625789008437e-5
26911,121,55,78,4.574918827234153e-7,2.2188688793041553e-7,3.399489490818188e-7
26755,25999,8576,5013,9.830025999112458e-5,3.4598217288931703e-5,2.1848257458296895e-5
26751,12411,31239,14151,4.6925055838680226e-5,1.2602771803742275e-4,6.167458433918997e-5
26736,5751,1881,1411,2.174409766563935e-5,7.588531567220211e-6,6.1495893224929016e-6
26723,225,183,113,8.507080463865161e-7,7.382781907502917e-7,4.924901441826349e-7
23170,30536,18477,10880,1.1545431513092736e-4,7.454189142345978e-5,4.74185200770537e-5
22969,58122,163832,90854,2.1975490254256484e-4,6.609485931530153e-4,3.9597079256255854e-4
22885,16578,7952,5753,6.268016885775851e-5,3.2080809687684804e-5,2.507341415471415e-5
21827,614,311,293,2.321487735472537e-6,1.2546694935701677e-6,1.2769877189868323e-6
21709,675987,432424,404110,0.002555855911789697,0.0017445311932076729,0.0017612406386340231
21683,28786,7572,8218,1.0883769699236556e-4,3.0547773007438296e-5,3.581667260967163e-5
20297,2035,3923,4774,7.694181663984712e-6,1.5826586570018547e-5,2.0806619011751322e-5
18588,8563,19660,10112,3.23760577831455e-5,7.931447666749036e-5,4.407133042455579e-5
18489,217,369,323,8.204606491816621e-7,1.4886593026604242e-6,1.4077373147875318e-6
18488,15259,16400,3435,5.769312924360822e-5,6.616263567379664e-5,1.4970828719180097e-5
18361,5889667,198552,748135,0.022268387144165035,8.010197340429066e-4,0.003260611628478545
18345,14300,9614,4630,5.4067222503676355e-5,3.878582801023664e-5,2.017902095190796e-5
18257,14180,11586,6953,5.361351154560355e-5,4.674148151930535e-5,3.030339798674213e-5
18177,39419,27404,28235,1.49040268802267e-4,1.1055615048809286e-4,1.2305716124775838e-4
18168,854,419,430,3.228909651618154e-6,1.6903746553244384e-6,1.8740775398100268e-6
18037,3010,2155,1620,1.138058319832628e-5,8.693931699819009e-6,7.060478173237776e-6
18023,3362,8320,4314,1.2711468675339853e-5,3.3565434683291946e-5,1.8801791876140593e-5
17863,1508,3015,1518,5.701634373114961e-6,1.216343576564005e-5,6.615929547515397e-6
17830,96939,63544,56273,3.665190547051666e-4,2.5635600739364224e-4,2.452557334830922e-4
17829,19192,2374,3908,7.256350589444452e-5,9.57744494448739e-6,1.703231401297113e-5
17651,3474,1901,1619,1.3134932236207808e-5,7.669217708285817e-6,7.056119853377752e-6
17644,5916,108555,95133,2.2367950232989463e-5,4.3794420216884103e-4,4.146200432435983e-4
17537,27071,10750,6618,1.02353411216575e-4,4.336880082276304e-5,2.884336083363432e-5
17456,5359,7206,4821,2.0261975202601508e-5,2.9071216625937715e-5,2.1011460045172417e-5
17382,5582,705,455,2.110512139968681e-5,2.844186472562599e-6,1.9830355363106096e-6
17297,13476,21530,11201,5.09517405915764e-5,8.685863085712447e-5,4.8817540752121185e-5
17267,2121,46908,20211,8.019341183936891e-6,1.892412752552715e-4,8.808600269093128e-5
17250,230803,325637,145165,8.72648752133987e-4,0.0013137196459090312,6.32675502480285e-4
17233,29889,19133,14399,1.130080568819848e-4,7.718839685041164e-5,6.275544766447575e-5
17222,8439,13538,7249,3.190722312647026e-5,5.461644888730846e-5,3.1593460665309034e-5
17188,2132,1376,1434,8.060931355093565e-6,5.551206505313669e-6,6.249830679273438e-6
17045,759,747,651,2.869721809810514e-6,3.0136273688003708e-6,2.83726622887518e-6
16980,3234,3359,1925,1.222751032006219e-5,1.3551237391968468e-5,8.389765730544887e-6
16808,7506,12154,7129,2.8379620427454177e-5,4.9032967925568554e-5,3.107046228210624e-5
14764,533,552,336,2.015232838773391e-6,2.226937493410716e-6,1.4643954729678349e-6
14702,10200,5805,3555,3.856543143618873e-5,2.341915244429204e-5,1.5493827102382896e-5
14701,963,1703,690,3.6410304385342885e-6,6.870424911736321e-6,3.0072407034160894e-6
14688,25665,55246,44288,9.703743115782193e-5,2.228793274655225e-4,1.930212699607127e-4
13139,11298,5734,5562,4.271688670255492e-5,2.3132716643509138e-5,2.4240975061449695e-5
9489,21666,49682,40947,8.191751348004559e-5,2.0043244302107098e-4,1.784601233083748e-4
9392,25172,35805,16589,9.517343530507281e-5,1.444483640427005e-4,7.230016815792683e-5
8811,1857,3250,2686,7.021177076176712e-6,1.3111497923160918e-5,1.1706447144022632e-5
8598,98166,68420,56273,3.7115824925146106e-4,2.7602728858543694e-4,2.452557334830922e-4
7543,10331,5998,4526,3.9060732565418214e-5,2.4197773705575135e-5,1.9725755686465537e-5
5990,30442,23478,19058,1.1509890821377032e-4,9.471746099691446e-5,8.30608598923244e-5
5900,898,698,854,3.395270336244851e-6,2.815946323189637e-6,3.7220051604599137e-6
5290,29974,36164,46836,1.1332943547728636e-4,1.4589668027482813e-4,2.0412626896405212e-4
5269,1023,1695,905,3.867885917570693e-6,6.838150455310079e-6,3.944279473321103e-6
4755,9272,31239,14151,3.5056733360425675e-5,1.2602771803742275e-4,6.167458433918997e-5
4732,29910,17274,11270,1.1308745629964753e-4,6.96886200383636e-5,4.911826482246279e-5
4713,13309,3470,10245,5.0320326174925075e-5,1.399904547488258e-5,4.4650986965938895e-5
4709,2946,1705,1235,1.113860402068745e-5,6.878493525842881e-6,5.382525027128798e-6
4603,43245,136901,111730,1.6350608651548838e-4,5.52300669901124e-4,4.8695507796040535e-4
4548,13795,7163,3824,5.215785555511995e-5,2.8897741422646664e-5,1.666621514472917e-5
4543,36406,18194,14811,1.376483428299889e-4,7.340018252738146e-5,6.455107544680536e-5
4541,13619,3920,26780,5.149241281661316e-5,1.5814483648858706e-5,1.1671580585142446e-4
3772,11622,6276,7430,4.3941906289351506e-5,2.531931106638705e-5,3.238231655997325e-5
3618,539,2774,1546,2.0379183866770317e-6,1.1191167765799503e-5,6.73796250359605e-6
3253,6780,6228,4329,2.5634669131113682e-5,2.5125664327829598e-5,1.8867166674040943e-5
3232,4380951,61787,2280192,0.01656404562900024,2.492677299010288e-4,0.00993780607826629
3204,5116,5927,5312,1.9343210512504073e-5,2.3911337904792233e-5,2.3151395096443866e-5
3182,6393,10976,6310,2.4171451291328878e-5,4.4280554216804376e-5,2.7500998316747138e-5
3178,2020,1395,2980,7.63746779422561e-6,5.627858339325994e-6,1.2987793182869487e-5
3175,11712,36122,15720,4.428218950790611e-5,1.4572723937859036e-4,6.851278819956657e-5
3143,2689,16973,9763,1.0166906385481519e-5,6.847429361532623e-5,4.2550276793407656e-5
3090,15018,6505,5997,5.678192640281199e-5,2.6243167381588237e-5,2.613684420055984e-5
2813,27924,2627,8695,1.0557853994354255e-4,1.0598124628967302e-5,3.789559118290275e-5
2810,9691,4585,2901,3.66409407890299e-5,1.8497297839290095e-5,1.2643485913927646e-5
2806,32852,255442,224787,1.2421093662173257e-4,0.0010305314623040218,9.796936463750616e-4
2672,469,687,793,1.77325366113456e-6,2.771568945603554e-6,3.456147648998491e-6
2568,3122,13092,9279,1.1804046759194236e-5,5.2817147941545454e-5,4.044084998115637e-5
2403,2017,3077,1057,7.626125020273791e-6,1.2413562802943429e-5,4.606744092044647e-6
2242,43814,16232,5688,1.6565743264168362e-4,6.548487208884554e-5,2.4790123363812633e-5
2197,134091,120655,90626,5.069879673245081e-4,4.8675931751353247e-4,3.9497709563447324e-4
2193,9020,9156,4955,3.4103940348472776e-5,3.6938115379834265e-5,2.159547490641554e-5
2044,2035,5852,4774,7.694181663984712e-6,2.3608764875796212e-5,2.0806619011751322e-5
2042,5509,12756,5789,2.082911390019252e-5,5.1461620771643285e-5,2.523031366967499e-5
2040,23175,12502,14701,8.762292877781115e-5,5.043690678011009e-5,6.40716602622028e-5
2039,20158,7845,8696,7.621587910693063e-5,3.1649138832983814e-5,3.7899949502762776e-5
2037,34344,48108,12882,1.2985207620043782e-4,1.9408244371920782e-4,5.6143876436820384e-5
2017,38921,300658,228617,1.4715736832626486e-4,0.001212946690025143,9.963860114389508e-4
2011,23845,2961,4445,9.015614829371767e-5,1.1945583184762915e-5,1.937273177780365e-5
1973,4190,292582,200973,1.584207428604223e-5,0.0011803656262628515,8.759046172284663e-4
1968,5334,3660,2009,2.0167452086336342e-5,1.4765563815005834e-5,8.755864598786845e-6
1921,6280,670,2390,2.3744206805810315e-5,2.702985725697789e-6,1.041638446545573e-5
1830,1711,17240,14773,6.469162077188129e-6,6.955145359855207e-5,6.438545929212448e-5
1809,19761,173892,126717,7.471485202063975e-5,7.015337221090149e-4,5.522732177025748e-4
1799,48207,121333,4770,1.82267034631799e-4,4.894945776956565e-4,2.0789185732311228e-5
1786,6613,50410,45941,2.500325471446236e-5,2.0336941855585904e-4,2.0022557268933126e-4
1781,88457,110063,132815,3.3444925181872024e-4,4.440279372051877e-4,5.78850252208997e-4
1771,14585,64600,50962,5.514478602909927e-5,2.6061623564190624e-4,2.2210869670650834e-4
1767,113964,175297,210726,4.308892968817463e-4,7.072019235188736e-4,9.184113108232737e-4
1746,12283,84653,55101,4.644109748340256e-5,3.4151619498133575e-4,2.4014778260714485e-4
1740,18479,118097,109512,6.986770661856191e-5,4.764395600712415e-4,4.772883245108736e-4
1732,5231,49126,75563,1.9778016847323845e-5,1.9818936829944716e-4,3.2932772358294196e-4
1721,5641,7779,18251,2.132819595407261e-5,3.1382874567467314e-5,7.954369576528558e-5
1713,11675,66983,51927,4.414229529583367e-5,2.7022998934987316e-4,2.2631447537143083e-4
1710,22448,17922,8179,8.487419655682006e-5,7.230285100888923e-5,3.564669813513072e-5
1708,3938,15777,15111,1.4889281274089334e-5,6.364926237960302e-5,6.585857140481236e-5
1681,108643,42355,23928,4.1077099681586783e-4,1.7087307524168635e-4,1.0428587761063795e-4
1380,2187300,2392279,2404395,0.008270016488272119,0.0096511880431143,0.010479122479840767
1148,10561,4115,2898,3.993034523505776e-5,1.660117352424836e-5,1.2630410954347576e-5
816,37466,19115,23181,1.4165612295963205e-4,7.71157793234526e-5,1.0103021267520053e-4
782,80590,20019,19871,3.04704717592397e-4,8.076279289961798e-5,8.660417393852335e-5
592,5839345,5413370,3571510,0.022078123453897203,0.021839196773015882,0.015565782963271881
573,29351,9927,12191,1.1097391941995836e-4,4.0048566117913364e-5,5.313227741354427e-5
479,30754,26502,17683,1.1627855670475962e-4,1.0691720552603404e-4,7.706817008479233e-5
473,7932,3515,1693,2.9990294328612646e-5,1.4180589292280192e-5,7.378635523019478e-6
136,29501,1238977,289681,1.1154105811754938e-4,0.004998413649952045,0.0012625224553714147
99,948156,675117,406543,0.003584906393020682,0.0027236292748894246,0.0017718444308534597
61,21698,21380,13865,8.2038503068865e-5,8.625348479913244e-5,6.0428104859223306e-5
54,746977,398447,275206,0.002824263752736269,0.0016074575424583687,0.0011994357753975773
