BinBase name,L1_PF_907,L2_PF_907,L3_PF_907,normL1_PF_907,normL2_PF_907,normL3_PF_907
zymostenol,2328,2251,1252,8.1266434329840645e-006,8.673920913470302e-6,4.968655384345119e-6
xylulose,325800,423005,365357,0.001137311181471739,0.0016299919662383408,0.001449946505797268
xylose,27500,29258,42665,9.599772096523271e-5,1.1274170505833589e-4,1.6931923480278314e-4
xanthosine,34668,31198,31367,1.2101996328809774e-4,1.2021722996821257e-4,1.2448227910603302e-4
xanthine,684375,594548,630204,0.0023890341922029506,0.002291009476349152,0.002501011579741079
valine,944660,1235003,1424616,0.003297643894073336,0.004758915304264133,0.005653694855450643
uridine-5'-monophosphate,18317,3966,13581,6.394146381527883e-5,1.5282439068335502e-5,5.3897211481462505e-5
uridine,147721,244936,247462,5.156683395892779e-4,9.438274068688414e-4,9.820714047290829e-4
uric acid,2326772,1583559,731019,0.008122356698389689,0.006102028222040923,0.002901103426843917
urea,30622,72276,240932,1.0689608041444932e-4,2.7850568988981765e-4,9.561566126685607e-4
uracil,107243,426579,240941,3.7436667598088916e-4,0.0016437638868712786,9.56192329839854e-4
undecanoic acid,23794,19987,6233,8.306071900533626e-5,7.701717338850775e-5,2.4736125407845944e-5
UDP-N-acetylglucosamine,48315,54505,47960,1.6865926867037158e-4,2.1002756969733399e-4,1.9033283724695837e-4
UDP-glucuronic acid,2860,3488,2268,9.983762980384202e-6,1.3440531384355582e-5,9.000727165890358e-6
tyrosine,952163,6339322,7678278,0.0033238355631788684,0.024427711094190306,0.030471818951436636
tryptophan,2408041,2781772,2840921,0.008406052654212362,0.010719178288452293,0.011274406887499295
trisaccharide,2340,2254,1406,8.168533347587075e-6,8.685481003537121e-6,5.579815870917921e-6
tridecanoic acid,926506,868312,593344,0.0032342714349314146,0.0033459216420334186,0.00235472992042242
tocopherol gamma-,3577,5630,4182,1.248668537791409e-5,2.1694435692064772e-5,1.6596578927580898e-5
tocopherol alpha-,19055,16009,11697,6.651769356336398e-5,6.168849395990496e-5,4.6420416957416015e-5
thymine,2117,2930,4804,7.39007910121446e-6,1.1290354631927137e-5,1.9065032321400918e-5
threonine,1110509,1544520,1344581,0.0038765939313228953,0.005951596770001399,0.005336069988289252
terephthalic acid,6122,2891,2971,2.137083809996926e-5,1.1140073461058481e-5,1.179063510134932e-5
tagatose,1254,1304,1787,4.377496076014612e-6,5.024785815710917e-6,7.091842788997386e-6
sucrose,7448,6975,7346,2.599967366360194e-5,2.6877209405355557e-5,2.9153148924440288e-5
succinic acid,1235073,1073867,1071424,0.004311425208207013,0.004137999746595119,0.004252026059518039
stigmasterol,9083,11024,14129,3.1707174528262136e-5,4.24794776322064e-5,5.6071990355760527e-005
stearic acid,1623100,1552148,1695542,0.005665960032678881,0.005980990225677966,0.0067288848943157275
squalene,2229,6721,5948,7.781051637509226e-6,2.5898455113031498e-5,2.3605081650227447e-5
spermidine,96273,233754,144490,3.3607231238130364e-4,9.007390978264491e-4,5.734193422396375e-4
sorbitol,9342328,296214,1182589,0.03261244350944293,0.0011414201730176332,0.0046931926536080745
sophorose,151645,161648,108852,5.293663416644624e-4,6.228884797070845e-4,4.319872810676796e-4
shikimic acid,32911,28289,34759,1.148865816249736e-4,1.0900779596675317e-4,1.379436841089872e-4
serine,4622277,5117684,5814083,0.016135565733455016,0.019720295991173857,0.023073622047108163
salicyl alcohol,1493,942,1023,5.211803541857907e-6,3.6298682809813524e-6,4.0598518036621854e-6
saccharic acid,97848,79699,54242,3.4157036367294877e-4,3.0710920607848497e-4,2.1526342280962294e-4
ribulose-5-phosphate,32081,19202,11864,1.1198919586493204e-4,7.399228315435662e-5,4.7083168913634575e-5
ribose-5-phosphate,8508,8463,11126,2.9699949453534543e-5,3.2611014078498075e-5,4.415436086759089e-5
ribonic acid,15493,19377,23275,5.408337057870365e-5,7.466662174158776e-5,9.236857353884396e-5
ribitol,311391,230867,528216,0.0010870118665121738,8.89614437818813e-4,0.0020962645946463587
quinic acid,97124,250438,268480,3.3904300549190047e-4,9.650286120513885e-4,0.001065482905422506
pyrophosphate,839125,921306,721847,0.002929239549270942,0.003550126779700431,0.0028647036607215423
putrescine,418454,492261,444735,0.001460750193774018,0.0018968604987942268,0.0017649640194542543
pseudo-uridine,22919,71126,54027,8.00062460655334e-5,2.7407432203087014e-4,2.144101792731739e-4
prunin,21145,24821,17546,7.381352035672167e-5,9.564433184950971e-5,6.963260972341809e-5
propyleneglycol,1365334,1193126,961786,0.004766143722048911,0.004597548007021398,0.0038169194788240848
proline,936318,1036297,977401,0.00326852342177181,0.0039932288853249814,0.0038788887710178143
pipecolinic acid,4416,2605,3078,1.5415488573907914e-5,1.0038011541355014e-5,1.2215272582279772e-5
phthalic acid,152604,140033,142766,5.327140440064863e-4,5.395980307756494e-4,5.665775196496926e-4
phosphoinositol,36401,68985,47666,1.2706956512201586e-4,2.658242710865166e-4,1.8916607631804666e-4
phosphoethanolamine,999009,1468988,1088306,0.003487366808136588,0.005660544529025727,0.004319023535714935
phosphate,4074467,2197094,2520810,0.014223256223565413,0.008466201508422977,0.010004022507516789
phenylalanine,2172147,2649325,2930380,0.0075825876945988125,0.010208811872092273,0.011629431601579272
phenylacetic acid,3253,3645,3271,1.1355657683632802e-5,1.4045509431185807e-5,1.2981207477789843e-5
pentadecanoic acid,535966,321305,487801,0.0018709641641764334,0.0012381049129731566,0.0019358746526668795
pelargonic acid,141958,96384,84528,4.955507081011821e-4,3.7140257366677994e-4,3.3545567278588193e-4
parabanic acid,15320,49506,54695,5.3479457643176915e-5,1.9076460628265695e-4,2.1706118709804813e-4
pantothenic acid,92797,74784,77787,3.239382004512982e-4,2.8816992518567884e-4,3.0870351148726337e-4
palmitoleic acid,532559,514180,482986,0.0018590709192553953,0.0019813223701857664,0.001916765966025009
palmitic acid,1607803,1351194,1447974,0.005612560864038693,0.005206641445915412,0.005746392820680303
palatinitol,192774,224760,139860,6.729405331400644e-4,8.660819478061239e-4,5.550448418965721e-4
oxoproline,9747036,12665465,9693086,0.0340252088060392,0.04880463871271708,0.038467734780207895
ornithine,331911,504344,749191,0.001158643620483322,0.0019434206882200204,0.002973220364259508
oleic acid,396021,373055,400597,0.0013824404892499064,0.0014375164666257947,0.0015897990742831482
octadecanol,7112,3467,7968,2.482675605471764e-5,1.3359610753887845e-5,3.1621602318260305e-5
nonadecanoic acid,25849,12381,16466,9.023436688110184e-5,4.770849170576446e-5,6.53465491682322e-5
N-methyl-UMP,52745,83537,57711,1.8412362881131634e-4,3.2189841463730283e-4,2.2903040805586353e-4
N-methylethanolamine,950548,1416075,1418237,0.0033181978788385464,0.005456651513790519,0.0056283793181529295
nicotinic acid,578118,728126,512629,0.0020181094708719423,0.0028057340466643614,0.0020344064225410975
nicotinamide,40356,51379,40165,1.408757828099248e-4,1.9798195584770796e-4,1.5939779833244543e-4
n-epsilon-trimethyllysine,5458,26518,28468,1.9052929491936005e-5,1.02183489463974e-4,1.1297738137502942e-4
N-alpha-acetyllysine,12408,22825,22370,4.3314171699513005e-5,8.795301859171908e-5,8.877701353658171e-5
N-acetylserine,20158,16224,21436,7.036807488062404e-5,6.251696708136037e-5,8.507036487126354e-5
N-acetylputrescine,154956,134812,256295,5.409244672686764e-4,5.194796206960277e-4,0.00101712582406608
N-acetylglucosamine-6-phosphate,7163,10354,6106,2.5004788191780435e-5,3.9897724183950025e-5,2.423211643515279e-5
N-acetylgalactosamine,80509,37114,65791,2.810429278978153e-4,1.430137275799808e-4,2.6109649072799496e-4
N-acetylaspartic acid,22862,26767,30752,7.980726897116911e-5,1.0314297693952003e-4,1.2204160573432994e-4
myristic acid,1143501,1159349,940251,0.003991763269871439,0.004467392952959077,0.003731456225068596
myo-inositol,1740118,1698978,557,0.006074449534930139,0.006546779567181673,2.210496045591239e-6
methionine sulfoxide,193100,308036,326844,6.740785424867796e-4,0.0011869746346076136,0.0012971047926844217
methionine,505124,595320,717034,0.0017633001019942622,0.0022939842728596804,0.002845602911228848
methanolphosphate,29744,34071,19581,1.0383113499599571e-4,1.3128794288887012e-4,7.770865901027298e-5
melezitose,1652,1401,964,5.7668449103477986e-6,5.3985620612047505e-6,3.825705902962216e-6
maltotriose,173793,170402,113914,6.066811607167524e-4,6.566208225220641e-4,4.5207620563281935e-4
maltotriitol,25755,18665,11833,8.990622921671159e-5,7.19230270323959e-5,4.696014310140239e-5
maltose,493250,706342,6182738,0.0017218500314945832,0.0027217923793258288,0.0245366569118971
maltitol,4329,4256,4491,1.511178669303609e-5,1.63999144414614e-5,1.782286847531464e-5
malonic acid,2074,2210,2157,7.239973573887006e-6,8.515933015890434e-6,8.560215386607364e-6
malonamide,1412,489,850,4.9290466182875855e-6,1.8842946808915937e-6,3.373288399914817e-6
malic acid,16502,24216,39052,5.760561423157347e-5,9.331304701936776e-5,1.5498077481585108e-4
maleimide,20000,18742,6985,6.981652433835107e-5,7.221973601077761e-5,2.7720493498123526e-5
lysine,4672592,4546828,5404794,0.016311206654559224,0.017520580399445734,0.021449328122504944
loganin,124457,145043,89099,4.3445775847890795e-4,5.589033811872382e-4,3.535960272282474e-4
linolenic acid,79989,58927,78155,2.792276982650182e-4,2.2706714245582607e-4,3.101639469356971e-4
linoleic acid,194555,189094,205075,6.791576946323946e-4,7.286478903650614e-4,8.138554336618013e-4
lignoceric acid,6237,7202,7816,2.177228311491478e-5,2.775192288707824e-5,3.1018378980863774e-5
leucrose,37955,76247,35930,1.3249430906310574e-4,2.938073957749312e-4,1.425908849516934e-4
leucine,5029268,4736212,6321979,0.01755630058630451,0.01825034576518392,0.025089245206123618
L-DOPA,4490600,7622179,5216735,0.015675904209689964,0.029371025248473636,0.02070300195403485
lauric acid,169473,180994,90884,5.916007914596685e-4,6.974356471846486e-4,3.6067993286806847e-4
lactulose,76456,74143,47616,2.668946092406485e-4,2.8569991927473505e-4,1.8896764758863992e-4
lactose,79231,54469,34430,2.7658165199259465e-4,2.0988884861653217e-4,1.3663802306949075e-4
lactobionic acid,47220,54673,39017,1.6483681396284688e-4,2.1067493474107588e-4,1.5484187470526638e-4
lactitol,1462386,1194243,921495,0.005104935388053193,0.004601852213889611,0.0036570216400935345
lactic acid,5198542,4429960,824729,0.01814720670334701,0.01707024553080271,0.003272998551498055
kynurenine,34078,22541,160509,1.1896037582011639e-4,8.685866339872682e-5,6.369919385669733e-4
kynurenic acid,17089,9101,5513,5.965472922090407e-5,3.5069459899375045e-5,2.187875170438869e-5
ketoisoleucine,11761,16507,16080,4.105560713716734e-5,6.360746891099702e-5,6.381467937721206e-5
isoxanthopterin,65450,63603,82493,2.2847457589725387e-4,2.450854695066422e-4,3.273796234990271e-4
isothreonic acid,12439,18760,23090,4.342238731223745e-5,7.228909655117852e-5,9.163438724003897e-5
isomaltotriose,28277,28735,18051,9.871009293577765e-5,1.1072639602335367e-4,7.16367398904263e-5
isomaltose,5636,6068,7759,1.967429655854733e-5,2.338220884182043e-5,3.079217022934008e-5
isoleucine,3370124,3419058,4322987,0.011764517213463053,0.013174872807893355,0.0171560963530383
isoheptadecanoic acid,30020,28366,28526,1.0479460303186495e-4,1.0930450494513487e-4,1.1320755870114126e-4
isogluconic acid,1540064,1955473,955922,0.0053760957869309145,0.00753514800107797,0.003793647757439261
inulotriose,48898,190,132,1.7069442035483453e-4,7.32139037565241e-7,5.238518456338304e-7
inosine-5-monophosphate,57717,44711,30241,2.0148001676183042e-4,1.7228772899252363e-4,1.2001366411979292e-4
inosine,2098570,2778962,2381501,0.00732574317403667,0.010708350337423038,0.009451164350218278
indole-3-acetate,4677,4629,10246,1.6326594216523398e-5,1.7837218973102633e-5,4.0662015230032016e-5
hypoxanthine,2031646,2335438,1737655,0.007092123120295679,0.008999291208491007,0.00689601347594586
hypotaurine,5269,7122,9139,1.8393163336938587e-5,2.7443653818629718e-5,3.6268803160966484e-5
homoserine,26810,18599,19257,9.358905087555961e-5,7.166870505092588e-5,7.642284084371721e-5
histidine,5576361,6284241,7343166,0.019466107173796585,0.024215463987200144,0.029141901984057514
heptanoic acid,34737,32983,21829,1.2126083029706506e-4,1.2709548355797022e-4,8.663001468440063e-5
heptadecanoic acid,94837,80673,71575,3.3105948593381e-4,3.108623819868457e-4,2.8405072614576824e-4
guanosine,56978,85273,71772,1.9890029618752834e-4,3.2858785342263576e-4,2.8483253533963086e-4
glycyl-proline,35145,35109,45417,1.226850873935674e-4,1.352877340519897e-4,1.8024075206933088e-4
glycyl-glycine,61703,66849,55657,2.153944500624638e-4,2.57593486958941e-4,2.2087895585183408e-4
glycolic acid,40594,31501,36912,1.4170659944955116e-4,1.2138479906496135e-4,1.4648802519724204e-4
glycine,2840623,1501487,2750183,0.00991612124077899,0.005785774984719584,0.010914306366521095
glycerol-alpha-phosphate,516587,336309,266023,0.0018033154429187882,0.001295920776760677,0.0010557321176594581
glycerol-3-galactoside,189355,148209,128584,6.610053983044233e-4,5.711031295710884e-4,5.10295194840761e-4
glycerol,6720713,4532530,5020669,0.02346084113677862,0.01746548501018727,0.019924899408837557
glyceric acid,49583,50986,89509,1.7308563631342305e-4,1.964675840489546e-4,3.5522314280938275e-4
glutaric acid,6240,1643,5580,2.1782755593565532e-5,6.331075993261531e-6,2.214464620179374e-5
glutamine,8314666,15679183,13434083,0.029025054057713006,0.06041758921804888,0.053314160408697464
glutamate,3290236,4303823,4600693,0.011485642088645944,0.016584193837216567,0.01825819332761094
glucose-6-phosphate,39223,69908,26860,1.3692067670615718e-4,2.693809254637414e-4,1.0659591343730822e-4
glucose,5886277,9955810,9999526,0.020547970071638805,0.03836335342938106,0.03968386477699601
gluconic acid lactone,201838,261620,147435,7.045813819702052e-4,0.0010081169210937808,5.851067944016953e-4
gluconic acid,271444,277549,306458,9.475638316249683e-4,0.0010694971459852371,0.0012162014311307
galacturonic acid,55979,52052,57899,1.954129607968277e-4,2.0057526938603118e-4,2.2977650007843293e-4
galactose,388002,379766,407413,0.0013544475538164445,0.0014633763881052699,0.0016168488786758768
galactinol,2637,799,689,9.205308734011588e-6,3.0788373211296187e-6,2.7343478912250694e-6
fumaric acid,26124,25422,39289,9.119434409075416e-5,9.796020322622924e-5,1.559213269932391e-4
fructose-6-phosphate,26846,42183,15485,9.371472061936864e-5,1.6254642642955032e-4,6.145337749727169e-5
fructose-1-phosphate,3315,3842,7297,1.157208890908169e-5,1.4804622012240294e-5,2.895868876962167e-5
fructose,410519,606484,656998,0.001433050487742777,0.0023370032213616714,0.0026073455672555703
ethanolamine,8776146,8182579,8068259,0.030636000540296117,0.03153045007295554,0.03201948763789214
erythritol,166525,95723,410519,5.813098357721956e-4,3.68855500488724e-4,0.0016291752713466245
ergosterol,47622,52827,30579,1.6624012610204773e-4,2.0356162598662622e-4,1.2135504233058257e-4
Dopamine,107362,147686,132817,3.7478208430070237e-4,5.690878205361062e-4,5.270941710723367e-4
digalacturonic acid,18317,26633,13581,6.394146381527883e-5,1.0262662624986875e-4,5.3897211481462505e-5
dehydroabietic acid,1731,2447,2154,6.042620181484285e-6,9.429180131169182e-6,8.54830966284296e-6
cytidine,1390,2614,2497,4.852248441515399e-6,1.0072691811555473e-5,9.909530746573292e-6
cystathionine,80039,81737,74582,2.794022395758641e-4,3.1496236059721106e-4,2.9598422993229044e-4
citrulline,367466,517441,402835,0.0012827599466258258,0.001993888188088399,0.0015986807442113944
citric acid,77410,47217,35614,2.702248574515878e-4,1.8194425756167359e-4,1.4133681538184268e-4
cholesterol,100960,56024,55774,3.524338148599962e-4,2.1588082863450032e-4,2.213432790786459e-4
chenodeoxycholic acid,1546,1488,1531,5.3968173313545375e-6,5.733804673142519e-6,6.075887694434806e-6
cerotinic acid,1426,1808,2105,4.977918185324431e-6,6.966880946936609e-6,8.353849508024341e-6
cellobiose minor,5487,5858,7151,1.9154163452226614e-5,2.257300253714306e-5,2.8379276879753947e-5
caproic acid,38158,27008,26015,1.3320294678514e-4,1.040716375082212e-4,1.0324246791033407e-4
capric acid,11327,8562,9350,3.954058855902513e-5,3.299249705070312e-5,3.710617239906299e-5
campesterol,189437,158487,149096,6.612916460542106e-4,6.107079981400123e-4,5.916985967925877e-4
butylamine,258058,128905,173692,9.0083563188531e-4,4.967178033544599e-4,6.89309657362358e-4
biphenyl,6225,6030,6423,2.173039320031177e-5,2.3235781034307386e-5,2.549015457959161e-5
biopterin,23209,21860,23842,8.10185856684395e-5,8.423452295355877e-5,9.461875533031654e-5
beta-sitosterol,470568,345637,456245,0.0016426711112424593,0.0013318649501417746,0.001810642312963689
beta-alanyl lysine,104052,157532,273216,3.632274495227053e-4,6.07028036135408e-4,0.0010842780746719138
beta-alanine,1890625,2152778,1210539,0.006599843316359749,0.008295435857955917,0.00480411431334645
Benzaldehyde-4-carboxylic acid,4102,2660,8775,1.4319369141795805e-5,1.0249946525913373e-5,3.4824242010885315e-5
behenic acid,58961,53344,62921,2.0582260457567585e-4,2.0555381484147481e-4,2.497066816600473e-4
azelaic acid,9474,10779,13663,3.30720875790769e-5,4.15354036100828e-5,5.422263459768958e-5
aspartate,51856,63762,181496,1.8102028430447666e-4,2.4569815428018366e-4,7.202804134481643e-4
asparagine,1704853,1926138,1845296,0.0059513455483905416,0.007422109587041253,0.007323194813187308
arachidic acid,144593,131488,126768,5.047490351827598e-4,5.066710409019916e-4,5.030882633887077e-4
arabitol,2237201,2915587,1788229,0.007809679903314167,0.01123481610588278,0.0070967201671662036
arabinose,10305,15802,13352,3.597296416533539e-5,6.089084774529441e-5,5.2988407900779575e-5
alpha-ketoglutarate,173997,377600,212567,6.073932892650036e-4,0.0014550300030770262,8.435879944761092e-4
alpha-aminoadipic acid,1472,4300,1807,5.138496191302638e-6,1.6569462429108084e-5,7.171214280760087e-6
allantoin,20050,55820,21824,6.999106564919695e-5,2.1509474250995658e-4,8.661017181145996e-5
allantoic acid,186316,243960,116597,6.503967774312109e-4,9.400665242337694e-4,4.627238912527858e-4
alanine,22920197,19967231,20907872,0.08001042458451506,0.07694099624833076,0.08297444951118095
adipic acid,15459,16867,18184,5.396468248732846e-5,6.499467971901536e-5,7.216456031064827e-5
adenosine-5-monophosphate,23181,20555,16628,8.09208425343658e-5,7.920588377449225e-5,6.598945825151008e-5
adenosine,8522,28602,15282,2.974882102057139e-5,1.1021389869705801e-4,6.064775685588027e-5
adenine,19511,21162,19057,6.810951031827838e-5,8.154487533134542e-5,7.56291259260902e-5
aconitic acid,1112,577,944,3.88179875321232e-6,2.2233906561849684e-6,3.7463344111995144e-6
9-myristoleate,183422,188722,25600,6.402943263594515e-4,7.272144391967759e-4,1.0159550945625802e-4
6-methylcholecalciferol,3440,2902,1536,1.2008442186196383e-5,1.1182460457970154e-5,6.095730567375481e-6
5-methyluridine,2452,2839,2879,8.55950588388184e-6,1.0939698566566943e-5,1.1425526239240892e-5
5-aminovaleric acid,16569,13959,23555,5.783949958810694e-5,5.378909908091157e-5,9.347977442352177e-5
4-hydroxybutyric acid,1992,1385,25312,6.953725824099767e-6,5.336908247515046e-6,1.0045255997487511e-4
3-phosphoglycerate,18449,1848,15235,6.440225287591194e-5,7.12101548116087e-6,6.0461233850237923e-5
3-hydroxypropionic acid,53097,78255,55180,1.8535239963967133e-4,3.0154494939298914e-4,2.1898594577329366e-4
3-hydroxykynurenine,19662,45930,194482,6.863662507703294e-5,1.76984978923008e-4,7.718163230496864e-4
3-hydroxy-3-methylglutaric acid,7134,9112,6841,2.4903554231489826e-5,3.511184689628671e-5,2.7149018757432074e-5
"3-Aminopiperidine-2,6-dione",26654,34901,24552,9.304448198572047e-5,1.3448623447402354e-4,9.743644328789246e-5
3-aminoisobutyric acid,6271,10572,9822,2.1890971206289977e-5,4.073775739547225e-5,3.8979339604662745e-5
"3,6-anhydro-D-galactose",15294,24621,15587,5.338869616153706e-5,9.487365917838841e-5,6.185817210526147e-5
"3,4-dihydroxyphenylacetic acid",11444,34805,22883,3.994901522640448e-5,1.341163115918853e-4,9.081289230029501e-5
2-picolinic acid,4226,3492,4639,1.475223159269358e-5,1.3455944837778008e-005,1.841021751435863e-5
2-monoolein,79502,41916,19463,2.7752766589737935e-4,1.6151757841360336e-4,7.724036720887304e-5
2-ketoisovaleric acid,14400,25636,26136,5.026789752361277e-5,9.878482298432904e-5,1.0372266543549842e-4
2-ketoisocaproic acid,42675,47067,52637,1.489710088069566e-4,1.8136625305833261e-4,2.0889386059566613e-4
2-hydroxyglutaric acid,13474807,2578400,5604794,0.04703820954350417,0.00993551207609588,0.02224304304013196
2-Deoxyinosine,7076,15505,7386,2.4701086310908608e-5,5.974639882867927e-5,2.931189190796569e-5
2-amino-4-oxo-4-phenylbutanoic acid,1453,3152,9336,5.072170493181205e-6,1.2145801296871786e-5,3.7050612354829095e-5
"2,6-diaminopimelic acid",3931,1407,10826,1.3722437858702902e-5,5.421682241338389e-6,4.2963788491150365e-5
1-monopalmitin,5626,5318,3923,1.9639388296378154e-5,2.0492186325115533e-5,1.5568718109253913e-5
1-kestose,48898,28150,23147,1.7069442035483453e-4,1.0847217846032386e-4,9.186059599156267e-5
588382,102448,103302,93642,3.576281642707695e-4,3.980601413608659e-4,3.7162526158214504e-4
588380,44324,54569,89907,1.5472738123865364e-4,2.102741849520928e-4,3.5680263549546054e-4
588375,36725,36018,33922,1.2820059281629714e-4,1.3879044134223605e-4,1.3462198717871814e-4
588374,19904,24673,6985,6.948140502152699e-5,9.507403407287995e-5,2.7720493498123526e-5
588356,2462,3057,3792,8.594414146051016e-6,1.1779731778089166e-5,1.5048834838208218e-5
562527,37008,39571,49626,1.291884966356848e-4,1.5248144134470605e-4,1.9694448251079142e-4
554665,1388,1360,780,4.845266789081564e-6,5.240574163624882e-6,3.0954881787453614e-6
553510,25297,15583,19100,8.830743080936334e-5,6.004696117041658e-5,7.579977463338001e-5
553483,49353,46694,53895,1.7228274628353202e-4,1.7992894852669137e-4,2.1388632742754007e-4
553440,41608,27008,26015,1.4524629723350557e-4,1.040716375082212e-4,1.0324246791033407e-4
553439,16696,11518,13718,5.828283451765547e-5,4.438303912987603e-5,5.444090620003701e-5
553386,257303,152070,171687,8.982000580915373e-4,5.859809654870852e-4,6.813526653131472e-4
553359,55600,37904,41927,1.9408993766061597e-4,1.4605788463090998e-4,1.6639042675673944e-4
553345,42758,28171,32508,1.4926074738296074e-4,1.0855309909079159e-4,1.2901042271109514e-4
553344,208485,126594,136443,7.277849038340561e-4,4.878126806396532e-4,5.414842225289145e-4
553268,71122,45299,44858,2.4827454219961023e-4,1.7455350664562027e-4,1.7802231887456338e-4
553263,138348,96704,87052,4.8294882545810966e-4,3.7263564994057403e-4,3.454723550463349e-4
550987,17998,11278,12253,6.282789025208212e-5,4.345823192453046e-5,4.862694442841912e-5
545358,19414779,6422713,1106707,0.06777361952886037,0.02474904691777769,0.004392049276711209
545069,1855,8664,10047,6.475482632382062e-6,3.338554011297499e-5,3.9872268886993136e-5
544748,5314177,6134104,7138659,0.018550868392940272,0.023636931573079445,0.028330300700761774
544707,1117,1233,1014,3.899252884296907e-6,4.7511970174628535e-6,4.02413463236897e-6
544105,63727,77473,55832,2.2245988232550491e-4,2.985316192489048e-4,2.215734564047577e-4
544078,2464,3607,8387,8.601395798484852e-6,1.3899081623672758e-5,3.32844350706889e-5
544032,1417,1378,1369,4.946500749372173e-6,5.3099347040258e-6,5.432978611156923e-6
541377,72929,71107,102986,2.5458246517358026e-4,2.740011081271136e-4,4.0870762253367924e-4
540580,31986,20863,19472,1.1165756737432487e-4,8.039271968801906e-5,7.727608438016625e-5
539711,4034,9900,10716,1.408199295904541e-5,3.814829722050466e-5,4.25272452864555e-5
539702,16569,11466,6819,5.783949958810694e-5,4.418266423538449e-5,2.70617101164931e-5
539604,5741,5845,4696,2.0040833311323673e-5,2.2522908813520176e-5,1.863642626588233e-5
534660,1445,2643,1758,5.0442438834458646e-6,1.0184439348868062e-5,6.976754125941469e-6
524550,3016,4088,1359,1.052833187022334e-5,1.5752549397719502e-5,5.393292865275572e-6
521677,6283,20606,15139,2.193286112089299e-5,7.940240530562818e-5,6.0080250689776955e-5
521666,851,3954,1682,2.970693110596838e-6,1.5236198708068225e-5,6.675142457243203e-6
520868,126837,75647,90987,4.427659248751717e-4,2.9149537776156727e-4,3.610886960506464e-4
520865,8361,11535,10578,2.9186797999647662e-5,4.444854630692134e-5,4.1979581993292866e-5
520862,3704,3617,3377,1.2930020307462617e-5,1.3937615257228823e-5,1.3401876384132161e-5
520631,109213,81211,92291,3.8124360362821677e-4,3.1293549147216204e-4,3.6626371731357456e-4
519942,352,227,321,1.2287708283549789e-6,8.747134817226826e-7,1.2739124427913602e-6
519090,155311,110454,120999,5.421637105756821e-4,4.256193960801638e-4,4.801935565897564e-4
517908,19618,22239,15170,6.848302872348857e-5,8.569494766533365e-5,6.020327650200915e-5
517902,5650,9510,10057,1.9723168125584178e-5,3.664548551181811e-5,3.9911954632874484e-5
514161,746,557,364,2.604156357820495e-6,2.1463233890728378e-6,1.4445611500811686e-6
513579,2160,3421,1629,7.5401846285419156e-6,1.3182356039529944e-5,6.464808004072043e-6
511804,683,578,409,2.384234306154689e-6,2.2272440195405753e-6,1.6231470065472473e-6
511719,12659,14595,14703,4.4190369079959305e-5,5.6239838175077326e-5,5.8349952169350066e-5
509844,139837,97363,91522,4.881466656950999e-4,3.751750163919187e-4,3.6321188345529867e-4
488159,458,271,468,1.5987984073482395e-6,1.04426146936937e-6,1.857292907247217e-6
486463,18868,15246,93,6.58649090608004e-5,5.8748377719577174e-5,3.6907743669656235e-7
476084,1309,1204,1562,4.5694915179450775e-6,4.6394494801502636e-6,6.198913506666993e-6
474821,21572,6931,13085,7.530410315134547e-5,2.670766141770887e-5,5.192879848574751e-5
474672,146971,107565,112776,5.130502199265898e-4,4.144870293458165e-4,4.4755996775152165e-4
474251,5955,11683,10007,2.078787012174403e-5,4.50188440835511e-5,3.971352590346773e-5
474221,52769,64584,86647,1.842074086405224e-4,2.4886561895849223e-4,3.4386508233814016e-4
474043,5681,23238,24571,1.983138373830862e-5,8.954445765758458e-5,9.751184620506702e-5
425777,1668,1479,780,5.822698129818479e-6,5.69912440294206e-6,3.0954881787453614e-6
425770,41960,33188,39162,1.4647506806186053e-4,1.2788542304586958e-4,1.5541731802054597e-4
425127,4334,2870,4630,1.5129240824120676e-5,1.1059152830590745e-5,1.8374500343065415e-5
422265,149294,120404,219853,5.211594092284892e-4,4.639603614684488e-4,8.725030289252614e-4
421543,5024,6743,2148,1.7537910913793788e-5,2.598322910685484e-5,8.52449821531415e-6
417901,23941,25188,26854,8.357387045922314e-5,9.70585162010173e-5,1.0657210198977941e-4
417820,6748,4656,5681,2.355609531175965e-5,1.794125978370401e-5,2.2545472235195384e-5
417688,2349,7269,5827,8.199950783539333e-6,2.8010098231903878e-5,2.3124884125063102e-5
412153,3567,4487,4537,1.2451777115744913e-5,1.7290041376606506e-5,1.800542290636885e-5
407336,59162,98564,41453,2.065242606452763e-4,3.7980290578200213e-4,1.645093224019634e-4
406926,2546,2306,1739,8.887643548272091e-6,8.885855898028662e-6,6.901351208766902e-6
406851,236683,170791,230123,8.262192214986973e-4,6.581197808673951e-4,9.132602899454088e-4
406846,85910,122721,77177,2.99896880295387e-4,4.728886043633891e-4,3.0628268098850095e-4
405282,7848,11981,15541,2.739600415036896e-5,4.6167146363521855e-5,6.167561767420725e-5
404192,7647,57791,36434,2.669434808076853e-5,2.2268972168385705e-4,1.4459104654411346e-4
404164,209257,125051,115764,7.304798216735165e-4,4.8186694098195236e-4,4.5941806862086925e-4
404049,22498,39387,20886,7.853660822821112e-5,1.5177242248727446e-4,8.288764884778925e-5
400553,664,898,800,2.3179086080332555e-6,3.4603202933346652e-6,3.174859670508063e-6
400202,12065,14929,4925,4.211681830711028e-5,5.752686153584991e-5,1.9545229846565263e-5
396760,8807,3146,2274,3.0743706492392895e-5,1.2122681116738148e-5,9.024538613419169e-6
396036,95307,102188,128185,3.3270017425576125e-4,3.937674945827202e-4,5.087117335800951e-4
391901,121568,176639,198127,4.2437276153823314e-4,6.80654249770982e-4,7.862817774234388e-4
391335,7625,10139,2547,2.6617549903996345e-005,3.906925106249462e-5,1.0107959475980046e-5
390198,4303,2968,1815,1.5021025211396233e-5,1.1436782439440184e-5,7.202962877465168e-6
390194,3223781,3353144,3368248,0.011253659232400686,0.012920882215671907,0.013367143419336803
390145,29744,34068,22017,1.0383113499599571e-4,1.312763827988033e-4,8.737610670697003e-5
390130,56283,37033,25102,1.9647417196677066e-4,1.4270160514817667e-4,9.961915931136675e-5
389549,9596,5696,5819,3.349796837754084e-5,2.1948757673534804e-5,2.3093135528358024e-5
385008,55979,52052,57899,1.954129607968277e-4,2.0057526938603118e-4,2.2977650007843293e-4
384914,12017,9386,9917,4.194925864869824e-5,3.6167668455722904e-5,3.935635419053558e-5
383524,89115,40990,53724,3.110849783206078e-4,1.5794936394631173e-4,2.1320770117296898e-4
382948,707,3506,2111,2.4680141353607103e-6,1.3509891924756499e-5,8.377660955553152e-6
382947,1678,1786,1366,5.8576063919876544e-6,6.882106953113265e-6,5.421072887392518e-6
382905,55986,72938,60711,1.9543739658034614e-4,2.810566164312292e-4,2.4093613182026876e-4
382622,3644,3788,5853,1.2720570734447565e-5,1.459654039103754e-5,2.3228067064354618e-005
382616,8731,8883,33454,3.0478403699907157e-5,3.4229426687852816e-5,1.327646942714709e-4
382613,30296,7446,34620,1.057580710677342e-4,2.8692143545846233e-5,1.3739205224123642e-4
382601,1515,1475,1155,5.2886017186300936e-6,5.683710949519634e-6,4.583703649296016e-6
381736,49909,71149,118838,1.7422364566013816e-4,2.741629493880491e-4,4.716174669047965e-4
381214,41172,42664,26168,1.4372429700292951e-4,1.6439989420359704e-4,1.0384965982231875e-4
380652,6338,3942,5323,2.2124856562823454e-5,1.5189958347800946e-5,2.1124722532643023e-5
380602,4945,2720,3610,1.72621356426573e-5,1.0481148327249765e-5,1.4326554263167635e-5
380297,4746,8648,3716,1.6567461225490708e-5,3.3323886299285285e-5,1.4747223169509952e-5
380205,8397,9109,10742,2.9312467743456695e-5,3.510028680621989e-5,4.2630428225747014e-5
379924,113875,89834,100544,3.975178354514864e-4,3.461630436875571e-4,3.990163633894534e-4
379876,6122,2891,2932,2.137083809996926e-5,1.1140073461058481e-5,1.163586069241205e-5
379063,2934,3580,2709,1.0242084120436102e-5,1.3795040813071382e-5,1.0750868559257928e-5
378996,25420,35022,22449,8.87368024340442e-5,1.3495249144005193e-4,8.909053092904438e-5
377666,1230,1168,1373,4.29371624680859e-6,4.500728399348429e-6,5.448852909509463e-6
377276,2872,2898,2344,1.0025652894987213e-5,1.1167047004547729e-5,9.302338834588625e-6
377232,181222,101052,121214,6.326145086822328e-4,3.893900738107512e-4,4.810468001262054e-4
377204,9419,15107,13235,3.2880092137146434e-5,5.821276021314787e-5,5.252408467396777e-5
376958,18621,17114,17669,6.500267498522177e-5,6.594646046785018e-5,7.012074439775871e-5
374861,146971,117426,116099,5.130502199265898e-4,4.5248504539545256e-4,4.607475411078945e-4
371572,1352,826,442,4.719597045272532e-6,3.182878131730995e-6,1.7541099679557049e-6
371569,825,376,1569,2.8799316289569818e-6,1.4488646217080557e-6,6.226693528783939e-6
371565,13367,19804,15374,4.6661874041536934e-5,7.631200789443174e-5,6.10128657179887e-5
371564,15764,25828,9565,5.502938448348831e-5,9.952466874860549e-5,3.7959415935512026e-5
371554,45995,52473,50337,1.6056055184712287e-4,2.021975353587415e-4,1.9976613904295546e-4
371553,15764,18603,9565,5.502938448348831e-5,7.16841185043483e-5,3.7959415935512026e-5
371547,224079,241570,183124,7.822208478606684e-4,9.308569858138698e-4,7.267412528776481e-4
371541,2126,1580,1248,7.421496537166719e-6,6.08831410185832e-6,4.952781085992578e-6
371280,6516,6890,6027,2.274622362943478e-5,2.6549673520129e-5,2.391859904269012e-5
371271,4348,3536,2358,1.5178112391157522e-5,1.3625492825424695e-5,9.357898878822516e-6
370221,25420,32797,27245,8.87368024340442e-5,1.263787579738274e-4,1.0812381465374023e-4
370173,26395,28249,17970,9.214035799553882e-5,1.088536614325289e-4,7.131528534878737e-5
370157,4663,4017,3762,1.6277722649486553e-5,1.5478960599471437e-5,1.4929777600564167e-5
367427,14596,11660,13033,5.0952099462128606e-5,4.493021672637216e-5,5.1722432607164484e-5
367202,1321,3450,3465,4.611381432548088e-6,1.3294103576842532e-5,1.3751110947888047e-5
366123,6201,3221,2991,2.164661337110575e-5,1.2411683368408637e-5,1.187000659311202e-5
361344,1007,1175,506,3.515262000435976e-6,4.5277019428376744e-6,2.00809874159635e-6
360157,7211,8775,13601,2.5172347850192476e-5,3.381326344544731e-5,5.397658297322521e-5
360148,40356,51344,42174,1.408757828099248e-4,1.9784708813026173e-4,1.673706646800088e-4
360106,3991,2768,2354,1.3931887431717956e-5,1.066610976831888e-5,9.342024580469975e-6
359906,34632,21221,10573,1.2089429354428871e-4,8.17722237693262e-5,4.1959739120352185e-5
357445,345913,325308,224523,0.0012075221691726016,0.0012535299264856495,8.910362722518522e-4
356187,3883,5793,3630,1.355487820029086e-5,2.2322533919028636e-5,1.4405925754930336e-5
355602,2682,10139,2547,9.362395913772879e-6,3.906925106249462e-5,1.0107959475980046e-5
354270,31482,25697,29858,1.0989819096099842e-4,9.901987814902104e-5,1.1849370005253718e-4
354256,219251,125508,142270,7.653671388853905e-4,4.8362792803546454e-4,5.646091066539776e-4
354254,8479,7140,7060,2.9598715493243934e-5,2.7513014359030633e-5,2.8018136592233657e-5
354252,237985,290337,212181,8.307642772331239e-4,0.0011187739565767334,8.420561246850892e-4
354246,196022,158022,181535,6.842787366926127e-4,6.089161841796553e-4,7.204351878571015e-4
353481,792020,744539,650356,0.002764804180323041,0.0028689792994199314,0.0025809862948411775
351741,2169,2161,2506,7.571602064494173e-6,8.327118211465713e-6,9.945247917866507e-6
351285,21318,20781,30056,7.44174332922484e-5,8.007674389285932e-5,1.1927947782098793e-4
351222,16694,14226,14682,5.8275852865221636e-5,5.481794709685851e-5,5.826661210299923e-5
350330,2054,1903,1341,7.1701570495486545e-6,7.332950465719229e-6,5.321858522689141e-6
350308,8599,9302,5994,3.001761463927404e-5,3.584398593385196e-5,2.3787636081281662e-5
348293,4269,4037,3651,1.4902337120021036e-5,1.5556027866583567e-5,1.4489265821281172e-5
347607,448044,542976,559040,0.0015640437415326083,0.002092283821373812,0.0022185919377510346
346922,3325,3461,3339,1.1606997171250866e-5,1.3336490573754205e-5,1.3251070549783028e-5
346416,16883,15657,14843,5.893561902021905e-5,6.033211005873146e-5,5.890555261168897e-5
346408,5053,3107,3405,1.7639144874084397e-5,1.1972399945869493e-5,1.3512996472599942e-5
346346,5406,11062,4079,1.8871406528656295e-5,4.262590543971945e-5,1.6187815745002986e-5
346256,2594,18514,2536,9.055203206684134e-6,7.134116916569932e-5,1.006430515551056e-5
346225,25664,18071,26317,8.958856403097208e-5,6.963412919916563e-5,1.0444097743595087e-4
344676,55600,35251,37159,1.9408993766061597e-4,1.3583491164848583e-4,1.474682631205114e-4
342924,49058,59058,56070,1.7125295254954133e-4,2.2757193305541053e-4,2.2251797715673388e-4
342840,54191,34633,39630,1.8917136352097913e-4,1.33453533094721e-4,1.5727461092779316e-4
342183,6760,2600,7766,2.359798522636266e-5,1.0018744724576982e-5,3.081995025145702e-5
341344,25465,4263,40365,8.889388961380549e-5,1.6426887984950644e-5,1.6019151325007245e-4
328993,4885,5371,3630,1.7052686069642248e-5,2.069641458296268e-5,1.4405925754930336e-5
328824,446,302,406,1.5569084927452289e-6,1.1637157333931726e-6,1.611241282782842e-6
324432,9984,11114,5225,3.4852408949704854e-5,4.282628033421099e-5,2.0735802223005785e-5
323841,33285,21505,16646,1.1619215063010076e-4,8.286657896231845e-5,6.606089259409652e-5
321802,82221,10649,40050,2.8701922238117815e-4,4.103446637385395e-5,1.5894141225480991e-4
320847,241048,256613,219952,8.414566779355424e-4,9.88823130772259e-4,8.728959178094869e-4
320842,17914,13747,55044,6.253466084986105e-5,5.297218604952298e-5,2.1844621962930727e-4
250667,5226,4508,5121,1.8243057809611134e-5,1.7370962007074243e-5,2.032307046583974e-5
250558,3466,5876,3950,1.209920366783624e-5,2.264236307754398e-5,1.5675869623133562e-5
242849,5353,5900,5605,1.8686392739159662e-5,2.2734843798078535e-5,2.2243860566497115e-5
241382,11521,11216,8654,4.0217808845107135e-5,4.321932339648286e-5,3.434404448572097e-5
237707,31381,23291,25069,1.0954561751308974e-4,8.974868591543172e-5,9.948819634995829e-5
234465,227207,151223,187428,7.931401522671865e-4,5.827171667248865e-4,7.438219979049815e-4
232320,4787,4229,17892,1.671058510038433e-5,1.6295873630860023e-5,7.100573653091283e-5
230854,50887,62764,49216,1.7763767370028354e-4,2.4185249765128834e-4,1.9531736692965604e-4
228851,56962,59164,45214,1.9884444296805768e-4,2.279803895711048e-4,1.7943513142793945e-4
228833,33285,20991,16646,1.1619215063010076e-4,8.08859501975367e-5,6.606089259409652e-5
228307,1455,1955,1127,5.07915214561504e-6,7.533325360210769e-6,4.472583560828234e-6
227159,11703,10760,8538,4.0853139216586125e-5,4.1462189706326274e-5,3.3883689833497305e-5
224423,4495,4261,4012,1.5691263845044404e-5,1.641918125823943e-5,1.5921921247597937e-5
224377,32602,28483,35826,1.1380791632394607e-4,1.0975534845774083e-4,1.4217815319452734e-4
223738,1585,1290,489,5.532959553814322e-6,4.970838728732426e-6,1.9406329735980533e-6
223237,1235,1289,1062,4.311170377893178e-6,4.966985365376819e-6,4.214626212599454e-6
223227,19379,23581,20073,6.764872125764527e-5,9.086616128855762e-5,7.966119770763544e-5
223171,3112,4776,7108,1.0863451187047426e-5,1.8403663386376793e-5,2.820862817246414e-5
223160,5228,5516,3886,1.825003946204497e-5,2.1255152269525628e-5,1.5421880849492915e-5
223108,48394,42379,3883,1.689350439415081e-4,1.6330168564724918e-4,1.540997512572851e-5
222288,1479,3069,821,5.1629319748210615e-6,1.1825972138356445e-5,3.2581997368588998e-6
219979,2385,5672,2545,8.325620527348364e-6,2.1856276953000246e-5,1.0100022326803775e-5
219417,4634,6389,5423,1.6176488689195944e-5,2.461913847897013e-5,2.1521579991456534e-5
215929,2874,5997,4258,1.0032634547421049e-5,2.310862004357237e-5,1.6898190596279166e-5
215683,2656,6458,1932,9.271634432133022e-6,2.4885020550506978e-5,7.667286104276973e-6
215676,5629,7321,5856,1.964986077502891e-5,2.8210473126395415e-5,2.3239972788119022e-5
215644,21172,21717,19654,7.390777266457845e-5,8.368349199370704e-5,7.799836495520684e-5
214058,3267,4455,2875,1.1404529250669646e-5,1.7166733749227096e-5,1.1409651940888351e-5
212017,7748,6747,5196,2.7046921528677204e-5,2.599864256027727e-5,2.062071355994987e-5
211126,5768,8920,4184,2.013508561918045e-5,3.437200113201026e-5,1.660451607675717e-5
210861,3155,4915,4229,1.1013556714374881e-5,1.89392808928061e-5,1.6783101933223247e-5
210845,465,2948,360,1.6232341908666624e-6,1.1359715172328055e-5,1.4286868517286284e-6
210842,2553,3795,3430,8.912079331790513e-6,1.4623513934526786e-5,1.361221083730332e-5
210393,12880,8308,22656,4.496184167389809e-5,3.201374275837906e-5,8.991202586878834e-5
210312,137495,107221,116463,4.79971150695079e-4,4.131614723514879e-4,4.621921022579757e-4
210297,9896,95935,43415,3.454521624261611e-5,3.696724135201126e-4,1.7229566574388443e-4
210259,44266,74143,47616,1.5452491331807242e-4,2.8569991927473505e-4,1.8896764758863992e-4
210228,130665,73560,83797,0.00045612880763353214,2.8345340843841647e-4,3.325546447619552e-4
209687,1598740,829217,930022,0.005580923506034769,0.003195274401645981,0.003690861675606562
209676,319472,299886,263117,0.0011152212331710847,0.0011555697232594202,0.0010441994399063375
209172,15257602,8517252,9882391,0.0532616370688937,0.03282006674726644,0.03921900579261481
208244,8728,10027,9444,3.0467931221256405e-5,3.863767436666669e-5,3.747921841034768e-5
205795,2802,3362,2065,9.781295059802985e-6,1.2955007601549158e-5,8.195106524498937e-6
199152,18444,16272,11255,6.438479874482736e-5,6.270192852242948e-5,4.466630698946031e-5
190197,46467,36837,20529,1.6220822182150794e-4,1.4194634593047778e-4,8.147086771982503e-5
190007,1259,948,1959,4.3949502070992e-6,3.652988461114992e-6,7.77443761815662e-6
189939,2608,2614,3373,9.104074773720979e-6,1.0072691811555473e-5,1.338600208577962e-5
189234,3713,5301,2967,1.2961437743414875e-5,2.0426679148070224e-5,1.1774760802996778e-5
188923,18957,16666,14397,6.617559259410607e-5,6.422015368453845e-5,5.713556834538073e-5
187931,8637,7445,8527,3.015026603551691e-5,2.8688290182490626e-5,3.3840035513027816e-5
187846,3550,6040,7144,1.2392433070057315e-5,2.327431466786345e-5,2.8351496857637004e-5
187839,1354,969,1463,4.726578697706367e-6,3.733909091582729e-6,5.80602462244162e-6
187836,2157,2251,2244,7.5297121498911625e-6,8.673920913470302e-6,8.905481375775116e-6
183432,2450,2596,2357,8.552524231448006e-6,1.0003331271154555e-5,9.353930304234381e-6
170841,134448,158490,153138,4.693346032121312e-4,6.107195582300792e-4,6.077395752778296e-4
170728,64920,53879,29516,2.2662443800228757e-4,2.076153642367243e-4,1.1713644754339499e-4
170630,18830,32781,15715,6.573225766455754e-5,1.263171041601377e-4,6.236614965254276e-5
170487,9349,12194,7236,3.263573430196221e-5,4.6987912758266047e-5,2.871660571974543e-5
170319,55986,76910,60660,1.9543739658034614e-4,2.963621756796983e-4,2.4073373451627387e-4
170278,4761,3847,3376,1.6619823618744472e-5,1.4823888829018326e-5,1.3397907809544026e-5
170275,8330,7772,9690,2.907858238692322e-5,2.9948339999773963e-5,3.845548775902891e-5
170242,1520,4426,6507,5.306055849714681e-6,1.7054986211914508e-5,2.5823514844994958e-5
169614,1913,1017,1103,6.677950552963279e-6,3.918870532651843e-6,4.377337770712992e-6
169611,527,2767,4703,1.8396654163155505e-6,1.0662256404963271e-5,1.8664206287999276e-5
169610,1155,1657,4571,4.031904280539774e-6,6.385023080240023e-6,1.8140354442365444e-5
168880,2112,2329,1928,7.372624970129873e-6,8.974483255207612e-6,7.651411805924432e-6
163829,2788,4528,3230,9.732423492766138e-6,1.7448029274186373e-5,1.2818495919676304e-5
163410,4085,5674,4967,1.4260025096108206e-5,2.1863983679711458e-5,1.9711909979266935e-5
161401,173136,25373,36222,6.043876878922375e-4,9.777138842180452e-5,1.4374970873142883e-4
161388,1961,2866,1694,6.845510211375322e-6,1.1043739377168319e-5,6.722765352300824e-6
160575,8158,19223,18323,2.84781602776134e-5,7.407320378482435e-5,7.271619217839905e-5
146435,297,217,258,1.0367753864245133e-6,8.361798481666173e-7,1.0238922437388503e-6
146430,33064,37645,28505,1.1542067803616198e-4,1.4505986352180786e-4,1.1312421863479042e-4
146264,8395,9941,2845,2.930548609102286e-5,3.8306285118084526e-5,1.1290594703244299e-5
138111,554,1365,2520,1.9339177241723248e-6,5.259840980402915e-6,1.0000807962100398e-5
135765,10071,10042,13334,3.515611083057668e-5,3.869547481700079e-5,5.291697355819314e-5
135325,4193,5751,5407,1.4637034327535301e-5,2.2160692658093162e-5,2.145808279804637e-5
135323,8093,5134,3387,2.825125657351376e-5,1.9783167467683933e-5,1.3441562130013511e-005
135260,9419,13959,13235,3.2880092137146434e-5,5.378909908091157e-5,5.252408467396777e-5
135163,702,573,778,2.4505600042761226e-6,2.2079772027625426e-6,3.0875510295690914e-6
134328,97944,126835,115618,3.4190548298977284e-4,4.887413412083544e-4,4.5883865673100154e-4
133924,3526,43145,1793,1.2308653240851294e-5,1.662533619776438e-4,7.115654236526196e-6
133605,17372,23174,19885,6.0642633040291736e-5,8.929784240282575e-5,7.891510568506604e-5
133467,12477,22825,22370,4.3555038708480315e-5,8.795301859171908e-5,8.877701353658171e-5
132335,65920,91169,26864,2.301152642192051e-4,3.5130728376729187e-4,1.0661178773566076e-4
132248,815,1475,2079,2.845023366787806e-6,5.683710949519634e-6,8.25066656873283e-6
131989,12619,1831,5307,4.405073603128261e-5,7.055508304115559e-6,2.1061225339232863e-5
131524,47186,45451,35500,1.6471812587147167e-4,1.7513921787567246e-4,1.408843978787953e-4
131446,296181,307493,299668,0.001033916399752858,0.001184882258305519,0.0011892548096772628
131427,1534,932,976,5.354927416751527e-6,3.591334647425287e-6,3.873328798019837e-6
131421,1365334,1275199,1061752,0.004766143722048911,0.0049138050977060935,0.004213642006101596
130738,3114,36618,8366,1.0870432839481262e-5,1.4110245935559996e-4,3.320109500433807e-5
130659,755,1728,4013,2.6355737937727527e-6,6.658611878488086e-6,1.5925889822186072e-5
130582,23351,22014,22070,8.151428299124179e-5,8.482794091032218e-5,8.758644116014119e-5
130549,2320,2245,6284,8.098716823248724e-6,8.650800733336664e-6,2.4938522711840836e-5
130548,5617,8910,15816,1.9607970860425897e-5,3.433346749845419e-5,6.27669756859444e-5
130530,46177,53703,27434,1.6119588221860187e-4,2.0693717228613756e-4,1.0887387525089775e-4
130528,11564,9003,6351,4.036791437243459e-5,3.46918302905256e-5,2.5204417209245885e-5
130463,98267,54918,70502,3.4303301985783724e-4,2.116190087631995e-4,2.797924456126993e-4
128059,6842,8258,3905,2.38842329761499e-5,3.182107459059874e-5,1.5497283766667483e-5
127630,594,490,261,2.0735507728490265e-6,1.8881480442472004e-6,1.0357979675032556e-6
125960,108225,91990,43552,3.777946673259022e-4,3.544708950822448e-4,1.7283936046245894e-4
125942,13364,12761,11501,4.6651401562886185e-5,4.917276978089495e-5,4.564257633814154e-5
125898,350,137,202,1.2217891759211438e-6,5.279107797180948e-7,8.016520668032859e-7
125897,107842,111600,54456,3.7645768088482277e-4,4.300353504856889e-4,2.1611269777148384e-4
125868,6089,20095,20741,2.1255640834810983e-5,7.743333663091325e-5,8.231220553250967e-5
125802,31216,76247,23518,1.0896963118729834e-4,2.938073957749312e-4,9.333293716376079e-5
124996,48437,24833,28293,1.6908514946883553e-4,9.5690572209777e-5,1.1228288082210578e-4
121191,3862,4138,3049,1.3481570849735592e-5,1.5945217565499827e-5,1.2100183919223854e-5
118967,168,324,233,5.86458804442149e-7,1.2484897272165161e-6,9.246778790354733e-7
118602,10581,12687,7161,3.6936432201204635e-5,4.888762089258006e-5,2.84189626256353e-5
118128,9428,4747,3167,3.2911509573098694e-5,1.8291915849064205e-5,1.2568475720623795e-5
118125,1788,5105,3356,6.241597275848586e-6,1.967141993037134e-5,1.3318536317781323e-5
118060,11487,24429,6447,4.0099120753731934e-5,9.413381341411196e-5,2.5585400369706853e-5
117962,18101,30127,7849,6.318744535242463e-5,1.1609027781435797e-4,3.1149341942272236e-5
117769,101751,14591,72998,3.55195058397578e-4,5.62244247216549e-5,2.896980077846845e-4
117750,90546,84863,81737,3.160803506370168e-4,3.2700797444683706e-4,3.2437938111039695e-4
117745,23157,37848,18343,8.083706270515979e-5,1.45842096282996e-4,7.279556367016174e-5
117300,2510,1902,1291,8.76197380446306e-6,7.3290971023636225e-6,5.123429793282386e-6
117249,32849,64834,24133,1.1467015039952471e-4,2.4982895979739386e-4,9.577361053546385e-5
117245,3035,20000,2667,1.0594657568344775e-5,7.706726711213063e-5,1.0584188426556255e-5
117242,16524,19611,11236,5.7682412408345654e-5,7.556830876679969e-5,4.459090407228574e-5
117235,15824,19663,7392,5.523883405650336e-5,7.576868366129123e-5,2.9335703355494503e-5
117213,72215,40914,21508,2.520900152547011e-4,1.5765650833128562e-4,8.535610224160928e-5
117212,52575,9105,21298,1.8353018835444036e-4,3.508487335279747e-5,8.45227015781009e-5
117201,12039,40312,11580,4.202605682547042e-5,1.553367835912105e-4,4.595609373060421e-5
117200,23171,21253,10491,8.088593427219663e-5,8.189553139670561e-5,4.163431600412511e-5
117199,567714,456290,381997,0.001981790914911132,0.0017582511655297043,0.0015159835869438356
117196,815,1259,2012,2.845023366787806e-6,4.851384464708623e-6,7.984772071327779e-6
117195,4370694,5050922,3179435,0.015257333201324249,0.019463037746826853,0.012617824945627253
117192,104646,78790,40623,3.653010002955543e-4,3.036064987882386e-4,1.612154054938113e-4
117191,10584,10713,8025,3.6946904679855384e-5,4.128108162861277e-5,3.184781106978401e-5
117190,119274,67704,57807,4.163648061966243e-4,2.608881126279846e-4,2.294113912163245e-4
117182,101389,727482,82286,3.5393137930705385e-4,0.0028032524806633507,3.265581285592831e-4
116942,82122,64459,68309,2.866736305857033e-4,2.483839485390414e-4,2.710893615409191e-4
115895,20232,9762,12728,7.062639602067594e-5,3.761653307743096e-5,5.051201735778328e-5
114282,2965,3167,2878,1.0350299733160545e-5,1.2203601747205885e-5,1.1421557664652757e-5
113559,30101,66053,32783,1.0507735995543527e-4,2.545262097278782e-4,1.3010178072283228e-4
113534,11269,10815,11598,3.933812063844391e-5,4.167412469088464e-5,4.602752807319064e-5
112543,4229,3503,4162,1.4762704071344333e-5,1.3498331834689679e-5,1.6517207435818198e-5
112530,499,890,1684,1.7419222822418592e-6,3.4294933864898128e-6,6.683079606419472e-6
111776,25381,13913,23875,8.860066021158442e-5,5.361184436655367e-5,9.4749718291725e-5
111772,21071,14212,12710,7.355519921666977e-5,5.476400000988002e-5,5.044058301519685e-5
111739,7232,9241,9724,2.5245655200747745e-5,3.5608930769159956e-5,3.859041929502551e-5
111732,92579,47661,111460,3.2317720033601016e-4,1.8365515089156288e-4,4.4233732359353587e-4
110962,8019,9634,7942,2.799293543346186e-5,3.712330256791332e-5,3.151841937896879e-5
110647,16747,21009,21403,5.8460866654718265e-5,8.095531073793762e-5,8.49394019098551e-5
110628,32947,55405,63023,1.1501225136878263e-4,2.1349559671737987e-4,2.5011147626803707e-4
110612,18202,26515,34173,6.354001880033331e-5,1.0217192937390717e-4,1.3561809940034004e-4
110605,98824,20825,26276,3.449774100606603e-4,8.024629188050602e-5,1.0427826587783733e-4
110346,45755,56798,65481,1.5972275355506267e-4,2.1886333187173977e-4,2.598662326056731e-4
110328,21167,14427,6923,7.389031853349385e-5,5.5592473131335426e-5,2.747444187365915e-5
110321,75365,65598,65161,2.630861178379914e-4,2.5277292940107727e-4,2.5859628873746985e-4
110283,6266,6523,6022,2.187351707520539e-5,2.5135489168621404e-5,2.3898756169749443e-5
110182,2752,2282,2100,9.606753748957107e-6,8.793375177494105e-6,8.334006635083665e-6
110123,5561,4870,10567,1.9412484592278516e-5,1.8765879541803807e-5,4.1935927672823376e-5
110031,21172,21717,19654,7.390777266457845e-5,8.368349199370704e-5,7.799836495520684e-5
110021,3327,37242,27173,1.16139788236847e-5,1.4350695808949845e-4,1.078380772833945e-4
109714,6743,4616,5591,2.3538641180675063e-5,1.7787125249479748e-5,2.2188300522263225e-5
109387,141249,153838,153468,4.930757123133875e-4,5.927937118997976e-4,6.090492048919143e-4
109386,15004,11644,11850,5.237635655863097e-5,4.486856291268245e-5,4.702760886940068e-5
108314,10629804,5659431,6286275,0.03710679848389508,0.021807844028983628,0.024947551219028842
107960,12492,12688,9430,4.360740110173408e-5,4.889147425593567e-5,3.7423658366113793e-5
107143,252615,272912,275651,8.818350647866278e-4,0.0010516291001052896,0.0010939415537940225
106940,467248,474456,302045,0.001631081568202293,0.0018282513642476524,0.00119868811147326
106931,11811,9479,6465,4.1230148448013224e-5,3.652603124779431e-5,2.5656834712293283e-5
106902,482,388,541,1.6825782365542607e-6,1.4951049819753341e-6,2.1469988521810774e-6
106482,38417,46824,42041,1.3410707077532165e-4,1.8042988576292022e-4,1.6684284425978684e-4
106427,301845,192108,204893,0.0010536884394454788,7.402619275188595e-4,8.131331530867607e-4
105769,968,784,1044,3.3791197779761915e-6,3.0210368707955207e-6,4.143191870013022e-6
105406,81252,20364,37206,2.8363661177698506e-4,7.84698913735714e-5,1.4765478612615375e-4
105370,304717,220652,168042,0.0010637140923404661,8.502523311412924e-4,6.668872109393949e-4
105085,1244,1597,1581,4.342587813845437e-6,6.153821278903631e-6,6.27431642384156e-6
105081,47816,2150,2244,1.6691734638812973e-4,8.284731214554042e-6,8.905481375775116e-6
104990,1107,3882,1231,3.864344622127732e-6,1.4958756546464554e-5,4.885315317994282e-6
104933,3802,28779,6053,1.3272121276720538e-5,1.1089594401100037e-4,2.4021781981981632e-5
104931,2404,4757,2112,8.391946225469799e-6,1.8330449482620268e-5,8.381629530141286e-6
104924,14297,61520,21367,4.990834242327026e-5,2.370589136369138e-4,8.479653322468223e-5
104918,6849,111636,18584,2.3908668759668322e-5,4.301740715664907e-4,7.37519901459023e-5
104417,5667,11168,16386,1.9782512171271775e-5,4.303436195541374e-5,6.502906320118141e-5
104390,307,114,188,1.0716836485936888e-6,4.392834225391446e-7,7.460920225693948e-7
104378,34639,36373,33547,1.2091872932780713e-4,1.4015838533347637e-4,1.331337717081675e-4
104312,1035875,1003407,696905,0.0036160596074494705,0.003866491764559083,0.0027657194733442772
104238,1050,1637,2992,3.665367527763431e-6,6.307955813127892e-6,1.1873975167700155e-5
104135,17581,17612,36711,6.137221571962751e-5,6.786543541894224e-5,1.4569034170502687e-4
104131,15982,14187,15021,5.5790384598776335e-5,5.466766592598986e-5,5.9611958888377015e-5
103821,16845,43253,18176,5.880296762397619e-5,1.666695252200493e-4,7.213281171394319e-5
102904,31734,153803,161410,1.1077787916766165e-4,5.926588441823513e-4,6.40567624270883e-4
100922,4706,13077,9322,1.6427828176814007e-005,5.039043260126661e-5,3.69950523105952e-5
100908,954,1604,1590,3.330248210939346e-6,6.180794822392876e-6,6.310033595134775e-6
100877,7721,8764,1923,2.695266922082043e-5,3.377087644853564e-5,7.631568932983756e-6
100869,25079,20661,9715,8.754643069407533e-5,7.961434029018655e-5,3.855470212373229e-5
100865,12741,26234,9471,4.447661682974655e-5,1.0108913427098174e-4,3.7586369924227334e-5
100727,6810,12087,8591,2.377252653720854e-5,4.657560287921615e-5,3.4094024286668463e-005
100468,3279,5497,2531,1.1446419165272658e-5,2.1181938365769103e-5,1.0044462282569884e-5
100114,7925,17707,4790,2.766479776907161e-5,6.823150493772486e-5,1.9009472277167027e-5
100017,257291,366231,287265,8.981581681769342e-4,0.0014112211150871356,0.0011400325790606235
99877,3361,2879,2728,1.1732666915059897e-5,1.1093833100791204e-5,1.0826271476432494e-5
98053,9795,65786,20955,3.4192642794707436e-5,2.534973617119313e-4,8.316148049437058e-5
98027,15905,24687,15762,5.552159098007369e-5,9.512798115985844e-5,6.255267265818511e-5
97891,26901,29796,14558,9.39067160612991e-5,1.148148145436522e-4,5.777450885407048e-5
97693,10581,12429,11248,3.6936432201204635e-5,4.789345314683358e-5,4.4638526967343367e-5
95422,83642,16563,87790,2.91979686435418e-4,6.382325725891098e-5,3.4840116309237855e-4
95404,5238,8327,17915,1.8284947724214146e-5,3.208695666213559e-5,7.109701374643994e-5
94586,2100,4048,4027,7.330735055526862e-6,1.559841486349524e-5,1.5981449866419963e-5
94582,4641,63872,9271,1.6200924472714365e-5,2.4612202424930036e-4,3.679265500660031e-5
92552,11727,4840,3506,4.093691904579215e-5,1.8650278641135612e-5,1.3913822506001586e-5
91648,5907,3770,3918,2.0620310463331986e-5,1.4527179850636623e-5,1.554887523631324e-5
91401,431,227,238,1.5045460994914654e-006,8.747134817226826e-7,9.445207519761487e-7
90822,5847,12903,11186,2.0410860890316936e-5,4.971994737739107e-5,4.439247534287899e-5
87950,1731,2447,2154,6.042620181484285e-6,9.429180131169182e-6,8.54830966284296e-6
87877,60802,11615,20435,2.122492156410211e-4,4.475681537536986e-5,8.109782170854034e-5
85106,3941,6076,5149,1.3757346120872078e-5,2.3413035748665283e-5,2.043419055430752e-5
84390,37655,63685,34072,1.3144706119803048e-4,2.4540144530180196e-4,1.352172733669384e-4
84223,109287,71993,83073,3.8150192476826865e-4,2.77415188060181e-4,3.2968139676014537e-4
84216,1915,1336,3128,6.6849322053971144e-6,5.148093443090326e-6,1.2413701311686526e-5
84185,1954,2041,1680,6.8210744278568995e-6,7.864714608792931e-6,6.667205308066932e-6
84181,2860,2327,2268,9.983762980384202e-6,8.966776528496398e-6,9.000727165890358e-6
84086,563,31696,548,1.9653351601245826e-6,1.2213620491930463e-4,2.174778874298023e-6
68541,597,877,416,2.0840232514997795e-6,3.379399662866928e-6,1.6509270286641928e-6
68263,8035,9555,7379,2.804878865293254e-5,3.6818886862820404e-5,2.9284111885848747e-5
68235,659,555,798,2.300454476948668e-6,2.138616662361625e-6,3.166922521331793e-6
68142,988,1446,1515,3.4489363023145426e-6,5.5719634122070445e-6,6.012390501024644e-6
68094,1330,1129,13352,4.642798868500346e-6,4.3504472284797735e-6,5.2988407900779575e-5
67178,85450,43852,43524,2.982911002356049e-4,1.6897768987005762e-4,1.7272824037399117e-4
67163,39398,42668,23925,1.3753157129411776e-4,1.644153076570195e-4,9.494814702113176e-5
67160,81909,53227,41888,2.859300846014999e-4,2.0510297132886885e-4,1.6623565234780217e-4
66827,4761,4590,3399,1.6619823618744472e-5,1.7686937802233977e-5,1.3489185025071132e-5
66763,39764,66584,25915,1.388092136895096e-4,2.5657234566970526e-4,1.0284561045152056e-4
66608,4754,3881,2786,1.6595387835226048e-5,1.4954903183108948e-5,1.105644880254433e-5
66546,1764,1459,1262,6.157817446642564e-6,5.62205713582993e-6,5.008341130226469e-6
66437,6849,111504,15630,2.3908668759668322e-5,4.296654276035507e-4,6.202882081255128e-5
66396,11960,14573,4817,4.1750281554333936e-5,5.615506418125398e-5,1.9116623791046674e-5
66391,26645,66905,33933,9.301306454976821e-5,2.5780927530685496e-4,1.3466564149918763e-4
66367,6058,5389,4583,2.114742522208654e-5,2.0765775123363598e-5,1.8187977337423065e-5
66350,3478,4262,11258,1.214109358243925e-5,1.6423034621595035e-5,4.4678212713224715e-5
66291,8731,8883,35700,3.0478403699907157e-5,3.4229426687852816e-5,1.416781127964223e-4
66287,11832,13596,39936,4.130345579856849e-5,5.23903281828264e-5,1.584889947517625e-4
66261,57458,56798,65481,2.0057589277164877e-4,2.1886333187173977e-4,2.598662326056731e-4
66256,146971,117426,116099,5.130502199265898e-4,4.5248504539545256e-4,4.607475411078945e-4
65419,1599,1140,2040,5.581831120851168e-6,4.392834225391446e-6,8.09589215979556e-6
65232,2833,2161,2068,9.88951067252743e-6,8.327118211465713e-6,8.207012248263343e-6
65051,135541,114903,58512,4.731500762672221e-4,4.427630096492573e-4,2.3220923630095971e-4
65017,28212,20151,15031,9.848318923167801e-5,7.764912497882722e-5,5.965164463425837e-5
64799,271,466,363,9.46013904784657e-7,1.7956673237126435e-6,1.4405925754930336e-6
64787,961,856,520,3.354683994457769e-6,3.298479032399191e-6,2.063658785830241e-6
64753,1834,7719,4284,6.402175281826793e-6,2.9744111741926816e-5,1.7001373535570678e-5
64652,185,90,179,6.458028501297473e-7,3.468027020045878e-7,7.103748512761791e-7
64643,892,3101,5129,3.1138169854904577e-6,1.1949279765735853e-5,2.035481906254482e-5
64616,2824,4112,2849,9.858093236575171e-6,1.5845030118254057e-5,1.130646900159684e-5
64612,909,2370,5835,3.1731610311780562e-6,9.13247115278748e-6,2.3156632721768184e-5
64604,4514,5847,5482,1.5757589543165837e-5,2.2530615540231388e-5,2.17557258921565e-5
64586,1390,2741,6167,4.852248441515399e-6,1.0562068957717503e-5,2.447419948502903e-5
64585,7733,1722,2622,2.699455913542344e-5,6.635491698354447e-6,1.0405602570090177e-5
64557,6465,9008,8298,2.2568191492371982e-5,3.471109710730364e-5,3.2931231932344885e-5
62840,60955,77168,88012,2.1278331205220946e-4,2.973563434254448e-4,3.4928218665094456e-4
62820,22387,19280,15134,7.814912651813326e-5,7.429284549609393e-5,6.006040781683628e-5
62816,462943,704294,815716,0.001616053561338463,0.0027139006911735463,0.003237229788735194
62766,5012,1608,2318,1.749602099919078e-5,6.196208275815303e-6,9.199155895297112e-6
62409,33709,27952,26563,1.1767226094607381e-4,1.0770921251591377e-4,1.054172467846321e-4
62393,22445,21929,47593,7.835159443871449e-5,8.450040502509562e-5,1.888763703731128e-4
62375,14630,18976,17318,5.107078755350381e-5,7.312142303598953e-5,6.872777471732329e-5
62348,4085,5674,4967,1.4260025096108206e-5,2.1863983679711458e-5,1.9711909979266935e-5
62311,6197,8544,7902,2.163265006623808e-5,3.2923136510302204e-5,3.1359676395443394e-5
62290,35296,24887,27742,1.2321220215232197e-4,9.589865383097975e-5,1.1009619622404336e-4
62267,6010,6011,9856,2.0979865563674497e-5,2.316256713055086e-5,3.9114271140659335e-5
62252,5044,5433,13034,1.760772743813214e-5,2.0935323111010284e-5,5.172640118175262e-5
53745,16699,22260,30558,5.8293306996306224e-5,8.577586829580139e-5,1.2127170226423174e-4
52871,5305,3286,4008,1.851883308074762e-5,1.2662151986523061e-5,1.5906046949245395e-5
50367,4049,3323,3546,1.4134355352299173e-5,1.2804726430680505e-5,1.4072565489526989e-5
48608,111905,132907,137974,3.906409078041588e-4,5.121389635035973e-4,5.475601102233493e-4
47358,3780,3003,3093,1.3195323099948351e-5,1.1571650156886414e-5,1.22748012011018e-5
47286,19379,23581,21562,6.764872125764527e-5,9.086616128855762e-5,8.557040526936857e-5
47259,9419,15107,13238,3.2880092137146434e-5,5.821276021314787e-5,5.253599039773217e-5
46365,4116,9367,8638,1.436824070883265e-5,3.6094454551966376e-5,3.428054729231081e-5
46362,1309,1204,1562,4.5694915179450775e-6,4.6394494801502636e-6,6.198913506666993e-6
46349,5648,9507,10057,1.9716186473150342e-5,3.6633925421751294e-5,3.9911954632874484e-5
46207,12801,50764,4672,4.4686066402761604e-5,1.9561213738400997e-4,1.8541180475767087e-5
46179,20309,23174,20041,7.089518963937859e-5,8.929784240282575e-5,7.953420332081511e-5
46149,8476,5281,5239,2.9588243014593182e-005,2.0349611880958093e-5,2.079136226723968e-5
46131,1378271,1554769,1263445,0.004811304540817173,0.005991089891033011,0.0050140757205063245
42424,40380,42349,32305,1.409595626391308e-4,1.63186084746581e-4,1.282048020697037e-4
42245,21831,62999,63198,7.62082271415271e-5,2.4275803803985586e-4,2.508059768209607e-4
42007,131557,179184,220791,4.592426246190226e-4,6.904610595110007e-4,8.762255518889321e-4
34087,1175,953,1102,4.1017208048781255e-6,3.6722552778930246e-6,4.373369196124857e-6
33999,3308,3589,1911,1.1547653125563267e-5,1.3829721083271841e-5,7.583946037926135e-6
33395,8503,42427,44119,2.9682495322449958e-5,1.634866470883183e-4,1.7508954225393153e-4
31695,14632,18976,17318,5.107776920593764e-5,7.312142303598953e-5,6.872777471732329e-5
31664,6590,5471,6547,2.3004544769486678e-5,2.1081750918523333e-5,2.598225782852036e-5
31599,1824,3208,4640,6.367267019657618e-6,1.2361589644785752e-5,1.8414186088946766e-5
27127,36854,21793,35668,1.286509093982795e-4,8.397634760873314e-5,1.41551118409602e-4
26911,434,390,427,1.5150185781422183e-6,1.5028117086865473e-6,1.6945813491336786e-6
26755,46973,48631,42768,1.6397457988726825e-4,1.8739291334650122e-4,1.6972799798536104e-4
26751,19671,22668,20741,6.86680425129852e-5,8.734804054488885e-5,8.231220553250967e-5
26736,10243,11619,13084,3.57565329398865e-5,4.477222882879229e-5,5.192482991115937e-5
26723,1553,1091,777,5.421253114872961e-6,4.204019420966726e-6,3.083582454980956e-6
23170,36097,29373,16166,1.2600835395207294e-4,1.1318484184423064e-4,6.415597679179168e-5
22969,68123,54770,42083,2.378055543750745e-4,2.1104871098656972e-4,1.6700952439248852e-4
22885,2042,19838,22389,7.128267134945644e-6,7.644302224852237e-5,8.885241645375628e-5
21827,4610,3310,2813,1.609270885998992e-5,1.275463270705762e-5,1.1163600316423976e-5
21709,1064682,1270426,786861,0.0037166198382802148,0.004895412994409783,0.003122716568994556
21683,37837,37646,39551,1.3208239156950946e-4,1.4506371688516347e-4,1.569610935353305e-4
20297,2678,22825,2825,9.348432608905209e-6,8.795301859171908e-5,1.1211223211481597e-5
18588,8908,10941,16321,3.1096279940301566e-5,4.215964847369106e-5,6.477110585295262e-5
18489,259,147,161,9.041239901816464e-7,5.664444132741602e-7,6.389405086897476e-7
18488,5708,8487,9668,1.9925636046165396e-5,3.2703494799032633e-5,3.8368179118089944e-5
18361,10350775,5354787,6170671,0.03613275673541479,0.020633940002878232,0.024488768122342075
18345,13434,17227,18937,4.689575939807041e-5,6.638189052703372e-5,7.515289697551398e-5
18257,7618,13131,7443,2.659311412047792e-5,5.059851422246936e-5,2.953810065948939e-5
18177,8673,7630,8337,3.027593577932594e-5,2.9401162403277833e-5,3.308600634128215e-5
18168,916,581,279,3.197596814696479e-6,2.2388041096073947e-6,1.1072323100896869e-6
18037,2361,2719,1891,8.241840698142344e-6,1.0477294963894159e-5,7.504574546163434e-6
18023,2174,2855,3303,7.589056195578761e-6,1.1001352380256647e-5,1.3108201864610165e-5
17863,1673,3073,3337,5.840152260903067e-6,1.1841385591778871e-5,1.3243133400606757e-5
17830,187248,230359,191474,6.53650227465378e-4,8.87656929234165e-4,7.598788506885761e-4
17829,48898,8937,22121,1.7069442035483453e-4,3.443750830905557e-5,8.778883846413607e-5
17651,5859,2858,4368,2.0452750804919945e-5,1.1012912470323467e-5,1.7334733800974025e-5
17644,3704,4629,11283,1.2930020307462617e-5,1.7837218973102633e-5,4.477742707792809e-5
17537,12825,10483,15820,4.476984623196762e-5,4.039480805682327e-5,6.278284998429695e-5
17456,4298,8565,47616,1.5003571080311645e-5,3.3004057140769944e-5,1.8896764758863992e-4
17382,5226,6351,10414,1.8243057809611134e-5,2.447271067145708e-5,4.132873576083871e-5
17297,12077,15928,22120,4.2158708221713295e-5,6.137637152810084e-5,8.778486988954794e-5
17267,2934,3580,2709,1.0242084120436102e-5,1.3795040813071382e-5,1.0750868559257928e-5
17250,115875,157436,128638,4.044994878853215e-4,6.066581132532699e-4,5.105094978685203e-4
17233,16545,14853,18141,5.775571975890092e-5,5.723400592082381e-5,7.199391160335846e-5
17222,3831,6162,6261,1.3373355237011147e-5,2.3744424997247445e-5,2.484724549631373e-5
17188,5926,5506,3584,2.0686636161453422e-5,2.121661863596956e-5,1.4223371323876123e-5
17045,1954,2038,1003,6.8210744278568995e-6,7.853154518726111e-6,3.980480311899484e-6
16980,1026,533,413,3.5815876985574097e-6,2.0538426685382813e-6,1.6390213048997875e-6
16808,6516,5593,7263,2.274622362943478e-5,2.155186124790733e-5,2.8823757233625076e-5
14764,793,838,631,2.76822519001562e-6,3.229118491998273e-6,2.5041705651132347e-6
14702,23840,27408,16116,8.322129701131448e-5,1.0561298285046381e-4,6.395754806238493e-5
14701,2541,2666,3534,8.870189417187503e-6,1.0273066706047012e-5,1.4024942594469368e-5
14688,28279,33764,36711,9.871707458821149e-5,1.3010496033869892e-4,1.4569034170502687e-4
13139,20561,24202,17859,7.177487784604181e-5,9.325909993238928e-5,7.087477356950436e-5
9489,23351,22014,22070,8.151428299124179e-5,8.482794091032218e-5,8.758644116014119e-5
9392,14023,23295,14903,4.895185603983485e-5,8.976409936885414e-5,5.914366708697708e-5
8811,17468,20417,7128,6.0977752357115826e-5,7.867411963141855e-5,2.828799966422684e-5
8598,187248,227400,193255,6.53650227465378e-4,8.762548270649253e-4,7.669468820300446e-4
7543,12683,14439,8693,4.427414890916533e-5,5.5638713491602705e-5,3.449881889465824e-5
5990,36662,26714,29563,1.2798067076463134e-4,1.0293874868167287e-4,1.1732297054903734e-4
5900,525,720,1376,1.8326837638817155e-6,2.7744216160367025e-6,5.460758633273868e-6
5290,21143,18872,19371,7.380653870428783e-5,7.272067324700647e-5,7.68752583467646e-5
5269,2198,2256,1008,7.672836024784783e-6,8.693187730248335e-6,4.000323184840159e-6
4755,8728,8376,12131,3.0467931221256405e-5,3.2275771466560304e-5,4.814277832866664e-5
4732,39860,39895,30634,1.3914433300633367e-4,1.5372993107192257e-4,1.2157331393293001e-4
4713,20872,20016,14496,7.286052479950317e-5,7.712892092582033e-5,5.75284572296061e-5
4709,9984,11114,7659,3.4852408949704854e-5,4.282628033421099e-5,3.039531277052657e-5
4603,118373,80018,65267,4.1321957177518155e-4,3.0833842898892345e-4,2.5901695764381216e-4
4548,4344,7158,8321,1.5164149086289852e-5,2.758237489943155e-5,3.302250914787199e-5
4543,58259,65686,69144,2.0337204457139974e-4,2.531120253763706e-4,2.744031213220119e-4
4541,18959,33988,23922,6.61825742465399e-5,1.3096811373035477e-4,9.493624129736736e-5
3772,20853,11855,12121,7.279419910138174e-5,4.568162258071543e-5,4.810309258278529e-5
3618,606,437,624,2.1154406874520373e-6,1.6839197864000542e-6,2.476390542996289e-6
3253,12880,8308,22656,4.496184167389809e-5,3.201374275837906e-5,8.991202586878834e-5
3232,5076312,5679672,4824659,0.01772052301485318,0.02188583995666446,0.0191470191038172
3204,6338,3942,5323,2.2124856562823454e-5,1.5189958347800946e-5,2.1124722532643023e-5
3182,15443,14876,20326,5.390882926785778e-5,5.732263327800276e-5,8.066524707843361e-5
3178,3016,4321,7596,1.052833187022334e-5,1.665038305957582e-5,3.0145292571474057e-5
3175,7211,8121,13601,2.5172347850192476e-5,3.129316381088064e-5,5.397658297322521e-5
3143,4303,2968,3219,1.5021025211396233e-5,1.1436782439440184e-5,1.2774841599206818e-5
3090,26932,15031,10623,9.401493167402355e-5,5.791990459812177e-5,4.215816784975894e-5
2813,46874,44278,36896,1.636289880917934e-4,1.70619222659546e-4,1.4642452800383185e-4
2810,7633,7143,5393,2.6645476513731685e-5,2.7524574449097454e-5,2.140252275381248e-5
2806,39601,40581,53599,1.3824020901615202e-4,1.5637333833386864e-4,2.1271162934945209e-4
2672,690,825,374,2.408670089673112e-6,3.1790247683753885e-6,1.4842468959625194e-6
2568,2172,1816,3021,7.582074543144926e-6,6.997707853781461e-6,1.1989063830756073e-5
2403,7398,4714,5350,2.582513235275606e-5,1.816475485832919e-5,2.1231874046522673e-5
2242,42353,52649,23436,1.4784696276510915e-4,2.0287572730932828e-4,9.30075140475337e-5
2197,111862,116364,77368,3.9049080227683135e-4,4.4839277351179844e-4,3.070406787348348e-4
2193,15740,16283,21529,5.494560465428229e-5,6.274431551934114e-5,8.543944230796011e-5
2044,2678,22825,2825,9.348432608905209e-6,8.795301859171908e-5,1.1211223211481597e-5
2042,3744,6922,8445,1.306965335613932e-5,2.667298114750841e-5,3.351461239680074e-5
2040,24782,53940,26221,8.65096553076508e-5,2.078504194014163e-4,1.040599942754899e-4
2039,36878,12137,16268,1.2873468922748553e-4,4.676827104699647e-5,6.456077139978146e-5
2037,30960,39783,44641,1.0807597967576746e-4,1.5329835437609464e-4,1.7716113818893806e-4
2017,38379,38624,52675,1.3397441937907878e-4,1.4883230624694667e-4,2.0904466643001528e-4
2011,37446,27453,33935,1.307174785186947e-4,1.057863842014661e-4,1.346735786483639e-4
1973,1450,4631,12677,5.061698014530453e-6,1.7844925699813848e-5,5.030962005378839e-5
1968,7369,5355,6373,2.5723898392465453e-5,2.0634760769272976e-5,2.5291725850184857e-5
1921,9519,4498,5083,3.322917475883819e-5,1.733242837351818e-5,2.0172264631490606e-5
1830,6024,6780,2538,2.102873713071134e-5,2.6125803551012284e-5,1.007224230468683e-5
1809,14443,18610,26324,5.041800305094022e-5,7.171109204783755e-5,1.0446875745806782e-4
1799,48778,47661,111460,1.7027552120880442e-4,1.8365515089156288e-4,4.4233732359353587e-4
1786,5780,5844,5439,2.0176975533783458e-5,2.251905545016457e-5,2.1585077184866694e-5
1781,104121,97923,94965,3.634683165316726e-4,3.773328998710584e-4,3.7687568576224775e-4
1771,13822,20212,15997,4.825019997023442e-5,7.788418014351922e-5,6.348528768639686e-5
1767,202068,103101,116050,7.053842720000961e-4,3.97285615326389e-4,4.605530809530759e-4
1746,5525,5887,10519,1.9286814848469483e-5,2.268475007445565e-5,4.174543609259289e-5
1740,13417,16836,45726,4.6836415352382815e-5,6.487522545499157e-5,1.814670416170646e-4
1732,33151,18753,42272,1.1572437991703382e-4,7.226212300768929e-5,1.6775958498964604e-4
1721,4212,7812,6997,1.4703360025656734e-5,3.0102474533998224e-5,2.7768116393181147e-5
1713,10035,11850,17127,3.503044108676765e-5,4.56623557639374e-5,6.79697769709895e-5
1710,18600,18599,39719,6.49293676346665e-5,7.166870505092588e-5,1.576278140661372e-4
1708,3814,3087,5813,1.3314011191323548e-5,1.1895332678757362e-5,2.3069324080829212e-5
1681,181857,164570,189468,6.348311833299755e-4,6.341480074321668e-4,7.519178900647771e-4
1380,1004074,1011285,1069559,0.0035050478429252754,0.003896848561074551,0.004244624667911166
1148,8858,9744,10583,3.0921738629455685e-5,3.7547172537030044e-5,4.199942486623354e-5
816,50887,62764,49216,1.7763767370028354e-4,2.4185249765128834e-4,1.9531736692965604e-4
782,4821,66294,8694,1.6829273191759526e-5,2.554548702965794e-4,3.4502787469246375e-5
592,3225116,3624933,3649561,0.011258319485400271,0.013968183988728851,0.014483555042448847
573,23818,43826,21753,8.314449883454229e-5,1.6887750242281185e-4,8.632840301570237e-5
479,48540,34050,45143,1.6944470456917805e-4,1.312070222584024e-4,1.7915336263218186e-4
473,6827,3461,5146,2.3831870582896137e-5,1.3336490573754205e-5,2.0422284830543115e-5
136,13364,50529,17468,4.6651401562886185e-5,1.9470659699544242e-4,6.932306090554356e-5
99,1378271,1559951,1263445,0.004811304540817173,0.006011058019941764,0.0050140757205063245
61,22215,23581,20073,7.754870440882345e-5,9.086616128855762e-5,7.966119770763544e-5
54,1226760,1157915,1113203,0.0042824059698657775,0.004461867229907137,0.004417829137235734
