BinBase name,L1_SAT_907,L2_SAT_907,L3_SAT_907,normL1_SAT_907,normL2_SAT_907,normL3_SAT_907
zymostenol,838,797,941,3.2429295013712233e-6,2.9837743585820134e-6,3.86571525649181e-6
xylulose,261589,261342,218587,0.0010123086937162255,9.784009515941537e-4,8.979756650061373e-4
xylose,12185,30164,23392,4.7154052475188965e-5,1.1292668726758827e-4,9.609650507954985e-5
xanthosine,11156,18409,8341,4.317198271753862e-5,6.89188232962814e-5,3.426560143931794e-5
xanthine,466731,604097,303232,0.0018061762877141913,0.0022615923948510895,0.0012457051739176667
valine,2244586,1987930,2445311,0.008686198278955642,0.0074423269267954095,0.010045564335353075
uridine-5'-monophosphate,4186,2634,2092,1.6199168129761265e-5,9.8610560357654e-6,8.594129985739496e-6
uridine,129934,192985,104856,5.028243458605829e-4,7.224889518079672e-4,4.3075817102519146e-4
uric acid,1501309,1114566,1041203,0.005809832036723305,0.004172664305831016,0.004277358472056367
urea,183851,241894,98698,7.114747395663494e-4,9.055923647363081e-4,4.0546053600980724e-4
uracil,608811,628924,538859,0.0023560037621232887,0.0023545386508115862,0.0022136827389988524
undecanoic acid,25339,24103,19393,9.805798405160551e-5,9.023577586562392e-5,7.96682422626415e-5
UDP-N-acetylglucosamine,36752,55690,25563,1.422245167474883e-4,2.0848982939702926e-4,1.0501517439075465e-4
UDP-glucuronic acid,5165,6507,5517,1.9987745673725976e-5,2.4360627040518393e-5,2.2664347577115105e-5
tyrosine,3361821,288261,6417435,0.013009723746097025,0.0010791791472762984,0.02636341805211957
tryptophan,4664804,4468705,3653752,0.01805206504739199,0.016729745790548603,0.015009952018955858
trisaccharide,1625,1587,710,6.2884969447831e-6,5.94134241790421e-6,2.9167458364603453e-6
tridecanoic acid,1236213,946051,892488,0.00478395179913917,0.003541785088721295,0.003666423462099747
tocopherol gamma-,1098,900,1291,4.249089012536519e-6,3.3693813334050336e-6,5.303547711084937e-6
tocopherol alpha-,4074,6020,3048,1.5765745571105446e-5,2.2537417363442558e-5,1.252146663314244e-5
thymine,4369,3539,3849,1.6907349631850685e-5,1.3249156154356017e-5,1.5812048907797e-5
threonine,1856090,1822960,1704681,0.007182779257995362,0.0068247193283822675,0.007002987618652193
terephthalic acid,2189,2745,5565,8.471089115157049e-6,1.0276613066885353e-5,2.2861536028030732e-5
tagatose,2125,2441,956,8.223419081639438e-6,9.138510927601876e-6,3.927336647402944e-6
sucrose,8735,20165,12951,3.380308973088023e-5,7.549286065345833e-5,5.320390891267314e-5
succinic acid,461207,534841,269355,0.0017847992679462027,0.0020023147574885353,0.0011065353165912342
stigmasterol,184,128,978,7.120513463631326e-7,4.792009007509381e-7,4.01771468740594e-6
stearic acid,1326084,1791521,1118797,0.005131738573862002,0.006707019350892355,0.004596121819146936
squalene,2397,3908,2757,9.276016724089286e-6,1.463060250105208e-5,1.1326011649466439e-5
spermidine,106986,107015,75654,4.1401915946742446e-4,4.006381593270441e-4,3.107936471993957e-4
sorbitol,4188025,129058,4568110,0.016207004564415532,4.831617956962076e-4,0.018766219469004038
sophorose,70878,106144,68717,2.7428682243220713e-4,3.9737734694771543e-4,2.8229580794935993e-4
shikimic acid,12069,12836,8281,4.67051505394383e-5,4.8054865328430016e-5,3.40191158756734e-5
serine,9137000,7196441,9469926,0.03535876712891273,0.02694172663594517,0.0389033341297008
salicyl alcohol,45720,60338,52376,1.769292801941436e-4,2.258908121055477e-4,2.1516546469077047e-4
saccharic acid,43809,48586,29505,1.6953400778707867e-4,1.818941794053522e-4,1.2120927592220068e-4
ribulose-5-phosphate,5088,3124,2627,1.96897676646501e-5,1.1695496983952583e-5,1.0791959594903276e-5
ribose-5-phosphate,1452,2733,5278,5.619013885430807e-6,1.0231687982439953e-5,2.1682513415264367e-5
ribonic acid,29825,35647,24381,1.1541810546348058e-4,1.3345370710209916e-4,1.0015940878695729e-4
ribitol,261494,337608,200503,0.0010119410585102226,0.0012639223257868962,8.236849161236741e-4
quinic acid,2653,4460,2136,1.0266696858159731e-5,1.66971563855405e-5,8.77488606574549e-6
pyrophosphate,488030,817236,63860,0.0018886001008999976,0.003059533025985107,2.623428015723347e-4
putrescine,183577,211118,142473,7.10414402235352e-4,7.903744981620043e-4,5.852922951521335e-4
pseudo-uridine,89299,68409,49113,3.4557322379826834e-4,2.561066751521166e-4,2.017607581212351e-4
prunin,30741,28025,14902,1.189628828182014e-4,1.0491879096519563e-4,6.121879782384797e-5
propyleneglycol,492060,857343,551459,0.0019041955733230598,0.0032096838894727464,0.0022654447073642047
proline,2147664,1716206,1442630,0.008311125232258862,0.00642505828964191,0.005926457811341954
pipecolinic acid,2697,3938,8296,1.043697000620309e-5,1.4742915212165582e-5,3.408073726658454e-5
phthalic acid,98812,63505,35041,3.82387052374097e-4,2.3774729064209629e-4,1.4395167726113654e-4
phosphoinositol,30049,44474,15447,1.1628495058079222e-4,1.664998504687283e-4,6.345770836028585e-5
phosphoethanolamine,818782,795694,247843,0.003168558834119013,0.0029788850118915387,0.0010181620258392131
phosphate,1808692,2283438,2017005,0.006999356379109929,0.008548637081319694,0.008286043571647462
phenylalanine,5699968,4244790,5347192,0.0220579885251455,0.015891462433582616,0.02196676056725925
phenylacetic acid,2524,3577,2785,9.767486946850797e-6,1.339141892176645e-5,1.144103824583389e-5
pentadecanoic acid,268773,449883,172891,0.0010401096549785772,0.0016842526471291743,7.102522597344585e-4
pelargonic acid,103778,105666,66633,4.0160469903735416e-4,3.9558783108397365e-4,2.737345427054397e-4
parabanic acid,34838,56891,41445,1.3481763480760223e-4,2.1298608159860642e-4,1.7025990308746337e-4
pantothenic acid,65725,116029,77515,2.543455148897657e-4,4.343843852596141e-4,3.184388077651037e-4
palmitoleic acid,330598,440713,236905,0.0012793627772008636,0.001649922395098814,9.732277075868141e-4
palmitic acid,1294881,1815706,1010541,0.005010987822989345,0.006797562114835023,0.004151396132848554
palatinitol,142558,145164,100120,5.516772599719318e-4,5.434587465360093e-4,4.1130224386818275e-4
oxoproline,7967465,10383054,5806524,0.030832848806256172,0.038871631479262744,0.023853739015925447
ornithine,793175,614905,787401,0.0030694637318020523,0.002302054920908247,0.003234716321654524
oleic acid,404281,622705,297355,0.0015645045128208346,0.002331256225797757,0.0012215619129586845
octadecanol,7634,8395,3091,2.9542391185522576e-5,3.142884032659473e-5,1.2698114620421023e-5
nonadecanoic acid,5829,34440,21412,2.2557322271471192e-5,1.289349923582993e-4,8.796248147928015e-5
N-methyl-UMP,40710,50776,33570,1.5754136038284306e-4,1.9009300731663779e-4,1.37908672859118e-4
N-methylethanolamine,1513962,1588939,1308762,0.0058587971763185915,0.005948601562799179,0.005376515654109175
nicotinic acid,357014,358228,306665,0.0013815885835352577,0.0013411185958922428,0.0012598082562508615
nicotinamide,34012,36538,30620,1.3162114343751556e-4,1.3678939462217013e-4,1.2578979931326164e-4
n-epsilon-trimethyllysine,45625,39344,32968,1.7656164498814088e-4,1.472943768683196e-4,1.3543560103721782e-4
N-alpha-acetyllysine,45591,33071,30588,1.7643007028283466e-4,1.2380978897448653e-4,1.2565834034598456e-4
N-acetylserine,12605,36127,29767,4.8779387070148294e-5,1.3525071047991517e-4,1.222855962167818e-4
N-acetylputrescine,40356,139756,124169,1.5617143550994878e-4,5.232125084792821e-4,5.100977658696402e-4
N-acetylglucosamine-6-phosphate,5049,5348,4903,1.9538843737975305e-5,2.0021612634500134e-5,2.0141978642486018e-5
N-acetylgalactosamine,22456,51991,23023,8.690122301049187e-5,1.9464167211673456e-4,9.458061886313595e-5
N-acetylaspartic acid,7296,9661,4613,2.823438382100769e-5,3.616843673558448e-5,1.8950631751537425e-5
myristic acid,1351489,1309506,918140,0.0052300519676356716,0.0049024723026465464,0.003771804256743241
myo-inositol,1130880,1657229,995411,0.004376329492256192,0.006204262730863878,0.0040892406898828575
methionine sulfoxide,882142,915480,307337,0.0034137521673014482,0.0034273346923396003,0.0012625688945636804
methionine,843185,508787,1019928,0.0032629946439304233,0.0019047749116434965,0.004189958799280742
methanolphosphate,19939,26342,15034,7.716082497355706e-5,9.861804787172823e-5,6.176106606386596e-5
melezitose,1285,1041,3653,4.97274989172079e-6,3.897251075638489e-6,1.5006862733224846e-5
maltotriose,72692,81564,33194,2.813067199447219e-4,3.053557989753869e-4,1.3636402999361223e-4
maltotriitol,18200,18349,10799,7.043116578157071e-5,6.869419787405441e-5,4.436329336328911e-5
maltose,314571,393530,4945763,0.0012173407830260705,0.0014732807068165365,0.020317653011788204
maltitol,1961,3695,10118,7.588764620750559e-6,1.3833182252146222e-5,4.1565682215923625e-5
malonic acid,2087,2361,2099,8.076364999238357e-6,8.839010364632539e-6,8.622886634831358e-6
malonamide,1112,713,807,4.3032668323684965e-6,2.66929876746421e-6,3.315230831019012e-6
malic acid,154385,47995,76346,5.974459081971316e-4,1.7968161899641622e-4,3.1363644736676267e-4
maleimide,58005,66503,77484,2.2447031709670382e-4,2.489710742393722e-4,3.1831145689055403e-4
lysine,2444897,3235677,3775629,0.009461370655267302,0.012113588538586666,0.015510634036294275
loganin,85128,89420,63048,3.2943210333261276e-4,3.347667542589757e-4,2.5900703027767865e-4
linolenic acid,74581,108199,48104,2.8861685577776517e-4,4.050707676589903e-4,1.9761569255927948e-4
linoleic acid,160815,263578,114943,6.223290068771042e-4,9.867719923291466e-4,4.721965023665654e-4
lignoceric acid,5927,6015,4625,2.2936567010295035e-5,2.2518698578256975e-5,1.899992886426633e-5
leucrose,35234,44252,7396,1.3635009313999244e-4,1.656687364064884e-4,3.0383453811916496e-5
leucine,9498447,8003675,10653223,0.036757510732113356,0.029963814604045038,0.04376442792976561
L-DOPA,6622109,1421739,1864501,0.025626530593551182,0.005322645386193266,0.00765954299834669
lauric acid,391444,298526,258450,0.001514827321879185,0.0011176088132623012,0.0010617365653988397
lactulose,59086,188907,45501,2.2865361875658722e-4,7.072219106106052e-4,1.8692232718983402e-4
lactose,88574,313953,144613,3.4276758669982664e-4,0.0011753637530739006,5.940836135887885e-4
lactobionic acid,33486,37152,24051,1.295856053495427e-4,1.390880614429598e-4,9.880373818691234e-5
lactitol,1303061,1406293,725950,0.005042643149148315,0.005264819314997961,0.0029822699154625175
lactic acid,2230811,183650,2104726,0.00863289117408525,6.875409798664827e-4,0.008646409573788502
kynurenine,117036,85550,14078,4.5291109441823686e-4,3.2027841452533405e-4,5.783372941646301e-5
kynurenic acid,4820,11236,5701,1.86526493992951e-5,4.206485406904329e-5,2.3420236638958347e-5
ketoisoleucine,22609,38710,36227,8.749330918436992e-5,1.4492083490678763e-4,1.4882387523584354e-4
isoxanthopterin,58558,52160,43776,2.2661034098006694e-4,1.9527436705600728e-4,1.7983586723505361e-4
isothreonic acid,14975,23241,11145,5.7950917998847334e-5,8.700865729962932e-5,4.57846934469726e-5
isomaltotriose,11292,733,5359,4.369828153876355e-5,2.744173908206544e-6,2.201526892618449e-5
isomaltose,6224,3684,5314,2.4085910759587702e-5,1.3792000924737938e-5,2.1830404753451088e-5
isoleucine,7253047,6315954,8273818,0.02806816239991891,0.023645397233605397,0.033989611553705154
isoheptadecanoic acid,55469,102883,33573,2.1465639201856849e-4,3.851689552496779e-4,1.3792099713730023e-4
isogluconic acid,1641905,2090499,1352600,0.006353916662230213,0.007826320342335434,0.005556606223093328
inulotriose,55448,60574,111525,2.145751252888205e-4,2.2677433876630725e-4,4.5815504142428167e-4
inosine-5-monophosphate,6162,9692,6993,2.3845980414617515e-5,3.6284493203735095e-5,2.8727892442770693e-5
inosine,2586668,2743741,1926111,0.010010002347795822,0.010271899676775623,0.007912642591282354
indole-3-acetate,3625,9608,7178,1.4028185492208453e-5,3.597001761261729e-5,2.948788959734135e-5
hypoxanthine,1716765,2017010,1154870,0.006643613204560344,0.007551195381434763,0.004744313048102759
hypotaurine,4279,2900,12327,1.6559063647216544e-5,1.0856895407638442e-5,5.064045905076996e-5
homoserine,15353,15868,15407,5.941371913431073e-5,5.940593666496786e-5,6.329338465118949e-5
histidine,8113532,6709617,4903193,0.031398105349784565,0.02511917586010787,0.020142771504382408
heptanoic acid,21418,21777,14997,8.288432465437812e-5,8.152779699729046e-5,6.160906663295183e-5
heptadecanoic acid,37987,56244,27415,1.4700377442552345e-4,2.1056387079559192e-4,1.12623362121916e-4
guanosine,113973,105585,91694,4.410577614078549e-4,3.952845867639672e-4,3.7668745454703506e-4
glycyl-proline,60598,36593,43067,2.345048232984408e-4,1.3699530125921156e-4,1.7692322949132067e-4
glycyl-glycine,31694,38741,30979,1.2265084441104957e-4,1.4503689137493824e-4,1.2726460460240146e-4
glycolic acid,26189,44331,28253,1.0134735168426129e-4,1.659644932124206e-4,1.160659438274847e-4
glycine,3097404,2783786,3019255,0.01198647113277474,0.010421818427326961,0.012403379507693069
glycerol-alpha-phosphate,196697,341036,160679,7.611867591064624e-4,0.0012767559249101323,6.600842313473405e-4
glycerol-3-galactoside,132086,148892,86833,5.111522507376126e-4,5.574154727703804e-4,3.567180157991002e-4
glycerol,3376708,3954712,2913379,0.013067334117799785,0.014805480879769876,0.011968431082085921
glyceric acid,129329,104541,81020,5.004830900749868e-4,3.9137610441721736e-4,3.3283767277467207e-4
glutaric acid,4043,1346,3697,1.5645780398620353e-5,5.0390969719590834e-6,1.5187618813230838e-5
glutamine,9207638,10691516,11471930,0.03563212518871924,0.04002643826244583,0.0471277522023444
glutamate,7323979,5782305,6195440,0.028342658193941897,0.021647545034505104,0.025451442007098424
glucose-6-phosphate,39903,28278,22432,1.5441839605395693e-4,1.0586596149558616e-4,9.215273606123726e-5
glucose,8001341,9879610,8174138,0.030963943650872464,0.03698685946146856,0.03358011687063703
gluconic acid lactone,197792,248594,161012,7.654242385861777e-4,9.3067553688499e-4,6.614522262255677e-4
gluconic acid,150975,183790,119824,5.842497392237714e-4,6.880651058516791e-4,4.922481029690485e-4
galacturonic acid,41235,61847,36016,1.5957302862654223e-4,2.315401414745568e-4,1.4795706767036028e-4
galactose,254046,313114,36095,9.831184583596107e-4,0.0011722227409197597,1.4828160699582556e-4
galactinol,4598,5464,3204,1.779354397053089e-5,2.0455888450805672e-5,1.3162329098618234e-5
fumaric acid,161083,54890,92069,6.233661251424591e-4,2.054948237673359e-4,3.782279893198134e-4
fructose-6-phosphate,22028,15689,13258,8.524492966134285e-5,5.8735804155323974e-5,5.446509337998768e-5
fructose-1-phosphate,7983,7262,5544,3.0892966837048297e-5,2.7187163603541507e-5,2.2775266080755144e-5
fructose,282471,368585,228129,0.0010931187818398935,0.0013798926875256605,9.371750858110734e-4
ethanolamine,10299149,11748548,9699125,0.039856102781763644,0.043983709250903384,0.039844904874730205
erythritol,228359,373069,214729,8.837137685007532e-4,0.0013966796940800916,8.821266432637936e-4
ergosterol,17886,13628,2596,6.921603467962494e-5,5.101992090182644e-5,1.06646087203536e-5
Dopamine,433092,108573,60793,0.0016759985961907707,4.064709327908719e-4,2.497432811773715e-4
digalacturonic acid,7776,6764,3581,3.0091909072389774e-5,2.532277259905739e-5,1.4711080056851402e-5
dehydroabietic acid,30103,32063,27190,1.1649392217157272e-4,1.2003608188107289e-4,1.1169904125824899e-4
cytidine,4890,3797,3221,1.892353849845499e-5,1.4215045469932126e-5,1.3232166674984185e-5
cystathionine,79514,93009,52109,3.077067975799898e-4,3.4820309826518755e-4,2.1406860393255228e-4
citrulline,394628,424820,378763,0.0015271489060466863,0.0015904228645079184,0.001555993525711591
citric acid,68563,58971,47642,2.653281329385623e-4,2.2077309623580915e-4,1.9571775371921655e-4
cholesterol,73843,101826,78312,2.857609107037652e-4,3.812118040614455e-4,3.2171295766884867e-4
chenodeoxycholic acid,1256,1020,523,4.860524407783122e-6,3.818632177859038e-6,2.148532496434874e-6
cerotinic acid,1269,7179,3236,4.910832383341387e-6,2.687643176946082e-5,1.329378806589532e-5
cellobiose minor,7189,6219,1022,2.7820310483720434e-5,2.3282425013828783e-5,4.198470767411933e-6
caproic acid,28287,35416,22122,1.0946628497051049e-4,1.325888992265252e-4,9.08792273157405e-5
capric acid,8670,10971,7634,3.355154985308891e-5,4.107275845420736e-5,3.1361179881039826e-5
campesterol,19523,17804,11662,7.555096975569258e-5,6.66538502888258e-5,4.790857738704302e-5
butylamine,137768,158237,9503,5.331407059008481e-4,5.92400882282236e-4,3.903920518856712e-5
biphenyl,5569,8976,6204,2.15511627603059e-5,3.360396316515954e-5,2.5486607280845043e-5
biopterin,13001,22580,10052,5.0311845402538515e-5,8.453403389809517e-5,4.129454809591463e-5
beta-sitosterol,401006,423947,336828,0.0015518307728244257,0.0015871545646145154,0.0013837206571876972
beta-alanyl lysine,410402,372220,347232,0.00158819182962023,0.0013935012443555797,0.0014264612539236598
beta-alanine,2030696,1310957,612456,0.007858477287251238,0.004907904494107403,0.002516026039457968
Benzaldehyde-4-carboxylic acid,7499,9941,7412,2.9019962208571363e-5,3.721668870597715e-5,3.044918329555504e-5
behenic acid,63007,66918,30982,2.4382727815381463e-4,2.5052473340977563e-4,1.2727692888058368e-4
azelaic acid,11664,14807,6106,4.513786360858466e-5,5.543381044858704e-5,2.508401419355897e-5
aspartate,818912,119433,822738,0.0031690619138745957,4.471281342139593e-4,0.0033798839943629737
asparagine,1780643,1523670,1518123,0.006890811117076562,0.005704250284743609,0.006236590055612237
arachidic acid,115869,139624,90401,4.4839498615081413e-4,5.227183325503827e-4,3.713756906504953e-4
arabitol,1106549,2023148,1313658,0.0042821723112324885,0.007574174562128586,0.005396628876102569
arabinose,18933,13609,9745,7.32677616342021e-5,5.094878951812123e-5,4.0033363628600085e-5
alpha-ketoglutarate,797959,624146,613631,0.003087977066807494,0.0023366509796882424,0.002520853048412673
alpha-aminoadipic acid,4441,2319,1599,1.7185978419557998e-5,8.681772569073636e-6,6.5688402711268895e-6
allantoin,58696,42818,10023,2.2714437948983927e-4,1.6030018881526303e-4,4.1175413406819775e-5
allantoic acid,100155,136147,65468,3.8758425323369314e-4,5.097012893323279e-4,2.689486146780083e-4
alanine,17640984,27534674,24820905,0.06826786091505695,0.10308312955221435,0.10196657931820811
adipic acid,14843,21882,16353,5.744009855471726e-5,8.192089148618772e-5,6.717964037131834e-5
adenosine-5-monophosphate,9006,11000,7413,3.485181752905637e-5,4.1181327408283744e-5,3.0453291388282448e-5
adenosine,9245,14516,10643,3.57767103104737e-5,5.434437715078608e-5,4.372243089781331e-5
adenine,10121,14729,9048,3.9166693894246e-5,5.514179739969194e-5,3.717002299759606e-5
aconitic acid,1549,1253,1233,5.994388779980937e-6,4.6909275675072304e-6,5.065278332895219e-6
9-myristoleate,96541,53720,40177,3.7359863602849555e-4,2.0111462803390934e-4,1.6505084150910884e-4
6-methylcholecalciferol,1084,681,718,4.194911192704542e-6,2.5494985422764757e-6,2.9496105782796167e-6
5-methyluridine,593,711,670,2.2948176543116174e-6,2.6618112533899766e-6,2.7524221273639874e-6
5-aminovaleric acid,20189,34164,15954,7.812828604198523e-5,1.2790171541605507e-4,6.554051137308217e-5
4-hydroxybutyric acid,803,1152,601,3.1074849517912796e-6,4.3128081067584435e-6,2.468963729172771e-6
3-phosphoglycerate,56113,35673,30872,2.1714857173083944e-4,1.3355104478506418e-4,1.2682503868056868e-4
3-hydroxypropionic acid,68540,57814,25208,2.652391265202669e-4,2.1644156934386513e-4,1.0355680147252448e-4
3-hydroxykynurenine,210032,29171,53063,8.127911324964209e-4,1.0920913652973137e-4,2.179877243945004e-4
3-hydroxy-3-methylglutaric acid,5404,5008,4385,2.0912638455143306e-5,1.8748735241880454e-5,1.801398660968819e-5
"3-Aminopiperidine-2,6-dione",50795,49800,63839,1.9656873988323543e-4,1.8643910044841187e-4,2.622565316250591e-4
3-aminoisobutyric acid,6793,5119,1920,2.6287852151330213e-5,1.916429227300041e-5,7.887538036625158e-6
"3,6-anhydro-D-galactose",27438,31779,20688,1.0618078718212843e-4,1.1897285488253175e-4,8.498822234463608e-5
"3,4-dihydroxyphenylacetic acid",12735,8912,13016,4.928246682573094e-5,3.3364362714784065e-5,5.347093493995472e-5
2-picolinic acid,2887,4216,2495,1.1172240418208498e-5,1.5783679668484025e-5,1.0249691354885297e-5
2-monoolein,31876,34801,12207,1.2335515606886528e-4,1.3028648864869843e-4,5.014748792348089e-5
2-ketoisovaleric acid,37037,39151,46094,1.4332742236549642e-4,1.4657183176015607e-4,1.8935842617718752e-4
2-ketoisocaproic acid,84597,106830,133129,3.273772160232713e-4,3.999455642751775e-4,5.469062767072243e-4
2-hydroxyglutaric acid,1387031,3773404,4636780,0.005367593972811968,0.01412670777888432,0.01904832219659521
2-Deoxyinosine,3302,1422,2439,1.277822579179926e-5,5.323622506779953e-6,1.0019638162150397e-5
2-amino-4-oxo-4-phenylbutanoic acid,13847,2735,3634,5.358573365809944e-5,1.0239175496514186e-5,1.4928808971404076e-5
"2,6-diaminopimelic acid",1298,2347,2218,5.023057867279055e-6,8.786597766112905e-6,9.111749669393022e-6
1-monopalmitin,1982,4802,2502,7.670031350498526e-6,1.7977521292234413e-5,1.027844800397716e-5
1-kestose,4359,7678,26009,1.686865118911356e-5,2.8744566530982054e-5,1.0684738374717903e-4
588382,136727,135929,103580,5.291121980119132e-4,5.088851502982365e-4,4.2551624470501767e-4
588380,44621,53944,42744,1.7267632133733334e-4,2.019532296102235e-4,1.755963155403676e-4
588375,24495,32406,15790,9.479183548459201e-5,1.2132019054480392e-4,6.486678416578711e-5
588374,58133,66503,77407,2.2496565716373905e-4,2.489710742393722e-4,3.179951337505436e-4
588356,4669,2657,2098,1.8068302913964488e-5,9.947162447619084e-6,8.618778542103949e-6
562527,59607,52814,26398,2.3066980762319152e-4,1.977227841582816e-4,1.0844543181814111e-4
554665,2167,1594,1290,8.385952541135371e-6,5.967548717164027e-6,5.299439618357528e-6
553510,14389,16890,16347,5.5683189254451705e-5,6.323205635690113e-5,6.715499181495388e-5
553483,49151,57860,50752,1.9020671589725177e-4,2.166137821675725e-4,2.0849392210145837e-4
553440,29139,35416,21629,1.1276339229171368e-4,1.325888992265252e-4,8.885393760112789e-5
553439,8774,12757,4683,3.395401365755503e-5,4.775910852249779e-5,1.9238198242456052e-5
553386,104664,147459,124461,4.0503338106386363e-4,5.52050668936192e-4,5.112973289460437e-4
553359,30822,37638,29005,1.1927634020437212e-4,1.4090752736299852e-4,1.1915522955849622e-4
553345,27851,34439,22716,1.0777903286717177e-4,1.2893124860126218e-4,9.33194343958214e-5
553344,115626,130343,114940,4.4745461399230195e-4,4.879725234889026e-4,4.721841780883832e-4
553268,37397,45058,39444,1.4472056630403297e-4,1.6868620457840446e-4,1.620396095399181e-4
553263,81037,99519,86081,3.136005704088542e-4,3.725749565768173e-4,3.536287300680887e-4
550987,22190,16956,12940,8.58718444336843e-5,6.347914432135083e-5,5.315871989267164e-5
545358,5797747,10617585,1971342,0.02243637802838485,0.039749658560934764,0.008098455733435789
545069,40904,3183,32178,1.5829211017194333e-4,1.1916378649142469e-5,1.3219020778256477e-4
544748,6534126,7388355,5367027,0.02528605008481712,0.027660206023966388,0.022048244586507403
544707,740,971,986,2.863684762547381e-6,3.6351880830403196e-6,4.050579429225211e-6
544105,37204,65657,14608,1.4397368635920643e-4,2.4580385578597144e-4,6.0011018561989746e-5
544078,2049,11690,7103,7.929310916837274e-6,4.3764519763894274e-5,2.9179782642785676e-5
544032,5150,2169,1548,1.9929698009620286e-5,8.120209013506132e-6,6.359327542029034e-6
541377,93412,66026,52235,3.6148989329604856e-4,2.471853021326675e-4,2.145862236162058e-4
540580,10030,19781,9416,3.8814538065338146e-5,7.405525795120553e-5,3.868180112128255e-5
539711,7199,4519,4362,2.785900892645756e-5,1.6918038050730386e-5,1.791950047695778e-5
539702,4136,9087,4659,1.6005675916075633e-5,3.401952019627949e-5,1.9139604016998237e-5
539604,6010,7751,5276,2.3257764085013188e-5,2.9017860794691576e-5,2.167429722980955e-5
534660,4252,5043,2571,1.64545778518263e-5,1.887976673817954e-5,1.0561906402168376e-5
524550,4111,1598,1303,1.5908929809232813e-5,5.982523745312493e-6,5.352844823813845e-6
521677,41773,36220,24293,1.6165500484579965e-4,1.3559887988436704e-4,9.97978966269453e-5
521666,4722,6840,1718,1.827340466047126e-5,2.5607298133878256e-5,7.057703305688553e-6
520868,45781,98208,34042,1.7716534069484006e-4,3.6766689110115727e-4,1.3984769262645501e-4
520865,10879,7244,5510,4.2100035853720214e-5,2.7119775976873404e-5,2.2635590928023242e-5
520862,4596,3466,2936,1.7785804281983464e-5,1.2975861890646496e-5,1.2061360247672639e-5
520631,95542,114902,88985,3.697326615990566e-4,4.3016517107878356e-4,3.655586313484842e-4
519942,1262,411,1342,4.8837434734253986e-6,1.5386841422549654e-6,5.513060440182793e-6
519090,104033,127796,92833,4.025915093271509e-4,4.7843717431536635e-4,3.813665721635538e-4
517908,9339,16493,11049,3.6140475672202686e-5,6.17457848131658e-5,4.539031654514134e-5
517902,10609,11734,5662,4.105517789981779e-5,4.392924507352741e-5,2.3260021022589398e-5
514161,800,714,843,3.0958754189701414e-6,2.6730425245013268e-6,3.4631221692057335e-6
513579,4675,5122,1784,1.8091521979606765e-5,1.917552354411176e-5,7.328837425697543e-6
511804,545,712,510,2.1090651291734087e-6,2.6655550104270935e-6,2.095127290978558e-6
511719,45359,32806,30013,1.7553226641133331e-4,1.228176933596506e-4,1.2329618702772442e-4
509844,82106,102797,95947,3.1773743393745304e-4,3.8484699214448587e-4,3.9415917291670525e-4
488159,98,217,225,3.7924473882384233e-7,8.123952770543248e-7,9.243208636670108e-7
486463,62,135,7249,2.3993034497018596e-7,5.05407200010755e-7,2.9779564180987383e-5
476084,1860,1593,1471,7.197910349105579e-6,5.96380496012691e-6,6.043004402018546e-6
474821,23916,24901,9041,9.255119565011238e-5,9.322329398124305e-5,3.7141266348504195e-5
474672,124776,139187,721804,4.8286368909677296e-4,5.210823107251627e-4,0.00296523776301468
474251,9881,8906,9215,3.823793126855496e-5,3.334190017256137e-5,3.785607448307335e-5
474221,81291,71072,49671,3.145835108543772e-4,2.660763001419584e-4,2.0405307386312928e-4
474043,37364,31443,25904,1.4459286144300046e-4,1.1771495251806053e-4,1.064160340108011e-4
425777,2838,1262,906,1.0982618048796577e-5,4.7246213808412804e-006,3.7219320110324965e-6
425770,30543,37771,23628,1.1819665365200629e-4,1.4140544704893503e-4,9.706601496321835e-5
425127,3806,20184,3768,1.4728627305750448e-5,7.556399203716355e-5,1.5479293396876874e-5
422265,168071,183084,208261,6.504085969271633e-4,6.854220133834747e-4,8.555554995029126e-4
421543,4686,4419,1797,1.8134090266617605e-5,1.6543662347018717e-5,7.382242631153859e-6
417901,21000,16109,15829,8.126672974796622e-5,6.0308182110912985e-5,6.502699978215605e-5
417820,3521,3595,3945,1.3625721687742335e-5,1.3458806548434552e-5,1.6206425809628256e-5
417688,4970,8522,5461,1.9233126040352004e-5,3.1904297470308556e-5,2.2434294384380204e-5
412153,2238,2842,2135,8.66071148456897e-6,1.0639757499485673e-5,8.77077797301808e-6
407336,168071,183084,30599,6.504085969271633e-4,6.854220133834747e-4,1.2570352936598606e-4
406926,8178,1833,3799,3.164758647042227e-5,6.862306649034919e-6,1.560664427142655e-5
406851,309730,280630,225275,0.0011986068668970273,0.0010506105373260606,9.254505891670482e-4
406846,202890,184759,116016,7.85152704693565e-4,6.916928064206451e-4,4.766044858630752e-4
405282,7987,11363,11449,3.090844621414315e-5,4.254031121275711e-5,4.703355363610492e-5
404192,18835,30172,12160,7.288851689537826e-5,1.129566373238852e-4,4.995440756529267e-5
404164,21385,71061,33587,8.27566197933456e-5,2.6603511881455013e-4,1.3797851043548395e-4
404049,29523,29004,10600,1.1424941249281936e-4,1.085839291045329e-4,4.3545782910534726e-5
400553,213,295,107,8.242768303008001e-7,1.1044083259494278e-6,4.3956592183275624e-7
400202,6294,5518,4081,2.4356799858747587e-5,2.0658051330809975e-5,1.676512642055587e-5
396760,2748,6051,2826,1.0634332064162436e-5,2.265347383159318e-5,1.1609470047657656e-5
396036,169037,159162,176561,6.541468664955697e-4,5.958638575415689e-4,7.253289600440493e-4
391901,139267,53181,174378,5.389416024671434e-4,1.9909674299090345e-4,7.163609936201155e-4
391335,2508,8200,2453,9.705569438471394e-6,3.0698807704356973e-5,1.0077151460334121e-5
390198,2254,10034,2820,8.722628992948374e-6,3.756485811042901e-5,1.1584821491293201e-5
390194,5867021,5152717,4355280,0.022704457620602022,0.019290520529020874,0.017891894093829595
390145,21006,26577,15033,8.128994881360849e-5,9.949783077545064e-5,6.175695797113854e-5
390130,50223,47980,29116,1.9435518895867177e-4,1.7962546264085948e-4,1.196112278512386e-4
389549,4241,6019,5031,1.6412009564815463e-5,2.2533673606405443e-5,2.0667814511594362e-005
385008,41235,61847,36016,1.5957302862654223e-4,2.315401414745568e-4,1.4795706767036028e-4
384914,8885,11244,7805,3.4383566371937135e-5,4.209480412534022e-5,3.206366373742675e-5
383524,41729,47136,48554,1.614847316977563e-4,1.7646573170153297e-4,1.994643342866135e-4
382948,9279,2617,4144,3.590828501577993e-5,9.797412166134415e-6,1.7023936262382635e-5
382947,1079,474,482,4.175561971335979e-6,1.7745408355933177e-6,1.9801006946111077e-6
382905,38441,33237,4516,1.4876068372578902e-4,1.244312526426479e-4,1.855214675697876e-5
382622,1171,1306,779,4.531587644517544e-6,4.889346690474416e-6,3.2002042346515617e-6
382616,117927,74298,84128,4.5635912566611487e-4,2.781536603436969e-4,3.4560562497145905e-4
382613,47518,18744,19598,1.8388726019827898e-4,7.01729819037155e-5,8.051040127176034e-5
382601,2306,3099,2356,8.923860895181432e-6,1.1601903058024667e-5,9.678666465775455e-6
381736,8011,8418,6636,3.1001322476712255e-5,3.151494673844842e-5,2.7261303339085704e-5
381214,43098,41189,2757,1.6678254850846895e-4,1.5420160860179992e-4,1.1326011649466439e-5
380652,4270,4540,4299,1.652423504875313e-5,1.6996656948509838e-5,1.7660690635131018e-5
380602,4727,6642,2287,1.8292753881839825e-5,2.486603424052915e-5,9.395208067584238e-6
380297,19575,7047,10358,7.575220165792564e-5,2.6382255840561416e-5,4.2551624470501764e-5
380205,14784,15270,14562,5.7211777742568215e-5,5.7167169956772075e-5,5.982204629652894e-5
379924,105498,124097,111644,4.0826083118814e-4,4.6458901703507166e-4,4.5864390445884333e-4
379876,2189,2743,3990,8.471089115157049e-6,1.026912555281112e-5,1.6391289982361656e-5
379063,15113,1511,3615,5.848495650861968e-5,5.65681688308334e-6,1.4850755209583306e-5
378996,58674,60460,155464,2.270592429158176e-4,2.2634755046407594e-4,6.386605277739029e-4
377666,1866,1662,1005,7.221129414747855e-6,6.222124195687963e-6,4.1286331910459816e-6
377276,915,1255,4156,3.5409075104470993e-6,4.698415081581464e-6,1.707323337511154e-5
377232,102251,113920,82140,3.956954468313949e-4,4.2648880166833495e-4,3.3743873662937004e-4
377204,28503,11748,13966,1.1030217133363242e-4,4.398165767204704e-5,5.737362303099321e-5
376958,14607,21934,12599,5.652681530612107e-5,8.211556685211778e-5,5.1757860272625196e-5
374861,124776,121007,721804,4.8286368909677296e-4,4.53020807790381e-4,0.00296523776301468
371572,2023,2711,9909,7.828694965720746e-6,1.0149325327623385e-5,4.0707090835895156e-5
371569,1510,1228,1003,5.843464853306142e-6,4.5973336415793125e-6,4.120417005591164e-6
371565,116629,25103,57034,4.5133606779883576e-4,9.397953290274063e-5,2.343009606150413e-4
371564,31677,30864,29296,1.2258505705839645e-4,1.1554731719356996e-4,1.2035068454217221e-4
371554,59933,53954,14389,2.3193137685642185e-4,2.0199066718059466e-4,5.911134625468719e-5
371553,31677,27259,29296,1.2258505705839645e-4,1.0205107307476423e-4,1.2035068454217221e-4
371547,168168,196926,151213,6.507839718217134e-4,7.372430982912441e-4,6.211970255896876e-4
371541,1768,1996,1641,6.841884675924013e-6,7.472539046084942e-6,6.7413801656780654e-6
371280,4643,5857,2812,1.7967686962847958e-5,2.1927184966392536e-5,1.155195674947393e-5
371271,11297,4302,23615,4.371763076013211e-5,1.610564277367606e-5,9.701260975776204e-5
370221,48916,68367,155464,1.892973024929293e-4,2.559494373565577e-4,6.386605277739029e-4
370173,11534,11974,5682,4.463478385300202e-5,4.482774676243541e-5,2.3342182877137578e-5
370157,2178,3221,2735,8.42852082814621e-6,1.2058641416552905e-5,1.1235633609463441e-5
367427,10262,17804,4962,3.971234193683949e-5,6.66538502888258e-5,2.0384356113403143e-5
367202,36688,30652,27949,1.4197684671397068e-4,1.1475364070170121e-4,1.1481708363835237e-4
366123,2107,2787,2816,8.15376188471261e-6,1.0433850862444254e-5,1.1568389120383566e-5
361344,2335,2851,1173,9.036086379119101e-6,1.0673451312819723e-5,4.818792769250683e-6
360157,15512,4998,9397,6.002902437383104e-5,1.871129767150929e-5,3.8603747359461775e-5
360148,34988,39965,30620,1.3539811144865915e-4,1.496192499883691e-4,1.2578979931326164e-4
360106,2581,2578,2389,9.988068070452419e-6,9.651405641686864e-6,9.8142335257799492e-006
359906,43031,43876,46057,1.665232689421302e-4,1.6426108376053252e-4,1.892064267462734e-4
357445,148430,168455,2026,5.744009855471726e-4,6.306545916874944e-4,8.322995865730506e-6
356187,4507,4434,3177,1.7441388141623034e-5,1.6599818702575465e-5,1.3051410594978191e-5
355602,2508,8200,2453,9.705569438471394e-6,3.0698807704356973e-5,1.0077151460334121e-5
354270,13355,27808,11405,5.16817702754328e-5,1.041063956881413e-4,4.685279755609892e-5
354256,113011,129211,85967,4.3733497121654333e-4,4.837345905228865e-4,3.5316040749716404e-4
354254,7030,7107,5433,2.720500524420012e-5,2.6606881262788417e-5,2.2319267788012753e-5
354252,201770,229249,147275,7.808184791070069e-4,8.582525570019673e-4,6.050193564291511e-4
354246,219314,230158,242936,8.48711027045022e-4,8.616556321487064e-4,9.980036148258173e-4
353481,447924,597799,272475,0.001733396126458477,0.0022380142130313287,0.00111935256590075
351741,1922,2456,1143,7.437840694075765e-6,9.194667283158625e-6,4.695549987428414e-6
351285,53074,34687,48439,2.053881149830266e-4,1.2985970034646712e-4,1.9899190362296148e-4
351222,9021,12178,4646,3.4909865193162056e-5,4.5591473198007224e-5,1.908619881154192e-5
350330,1907,2071,1181,7.379793029970075e-6,7.753320823868694e-6,4.851657511069954e-6
350308,8663,11355,6345,3.352446094317292e-5,4.251036115646018e-5,2.6065848355409704e-5
348293,2794,4179,80,1.0812344900753219e-5,1.5645160658110706e-5,3.2864741819271495e-7
347607,295991,383094,110914,0.001145439076420489,0.0014342108583771866,4.556449967678348e-4
346922,3732,3636,3817,1.444225882949571e-5,1.3612300586956336e-5,1.5680589940519913e-5
346416,11203,12066,7774,4.335386539840312e-5,4.517217240985015e-5,3.193631286287707e-5
346408,1833,3426,2639,7.093424553715336e-6,1.2826111609161829e-5,1.0841256707632184e-5
346346,2166,12242,1955,8.382082696861657e-6,4.583107364838269e-5,8.031321282084472e-6
346256,43462,26700,21973,1.6819117182410037e-4,9.9958312891016e-5,9.026712149935656e-5
346225,50122,36713,32044,1.939643346870268e-4,1.3744455210366557e-4,1.3163972335709196e-4
344676,30824,33028,28914,1.1928407989291956e-4,1.2364880742189052e-4,1.1878139312030199e-4
342924,42428,46271,47801,1.6418975284508146e-4,1.7322738186442702e-4,1.963709404628746e-4
342840,29964,35974,27503,1.1595601381752664e-4,1.3467791565323632e-4,1.1298487428192798e-4
342183,2361,3009,2026,9.13670233023563e-6,1.1264964924684164e-5,8.322995865730506e-6
341344,26614,13724,10276,1.0299203550058918e-4,5.1379321577389646e-5,4.2214760866854235e-5
328993,1976,4435,3177,7.646812284856249e-6,1.6603562459612584e-5,1.3051410594978191e-5
328824,16416,20769,14656,6.35273635972673e-5,7.775408990387682e-5,6.020820701290538e-5
324432,5257,5714,3526,2.034377134690754e-5,2.1391827710084848e-5,1.448513495684391e-5
323841,12356,11059,9896,4.781579584599384e-5,4.140220907347363e-5,4.0653685630438836e-5
321802,7531,11365,8943,2.914379722533017e-5,4.254779872683134e-5,3.673867326121812e-5
320847,136534,227185,213225,5.283653180670866e-4,8.505254424773584e-4,8.759480718017706e-4
320842,19800,7788,15152,7.6622916619511e-5,2.915637980506489e-5,6.22458210057002e-5
250667,4172,3750,503,1.614499030992929e-5,1.403908888918764e-5,2.066370641886695e-6
250558,4934,4822,2262,1.9093811646498348e-5,1.8052396432976747e-5,9.292505749399015e-6
242849,4189,4275,2816,1.6210777662582403e-5,1.600456133367391e-5,1.1568389120383566e-5
241382,3760,4245,3969,1.4550614469159665e-5,1.589224862256041e-5,1.630502003508607e-5
237707,13606,19866,11861,5.265310118813468e-5,7.437347729936045e-5,4.87260878397974e-5
234465,186830,187451,161399,7.230030056577394e-4,7.017710003645633e-4,6.63042058111075e-4
232320,25365,14901,19565,9.815860000272204e-5,5.578572361007601e-5,8.037483421175585e-5
230854,43320,25615,33716,1.6764165393723317e-4,9.589633650574438e-5,1.385084543973197e-4
228851,44971,51864,41513,1.7403076683313279e-4,1.9416621497302076e-4,1.7053925339292718e-4
228833,7446,9408,12348,2.8814860462064592e-5,3.522126620519395e-5,5.072672899804555e-5
228307,4454,5882,3042,1.7236286395116263e-5,2.2020778892320456e-5,1.2496818076777985e-5
227159,15023,17025,25158,5.8136670523985545e-5,6.37374635569119e-5,1.0335139683615403e-4
224423,1739,3358,2271,6.729659191986345e-6,1.2571536130637893e-5,9.329478583945695e-6
224377,10840,13749,8517,4.194911192704542e-5,5.147291550331756e-5,3.498862575934191e-5
223738,1650,2238,1211,6.3852430516259166e-6,8.378528249067185e-6,4.974900292892222e-6
223237,521,2644,2026,2.0161888666043046e-6,9.898493606136566e-6,8.322995865730506e-6
223227,8603,13663,9358,3.329227028675016e-5,5.115095239812553e-5,3.8443531743092826e-5
223171,2418,1755,1946,9.357283453837252e-6,6.570293600139816e-6,7.994348447537791e-6
223160,6903,6693,1050,2.6713535021438607e-5,2.50569658494221e-5,4.313497363779383e-6
223108,8537,7415,9506,3.3036860564685125e-5,2.775995843022036e-5,3.905152946674935e-5
222288,9316,11601,7690,3.6051469253907295e-5,4.3431325387590886e-5,3.159123307377472e-5
219979,24990,23906,15756,9.67074084000798e-5,8.949825572931193e-5,6.472710901305521e-5
219417,11092,5712,7521,4.2924312684021014e-5,2.1384340196010614e-5,3.089696540284261e-5
215929,3208,7073,1095,1.2414460430070267e-5,2.6479593523526447e-5,4.4983615365127855e-6
215683,15874,17871,17686,6.142990800091503e-5,6.690468201031263e-5,7.265572797695445e-5
215676,6620,5857,4719,2.5618369091977922e-5,2.1927184966392536e-5,1.9386089580642773e-5
215644,13547,19471,8022,5.242478037598563e-5,7.289469326969935e-5,3.295511985927449e-5
214058,6407,13316,6770,2.479409226167712e-5,4.985186870624603e-5,2.7811787764558503e-5
212017,10362,7815,8740,4.009932636421076e-5,2.9257461245067044e-5,3.5904730437554104e-5
211126,10816,14312,7186,4.185623566447631e-5,5.358065071521427e-5,2.952075433916062e-5
210861,7997,5193,6761,3.094714465688028e-5,1.9441330293747043e-5,2.777481493001182e-5
210845,3961,2816,3103,1.5328453168175914e-5,1.054241981652064e-5,1.2747411733149931e-5
210842,8826,4858,3496,3.415524555978809e-5,1.818717168631295e-5,1.4361892175021642e-5
210393,21127,31127,15610,8.175819997072772e-5,1.1653192529433165e-4,6.41273274748535e-5
210312,44595,87036,64140,1.7257570538621684e-4,3.258416374824895e-4,2.634930675360092e-4
210297,23982,37119,42968,9.280660537217741e-5,1.3896451746073495e-4,1.7651652831130718e-4
210259,38984,188907,5767,1.50862009166415e-4,7.072219106106052e-4,2.3691370758967338e-5
210228,56415,71470,59241,2.1831726470150067e-4,2.6756631544273086e-4,2.4336752126443283e-4
209687,347275,836689,360897,0.00134390017015357,0.003132360331628138,0.001482598341043703
209676,210531,227769,173356,8.147221847890036e-4,8.527117965870346e-4,7.121625228527036e-4
209172,6651263,8854780,7309330,0.025739352033507,0.03315014493712025,0.030027405415231963
208244,9750,9016,5158,3.77309816686986e-5,3.3753713446644204e-5,2.1189542287975294e-5
205795,494,254,1553,1.9117030712140622e-6,9.509142874276428e-7,6.379868005666078e-6
199152,8466,8673,5650,3.276210162125152e-5,3.246960478291317e-5,2.3210723909860492e-5
190197,26737,30981,19575,1.0346802634625584e-4,1.1598533676691261e-4,8.041591513902994e-5
190007,867,2806,2283,3.3551549853088906e-6,1.0504982246149471e-5,9.378775696674603e-6
189939,1051,7341,3829,4.067206331672023e-6,2.7482920409473727e-5,1.572988705324882e-5
189234,6440,5050,4109,2.492179712270964e-5,1.8905973037439355e-5,1.688015301692332e-5
188923,16409,19141,9288,6.350027468735131e-5,7.165925344745084e-5,3.815596525217421e-5
187931,9671,10393,8197,3.74252639710753e-5,3.890886688675391e-5,3.367403608657105e-5
187846,8906,6548,5486,3.44648331016851e-5,2.451412107904018e-5,2.2536996702565427e-5
187839,786,1176,581,3.041697599138164e-6,4.402658275649244e-6,2.3868018746245923e-6
187836,1569,1996,892,6.07178566545519e-6,7.472539046084942e-6,3.6644187128487716e-6
183432,1509,3085,1467,5.8395950090324295e-6,1.1549490459505033e-5,6.02657203110891e-6
170841,72816,63130,66222,2.817865806346623e-4,2.3634338175317754e-4,2.720461165944746e-4
170728,34181,28964,13959,1.3227514711977302e-4,1.0843417882304822e-4,5.7344866381901346e-5
170630,43897,44482,17544,1.6987455408316537e-4,1.6652980052502523e-4,7.207237880966239e-5
170487,22794,12022,22855,8.820923037500676e-5,4.5007447100217016e-5,9.389045928493125e-5
170319,38057,35865,14079,1.4727466352468333e-4,1.3426984613619058e-4,5.783783750919042e-5
170278,4616,4844,4118,1.7863201167457717e-5,1.8134759087793314e-5,1.691712585147e-5
170275,13550,3838,8554,5.243638990880677e-5,1.436853950845391e-5,3.514062519025604e-5
170242,5609,1583,2795,2.1705956531254404e-5,5.926367389755743e-6,1.1482119173107978e-5
169614,16906,20291,15140,6.542358729138652e-5,7.596457404013504e-5,6.219652389297131e-5
169611,38097,44448,29274,1.4742945729563186e-4,1.6640251278576327e-4,1.2026030650216922e-4
169610,60950,69473,45031,2.3586700848278764e-4,2.600900326396088e-4,1.8499152360795183e-4
168880,2392,1912,1303,9.256667502720722e-6,7.158063454967139e-6,5.352844823813845e-6
163829,3204,5208,2195,1.2398981052975417e-5,1.9497486649303795e-5,9.017263536662616e-6
163410,6578,8972,12169,2.545583563248199e-5,3.358898813701107e-5,4.999138039983935e-5
161401,29351,21629,17238,1.1358379927774078e-4,8.097372095579719e-5,7.081530243507525e-5
161388,5666,3774,3328,2.1926537654856027e-5,1.4128939058078442e-5,1.3671732596816942e-5
160575,7214,6090,7581,2.791705659056325e-5,2.2799480356040727e-5,3.114345096648715e-5
146435,19306,4098,14081,7.471121354829694e-5,1.5341916338104253e-5,5.7846053694645235e-5
146430,8568,8289,7025,3.3156825737170215e-5,3.103200208066036e-5,2.8859351410047782e-5
146264,3578,6359,1429,1.3846302811343958e-5,2.3806550999025122e-5,5.870464507467371e-6
138111,1004,1310,1405,3.885323650807527e-6,4.904321718622883e-6,5.771870282009556e-6
135765,23092,18873,11723,8.936244396857313e-5,7.0655926561503555e-005,4.8159171043414964e-5
135325,11770,9699,10725,4.554806710159821e-5,3.631069950299491e-5,4.405929450146085e-5
135323,6052,6243,6950,2.342029754450912e-5,2.3372275182719584e-5,2.855124445549211e-5
135260,28392,11514,13966,1.0987261861925032e-4,4.3105618525361735e-5,5.737362303099321e-5
135163,1127,1123,715,4.361314496474187e-6,4.204239152682059e-6,2.93728630009739e-6
134328,68166,88525,45393,2.637918047618983e-4,3.3141609171075624e-4,1.8647865317527386e-4
133924,1844,2264,1801,7.135992840726176e-6,8.475865932032218e-6,7.398675002063495e-6
133605,19161,18988,16154,7.41500861286086e-5,7.108645862077198e-5,6.636212991856396e-5
133467,45591,33071,30588,1.7643007028283466e-4,1.2380978897448653e-4,1.2565834034598456e-4
132335,74020,93949,61358,2.8644587314021234e-4,3.517222298800772e-4,2.520643535683575e-4
132248,6659,5091,3133,2.5769293018652714e-5,1.905946707596114e-5,1.28706545149722e-5
131989,12056,18474,8315,4.665484256388003e-5,6.916216750369399e-5,3.415879102840531e-5
131524,25295,32933,18427,9.788771090356217e-5,1.2329315050336442e-4,7.569982468796448e-5
131446,765828,542415,571086,0.002963635100448832,0.002030669973287657,0.00234607424332506
131427,1265,1270,3152,4.895353006246536e-6,4.754571437138214e-6,1.2948708276792968e-5
131421,536483,857667,551459,0.002076105665494198,0.0032108968667527724,0.0022654447073642047
130738,8683,2821,5139,3.360185782864717e-5,1.0561138601706222e-5,2.1111488526154525e-5
130659,9465,6106,7412,3.662807605069049e-5,2.2859380468634597e-5,3.044918329555504e-5
130582,35051,39492,34718,1.3564191163790304e-4,1.4784845290981288e-4,1.4262476331018347e-4
130549,4281,5796,4962,1.656680333576397e-5,2.1698815787128416e-5,2.0384356113403143e-5
130548,43850,24420,25198,1.6969267140230088e-4,9.142254684638991e-5,1.0351572054525039e-4
130530,53744,67422,49803,2.079809106464141e-4,2.524115869564824e-4,2.0459534210314729e-4
130528,4313,8546,16180,1.6690638352522776e-5,3.1994147639199354e-5,6.64689403294766e-5
130463,16611,53993,86795,6.428198323064128e-5,2.021366737050422e-4,3.5656190827545867e-4
128059,4113,3724,2755,1.591666949778024e-5,1.3941751206222606e-5,1.1317795464011621e-5
127630,5488,2587,4817,2.123770537413517e-5,9.685099455020914e-6,1.9788682667928847e-5
125960,26255,82900,11079,1.0160276140632633e-4,3.1035745837697476e-4,4.551355932696361e-5
125942,4483,13127,9127,1.7348511879053932e-5,4.914429862623098e-5,3.749456232306136e-5
125898,400,659,2763,1.5479377094850707e-6,2.467135887459908e-6,1.1350660205830892e-5
125897,23982,37119,42968,9.280660537217741e-5,1.3896451746073495e-4,1.7651652831130718e-4
125868,13476,4246,5158,5.2150021432552036e-5,1.5895992379597527e-5,2.1189542287975294e-5
125802,34807,32643,23634,1.3469766963511713e-4,1.2220746096260057e-4,9.70906635195828e-5
124996,25806,28429,22900,9.986520132742934e-5,1.0643126880819078e-4,9.407532345766465e-5
121191,2009,2908,2258,7.774517145888768e-6,1.0886845463935375e-5,9.27607337848938e-6
118967,480,752,644,1.857525251382085e-6,2.8153052919117617e-6,2.6456117164513553e-6
118602,18173,14088,15174,7.032667998618047e-5,5.274204913890013e-5,6.23361990457032e-5
118128,9273,12257,12821,3.588506595013765e-5,4.588723000393944e-5,5.266985685810998e-5
118125,13739,4257,3973,5.316779047653847e-5,1.593717370700581e-5,1.6321452405995707e-5
118060,220928,104631,105027,8.549569557027943e-4,3.917130425505579e-4,4.314606548815784e-4
117962,27292,6395,8709,1.0561578991816637e-4,2.3941326252361322e-5,3.577737956300443e-5
117769,47086,87468,44866,1.822154874720351e-4,3.274589405225239e-4,1.8431368830792937e-4
117750,65882,72779,40768,2.549530804407386e-4,2.7246689340431663e-4,1.6747872431100753e-4
117745,39212,31766,10295,1.5174433366082148e-4,1.1892418604104923e-4,4.2292814628675003e-5
117300,2121,2023,2132,8.207939704544587e-6,7.5736204860870926e-006,8.758453694835854e-6
117249,7716,5008,6053,2.9859718415967015e-5,1.8748735241880454e-5,2.4866285279006295e-5
117245,18161,5990,5170,7.028024185489593e-5,2.242510465232906e-5,2.1238839400704203e-5
117242,14603,9871,11755,5.651133592902622e-5,3.695462571337899e-5,4.829063001069205e-5
117235,5766,5075,5182,2.2313522082227295e-5,1.8999566963367275e-5,2.128813651343311e-5
117213,48646,33389,55777,1.8825244453902687e-4,1.2500030371228964e-4,2.2913708805668827e-4
117212,27619,25562,16405,1.0688122899567042e-4,9.56979173827772e-5,6.739326119314361e-5
117201,49052,71663,53571,1.8982360131415422e-4,2.6828886055089437e-4,2.2007463550002414e-4
117200,27789,26802,24028,1.0753910252220157e-4,1.003401761088019e-4,9.870925205418194e-5
117199,404149,256971,261544,0.0015639936933767046,9.620369895849166e-4,0.001074447004297443
117196,4432,1503,1228,1.7151149821094582e-5,5.626866826786407e-6,5.044737869258174e-6
117195,7465630,6056219,5786988,0.02889082550515757,0.022673012499569888,0.023773483316402787
117192,45052,37805,66468,1.7434422421930352e-4,1.41532734788197e-4,2.730567074054172e-4
117191,5967,5815,3457,2.3091360781243544e-5,2.1769947170833635e-5,1.4201676558652694e-5
117190,18924,9959,63990,7.32329330357387e-5,3.728407633264526e-5,2.6287685362689784e-4
117182,646376,10414,13098,0.0025013744622653052,3.898748578453336e-5,5.380779854360225e-5
116942,59760,71977,53069,2.3126189379706958e-4,2.69464400260549e-4,0.00021801237295086486
115895,45134,9392,7212,1.7466155144974795e-4,3.516136609260009e-5,2.962756475007325e-5
114282,2895,2940,1759,1.12031991723982e-5,1.1006645689123111e-5,7.22613510751232e-6
113559,15066,5580,7822,5.830307382775519e-5,2.089016426711121e-5,3.21335013137927e-5
113534,11109,10232,9077,4.299010003667413e-5,3.8306122003778115e-5,3.7289157686690916e-5
112543,3811,4217,1928,1.474797652711901e-5,1.578742342552114e-5,7.92040277844443e-6
112530,4711,1864,3028,1.823083637346042e-5,6.9783631171855365e-6,1.243930477859426e-5
111776,45005,30754,37101,1.7416234153843903e-4,1.1513550391948713e-4,1.5241434827959895e-4
111772,43437,54528,2584,1.6809442571725754e-4,2.0413958371989964e-4,1.0615311607624692e-5
111739,31610,23788,16687,1.2232577749205772e-4,8.905649239893216e-5,6.855174334227292e-5
111732,60598,89416,40765,2.345048232984408e-4,3.347517792308272e-4,1.674664000328253e-4
110962,3435,11235,8971,1.3292915080203045e-5,4.206111031200617e-5,3.685369985758557e-5
110647,34383,44889,36190,1.3305685566306297e-4,1.6805350963913174e-4,1.486718758049294e-4
110628,80582,80232,85452,3.1183979126431493e-4,3.0036911460194744e-4,3.510447397425485e-4
110612,39844,34287,22205,1.541900752418079e-4,1.2836219753162043e-4,9.122019901211543e-5
110605,23748,24294,41324,9.190106181212864e-5,9.095083345971321e-5,1.697628238674469e-4
110346,20684,65563,17753,8.004385895747301e-5,2.454519426244825e-4,7.293097018969085e-5
110328,14997,15229,13557,5.8036054572869015e-5,5.701367591825029e-5,5.569341310548296e-5
110321,23366,21184,29222,9.04227812995704e-5,7.930774907428026e-5,1.2004668568034395e-4
110283,13500,13818,3693,5.224289769512114e-5,5.173123473887862e-5,1.5171186442321203e-5
110182,3186,4718,3842,1.2329323856048588e-5,1.766304570111661e-5,1.5783292258705136e-5
110123,4082,3073,3009,1.5796704325295148e-5,1.1504565375059632e-5,1.2361251016773491e-5
110031,13547,19369,8022,5.242478037598563e-5,7.251283005191345e-5,3.295511985927449e-5
110021,22276,25612,15729,8.62046510412236e-5,9.588510523463303e-5,6.461619050941516e-5
109714,7104,6534,5506,2.7491373720454856e-5,2.4461708480520546e-5,2.2619158557113604e-5
109387,164870,160534,101937,6.38021225407009e-4,6.01000292196493e-4,4.187666483538848e-4
109386,5926,11888,9033,2.2932697166021324e-5,4.450578365724338e-5,3.7108401606684924e-5
108314,3310413,4712851,4996532,0.012810782791674004,0.017643769096132498,0.02052621677146603
107960,19338,20301,10378,7.483504856505574e-5,7.600201161050621e-5,4.2633786325049944e-5
107143,175810,200516,3189,6.803573217614257e-4,7.50683186054493e-4,1.3100707707707099e-5
106940,187470,204605,195858,7.254797059929155e-4,7.659914085792632e-4,8.046028254048596e-4
106931,2909,7558,5679,1.1257376992230177e-5,2.829531568652805e-5,2.332985859895535e-5
106902,5014,5294,2174,1.9403399188395362e-5,1.981944975449583e-5,8.930993589387028e-6
106482,31139,33101,18498,1.2050308083913905e-4,1.2392210168560001e-4,7.599149927161052e-5
106427,173418,186050,167545,6.71100654258705e-4,6.965259967555628e-4,6.882903960137303e-4
105769,895,900,2280,3.4635106249728457e-6,3.3693813334050336e-6,9.366451418492376e-6
105406,43855,54718,43861,1.6971202062366944e-4,2.0485089755695182e-4,1.8018505511688338e-4
105370,107278,132443,107139,4.1514915399534856e-4,4.958344132668476e-4,4.401369467218661e-4
105085,339,418,299,1.3118772087885974e-6,1.5648904415147824e-6,1.228319725495272e-6
105081,3465,3601,13703,1.3409010408414426e-5,1.3481269090657251e-5,5.629319464368466e-5
104990,5568,5925,3943,2.1547292916032184e-5,2.2181760444916472e-5,1.6198209624173437e-5
104933,34810,44483,27586,1.3470927916793828e-4,1.6653354428206236e-4,1.1332584597830293e-4
104931,5496,6546,5257,2.126866412832487e-5,2.4506633564965945e-5,2.159624346798878e-5
104924,50910,53209,39371,1.9701377197471238e-4,1.9920156818794272e-4,1.6173971877081724e-4
104918,153724,189971,105177,5.948879411322075e-4,7.112052680980975e-4,4.320768687906897e-4
104417,1639,6009,10668,6.342674764615077e-6,2.2496236036034274e-5,4.3825133215998536e-5
104390,1313,1250,795,5.081105531384745e-6,4.67969629639588e-6,3.2659337182901046e-6
104378,53065,55807,40679,2.053532863845632e-4,2.0892784897037192e-4,1.6711310405826814e-4
104312,494158,516655,5769,0.001912314506609309,0.001934230792011531,2.3699586944422157e-5
104238,998,965,588,3.862104585165252e-6,3.6127255408176194e-6,2.415558523716455e-6
104135,11939,19335,7626,4.620207078385565e-5,7.238554231265147e-5,3.132831513922055e-5
104131,19755,19133,15996,7.644877362719393e-5,7.16293033911539e-5,6.571305126763335e-5
103821,71729,60840,36901,2.775800599091366e-4,2.2777017813818028e-4,1.5159272973411716e-4
102904,81653,96895,53694,3.159843944814612e-4,3.6275133811142305e-4,2.2057993090549545e-4
100922,7417,6312,5187,2.8702634978126924e-5,2.363059441828064e-5,2.1308676977070156e-5
100908,1821,1254,908,7.0469864224307846e-6,4.694671324544347e-6,3.7301481964873146e-6
100877,566,831,381,2.190331858921375e-6,3.1110620978439813e-6,1.565183329142805e-6
100869,12464,18202,10435,4.823373902755481e-5,6.814386558959825e-5,4.2867947610512256e-5
100865,10188,15209,12330,3.9425973460584754e-5,5.693880077750795e-5,5.065278332895219e-5
100727,15999,12639,7863,6.191363853512911e-5,4.731734519211802e-5,3.230193311561647e-5
100468,1994,3578,76,7.716469481783077e-6,1.3395162678803567e-5,3.122150472830792e-7
100114,9111,56868,7955,3.52581511777962e-5,2.1289997518675273e-4,3.267987764653809e-5
100017,177490,167176,94307,6.86858660141263e-4,6.258663264370221e-4,3.874219008437546e-4
99877,5023,4086,2545,1.9438227786858775e-5,1.5296991253658854e-5,1.0455095991255743e-5
98053,87252,155886,66862,3.376516525699785e-4,5.835993094879746e-4,2.746752959400163e-4
98027,34322,29809,34553,1.328207951623665e-4,1.1159765351941184e-4,1.4194692801016098e-4
97891,18106,26107,21724,7.006740041984173e-5,9.77382649680058e-5,8.924420641023174e-5
97693,18620,17903,15225,7.205650037653005e-5,6.702448223550035e-5,6.254571177480106e-5
95422,34001,39003,48518,1.3157857515050473e-4,1.460177557186628e-4,1.993164429484268e-4
95404,3528,4413,3134,1.3652810597658324e-5,1.6521199804796016e-5,1.2874762607699607e-5
94586,6414,7001,4059,2.482118117159311e-5,2.6210043016854047e-5,1.6674748380552875e-5
94582,74568,101081,61682,2.885665478022069e-4,3.7842270506879355e-4,2.53395375612038e-4
92552,2308,2966,6482,8.931600583728859e-6,1.1103983372088144e-5,2.662865705906473e-5
91648,4853,3427,2995,1.878035426032762e-5,1.2829855366198946e-5,1.2303737718589766e-5
91401,765,192,668,2.9604308693901977e-6,7.188013511264072e-7,2.7442059419091698e-6
90822,7011,7857,6566,2.7131478202999576e-5,2.9414699040625945e-5,2.6973736848167078e-5
87950,30102,35408,27566,1.1649005232729899e-4,1.3255894917022827e-4,1.1324368412375474e-4
87877,17553,39645,21239,6.792737653647862e-5,1.4842124773649173e-4,8.725178143743841e-5
85106,6567,9154,7765,2.541326734547115e-5,3.427035191776631e-5,3.18993400283304e-5
84390,8806,20779,11585,3.4077848674313834e-5,7.7791527474248e-5,4.7592254247032533e-5
84223,61803,71073,64387,2.3916798564826457e-4,2.660800438989955e-4,2.645077664396792e-4
84216,7790,2265,7641,3.0146086892221753e-5,8.479609689069335e-6,3.1389936530131685e-5
84185,1375,1518,1530,5.321035876354931e-6,5.683023182343157e-6,6.2853818729356736e-6
84181,8871,6507,6325,3.432938855210516e-5,2.4360627040518393e-5,2.5983686500861524e-5
84086,1244,481,955,4.81408627649857e-6,1.8007471348531346e-6,3.923228554675534e-6
68541,813,373,447,3.1461833945284064e-6,1.3964213748445307e-6,1.8363174491517946e-6
68263,5296,5956,3758,2.0494695273582337e-5,2.229781691306709e-5,1.5438212469602784e-5
68235,1320,1078,1124,5.108194441300733e-6,4.035770086011807e-6,4.617496225607645e-6
68142,1074,1745,3056,4.156212749967415e-6,6.532856029768649e-6,1.255433137496171e-5
68094,5122,2477,2639,1.982134236995633e-5,9.2732861809380755e-006,1.0841256707632184e-5
67178,46698,33717,44774,1.807139878938346e-4,1.2622825602046393e-4,1.8393574377700774e-4
67163,40288,39412,29292,1.5590828609933632e-4,1.4754895234684353e-4,1.2033425217126257e-4
67160,27941,27271,28600,1.0812731885180591e-4,1.0209599815920964e-4,1.1749145200389559e-4
66827,4125,4273,7800,1.5963107629064792e-5,1.5997073819599677e-5,3.2043123273789707e-5
66763,77681,51418,37379,3.0061337302627445e-4,1.924964993344667e-4,1.5355639805781865e-4
66608,6193,5060,4788,2.396594558710261e-5,1.8943410607810524e-5,1.9669547978833988e-5
66546,1322,994,1573,5.115934129848159e-6,3.721294494894004e-6,6.4620298602142574e-6
66437,153628,189754,105179,5.945164360819311e-4,7.103928728210431e-4,4.320850849761446e-4
66396,6294,5518,4081,2.4356799858747587e-5,2.0658051330809975e-5,1.676512642055587e-5
66391,277823,184198,158808,0.001075131745655677,6.895925587228227e-4,6.523979898543584e-4
66367,6939,7732,4435,2.6852849415292264e-5,2.8946729410986357e-5,1.8219391246058635e-5
66350,24925,16682,23041,9.645586852228847e-5,6.245335489318086e-5,9.46545645322293e-5
66291,116449,77113,84123,4.5063949582956753e-4,2.886923364031804e-4,3.45585084507822e-4
66287,123999,102739,109218,4.798568200960982e-4,3.846298542363331e-4,4.4867767150214927e-4
66261,58734,65563,30534,2.2729143357224036e-4,2.454519426244825e-4,1.2543650333870447e-4
66256,123060,139187,721659,4.7622303632308203e-4,5.210823107251627e-4,0.0029646420895692058
65419,1190,1963,936,4.605114685718086e-6,7.348995063860091e-6,3.845174792854765e-6
65232,1710,1719,1582,6.6174337080486775e-6,6.435518346803615e-6,6.499002694760938e-6
65051,82593,93949,64764,3.196220480987511e-4,3.517222298800772e-4,2.6605651739791236e-4
65017,18276,15588,14037,7.072527394637288e-5,5.8357684694575184e-5,5.766529761463924e-5
64799,477,223,316,1.8459157185609468e-6,8.34857819277025e-7,1.298157301861224e-6
64787,480,459,512,1.857525251382085e-6,1.7183844800365672e-6,2.1033434764333755e-6
64753,347,921,1213,1.3428359629782988e-6,3.4480002311844846e-6,4.98311647834704e-6
64652,379,199,272,1.4666709797371045e-6,7.450076503862241e-7,1.1174012218552307e-6
64643,1894,2091,1316,7.32948505441181e-6,7.82819596461103e-6,5.4062500292701604e-6
64616,6191,8205,3688,2.3958205898555184e-5,3.071752648954256e-5,1.5150645978684158e-5
64612,2145,1628,1366,8.300815967113692e-6,6.094836456425995e-6,5.611654665640608e-6
64604,4692,4512,3063,1.815730933225988e-5,1.689183175147057e-5,1.2583088024053573e-5
64586,15235,2887,5839,5.8957077510012634e-5,1.0808226566155925e-5,2.398715343534078e-5
64585,1253,10005,630,4.8489148749619844e-6,3.7456289156352625e-5,2.58809841826763e-6
64557,14673,7482,9151,5.678222502818611e-5,2.801079015170718e-5,3.759315654851918e-5
62840,36235,163943,61857,1.4022380725797884e-4,6.137627599360238e-4,2.541142918393346e-4
62820,10541,17272,10857,4.0792028489205324e-5,6.466217154507972e-5,4.4601562741478825e-5
62816,581809,1405676,528135,0.0022515102270444986,0.00526250941690606,0.002169627552590119
62766,2060,2073,1239,7.971879203848115e-6,7.760808337942928e-6,5.089926889259673e-6
62409,39714,46556,25973,1.5368699548622524e-4,1.742943526200053e-4,1.0669949240899231e-4
62393,66896,49913,55490,2.588771025342832e-4,1.8686214499360606e-4,2.279580654439219e-4
62375,9679,14830,8062,3.7456222725265e-5,5.551991686044072e-5,3.311944356837085e-5
62348,11800,8666,3016,4.566416242980959e-5,3.2443398483653356e-5,1.2390007665865354e-5
62311,12867,12610,12590,4.9793286269861016e-5,4.720877623804164e-5,5.1720887438078514e-5
62290,13899,26137,14516,5.37869655603325e-5,9.78505776791193e-5,5.9633074031068124e-5
62267,11537,17712,9297,4.4646393385823156e-5,6.630942464141107e-5,3.819293808672088e-5
62252,5751,2049,4897,2.2255474418121605e-5,7.670958169052127e-6,2.0117330086121563e-5
53745,37603,34484,21634,1.455177542244178e-4,1.2909971766793244e-4,8.887447806476494e-5
52871,3262,3877,2719,1.2623432020850752e-5,1.4514546032901462e-5,1.1169904125824898e-5
50367,3239,6408,2792,1.253442560255536e-5,2.398999509384384e-5,1.146979489492575e-5
48608,106822,130740,77540,4.1338450500653554e-4,4.894587950326379e-4,3.1854151008328896e-4
47358,2317,3134,2523,8.966429182192273e-6,1.173293455432375e-5,1.0364717951252747e-5
47286,10520,13663,9358,4.071076175945736e-5,5.115095239812553e-5,3.8443531743092826e-5
47259,28503,11748,13145,1.1030217133363242e-4,4.398165767204704e-5,5.4000878901790476e-5
46365,16881,6674,8713,6.53268411845437e-5,2.4985834465716885e-5,3.5793811933914065e-5
46362,1860,1593,1471,7.197910349105579e-6,5.96380496012691e-6,6.043004402018546e-6
46349,10609,11738,5530,4.105517789981779e-5,4.3944220101675877e-5,2.271775278257142e-5
46207,277301,30973,32506,0.001073111686944799,1.1595538671061567e-4,1.335376621971549e-4
46179,19161,23099,16409,7.41500861286086e-5,8.647704380035874e-5,6.740969356405324e-5
46149,6451,5173,2918,2.4964365409720477e-5,1.936645515300471e-5,1.1987414578579276e-5
46131,786307,905838,440237,0.0030428856413301938,0.003391237386987721,0.001808534418036328
42424,20235,28703,18030,7.830629887857601e-5,1.0745705823636076e-4,7.406891187518313e-5
42245,7856,91580,8675,3.040149661428679e-5,3.4285326945914776e-4,3.563770441027253e-5
42007,65657,192547,22471,2.540823654791532e-4,7.208491862257101e-4,9.231295167760622e-5
34087,1398,1338,1083,5.4100422946503224e-6,5.00914691566215e-6,4.449064423783879e-6
33999,1272,2010,503,4.922441916162525e-6,7.524951644604575e-6,2.066370641886695e-6
33395,34454,13508,8077,1.3333161460649657e-4,5.057067005737244e-5,3.318106495928198e-5
31695,9679,14830,7137,3.7456222725265e-5,5.551991686044072e-5,2.931945779551758e-5
31664,3001,4054,4238,1.1613402665411743e-5,1.5177191028471118e-5,1.7410096978759073e-5
31599,4591,2956,2561,1.77664550606149e-5,1.1066545801716977e-5,1.0520825474894286e-5
27127,12877,21367,11494,4.983198471259814e-5,7.999285661207262e-5,4.7218417808838316e-5
26911,403,343,341,1.5595472423062087e-6,1.2841086637310296e-6,1.4008596200464473e-6
26755,27844,46941,8614,1.0775194395725578e-4,1.757356990792952e-4,3.538711075390058e-5
26751,10034,29459,10163,3.8830017442433e-5,1.1028733855642099e-4,4.175054638865702e-5
26736,5224,8183,5245,2.0216066485875024e-5,3.063516383472599e-5,2.1546946355259873e-5
26723,2730,2780,2603,1.0564674867235608e-5,1.0407644563184438e-5,1.0693365369445462e-5
23170,18027,27396,19706,6.976168272221842e-5,1.0256396778884922e-4,8.095407528632051e-5
22969,91804,98701,78985,3.552671837039186e-4,3.6951256332045583e-4,3.2447770407439486e-4
22885,26731,81733,44054,1.0344480728061357e-4,3.059884939146596e-4,1.8097791701327328e-4
21827,3760,3195,2432,1.4550614469159665e-5,1.196130373358787e-5,9.990881513058535e-6
21709,887331,935177,595144,0.0034338327892377432,0.003501075474699688,0.002444906738161064
21683,17074,31002,15586,6.607372112937025e-5,1.1606395566469207e-4,6.402873324939568e-5
20297,3130,3301,4107,1.2112612576720679e-5,1.2358141979522241e-5,1.6871936831468502e-5
18588,16768,14114,8672,6.488954878161417e-5,5.283938682186516e-5,3.56253801320903e-5
18489,184,167,311,7.120513463631326e-7,6.252074251984896e-7,1.2776168382241793e-6
18488,8237,8886,1922,3.187590728257132e-5,3.326702503181903e-5,7.895754222079976e-6
18361,4276796,5350358,4629594,0.01655053451043728,0.020030440413593656,0.01901880144225605
18345,14707,10037,6479,5.6913799733492336e-5,3.757608938154036e-5,2.6616332780882502e-5
18257,19196,16914,24281,7.428553067818855e-5,6.332190652579193e-5,9.97485995142164e-5
18177,3519,7528,5472,1.361798199919491e-5,2.818300297541455e-5,2.2479483404381702e-5
18168,6760,6100,5304,2.6160147290297696e-5,2.2836917926411896e-5,2.1789323826177e-5
18037,3089,3468,2736,1.195394896149846e-5,1.298334940472073e-5,1.1239741702190851e-5
18023,1149,960,923,4.446451070495866e-6,3.594006755632036e-6,3.7917695873984487e-6
17863,274,1012,396,1.0603373309972734e-6,3.7886821215621047e-6,1.6268047200539389e-6
17830,128787,148892,84173,4.983856344786345e-4,5.574154727703804e-4,3.4579048914419244e-4
17829,55042,60574,26009,2.1300396851369315e-4,2.2677433876630725e-4,1.0684738374717903e-4
17651,2727,3876,2719,1.0553065334414469e-5,1.4510802275864345e-5,1.1169904125824898e-5
17644,11434,4645,7396,4.4247799425630747e-5,1.7389751437407092e-5,3.0383453811916496e-5
17537,14638,25435,2351,5.664678047860616e-5,9.522246023906338e-5,9.65812600213841e-6
17456,7542,10154,24115,2.918636551234101e-5,3.801410895488302e-5,9.906665612146651e-5
17382,11383,5940,3268,4.4050437367671404e-5,2.2237916800473223e-5,1.3425247033172406e-5
17297,13564,5829,7262,5.2490567728638746e-5,2.1822359769353268e-5,2.9832969386443697e-5
17267,14911,1511,3615,5.7703247965329727e-5,5.65681688308334e-6,1.4850755209583306e-5
17250,442645,119042,61511,0.0017129672185375478,4.456643252124467e-4,2.526928917556511e-4
17233,22417,25020,10444,8.675029908381707e-5,9.366880106865994e-5,4.290492044505893e-5
17222,11783,13141,4133,4.5598375077156474e-5,4.919671122475061e-5,1.6978747242381137e-5
17188,4729,6080,2262,1.830049357038725e-5,2.2762042785669562e-5,9.292505749399015e-6
17045,5686,4540,3073,2.200393454033028e-5,1.6996656948509838e-5,1.2624168951327663e-5
16980,2375,1566,2349,9.190880150067608e-6,5.862723520124759e-6,9.649909816683593e-6
16808,4643,5857,15230,1.7967686962847958e-5,2.1927184966392536e-5,6.25662522384381e-5
14764,1103,879,532,4.268438233905082e-6,3.290762435625583e-6,2.185505330981554e-6
14702,21437,28546,14503,8.295785169557866e-5,1.0686928838153344e-4,5.957966882561181e-5
14701,1014,1318,871,3.9240220935446545e-6,4.934271774919816e-6,3.5781487655731837e-6
14688,32382,25324,13336,1.253132972713639e-4,9.480690320794341e-5,5.478552461272558e-5
13139,14365,16491,4316,5.55903129918826e-5,6.173829729909157e-5,1.773052821149697e-5
9489,38089,39492,33780,1.4739849854144215e-4,1.4784845290981288e-4,1.3877137233187387e-4
9392,26395,29736,23875,1.0214453960464611e-4,1.1132435925570232e-4,9.808071386688837e-5
8811,5766,5075,4987,2.2313522082227295e-5,1.8999566963367275e-5,2.0487058431588366e-5
8598,128787,148892,86833,4.983856344786345e-4,5.574154727703804e-4,3.567180157991002e-4
7543,9098,9660,6981,3.5207843202237935e-5,3.616469297854736e-5,2.8678595330041787e-5
5990,25742,32658,21345,9.961753129391173e-5,1.2226361731815732e-4,8.768723926654375e-5
5900,1024,1273,803,3.962720536281781e-6,4.765802708249564e-6,3.298798460109376e-6
5290,58389,54192,57449,2.2595633729780948e-4,2.0288168135542843e-4,2.3600581909691601e-4
5269,2054,2374,1600,7.948660138205839e-6,8.887679206115057e-6,6.572948363854298e-6
4755,9750,9016,5158,3.77309816686986e-5,3.3753713446644204e-5,2.1189542287975294e-5
4732,20762,24384,13123,8.03457068108226e-5,9.128777159305371e-5,5.3910500861787473e-005
4713,18770,39556,47125,7.263697701758694e-5,1.4808805336018836e-4,1.9359386977914613e-4
4709,5257,5708,3526,2.034377134690754e-5,2.1369365167862147e-5,1.448513495684391e-5
4603,22060,82586,58182,8.536876467810165e-5,3.091819186673201e-4,2.3901705106610675e-4
4548,10401,5580,4444,4.0250250290885554e-5,2.089016426711121e-5,1.8256364080605314e-5
4543,36714,32345,27008,1.420774626650872e-4,1.210918213655398e-4,1.1095136838186057e-4
4541,35498,25472,26034,1.373717320282526e-4,9.536097924943669e-5,1.0695008606536425e-4
3772,142059,116342,107834,5.497462076793491e-4,4.355561812122316e-4,4.429920711674153e-4
3618,1806,898,279,6.988938758325094e-6,3.3618938193308003e-6,1.1461578709470934e-6
3253,21953,31127,15610,8.495469134081439e-5,1.1653192529433165e-4,6.41273274748535e-5
3232,4521663,5280688,3635592,0.017498131668208485,0.019769612860817735,0.014935349055026111
3204,4270,4540,4299,1.652423504875313e-5,1.6996656948509838e-5,1.7660690635131018e-5
3182,7710,13194,9171,2.9836499350324738e-5,4.939513034771779e-5,3.767531840306736e-5
3178,3524,2986,2359,1.3637331220563473e-5,1.117885851283048e-5,9.690990743957681e-6
3175,17440,15515,6969,6.749008413354908e-5,5.8084390430865665e-5,2.862929821731288e-5
3143,2254,10034,2820,8.722628992948374e-6,3.756485811042901e-5,1.1584821491293201e-5
3090,10683,15811,13852,4.134154637607253e-5,5.919254251385221e-5,5.6905300460068594e-5
2813,28452,40990,23722,1.1010480927567309e-4,1.5345660095141372e-4,9.74521756795948e-5
2810,1637,2158,1180,6.334935076067652e-6,8.079027686097848e-6,4.847549418342545e-6
2806,164393,111247,98213,6.361753096884481e-4,4.16481739108122e-4,4.034681110370139e-4
2672,1182,1235,1287,4.574155931528384e-6,4.62353994083913e-6,5.287115340175302e-6
2568,3744,3221,2836,1.4488696960780263e-5,1.2058641416552905e-5,1.1650550974931744e-5
2403,3554,3911,855,1.3753426548774854e-5,1.464183377216343e-5,3.5124192819346407e-6
2242,25154,43991,9566,9.734206286096867e-5,1.6469161581980093e-4,3.929801503039389e-5
2197,215586,254134,140754,8.342842475926211e-4,9.514159508706165e-4,5.782304837537174e-4
2193,29671,35532,24367,1.1482214944532884e-4,1.3302317504283072e-4,1.0010189548877356e-4
2044,3130,3301,3916,1.2112612576720679e-5,1.2358141979522241e-5,1.6087291120533395e-5
2042,7314,6390,3900,2.8304041017934517e-5,2.392260746717574e-5,1.6021561636894853e-5
2040,11749,4893,5812,4.546680037185024e-5,1.8318203182612035e-5,2.387623493170074e-5
2039,11675,9225,8586,4.5180431895595504e-5,3.4536158667401594e-5,3.527208415753313e-5
2037,27219,28824,5479,1.0533329128618535e-4,1.0791005283785188e-4,2.2508240053473565e-5
2017,66729,59818,76296,2.582308385405732e-4,2.23944058446247e-4,3.134310427303922e-4
2011,11980,64153,25125,4.636073439907787e-5,2.401732452021479e-4,1.0321582977614953e-4
1973,79557,20373,27002,3.0787320088375945e-4,7.627156211717861e-5,1.1092671982549611e-4
1968,4133,4708,4259,1.5994066383254494e-5,1.7625608130745442e-5,1.749636692603466e-5
1921,4260,4794,6009,1.6485536606016002e-5,1.794757123593748e-5,2.46855291990003e-5
1830,4695,2693,3448,1.8168918865081018e-5,1.0081937700955284e-5,1.4164703724106013e-5
1809,48207,36770,40785,1.86553582902867e-4,1.3765794625478122e-4,1.675485618873735e-4
1799,60598,89416,43067,2.345048232984408e-4,3.347517792308272e-4,1.7692322949132067e-4
1786,11870,9626,9410,4.593505152896947e-5,3.603740523928539e-5,3.8657152564918096e-5
1781,84506,83065,63317,3.270250601943635e-4,3.1097517828809903e-4,2.6011210722135165e-4
1771,116629,24732,57034,4.5133606779883576e-4,9.259059904197033e-5,2.343009606150413e-4
1767,65459,100501,30394,2.533161363129581e-4,3.762513259872659e-4,1.2486137035686723e-4
1746,29349,20019,28400,1.1357605958919336e-4,7.49462721260393e-5,1.166698334584138e-4
1740,103433,85889,84644,4.002696027629233e-4,3.215475481609166e-4,3.4772540081880204e-4
1732,11837,34097,6394,4.5807346667936955e-5,1.2765088369456827e-4,2.6267144899052742e-5
1721,7512,7550,6863,2.9070270184129628e-5,2.8265365630231117e-5,2.8193840388207533e-5
1713,27371,17360,26637,1.0592150761578968e-4,6.499162216434599e-5,1.0942726597999185e-4
1710,15573,22319,13771,6.026508487452752e-5,8.355691331140771e-5,5.657254494914847e-5
1708,11131,7648,9555,4.307523661069581e-5,2.8632253819868555e-5,3.925282601039239e-5
1681,154782,165268,79292,5.989822363737955e-4,6.187232380102035e-4,3.257388885417094e-4
1380,2391355,1644532,1599830,0.009254171453164178,0.006156728247763608,0.006572249988090639
1148,5903,8674,5292,2.2843690747725933e-5,3.247334853995029e-5,2.1740026713448092e-5
816,43320,44630,33716,1.6764165393723317e-4,1.670838765665185e-4,1.385084543973197e-4
782,88879,99839,60042,3.43947889203309e-4,3.7377295882869464e-4,2.466581035390874e-4
592,6685069,5558793,4616818,0.025870175989024132,0.020810770411625077,0.018966316449570673
573,36048,31098,13480,1.3950014637879459e-4,1.1642335634025527e-4,5.5377089965472465e-5
479,33394,33273,22967,1.2922957967636113e-4,1.245660278959841e-4,9.435056567040105e-5
473,7111,9427,3608,2.7518462630370844e-5,3.529239758889917e-5,1.4821998560491443e-5
136,275579,30874,32489,0.0010664478151054659,1.1558475476394112e-4,1.3346782462078893e-4
99,778020,905838,440237,0.003010816241833937,0.003391237386987721,0.001808534418036328
61,10520,13663,9358,4.071076175945736e-5,5.115095239812553e-5,3.8443531743092826e-5
54,897615,987003,470711,0.0034736302677486042,0.0036950994269052983,0.001933724435811388
