BinBase name,L1_SAC_440,L2_SAC_440,L3_SAC_440,normL1_SAC_440,normL2_SAC_440,normL3_SAC_440
zymostenol,4690,281,1863,1.8662355718204287e-5,1.1886981289256915e-6,7.6268120228688095e-6
xylulose,119580,73649,180106,4.7583038310935365e-4,3.115531263247269e-4,7.373239968818088e-4
xylose,20381,45640,20014,8.109967417755257e-5,1.9306826549526178e-4,8.19339859504543e-5
xanthosine,5545,1331,3306,2.2064554894977136e-5,5.630452703203186e-6,1.3534213927860592e-5
xanthine,277952,94633,174385,0.001106021129336102,4.0032053393104967e-4,7.139031747761554e-4
valine,3106705,3012833,3895535,0.012362139407574382,0.01274501405646113,0.01594767212748591
uridine-5'-monophosphate,9535,4301,3656,3.794148438658377e-5,1.8194272784730956e-5,1.4967055692758115e-5
uridine,144289,135412,197197,5.741519497279271e-4,5.728255908686325e-4,8.072917071785618e-4
uric acid,901142,185412,330988,0.0035858065152695197,7.84337713453275e-4,0.0013550098002282885
urea,100841,17220,126720,4.012645230233344e-4,7.284477501815092e-5,5.187705955651828e-4
uracil,348132,182410,428550,0.0013852800044541352,7.716385256132932e-4,0.0017544123952766657
undecanoic acid,55386,47381,29521,2.2039088140905387e-4,2.00433117603659e-4,1.2085406211868498e-4
UDP-N-acetylglucosamine,12870,18810,24049,5.121205076615973e-5,7.957086051634255e-5,9.845260458291573e-5
UDP-glucuronic acid,13860,9472,4189,5.515143928663356e-5,4.0068856502434694e-5,1.714906900901634e-5
tyrosine,2005905,2858612,434262,0.007981857707233383,0.012092621835318607,0.0017777963728797933
tryptophan,3926647,4154438,4969038,0.015624836480558572,0.017574279990525948,0.02034241479360815
trisaccharide,847,298,394,3.370365734183162e-6,1.2606122506044698e-6,1.6129704439132105e-6
tridecanoic acid,2883213,3723129,2987790,0.011472824438667576,0.015749738348928757,0.012231515133551906
tocopherol gamma-,1523,760,683,6.060291633011754e-6,3.2149842632865677e-6,2.7960883583571643e-6
tocopherol alpha-,17526,4660,13912,6.973911435335786e-5,1.9712929824888692e-5,5.69534132378695e-5
thymine,6261,935,9536,2.4913648006754166e-5,3.955276692332817e-6,3.903879734303648e-5
threonine,1506321,1654110,1904778,0.00599392288439258,0.006997286341769664,0.007797844203594206
terephthalic acid,6003,3141,3748,2.3887019483236744e-5,1.3287191540767249e-5,1.5343688385245462e-5
tagatose,1809,7604,4756,7.198337205593082e-6,3.216676360267245e-5,1.9470272668150328e-5
sucrose,6922,7579,6743,2.7543886200727094e-5,3.206100754138013e-5,2.760472005915426e-5
succinic acid,189367,147817,230785,7.535254403601687e-4,6.253017484818824e-4,9.44795390605356e-4
stigmasterol,160,104,169,6.366688517937497e-7,4.3994521497605663e-7,6.918578807648034e-7
stearic acid,1347972,1089034,1333411,0.005363823659313277,0.004606877858136874,0.005458762773067913
squalene,5337,3048,3487,2.123688538764526e-5,1.2893778992759812e-5,1.4275197811993312e-5
spermidine,32233,24101,40394,1.2826091937417458e-4,1.0195307332824943e-4,1.6536631500363e-4
sorbitol,3053712,3090949,475986,0.012151270704679968,0.01307546367581757,0.0019486074865900339
sophorose,91781,40588,69258,3.6521314929051336e-4,1.7169708062930947e-4,2.835307284379216e-4
shikimic acid,56361,13034,34951,2.2427058222467203e-4,5.5136980115364637e-005,1.4308357864266654e-4
serine,11303707,10968561,12778172,0.044979488479393565,0.0463996723761826,0.052311710058983135
salicyl alcohol,1252,904,834,4.9819337652860905e-6,3.824139176330338e-6,3.414257234070095e-6
saccharic acid,15833,7290,7894,6.300236206531523e-5,3.083846747284089e-5,3.2316722548860106e-5
ribulose-5-phosphate,9428,2919,1254,3.75157120919467e-5,1.2348077716491435e-5,5.133667351947121e-6
ribose-5-phosphate,2092,829,2572,8.324445237203277e-6,3.5068709924533744e-6,1.0529340055189789e-5
ribonic acid,82022,132392,70064,3.2638032851141835e-4,5.600502586645201e-4,2.8683035833079994e-4
ribitol,1248750,1379136,616337,0.00496900142923403,0.005834079653857873,0.0025231811281475544
quinic acid,6947,16519,4322,2.7643365708819865e-5,6.987937505951422e-5,1.7693548879677398e-5
pyrophosphate,340534,181069,226955,0.0013550461923545797,7.65965770485573e-4,9.291160078637631e-4
putrescine,100398,90030,94758,3.9950174613993046e-4,3.8084872792590747e-4,3.879234855947411e-4
pseudo-uridine,75562,45225,61674,3.006748236202457e-4,1.9131271487780923e-4,2.5248309430939934e-4
prunin,21472,13649,20773,8.54409599107212e-5,5.7738579223155735e-5,8.504120566347493e-5
propyleneglycol,226823,79224,97632,9.025696185650854e-4,3.351367279929145e-4,3.9968916340135674e-4
proline,1378565,845114,1793903,0.005485558722956565,0.003575037119319953,0.007343940401642741
pipecolinic acid,3477,3708,3019,1.3835609985542922e-5,1.5685739010877097e-5,1.2359283680644625e-5
phthalic acid,230581,140278,124502,9.175233782215911e-4,5.934099506385699e-4,5.096904726093465e-4
phosphoinositol,31349,40860,31660,1.247433239680141e-4,1.7284770657616995e-4,1.2961077221901584e-4
phosphoethanolamine,692041,520317,549045,0.0027537559304012392,0.00220106706173747,0.0022476988765947428
phosphate,2710520,1671284,1935839,0.010785647851024965,0.007069936525635037,0.00792500276947844
phenylalanine,6623420,7749092,7977097,0.02635578253967348,0.03278053794047347,0.03265690784068208
phenylacetic acid,4453,4165,3647,1.7719289981484796e-5,1.761895981130073e-5,1.4930211190232178e-5
pentadecanoic acid,646583,518281,486184,0.0025728703512459877,0.002192454288105823,0.0019903564017855336
pelargonic acid,87563,62819,54952,3.4842896668510064e-4,2.6573960057289325e-4,2.2496434475613892e-4
parabanic acid,21795,11405,13027,8.672623515527983e-5,4.824591516155698e-5,5.333037048948577e-5
pantothenic acid,41187,51192,37727,1.638904999926823e-4,2.165545715870605e-4,1.5444806075511089e-4
palmitoleic acid,543639,368515,220414,0.002163237612001889,0.0015589077970855913,9.023382421946355e-4
palmitic acid,2192517,1526574,1312515,0.008724420505801729,0.006457778140450564,0.005373218025869917
palatinitol,185149,16904,182248,7.36741257754756e-4,7.150801840341598e-5,7.460929884829816e-4
oxoproline,6110190,5656563,8017067,0.02431354782213532,0.023928632933275074,0.032820538370233375
ornithine,770412,1129335,859774,0.003065608271550789,0.004777360859182547,0.0035197717016371487
oleic acid,645795,409785,374916,0.0025697347571509033,0.0017334899030669554,0.0015348437232237694
octadecanol,2925,2166,5675,1.1639102446854485e-5,9.162705150366717e-6,2.323250575940982e-5
nonadecanoic acid,39838,35614,35141,1.5852258573599624e-4,1.5065585467458924e-4,1.4386140702932519e-4
N-methyl-UMP,26025,12495,18637,1.0355816792457709e-4,5.285687943390219e-5,7.629677706398605e-5
N-methylethanolamine,1205183,1041287,1274999,0.004795640480070916,0.004404896471795895,0.005219633764007359
nicotinic acid,330693,139345,257035,0.0013158870787889404,5.894631344311405e-4,0.00105225852297267
nicotinamide,33981,23707,25408,1.352165265800213e-4,1.0028635780228244e-4,1.0401612446433211e-4
n-epsilon-trimethyllysine,4533,20959,6091,1.803762440738167e-5,8.866165154503049e-5,2.4935540542830874e-5
N-alpha-acetyllysine,10286,29169,39374,4.092984880969068e-5,1.233919420734288e-4,1.6119060471735724e-4
N-acetylserine,14417,17149,16447,5.736784272694055e-5,7.254442780408072e-5,6.733128144934156e-5
N-acetylputrescine,197741,72536,59156,7.86847096390924e-4,3.068448664759927e-4,2.4217482126936515e-4
N-acetylglucosamine-6-phosphate,4623,3680,4594,1.8395750636515652e-5,1.5567292222229696e-5,1.8807071622683473e-5
N-acetylgalactosamine,6356,15689,20258,2.5291670137506704e-5,6.636827382460916e-5,8.293288135226856e-5
N-acetylaspartic acid,6407,6595,6597,2.549460833401596e-5,2.789844896891436e-5,2.7007020351511293e-5
myristic acid,2289646,2358090,1665609,0.009110914311463448,0.009975292422912398,0.006818726111969133
myo-inositol,842146,425460,568851,0.0033510507928918693,0.0017997989534972408,0.0023287813451534863
methionine sulfoxide,458118,564805,585432,0.0018229341315378063,0.0023892620879283812,0.002396661200307103
methionine,1455253,1814541,2071794,0.005790714103621309,0.007675948368537199,0.008481579918468847
methanolphosphate,11410,5381,6781,4.540244749354177e-5,2.2762934632559236e-5,2.7760285736485988e-5
melezitose,990,1286,455,3.939388520473826e-6,5.4400917928770074e-6,1.8626942943667784e-6
maltotriose,29453,9292,18026,1.1719879807425818e-4,3.930741286112998e-5,7.379544472583638e-5
maltotriitol,20373,7874,13947,8.106784073496288e-5,3.330892906462952e-5,5.709669741435925e-5
maltose,240509,114632,144686,9.570286804753933e-4,4.8492115272245504e-4,5.923204102741796e-4
maltitol,1325,2385,1048,5.272413928916989e-6,1.0089128247287452e-5,4.29033762746458e-6
malonic acid,3935,3797,3604,1.565807457380253e-5,1.606223058907776e-5,1.4754176344830483e-5
malonamide,661,1833,866,2.630238193972928e-6,7.754034413952998e-6,3.5452599097178684e-6
malic acid,104587,299802,237089,4.161705325159556e-4,0.0012682351475024204,9.706029177079673e-4
maleimide,60773,119005,82215,2.4182672581288467e-4,5.034200029637078e-4,3.365745305744279e-4
lysine,5110578,2618020,3219126,0.020335911420389985,0.01107485934338092,0.013178566226478571
loganin,102304,76952,114013,4.070860638369235e-4,3.2552561714266836e-4,4.667502518321748e-4
linolenic acid,82381,42174,55791,3.2780885424763055e-4,1.7840624515769434e-4,2.2839907115827898e-4
linoleic acid,226378,156363,160286,9.007988833210341e-4,6.614534004740494e-4,6.561842146524692e-4
lignoceric acid,5751,4687,2944,2.2884266041661587e-5,1.9827146371084397e-5,1.2052246159595157e-5
leucrose,4053,4819,11154,1.612761785200042e-5,2.0385538374707854e-5,4.566262013047703e-5
leucine,14596970,14797531,17325586,0.05808397580979881,0.06259714381644098,0.07092806634892514
L-DOPA,2320663,1828035,1619623,0.00923433654756399,0.007733031260180343,0.006630467079396055
lauric acid,372262,430614,278951,0.0014812976256652801,0.0018216016230932657,0.001141978980456939
lactulose,50966,27123,34129,2.0280290437825151e-4,1.1473686601726523e-4,1.3971844741196435e-4
lactose,52058,46502,33170,2.0714816929174386e-4,1.96714734488621e-4,1.3579246097614514e-4
lactobionic acid,25462,14601,20016,1.0131788940232783e-4,6.176577003716733e-5,8.194217361768228e-5
lactitol,750549,354584,646178,0.0029865698127809186,0.0014999762894910582,0.002645345217022717
lactic acid,531022,83627,696057,0.0021130322938576283,3.5376248550771815e-4,0.0028495415438550696
kynurenine,9787,8023,7035,3.8944237828158926e-5,3.3939235189931754e-5,2.880011947444019e-5
kynurenic acid,9780,3862,4444,3.8916383565892947e-5,1.6337196348437793e-5,1.8192996580584537e-5
ketoisoleucine,42073,26304,44685,1.6741605375949017e-4,1.1127229744932879e-4,1.8293295504127362e-4
isoxanthopterin,16654,1902,4537,6.626926911108191e-5,8.045921143119804e-6,1.8573723106685878e-5
isothreonic acid,19727,24474,13162,7.849729024584562e-5,1.0353095376273087e-4,5.3883038027374814e-5
isomaltotriose,1750,1278,2305,6.9635655664941365e-6,5.406249853263465e-6,9.43628648025368e-6
isomaltose,5177,2591,4227,2.060021653585151e-5,1.096055819233618e-5,1.7304634686348073e-5
isoleucine,10350896,11330040,12394788,0.04118808169597822,0.047928816187378084,0.05074219975271607
isoheptadecanoic acid,30058,18461,15783,1.1960620217010328e-4,7.809450590070174e-5,6.461297592965026e-5
isogluconic acid,1001843,379983,410777,0.003986513953047535,0.001607420217521605,0.0016816526904551697
inulotriose,7862,23732,232,3.1284315705015374e-5,1.0039211386357476e-4,9.497693984463574e-7
inosine-5-monophosphate,6313,4646,8743,2.5120565383587133e-5,1.965370643056499e-5,3.57923872871401e-5
inosine,2254241,1941576,2428098,0.008970031432102463,0.0082133372183880015,0.0099402292104689809
indole-3-acetate,8542,11844,9680,3.399015832513881e-5,5.010299159785014e-5,3.962830938345146e-5
hypoxanthine,707227,330261,395730,0.0028141837627971137,0.001397084102338533,0.0016200527760654182
hypotaurine,14879,9038,13635,5.9206224036495005e-5,3.82329312784e-5,5.581942132679346e-5
homoserine,37623,51945,32738,1.4970870131897652e-4,2.197399441531852e-4,1.340239248549002e-4
histidine,3542292,4418849,5998471,0.014095418627238655,0.01869280262742051,0.024556742212361725
heptanoic acid,19651,10371,12725,7.81948725412436e-5,4.387184446650657e-5,5.20940327380599e-5
heptadecanoic acid,80298,60585,57935,3.195202216333407e-4,2.5628923893581144e-4,2.3717625042667982e-4
guanosine,180968,187894,185826,7.201043048213205e-4,7.948371752183768e-4,7.607407251538483e-4
glycyl-proline,71425,62337,77890,2.8421295462105353e-4,2.6370062371117734e-4,3.1886870019390853e-4
glycyl-glycine,41219,24709,27063,1.6401783376304103e-4,1.0452506073887868e-4,1.1079141909549038e-4
glycolic acid,23705,23824,19946,9.432646957356772e-5,1.007812961691305e-4,8.165560526470278e-5
glycine,2836322,2584958,3430375,0.011286236694108448,0.010934999067443052,0.014043384483600962
glycerol-alpha-phosphate,217164,366559,242151,8.641347158183615e-4,0.0015506334428500802,9.913259034619996e-4
glycerol-3-galactoside,68998,113924,118719,2.745554839754071e-4,4.819261410666565e-4,4.8601583281962545e-4
glycerol,4515713,3695659,4612614,0.01796883631712568,0.015633533588780755,0.01888327424157434
glyceric acid,86853,76129,48520,3.4560374865526586e-4,3.220441276049251e-4,1.9863280695093646e-4
glutaric acid,3707,4169,6968,1.4750821459996436e-5,1.76358807811075e-5,2.8525832622302667e-5
glutamine,8462627,11083379,15577111,0.0336743188453049,0.04688538035400107,0.06377010062069886
glutamate,7728382,11085402,9443560,0.030752625588521765,0.046893938134480846,0.03866036336375898
glucose-6-phosphate,18772,50543,9088,7.469717303670167e-5,2.1380914423591181e-4,3.720475988396766e-5
glucose,10578617,6461529,4256639,0.042094224618474,0.027333834278644463,0.01742597182083321
gluconic acid lactone,134514,55741,61467,5.352554620636527e-4,2.3579794449981128e-4,2.516356707513028e-4
gluconic acid,431868,828013,361606,0.0017184806480403942,0.0035026957431535536,0.0014803547978215238
galacturonic acid,66717,50216,42540,2.6547897365702245e-4,2.1242585495420826e-4,1.741516819392588e-4
galactose,404726,582348,315610,0.001610477735694232,0.002463473231258429,0.0012920548269123055
galactinol,1227,2287,1793,4.882454257193317e-6,9.674564487021553e-6,7.340243669889305e-6
fumaric acid,115311,253572,196378,4.5884326230743165e-4,0.0010726710389606599,8.039388574487016e-4
fructose-6-phosphate,11865,24377,7879,4.7212974540830244e-5,1.0312062024491665e-4,3.2255315044650214e-5
fructose-1-phosphate,9741,5492,4303,3.876119553326822e-5,2.3232491544697144e-5,1.7615766041011535e-5
fructose,152955,182483,102394,6.08635526413206e-4,7.719473333122667e-4,4.19183999071191e-4
ethanolamine,8344059,6625406,8913188,0.033202515392683145,0.028027073720900533,0.036489108642238324
erythritol,300197,321693,254544,0.0011945379956370516,0.0013608393850124286,0.0010420607834402138
ergosterol,21896,6610,16644,8.712813236797464e-5,2.7961902605689753e-5,6.813776667129816e-5
Dopamine,36836,32718,9618,1.46577086404216e-4,1.3840507253448675e-4,3.93744916993839e-5
digalacturonic acid,9535,23815,2277,3.794148438658377e-5,1.0074322398706527e-4,9.321659139061878e-6
dehydroabietic acid,2487,2152,1920,9.896221465069095e-6,9.103481756043018e-6,7.860160538866407e-6
cytidine,6923,13356,5028,2.7547865381050804e-5,5.649911818480973e-5,2.05837954111564e-5
cystathionine,45616,6444,41409,1.81514289646398e-4,2.725968235870874e-5,1.695215561218328e-4
citrulline,353812,383766,462703,0.0014078817486928134,0.0016234232247163592,0.001894229094695366
citric acid,111003,562002,113229,4.4170095347288496e-4,0.0023774047183362863,4.635406862788043e-4
cholesterol,69310,42327,56256,2.757969882364049e-4,1.7905347225280336e-4,2.303027037887857e-4
chenodeoxycholic acid,2741,1314,479,1.0906933267291673e-5,5.558538581524408e-6,1.9609463011026086e-6
cerotinic acid,1618,1087,1197,6.438313763764293e-6,4.59827354499013e-6,4.900318835949525e-6
cellobiose minor,5647,11904,4949,2.247043128799565e-5,5.035680614495171e-5,2.026038255565096e-5
caproic acid,29070,17326,20886,1.1567477201027689e-4,7.329318071803036e-5,8.550380886185613e-5
capric acid,12979,9012,8410,5.1645781421444225e-5,3.8122944974655985e-5,3.442914069368045e-5
campesterol,14347,4151,18732,5.708930010428079e-5,1.755973641697703e-5,7.668569125731537e-5
butylamine,182440,115431,149131,7.25961658257823e-4,4.883011164413577e-4,6.105175006883781e-4
biphenyl,4170,5697,5313,1.65931819498746e-5,2.4099691247294177e-5,2.1750537991144384e-5
biopterin,4945,2508,2292,1.9677046700750575e-5,1.0609448068845673e-5,9.383066643271772e-6
beta-sitosterol,253942,171963,158888,0.0010104810097638023,7.27445182720458e-4,6.504610352601071e-4
beta-alanyl lysine,322555,260351,365790,0.0012835045093145807,0.0011013478525406858,0.0014974833976624702
beta-alanine,381870,167406,396123,0.001519529590215495,7.081679678680936e-4,0.0016216616526757174
Benzaldehyde-4-carboxylic acid,3044,1979,6937,1.2112624905376086e-5,8.371649811900154e-6,2.8398923780268885e-5
behenic acid,44134,27475,44339,1.756171444066584e-4,1.1622591136026111e-4,1.8151648861083208e-4
azelaic acid,8816,5762,6366,3.50804537338356e-5,2.4374657006654214e-5,2.6061344786678927e-5
aspartate,1709021,3304979,1584562,0.006800502736008786,0.01398086246775339,0.0064869331790558486
asparagine,1651722,1754156,2157226,0.0065724996826404735,0.007420505178091726,0.008831324311779491
arachidic acid,102536,57483,82299,4.0800923367202447e-4,2.4316702685066023e-4,3.369184125980033e-4
arabitol,788899,424705,574716,0.003139171378195233,0.0017966051204462128,0.002352791679299555
arabinose,10767,20857,19938,4.284383454539564e-5,8.823016681495782e-5,8.162285459579083e-5
alpha-ketoglutarate,1032262,1119325,647903,0.004107556639314497,0.004735016132241102,0.0026524070800068547
alpha-aminoadipic acid,2530,15797,8361,1.0067326218988666e-5,6.682514000939199e-5,3.42285428465948e-5
allantoin,6976,7936,5704,2.7758761938207485e-5,3.357120409663447e-5,2.3351226934215615e-5
allantoic acid,51853,48243,25985,2.0633243732538312e-4,2.0407958659701827e-4,1.0637826645960602e-4
alanine,14539793,22556681,8445746,0.05785645821642999,0.09542022953549358,0.03457547887004624
adipic acid,20380,24004,12115,8.109569499722886e-5,1.0154273981043523e-4,4.959679423352422e-5
adenosine-5-monophosphate,8717,4971,8049,3.468651488178822e-5,2.1028535227365167e-5,3.2951266759029014e-5
adenosine,12981,16098,15159,5.165373978209165e-5,6.809844298735154e-5,6.205842375451867e-5
adenine,10583,6863,8582,4.211166536583283e-5,2.9032153945968043e-5,3.513328007528724e-5
aconitic acid,2208,4021,3118,8.786030154753745e-6,1.700980489825696e-5,1.2764573208429923e-5
9-myristoleate,95500,214319,15346,3.800117209143943e-4,9.066213320043603e-4,6.282397064033535e-5
6-methylcholecalciferol,1102,349,737,4.38505671672945e-6,1.4763546156408054e-6,3.0171553735127818e-6
5-methyluridine,920,1427,710,3.66084589781406e-6,6.0365559785656995e-6,2.906621865934973e-6
5-aminovaleric acid,15438,23949,17391,6.143058583744942e-5,1.0131007647559211e-4,7.119586038095086e-5
4-hydroxybutyric acid,1129,995,1262,4.492494585469646e-6,4.2090912394343875e-6,5.166418020859065e-6
3-phosphoglycerate,503,22571,13550,2.0015277028266005e-6,9.548080237715936e-5,5.547144546960406e-5
3-hydroxypropionic acid,39196,22633,45726,1.5596795196817382e-4,9.574307740916432e-5,1.8719463583344024e-4
3-hydroxykynurenine,11683,22552,12731,4.648876372191486e-5,9.54004277705772e-5,5.2118595739743864e-5
3-hydroxy-3-methylglutaric acid,3281,1806,2486,1.3055690642095579e-5,7.639817867757291e-6,1.0177270364386399e-5
"3-Aminopiperidine-2,6-dione",55204,97371,82242,2.1966667059013847e-4,4.119029377637847e-4,3.366850640820057e-4
3-aminoisobutyric acid,4378,2411,5156,1.7420851457206474e-5,1.0199114551031467e-5,2.1107806113747493e-5
"3,6-anhydro-D-galactose",14932,19467,21096,5.9417120593651686e-5,8.235012980710474e-5,8.636351392079463e-5
"3,4-dihydroxyphenylacetic acid",12925,25023,24175,5.1430905683963834e-5,1.0585335686871023e-4,9.896842761827883e-5
2-picolinic acid,3278,1500,3175,1.3043753101124445e-5,6.3453636775392785e-6,1.299792172442752e-5
2-monoolein,13199,16450,6653,5.252120109266063e-5,6.958748833034741e-5,2.7236275033894895e-5
2-ketoisovaleric acid,46470,27399,50646,1.8491250964284715e-4,1.1590441293393246e-4,2.073362972142854e-4
2-ketoisocaproic acid,175139,129497,172016,6.969096627144095e-4,5.478037067668692e-4,7.04204882944606e-4
2-hydroxyglutaric acid,5954061,2213710,6121585,0.023692282377374654,0.009364530017736983,0.02506075044391485
2-Deoxyinosine,3695,3041,2920,1.4703071296111906e-5,1.2864167295597964e-5,1.1953994152859326e-5
2-amino-4-oxo-4-phenylbutanoic acid,1078,1443,713,4.289556388960388e-6,6.1042398577927856e-6,2.918903366776952e-6
"2,6-diaminopimelic acid",2145,1129,1160,8.535341794359956e-6,4.77594372796123e-6,4.748846992231787e-6
1-monopalmitin,11007,20282,8452,4.379883782308626e-5,8.579777740523443e-5,3.460108170546816e-5
1-kestose,1508,2897,7238,6.00060392815609e-6,1.2255012382554192e-5,2.9631167698080755e-5
588382,96727,49086,65306,3.848941751715876e-4,2.0764568098379535e-4,2.673518979954216e-4
588380,110120,207425,60639,4.381873372470482e-4,8.774580405423899e-4,2.4824597651891664e-4
588375,17952,7424,12965,7.143424517125871e-5,3.140531996136773e-5,5.3076552805418206e-5
588374,58132,118584,82677,2.3131771057796407e-4,5.016390708915451e-4,3.3846588170409264e-4
588356,3080,8954,3100,1.2255875397029681e-5,3.7877590912457796e-5,1.269088420337805e-5
562527,40739,15769,28170,1.6210782720765978e-4,6.670669322074458e-5,1.1532329290618055e-4
554665,547,510,849,2.1766116370698817e-6,2.1574236503633546e-6,3.475664738279989e-6
553510,26157,16113,17368,1.0408341972730693e-4,6.816189662412693e-5,7.110170220782903e-5
553483,73114,55250,69904,2.909337901878013e-4,2.3372089545603008e-4,2.8617534495256104e-4
553440,29070,17290,20886,1.1567477201027689e-4,7.314089198976941e-5,8.550380886185613e-5
553439,11332,6343,6028,4.509207142829232e-5,2.683242787108776e-5,2.467762902514932e-5
553386,182440,115431,149131,7.25961658257823e-4,4.883011164413577e-4,6.105175006883781e-4
553359,37659,27323,30385,1.4985195181063012e-4,1.1558291450760379e-4,1.2439113436117486e-4
553345,18814,20101,20433,7.486429861029753e-5,8.503210352147802e-5,8.364930223471733e-5
553344,119284,101755,111281,4.746525457335352e-4,4.3044832067200614e-4,4.555658983987461e-4
553268,48758,31390,22061,1.9401687422349777e-4,1.3278731055863863e-4,9.03140633582978e-5
553263,91764,59617,65199,3.6514550322501026e-4,2.5219436424257275e-4,2.669138577987244e-4
550987,19560,25411,27221,7.783276713178589e-5,1.0749469093996706e-4,1.1143824480650127e-4
545358,794651,623576,946587,0.0031620596234172185,0.002637877667056822,0.003875169679168716
545069,70134,254835,104748,2.7907583282314275e-4,0.001078013835177148,4.288208833985304e-4
544748,3461873,3936603,5897367,0.013775416924786146,0.016652785126061435,0.024142839258652585
544707,1283,1086,1175,5.10528835532113e-6,4.594043302538437e-6,4.810254496441681e-6
544105,17347,7136,11081,6.902684107541359e-5,3.0187010135280193e-5,4.536377027665554e-5
544078,8654,6729,6516,3.4435826521394435e-5,2.8465301457441203e-5,2.6675419828777867e-5
544032,1794,11277,7023,7.138649500737418e-6,4.770444412774029e-5,2.8750993471072275e-5
541377,120863,160271,112040,4.8093567146467476e-4,6.779851879752651e-4,4.586731181117667e-4
540580,7317,1859,2433,2.9115662428592914e-5,7.864020717697012e-6,9.960297182844774e-6
539711,3405,1314,1425,1.3549109002235735e-5,5.558538581524408e-6,5.833712899939911e-6
539702,3387,3145,2319,1.3477483756408937e-5,1.330411251057402e-5,9.493600150849582e-6
539604,2676,3493,3640,1.0648286546250463e-5,1.4776236883763133e-5,1.4901554354934227e-5
534660,3160,1964,2429,1.2574209822926556e-5,8.308196175124762e-6,9.943921848388802e-6
524550,968,501,670,3.851846553352185e-6,2.119351468298119e-6,2.7428685213752564e-6
521677,4089,18052,30473,1.6270868343654012e-5,7.636433673795936e-5,1.2475139171920624e-4
521666,1102,970,1241,4.38505671672945e-6,4.1033351781420666e-6,5.080447514965213e-6
520868,52683,11375,23073,2.096351569940632e-4,4.811900788800619e-5,9.445702297565864e-5
520865,8378,3800,5685,3.333757275205022e-5,1.607492131643284e-5,2.3273444095549748e-5
520862,5218,2474,3444,2.0763362929123658e-5,1.0465619825488116e-5,1.4099162966591615e-5
520631,77187,58390,62472,3.0714099164627596e-4,2.470038567543456e-4,2.557499735333657e-4
519942,2637,4744,6452,1.0493098513625737e-5,2.006827019083089e-5,2.641341447748232e-5
519090,117105,94152,98426,4.659819118081691e-4,3.982857873117854e-4,4.0293966729086715e-4
517908,3746,12679,9369,1.4906009492621163e-5,5.3635244045013673e-5,3.8355127129499664e-5
517902,3586,385,731,1.4269340640827413e-5,1.628643343901748e-6,2.992592371828824e-6
514161,681,1210,1009,2.7098218004471468e-6,5.118593366548351e-6,4.130678116518856e-6
513579,1412,2068,3918,5.618602617079841e-6,8.748141390100818e-6,1.603964009962426e-5
511804,2917,3844,1942,1.1607269004264797e-5,1.6261051984307323e-5,7.95022487837425e-6
511719,12734,53221,46654,5.067088224213505e-5,2.2513773352154527e-4,1.9099371342722567e-4
509844,80105,63604,64074,3.187522398308645e-4,2.6906034089747215e-4,2.623082949829823e-4
488159,894,725,711,3.557387209397576e-6,3.066925777477318e-6,2.910715699548966e-6
486463,11225,5361,45,4.4666299133655247e-005,2.267832978352538e-5,1.8422251262968138e-7
476084,1753,2597,2369,6.975503107465269e-6,1.0985939647046337e-5,9.698291831549228e-6
474821,22046,13043,8346,8.772500941653128e-5,5.517505229742987e-5,3.416713534238491e-5
474672,75265,76503,50952,2.9949300706410355e-4,3.2362623828185826e-4,2.0858901030016726e-4
474251,7756,14742,11210,3.086252259070201e-5,6.236223422285602e-5,4.589187481286063e-5
474221,37524,34049,37306,1.4931476246692914e-4,1.4403552523768992e-4,1.5272455680361986e-4
474043,17535,27500,43624,6.977492697627126e-5,1.1633166742155343e-4,1.7858939757682714e-4
425777,692,8459,5665,2.753592784007967e-6,3.5783620898869834e-5,2.3191567423269892e-5
425770,23204,19698,13998,9.233290023138854e-5,8.33273158134458e-5,5.730548292867289e-5
425127,5733,2747,2878,2.281264079583479e-5,1.1620476014800265e-5,1.1782053141071623e-5
422265,196936,93963,166373,7.836438562303367e-4,3.9748627148841547e-4,6.81103379860844e-4
421543,4784,7116,9371,1.9036398668633115e-5,3.0102405286246337e-5,3.836331479672765e-5
417901,28799,30412,27188,1.1459641414255122e-4,1.2865013344088303e-4,1.1130314829723951e-4
417820,5402,4204,4618,2.1495532108686472e-5,1.778393926691675e-5,1.8905323629419303e-5
417688,11094,2097,4134,4.4145026511249113e-005,8.87081842119991e-6,1.6923908160246732e-5
412153,3601,683,2144,1.4329028345683078e-5,2.889255594506218e-6,8.77717926840082e-6
407336,40533,23386,28514,1.6128811606097533e-4,9.892844997528904e-5,1.1673157166939412e-4
406926,1037,456,2059,4.12640999568824e-6,1.9289905579719407e-6,8.429203411211421e-6
406851,345137,350344,348977,0.001373362359384621,0.0014820400614958807,0.001428653773110407
406846,249550,177974,156094,9.930044497820638e-4,7.528731700975836e-4,6.390228641426108e-4
405282,9508,7395,9239,3.783404651784357e-5,3.128264293026864e-5,3.7822928759680584e-5
404192,20785,4533,8729,8.270726302833179e-5,1.9175689033523697e-5,3.57350736165442e-5
404164,41683,7375,13936,1.6586417343324292e-4,3.119803808123478e-5,5.705166524460533e-5
404049,22358,28489,20494,8.896651367752909e-5,1.2051537720627767e-4,8.389902608517089e-5
400553,371,659,262,1.476275900096757e-6,2.7877297756655897e-6,1.072584406866145e-6
400202,3739,4718,5356,1.4878155230355187e-5,1.9958283887086877e-5,2.1926572836546077e-5
396760,11264,4119,3971,4.4821487166279976e-5,1.742436865852286e-5,1.6256613281165883e-5
396036,220849,301349,245439,8.787979953112363e-4,0.0012747793325751894,0.0010047864283848082
391901,140522,56761,47503,5.591623774485081e-4,2.4011279180053799e-4,1.9446937816550568e-4
391335,2755,1138,1660,1.0962641791823627e-5,4.814015910026466e-6,6.7957637992282465e-6
390198,2210,4292,4506,8.793988515401167e-6,1.815620060266572e-5,1.8446814264652096e-5
390194,3645845,2966907,4281869,0.014507474687299895,0.012550735941624685,0.01752925924291425
390145,11410,6225,6780,4.540244749354177e-5,2.6333259261788003e-5,2.7756191902871998e-5
390130,38007,17276,31020,1.512367065632815e-4,7.308166859544572e-5,1.2699071870606038e-4
389549,6378,3739,4500,2.5379212104628344e-5,1.5816876526879574e-5,1.842225126296814e-5
385008,66717,50216,42540,2.6547897365702245e-4,2.1242585495420826e-4,1.741516819392588e-4
384914,13898,8999,5853,5.530264813893458e-5,3.8067951822783974e-5,2.396120814270056e-5
383524,113149,55621,61486,4.502402744475686e-4,2.3529031540560813e-4,2.517134535899687e-4
382948,1181,6020,5813,4.699411962302615e-6,2.546605955919097e-5,2.379745479814084e-5
382947,1046,2000,792,4.1622226186016384e-6,8.460484903385705e-6,3.2423162222823924e-6
382905,21998,13003,10101,8.753400876099316e-5,5.5005842599362156e-5,4.1351813334942484e-5
382622,1499,1497,1673,5.964791305242692e-6,6.3326729501842e-6,6.848983636210155e-6
382616,139374,229623,142814,5.545942784368879e-4,9.713609624850678e-4,5.846567537487849e-4
382613,69637,100422,66540,2.7709818020225837e-4,4.248094074838996e-4,2.724036886750889e-4
382601,3501,2851,1395,1.3931110313311983e-5,1.2060421229776321e-5,5.710897891520123e-6
381736,82136,23474,54274,3.2683395506832136e-4,9.930071131103801e-5,2.2218872556585174e-4
381214,33165,21721,29879,1.3196951543587316e-4,9.188509629322045e-5,1.2231965455249445e-4
380652,11334,7881,9444,4.510002978893974e-5,3.333854076179137e-5,3.866216465054913e-5
380602,4170,4830,3427,1.65931819498746e-5,2.0432071041676475e-5,1.4029567795153736e-5
380297,4738,41429,10274,1.885335637374241e-5,1.7525471453118318e-4,4.206004655016326e-5
380205,1460,45019,15458,5.809603272617965e-6,1.904412849327605e-4,6.328248000510255e-5
379924,77296,70980,49697,3.0757472230156043e-4,3.0026260922115863e-4,2.0345124911460614e-4
379876,5857,3141,3748,2.330605915597495e-5,1.3287191540767249e-5,1.5343688385245462e-5
379063,1860,1459,11397,7.4012754021023395e-6,6.1719237370198716e-6,4.6657421698677304e-5
378996,42100,46524,15458,1.6752349162823038e-4,1.9680779982255824e-4,6.328248000510255e-5
377666,986,882,877,3.923471799178982e-6,3.7310738423930956e-6,3.5902920794717905e-6
377276,2738,1020,468,1.089499572632054e-5,4.314847300726709e-6,1.9159141313486865e-6
377232,127175,143437,73567,5.060522576679382e-4,6.067732865434677e-4,3.0117105748061714e-4
377204,8119,29073,3191,3.230696504820908e-5,1.2298583879806629e-4,1.3063423062251406e-5
376958,20385,23963,12115,8.111559089884742e-5,1.0136929986991582e-4,4.959679423352422e-5
374861,75240,76503,50952,2.9939352755601077e-4,3.2362623828185826e-4,2.0858901030016726e-4
371572,595,1846,447,2.3676122926080063e-6,7.809027565825005e-6,1.829943625454835e-6
371569,1518,1361,611,6.0403957313932e-6,5.757359976753972e-6,2.501332338149674e-6
371565,20644,118116,126509,8.214619860268854e-5,4.996593174241529e-4,5.179067966726303e-4
371564,11802,6947,8824,4.696228618043646e-5,2.9387494311910243e-5,3.612398780987352e-5
371554,42247,15769,28147,1.681084311358159e-4,6.670669322074458e-5,1.1522913473305871e-4
371553,11802,6947,8824,4.696228618043646e-5,2.9387494311910243e-5,3.612398780987352e-5
371547,140307,102306,115544,5.583068536789102e-4,4.327791842628889e-4,4.7301791109519793e-4
371541,850,838,799,3.382303275154295e-6,3.54494317451861e-6,3.270973057580343e-6
371280,6545,12586,5879,2.604373521868807e-5,5.324183149700624e-5,2.4067647816664375e-5
371271,9065,26331,20840,3.607126963443963e-5,1.113865139955245e-4,8.531549251561245e-5
370221,42100,37015,15458,1.6752349162823038e-4,1.5658242434941092e-4,6.328248000510255e-5
370173,3819,1278,2539,1.5196489656252062e-5,5.406249853263465e-6,1.0394243545928024e-5
370157,2150,1833,1849,8.555237695978511e-6,7.754034413952998e-6,7.569498352272909e-6
367427,8310,2894,5016,3.306698849003787e-5,1.2242321655199115e-5,2.0534669407788485e-5
367202,24460,17432,16059,9.733075071796947e-5,7.37415864179098e-5,6.57428740071123e-5
366123,2838,864,1275,1.1292913758691635e-5,3.654929478262624e-6,5.219637857840973e-6
361344,767,1331,1600,3.052031308286287e-6,5.630452703203186e-6,6.550133782388671e-6
360157,3801,3683,7107,1.5124864410425264e-5,1.5579982949584775e-5,2.909487549464768e-5
360148,29068,22427,25408,1.1566681364962947e-4,9.48716474641156e-5,1.0401612446433211e-4
360106,3172,2924,3013,1.2621959986811086e-5,1.23692289287499e-5,1.2334720678960667e-5
359906,15279,26768,8602,6.079789616597938e-5,1.1323512994691427e-4,3.5215156747567096e-5
357445,42141,27242,37797,1.6768663802150253e-4,1.1524026486901668e-4,1.547346291080904e-4
356187,5068,4546,4629,2.016648588056702e-5,1.9230682185395705e-5,1.8950355799173225e-5
355602,5661,4365,5145,2.2526139812527604e-5,1.84650083016393e-5,2.106277394399357e-5
354270,22284,13615,8424,8.867205433357449e-5,5.759475097979818e-5,3.4486454364276355e-5
354256,30427,108068,132501,1.2107451970955263e-4,4.5715384126954314e-4,5.424370476876759e-4
354254,7847,8451,7348,3.1224628000159705e-5,3.5749778959256296e-5,3.0081489395619975e-5
354252,208864,183098,192554,8.311075191315607e-4,7.745489324200578e-4,7.882840377087927e-4
354246,237569,207076,211732,9.453298903236831e-4,8.759816859267491e-4,8.667955787579489e-4
353481,315013,329014,338570,0.0012534935313131528,0.001391808990001272,0.001386049246689583
351741,2146,1139,1661,8.539320974683666e-6,4.818246152478158e-6,6.79985763284224e-6
351285,74645,103445,98442,2.9702591526340274e-4,4.375974304153671e-4,4.03005168628691e-4
351222,11330,6023,10880,4.50841130676449e-5,2.547875028654605e-5,4.454090972024297e-5
350330,1421,806,1304,5.654415239993239e-6,3.4095754160644386e-6,5.338359032646767e-6
350308,3865,1940,2673,1.5379531951142765e-5,8.206670356284133e-6,1.0942817250203075e-5
348293,2150,1570,1850,8.555237695978511e-6,6.641480649157778e-6,7.573592185886902e-6
347607,156781,53881,114457,6.238598703317242e-4,2.2792969353966255e-4,4.685679139567876e-4
346922,2750,4545,3874,1.0942745890205072e-5,1.922645194294401e-5,1.5859511420608572e-5
346416,9797,12512,15101,3.898402963139603e-5,5.2928793555580966e-5,6.182098140490708e-5
346408,5010,1617,2214,1.9935693421791786e-5,6.840302044387342e-6,9.063747621380324e-6
346346,3518,1400,2370,1.399875637881507e-5,5.922339432369993e-6,9.70238566516322e-6
346256,12680,5950,6587,5.045600650465466e-5,2.516994258757247e-5,2.6966082015371364e-5
346225,22973,14834,15389,9.141370957661131e-5,6.275141652841177e-5,6.300000548573704e-5
344676,41037,17786,30196,1.6329362294412566e-4,7.523909224580907e-5,1.236173998081302e-4
342924,47313,29827,45256,1.8826695865573547e-4,1.261754416066427e-4,1.8527053403486358e-4
342840,39649,27681,31218,1.5777052065481486e-4,1.1709734130530984e-4,1.2780129776163098e-4
342183,5499,2051,2515,2.1881512600086434e-5,8.67622726842204e-6,1.0295991539192194e-5
341344,14768,4923,13267,5.876453502056309e-5,2.082548358968391e-5,5.4312890556844066e-5
328993,5068,4336,4629,2.016648588056702e-5,1.8342331270540206e-5,1.8950355799173225e-5
328824,373,179,152,1.4842342607441789e-6,7.572133988530206e-7,6.222627093269238e-7
324432,6126,6971,6686,2.4376458663053188e-5,2.9489020130750872e-5,2.7371371543156663e-5
323841,17267,15535,9508,6.870850664951671e-5,6.571681648704846e-5,3.892417000184468e-5
321802,5092,32699,5963,2.0261986208336083e-5,1.3832469792790457e-4,2.441152984023978e-5
320847,213344,61508,97035,8.489342469817858e-4,2.601937527187239e-4,3.9724514473380297e-4
320842,13213,2066,1423,5.257690961719259e-5,8.739680905197433e-6,5.825525232711925e-6
250667,8160,4316,1232,3.247011144148123e-5,1.825772642150635e-5,5.043603012439277e-6
250558,2826,3190,3272,1.1245163594807102e-5,1.3494473420900198e-5,1.3395023584984834e-5
242849,3429,1793,2430,1.3644609330004796e-5,7.584824715885284e-6,9.948015682002795e-6
241382,7525,4918,4939,2.9943331935924786e-5,2.0804332377425448e-5,2.021944421951103e-5
237707,33153,25206,22663,1.3192176527198864e-4,1.0662749123737003e-4,9.277855119392154e-5
234465,342945,218738,241231,0.0013646399961150467,9.253147733983911e-4,9.87559576537126e-4
232320,30295,48943,17437,1.2054926790682278e-4,2.0704075631320325e-4,7.138417672719454e-5
230854,34191,22650,27417,1.360521544480006e-4,9.58149915308431e-5,1.1224063619484389e-4
228851,30523,24667,35994,1.2145652102062887e-4,1.0434739055590758e-4,1.4735344710206115e-4
228833,17015,15951,10527,6.770575320794156e-5,6.747659734695268e-5,4.309578645450347e-5
228307,1945,1981,2402,7.739505729617768e-6,8.38011029680354e-6,9.833388340810993e-6
227159,23078,14003,19075,9.183152351060097e-5,5.9236085051055005e-5,7.808987618691495e-5
224423,2431,1740,1669,9.673387366941284e-6,7.360621865945563e-6,6.832608301754183e-6
224377,56870,65126,35350,2.2629598500944088e-4,2.7549876990894866e-4,1.447170182546497e-4
223738,746,1249,1478,2.9684685214883578e-6,5.283572822164372e-6,6.050686081481536e-6
223237,2416,1907,2975,9.613699662085619e-6,8.06707235537827e-6,1.2179155001628936e-5
223227,8748,6263,4516,3.480986947182326e-5,2.6494008474952332e-5,1.8487752600792024e-5
223171,1436,972,1002,5.714102944848903e-6,4.111795663045452e-6,4.102021281220906e-6
223160,4779,4725,7980,1.901650276701456e-5,1.9987895584248726e-5,3.26687922396635e-5
223108,14317,14868,14738,5.696992469456946e-5,6.289524477176933e-5,6.033491980302765e-5
222288,4242,2973,3844,1.6879682933181786e-5,1.2576510808882849e-5,1.5736696412188784e-5
219979,13659,15317,6901,5.435162404156766e-5,6.479462363257942e-5,2.825154577016514e-5
219417,14133,15683,18806,5.6237755515006646e-5,6.6342892369899e-5,7.698863494475085e-5
215929,896,684,565,3.565345570044998e-6,2.893485836957911e-6,2.313015991906e-6
215683,7434,4414,4932,2.9581226526467093e-5,1.867229018177225e-5,2.0190787384213082e-5
215676,4666,10863,3733,1.8566855390435223e-5,4.595312375273945e-5,1.528228088103557e-5
215644,10673,13107,13218,4.246979159496681e-5,5.5445787814338216e-5,5.4112292709758415e-5
214058,3526,3507,2430,1.4030589821404758e-5,1.4835460278086832e-5,9.948015682002795e-6
212017,6835,16100,18756,2.719769751256424e-5,6.810690347225492e-5,7.67839432640512e-5
211126,3262,875,906,1.2980086215945071e-5,3.7014621452312458e-6,3.7090132542775854e-6
210861,5301,10573,5999,2.109363489599167e-5,4.472635344174852e-5,2.4558907850343527e-5
210845,2363,1005,1108,9.40280310492894e-6,4.251393663951316e-6,4.535967644304155e-6
210842,2486,3410,3463,9.892242284745385e-6,1.4425126760272626e-5,1.4176945805257482e-5
210393,24477,25744,21692,9.739839678347257e-5,1.0890336167638079e-4,8.880343875473442e-5
210312,117446,91706,119534,4.673388122985545e-4,3.879386142749447e-4,4.893523072150296e-4
210297,17676,25066,20893,7.033599140191448e-5,1.0603525729413303e-4,8.553246569715408e-5
210259,10128,27123,19488,4.0301138318544355e-5,1.1473686601726523e-4,7.978062946949402e-5
210228,16267,8783,13138,6.472932632580578e-5,3.715421945321832e-5,5.378478602063898e-5
209687,1127132,640510,793339,0.004485061476624954,0.0027095125927337886,0.003247797865491529
209676,181805,117979,146228,7.234348787522666e-4,4.99079774208271e-4,5.986331017069567e-4
209172,10134897,5996970,7634460,0.04032858272523698,0.025368637075528482,0.03125420897268438
208244,5000,8327,5479,1.9895901618554676e-5,3.522522889524638e-5,2.2430114371067206e-5
205795,1000,3041,1123,3.979180323710935e-6,1.2864167295597964e-5,4.597375148514049e-6
199152,2801,1846,1508,1.1145684086714329e-5,7.809027565825005e-6,6.173501089901323e-6
190197,27879,13837,19168,1.1093556824473716e-4,5.853386480407399e-5,7.847060271301628e-5
190007,952,691,394,3.7881796681728103e-6,2.923097534119761e-6,1.6129704439132105e-6
189939,1479,2524,1344,5.885207698768473e-6,1.067713194807276e-5,5.502112377206484e-6
189234,1256,1371,1409,4.997850486580934e-6,5.7996624012709e-6,5.768211562116024e-6
188923,22412,49868,21620,8.918138941500947e-5,2.1095373058101915e-4,8.850868273452693e-5
187931,6347,11293,9621,2.5255857514593304e-5,4.777212800696738e-5,3.938677320022588e-5
187846,1181,326,662,4.699411962302615e-6,1.3790590392518697e-6,2.710117852463313e-6
187839,1211,473,706,4.818787372013943e-6,2.000904679650719e-6,2.8902465314790016e-6
187836,1821,913,1167,7.246087369477613e-6,3.862211358395574e-6,4.777503827529738e-6
183432,1341,386,691,5.336080814096364e-6,1.632873586353441e-6,2.8288390272691076e-6
170841,59027,34060,48568,2.3487907696768538e-4,1.4408205790465855e-4,1.9882931096440812e-4
170728,69633,99322,20021,2.7708226348096356e-4,4.2015614078703744e-4,8.196264278575225e-5
170630,13513,17308,31788,5.377066371430587e-5,7.321703635389988e-5,1.3013478292160692e-4
170487,16245,25138,19432,6.464178435868414e-5,1.0633983475065491e-4,7.955137478711042e-5
170319,20059,13860,11764,7.981837811331765e-5,5.8631160380462927e-5,4.815985863501271e-5
170278,2971,1290,3825,1.1822144741745189e-5,5.457012762683779e-6,1.5658913573522918e-5
170275,7533,6070,5868,2.9975165378514475e-5,2.5677571681775613e-5,2.4022615646910453e-5
170242,1688,1055,573,6.7168563864240586e-6,4.462905786535959e-6,2.345766660817943e-6
169614,1228,438,221,4.8864334375170285e-6,1.8528461938414692e-6,9.047372286924353e-7
169611,4160,5705,4227,1.655339014663749e-5,2.4133533186907722e-5,1.7304634686348073e-5
169610,1147,1998,871,4.564119831296443e-6,8.452024418482318e-6,3.5657290777878333e-6
168880,2002,3445,1732,7.966319008069292e-6,1.4573185246081876e-5,7.090519819435737e-6
163829,6802,9511,3203,2.706638456188178e-5,4.023383595805071e-5,1.3112549065619322e-5
163410,8836,15782,14586,3.516003734030982e-5,6.676168637261659e-5,5.971265709370073e-5
161401,81328,60311,21057,3.2361877736676294e-4,2.551301525040476e-4,8.620385440984892e-5
161388,2221,2284,1403,8.837759498961988e-6,9.661873759666473e-6,5.743648560432067e-6
160575,8339,7339,10236,3.318238471942549e-5,3.104574935297384e-5,4.190448087283153e-5
146435,4031,3950,2363,1.604007588487878e-5,1.6709457684186766e-5,9.67372882986527e-6
146430,2472,41749,2302,9.836533760213432e-6,1.7660839211572487e-4,9.4240049794117e-6
146264,4639,3174,3979,1.8459417521695027e-5,1.3426789541673113e-5,1.6289363950077828e-5
138111,42995,5441,2750,1.7108485801795167e-4,2.3016749179660808e-5,1.125804243848053e-5
135765,6709,9112,5651,2.6696320791776663e-5,3.8545969219825265e-5,2.313425375267399e-5
135325,13429,10752,12080,5.343641256711415e-5,4.548356684060155e-5,4.945351005703447e-5
135323,8940,730,4802,3.557387209397576e-5,3.088076989735782e-6,1.9658589014394002e-5
135260,8870,27073,39957,3.529532947131599e-5,1.1452535389468059e-4,1.635773097143151e-4
135163,533,481,412,2.1209031125379283e-6,2.034746619264262e-6,1.686659448965083e-6
134328,60897,50909,54810,2.423201441730248e-4,2.153574129732314e-4,2.2438302038295193e-4
133924,3078,7966,3185,1.2247917036382259e-5,3.369811137018526e-5,1.3038860060567449e-5
133605,14267,11629,8738,5.677096567838391e-5,4.9193489470736174e-5,3.577191811907013e-5
133467,10286,32038,40459,4.092984880969068e-5,1.355285076673356e-4,1.6563241418853953e-4
132335,25325,53757,50865,1.0077274169797943e-4,2.2740514347565266e-4,2.0823284677574987e-4
132248,1782,4465,1737,7.090899336852886e-6,1.8888032546808584e-5,7.110988987505702e-6
131989,3664,2483,1802,1.4579716706076867e-5,1.0503692007553352e-5,7.377088172415242e-6
131524,13898,9544,8116,5.530264813893458e-5,4.037343395895658e-5,3.3225553611166534e-5
131446,527739,340454,645169,0.0020999686448548854,0.0014402029636486383,0.002641214538906198
131427,799,941,622,3.1793650786450374e-6,3.980658147042974e-6,2.546364507903596e-6
131421,226823,79224,212799,9.025696185650854e-4,3.351367279929145e-4,8.711636992240793e-4
130738,7939,15866,10350,3.1590712589941116e-5,6.71170267385588e-5,4.237117790482672e-5
130659,12024,14921,8918,4.784566421230029e-5,6.311944762170904e-5,3.650880816958886e-5
130582,32719,43259,45726,1.3019480101149808e-4,1.829960582177811e-4,1.8719463583344024e-4
130549,5008,6556,3423,1.9927735061144362e-5,2.7733469513298337e-5,1.4013192460697764e-5
130548,26315,60048,36144,1.0471213021845326e-4,2.540175987392524e-4,1.479675221441601e-4
130530,13337,20690,39360,5.3070327977332743e-5,8.752371632552511e-5,1.6113329104676133e-4
130528,4993,4886,4179,1.98680473562887e-5,2.0668964618971274e-5,1.7108130672876412e-5
130463,69626,45425,59463,2.7705440921869755e-4,1.921587633681478e-4,2.43431628188861e-4
128059,3802,4766,4438,1.5128843590748976e-5,2.0161335524768134e-5,1.816843357890058e-5
127630,3954,1488,3163,1.5733678999953038e-5,6.294600768118964e-6,1.2948795721059605e-5
125960,24497,16845,11527,9.747798038994679e-5,7.125843409876609e-5,4.7189620068496384e-5
125942,8632,10820,8191,3.4348284554272795e-5,4.577122332731666e-5,3.353259113221601e-5
125898,215,449,132,8.55523769597851e-7,1.8993788608100906e-6,5.403860370470654e-7
125897,13933,25066,12748,5.544191945026446e-5,1.0603525729413303e-4,5.218819091118174e-5
125868,5000,8973,3928,1.9895901618554676e-5,3.795796551903996e-5,1.608057843576419e-5
125802,12886,4044,12843,5.127571765133911e-5,1.7107100474645894e-5,5.257710510451107e-5
124996,47521,18418,29177,1.8909462816306735e-4,7.791260547527895e-5,1.1944578335547142e-4
121191,1532,2109,1610,6.096104255925153e-6,8.921581330620225e-6,6.591072118528601e-6
118967,366,808,977,1.4563799984782022e-6,3.4180359009678244e-6,3.999675440871083e-6
118602,13121,14556,22028,5.221082502741118e-5,6.157540912684115e-5,9.017896684903604e-5
118128,10823,1583,1448,4.3066668643523454e-5,6.6964738010297845e-6,5.927871073061748e-6
118125,3842,4320,2822,1.5288010803697414e-5,1.8274647391313123e-5,1.155279845868802e-5
118060,13554,14907,13438,5.393381010757802e-5,6.306022422738534e-5,5.5012936104836856e-5
117962,11048,11660,9588,4.396198421635841e-5,4.9324626986738655e-5,3.9251676690964115e-5
117769,38788,24127,30683,1.5434444639609974e-4,1.0206305963199344e-4,1.2561109677814477e-4
117750,38771,12834,20428,1.5427680033059667e-4,5.429093162502606e-5,8.362883306664737e-5
117745,61894,50044,75130,2.462873869557646e-4,2.116982532525171e-4,3.075697194192881e-4
117300,1722,2211,2245,6.852148517430231e-6,9.353066060692896e-6,9.190656463414105e-6
117249,18029,12419,19533,7.174064205618445e-5,5.253538100757353e-5,7.996485198212371e-5
117245,5095,18922,8539,2.0273923749307214e-5,8.004464767093215e-5,3.495724522988554e-5
117242,13325,4479,8693,5.302257781344821e-5,1.8947255941132285e-5,3.558769560644045e-5
117235,5738,11920,16470,2.2832536697453346e-5,5.04244900241788e-5,6.742543962246339e-5
117213,18671,19174,68202,7.429527582400687e-5,8.111066876875874e-5,2.792076401415451e-4
117212,25995,18769,23990,1.0343879251486577e-4,7.939742057582314e-5,9.821106839969014e-5
117201,45310,25675,16167,1.8029666046734248e-4,1.0861147494721397e-4,6.618500803742353e-5
117200,19654,15919,16105,7.820681008221472e-5,6.734122958849851e-5,6.593119035335598e-5
117199,560850,618644,519746,0.002231723284553278,0.0026170141112850727,0.002127753645538364
117196,1547,5524,3697,6.155791960780817e-6,2.3367859303151315e-5,1.5134902870931825e-5
117195,12987633,13237916,13113884,0.051680133685178826,0.055999594235144036,0.05368605912920393
117192,62972,44836,51172,2.50576943344725e-4,1.896671505641007e-4,2.0948965369524568e-4
117191,555,590,464,2.208445079659569e-6,2.4958430464987825e-6,1.8995387968927148e-6
117190,6170,8798,18250,2.455154259729647e-5,3.7217673089993714e-5,7.471246345537079e-5
117182,12117,14812,9872,4.82157279824054e-5,6.265835119447453e-5,4.0414325437338105e-5
116942,60732,41623,53155,2.416635794196125e-4,1.7607538156681158e-4,2.1760772575179366e-4
115895,13157,26861,26892,5.235407551906478e-5,1.136285424949217e-4,1.100913735474976e-4
114282,3528,1117,1633,1.4038548182052179e-5,4.725180818540916e-6,6.685230291650438e-6
113559,8196,17908,8887,3.2613361933134824e-5,7.575518182491559e-5,3.6381899327555076e-5
113534,7922,6577,7086,3.152306652443803e-5,2.782230460478389e-5,2.9008904988753828e-5
112543,1467,1903,1753,5.837457534883942e-6,8.050151385571497e-6,7.176490325329588e-6
112530,1356,4447,3964,5.395768518952028e-6,1.8811888182678114e-5,1.6227956445867932e-5
111776,54284,29336,49180,2.160058246923244e-4,1.240983925628615e-4,2.013347371361718e-4
111772,2290,18661,33433,9.112322941298042e-6,7.894055439104032e-5,1.3686913921662528e-4
111739,7090,9731,10711,2.821238849511053e-5,4.116448929742314e-5,4.3849051839478165e-5
111732,16456,42372,28462,6.548139140698715e-5,1.7924383316312952e-4,1.1651869232146648e-4
110962,6891,7394,9382,2.7420531610692053e-5,3.127841268781695e-5,3.8408346966481576e-5
110647,64717,26678,22782,2.575206130096006e-4,1.1285440812626191e-4,9.32657173939867e-5
110628,90292,131484,113409,3.5928814978850775e-4,5.562091985183829e-4,4.6427757632932305e-4
110612,15838,27934,27155,6.302225796693379e-5,1.1816759264558813e-4,1.1116805178797773e-4
110605,78400,46502,46606,3.1196773737893733e-4,1.96714734488621e-4,1.90797209413754e-4
110346,31840,49178,43624,1.2669710150695618e-4,2.080348632893511e-4,1.7858939757682714e-4
110328,5133,10444,10402,2.042513260160823e-5,4.418065216548015e-5,4.2584057252754354e-5
110321,37082,69980,19712,1.475559647638489e-4,2.9603236676946576e-4,8.069764819902843e-5
110283,14048,11527,13240,5.5899525187491215e-5,4.876200474066351e-5,5.420235704926626e-5
110182,3187,2531,2926,1.268164769166675e-5,1.0706743645234608e-5,1.1978557154543284e-5
110123,9952,16938,8751,3.960080258157123e-5,7.165184664677353e-5,3.582513795605204e-5
110031,10673,12856,12191,4.246979159496681e-5,5.4383996958963305e-5,4.990792558818769e-5
110021,20579,11623,15973,8.188755188164734e-5,4.916810801602602e-5,6.53908043163089e-5
109714,7642,5558,6978,3.0408896033798968e-5,2.351168754650887e-5,2.8566770958442595e-5
109387,112197,54083,94054,4.4645209477939577e-4,2.2878420251490453e-4,3.8504142673049006e-4
109386,7453,6612,6818,2.96568309526176e-5,2.797036309059314e-5,2.7911757580203727e-5
108314,7437394,4370739,5345910,0.029594731864485767,0.018489285663069566,0.02188526605538089
107960,11647,7975,17789,4.634551323026126e-5,3.37361835522505e-5,7.282520615932005e-5
107143,86752,25689,73845,3.452018514425711e-4,1.0867069834153767e-4,3.0230914322530717e-4
106940,70013,84220,43797,2.785943520039737e-4,3.56271019281572e-4,1.792976307920479e-4
106931,3124,1773,2111,1.2430959331272962e-5,7.500219866851427e-6,8.642082759139054e-6
106902,312,266,254,1.2415042609978117e-6,1.1252444921502987e-6,1.0398337379542015e-6
106482,18562,10774,13938,7.386154516872238e-5,4.557663217453879e-5,5.705985291183331e-5
106427,281269,195541,219554,0.001119220070469851,8.271858392464719e-4,8.988175452866015e-4
105769,1596,2496,1423,6.350771796642652e-6,1.0558685159425358e-5,5.825525232711925e-6
105406,51814,32978,41491,2.061772492927584e-4,1.3950493557192688e-4,1.6985725047818023e-4
105370,70873,86440,23868,2.820164470823651e-4,3.656621575243301e-4,9.771162069878301e-5
105085,586,931,513,2.331799669694608e-6,3.938355722526045e-6,2.100136643978368e-6
105081,1843,5147,1990,7.333629336599254e-6,2.177305789886311e-5,8.14672889184591e-6
104990,2872,284,2539,1.1428205889697806e-5,1.20138885628077e-6,1.0394243545928024e-5
104933,16335,11193,10682,6.499991058781813e-5,4.7349103761798094e-5,4.373033066467237e-5
104931,4472,2083,2205,1.7794894407635302e-5,8.811595026876212e-6,9.026903118854387e-6
104924,27283,20045,25273,1.0856397677180544e-4,8.479520994418322e-5,1.0346345692644306e-4
104918,65032,41453,34154,2.5877405481156953e-4,1.7535624035002378e-4,1.3982079325231418e-4
104417,8140,2972,6167,3.239052783500701e-5,1.2572280566431156e-5,2.5246671897494336e-5
104390,656,1324,602,2.6103422923543735e-6,5.600841006041336e-6,2.4644878356237376e-6
104378,41018,27287,42741,1.6321801851797515e-4,1.1543062577934285e-4,1.7497454249567137e-4
104312,128263,4830,115505,5.103816058601357e-4,2.0432071041676475e-5,4.728582515842522e-4
104238,1436,2057,743,5.714102944848903e-6,8.701608723132197e-6,3.0417183751967394e-6
104135,6279,8209,5617,2.498527325258096e-5,3.4726060285946624e-5,2.299506340979823e-5
104131,14416,6804,9283,5.736386354661684e-5,2.8782569641318165e-5,3.800305743869628e-5
103821,71155,68050,41280,2.8313857593365157e-4,2.8786799883769856e-4,1.6899345158562774e-4
102904,70357,97203,32134,2.799631900353303e-4,4.111922570319003e-4,1.315512493520485e-4
100922,7627,17439,7623,3.0349208328943303e-5,7.377119811507165e-5,3.120729363946803e-5
100908,1157,3396,1541,4.603911634533552e-6,1.4365903365948925e-5,6.30859759916309e-6
100877,526,763,537,2.093048850271952e-6,3.2276749906416462e-6,2.198388650714198e-6
100869,12961,8072,10815,5.157415617561743e-5,3.4146517070064704e-5,4.427481053533343e-5
100865,11576,29699,7324,4.6062991427277786e-5,1.2563397057282602e-4,2.9983237388884145e-5
100727,9346,13803,15724,3.7189419305402403e-5,5.839003656071644e-5,6.437143974642467e-5
100468,72,79,5117,2.8650098330718735e-7,3.341891536837353e-7,2.094814660280177e-5
100114,5412,6829,9579,2.1535323911923582e-5,2.8888325702610487e-5,3.9214832188438177e-5
100017,103359,67905,56994,4.1128409907843853e-4,2.872546136822031e-4,2.3332395299591248e-4
99877,6150,6931,7369,2.4471958990822252e-5,2.9319810432683156e-5,3.0167459901513825e-5
98053,50533,50362,89780,2.0107991929808468e-4,2.1304347035215542e-4,3.6754438186428436e-4
98027,14940,13296,21394,5.944895403624137e-5,5.624530363770816e-5,8.758347633776453e-5
97891,11542,10399,18995,4.5927699296271615e-5,4.399029125515397e-5,7.776236949779551e-5
97693,13477,14209,22119,5.3627413222652276e-5,6.010751499610374e-5,9.05515057079094e-5
95422,48024,32399,19221,1.9109615586589395e-4,1.370556251923967e-4,7.868757589455791e-5
95404,8397,8389,8591,3.341317717820072e-5,3.5487503927251335e-5,3.517012457781318e-5
94586,3037,1844,1533,1.208477064311011e-5,7.800567080921619e-6,6.275846930251146e-6
94582,39538,16710,17132,1.5732883163888296e-4,7.068735136778756e-5,7.01355574749267e-5
92552,42622,3659,3385,1.6960062375720748e-4,1.5478457130744147e-5,1.3857626783366033e-5
91648,4537,6915,4789,1.8053541128676513e-005,2.9252126553456073e-5,1.9605369177412093e-5
91401,474,2145,1356,1.8861314734389833e-6,9.073870058881168e-6,5.5512383805743995e-6
90822,6717,7883,6628,2.6728154234366353e-5,3.3347001246694755e-5,2.7133929193545074e-5
87950,2487,2152,1920,9.896221465069095e-6,9.103481756043018e-6,7.860160538866407e-6
87877,25552,20131,24037,1.0167601563146182e-4,8.51590107950288e-5,9.840347857954782e-5
85106,3462,6785,6688,1.3775922280687257e-5,2.8702195034736002e-5,2.7379559210384647e-5
84390,35182,15619,12273,1.3999552214879812e-4,6.607215685299065e-5,5.0243619944535106e-5
84223,85373,62786,58436,3.3971456177617367e-4,2.656000025719874e-4,2.3922726106729027e-4
84216,18325,15220,9757,7.291847943200288e-5,6.43842901147652e-5,3.994353457172892e-5
84185,2310,1661,1850,9.19190654777226e-6,7.0264327122618275e-6,7.573592185886902e-6
84181,14063,11354,4189,5.595921289234688e-5,4.803017279652064e-5,1.714906900901634e-5
84086,1031,5125,3491,4.102534913745974e-6,2.1679992564925867e-5,1.4291573146449283e-5
68541,641,244,455,2.5506545874987094e-6,1.032179158213056e-6,1.8626942943667784e-6
68263,3997,3222,3887,1.590478375387261e-5,1.362984117935437e-5,1.591273125759048e-5
68235,1641,2420,2445,6.529834911209645e-6,1.0237186733096702e-5,1.000942318621269e-5
68142,2504,5273,2461,9.963867530572181e-6,2.2306068447776408e-5,1.0074924524036575e-5
68094,9456,29971,12121,3.7627129141010606e-5,1.2678459651968647e-4,4.962135723520818e-5
67178,35562,17266,8491,1.4150761067180829e-4,7.303936617092879e-5,3.476074121641388e-5
67163,31945,21680,29886,1.2711491544094582e-4,9.171165635270103e-5,1.223483113877924e-4
67160,25981,17326,2048,1.0338308399033381e-4,7.329318071803036e-5,8.3841712414575e-6
66827,3218,3448,3644,1.280500228170179e-5,1.4585875973436953e-5,1.49179296893902e-5
66763,31191,11314,31655,1.241146134768678e-4,4.786096309845293e-5,1.2959030305094587e-4
66608,2014,1740,1629,8.014069171953823e-6,7.360621865945563e-6,6.668854957194467e-6
66546,2022,3147,2742,8.04590261454351e-6,1.3312572995477406e-5,1.1225291769568585e-5
66437,66807,39713,34127,2.6583709988615647e-4,1.6799561848407824e-4,1.3971025974473638e-4
66396,4221,4553,5309,1.6796120146383856e-5,1.9260293882557557e-5,2.173416265668841e-5
66391,18615,27104,25515,7.407244172587906e-5,1.1465649141068307e-4,1.0445416466102935e-4
66367,13155,12526,10367,5.234611715841735e-5,5.2988016949904664e-5,4.24407730762646e-5
66350,23935,46713,30826,9.524168104802123e-5,1.976073156459282e-4,1.2619651498494574e-4
66291,139326,226775,140658,5.544032777813498e-4,9.593132319826466e-4,5.758304484770161e-4
66287,66609,117897,104166,2.650492221820617e-4,4.987328943272322e-4,4.264382722351865e-4
66261,73088,54002,70057,2.908303314993848e-4,2.284415528763174e-4,2.86801701495502e-4
66256,75240,76510,50952,2.9939352755601077e-4,3.236558499790201e-4,2.0858901030016726e-4
65419,886,693,326,3.5255537668078886e-6,2.9315580190231463e-6,1.3345897581616918e-6
65232,1167,418,851,4.643703437770662e-6,1.7682413448076122e-6,3.483852405507975e-6
65051,68034,36560,56372,2.7071955414334975e-4,1.5465766403389067e-4,2.3077758848800888e-4
65017,11109,4413,7292,4.420471421610478e-5,1.8668059939320558e-5,2.985223471323637e-5
64799,673,668,1372,2.6779883578574595e-6,2.825801957730825e-6,5.616739718398286e-6
64787,688,818,530,2.7376760627131232e-6,3.460338325484753e-6,2.1697318154162473e-6
64753,2451,4679,6432,9.752970973415502e-6,1.9793304431470855e-5,2.633153780520246e-5
64652,383,1167,1082,1.5240260639812882e-6,4.9366929411255585e-6,4.429527970340339e-6
64643,5583,6069,3748,2.2215763747278152e-5,2.567334143932392e-5,1.5343688385245462e-5
64616,2877,1806,1437,1.144810179131636e-5,7.639817867757291e-6,5.882838903307825e-6
64612,3458,3657,3272,1.3760005559392414e-5,1.546999664584076e-5,1.3395023584984834e-5
64604,5293,6895,4352,2.106180145340198e-5,2.9167521704422214e-5,1.7816363888097186e-5
64586,1080,1107,846,4.29751474960781e-6,4.682878394023987e-6,3.4633832374380103e-6
64585,2114,2827,3441,8.411987204324917e-6,1.1958895410935693e-5,1.4086881465749637e-5
64557,12267,17526,14393,4.8812605030962044e-5,7.413922920836892e-5,5.8922547206200094e-5
62840,100221,17925,29619,3.9879743122263366e-4,7.582709594659437e-5,1.2125525781285629e-4
62820,12848,6743,7375,5.112450879903809e-5,2.85245248517649e-5,3.0192022903197783e-5
62816,627396,339623,396930,0.0024965218183749457,0.0014366876321712815,0.0016249653764022097
62766,2382,1522,637,9.478407531079448e-6,6.438429011476521e-6,2.60777201211349e-6
62409,38763,27462,45835,1.54244966888007e-4,1.161709182083891e-4,1.8764086369736548e-4
62393,85904,94423,92971,3.418275065280642e-4,3.994321830161942e-4,3.806078049265357e-4
62375,15554,18518,13329,6.189217075499988e-5,7.833562972044823e-5,5.456670824091163e-5
62348,8836,15868,14221,3.516003734030982e-5,6.712548722346218e-5,5.8218407824593314e-5
62311,9947,9342,12615,3.958090667995267e-5,3.9518924983714627e-005,5.1643711040520686e-5
62290,23823,11677,16319,9.479601285176561e-5,4.939654110841743e-5,6.680727074675046e-5
62267,4387,2407,3056,1.7456664080119874e-5,1.0182193581224694e-5,1.2510755524362362e-5
62252,3927,1039,579,1.5626241131212842e-5,4.395221907308873e-6,2.3703296625019007e-6
53745,18031,27934,26256,7.174860041683187e-5,1.1816759264558813e-4,1.074876953689981e-4
52871,3610,1549,1461,1.4364840968596476e-5,6.552645557672228e-6,5.981090910043656e-6
50367,1341,1057,1910,5.336080814096364e-6,4.471366271439344e-6,7.819222202726477e-6
48608,78919,117095,104091,3.140329319669433e-4,4.953402398809745e-4,4.26131234714137e-4
47358,3945,2781,3070,1.5697866377039638e-5,1.1764304258157822e-5,1.2568069194958264e-5
47286,10136,6263,10533,4.033297176113404e-5,2.6494008474952332e-5,4.3120349456187424e-5
47259,8870,29073,36305,3.529532947131599e-5,1.2298583879806629e-4,1.4862662935601295e-4
46365,6056,18236,23845,2.4097916040393425e-5,7.714270134907085e-5,9.761746252566117e-5
46362,1753,2556,2369,6.975503107465269e-6,1.081249970652693e-5,9.698291831549228e-6
46349,3514,385,731,1.3982839657520226e-5,1.628643343901748e-6,2.992592371828824e-6
46207,13651,121275,165337,5.4319790598977974e-5,5.130226533290506e-4,6.768621682367474e-4
46179,14267,11629,16285,5.677096567838391e-5,4.9193489470736174e-5,6.66680804038747e-5
46149,3387,2281,2634,1.3477483756408937e-5,9.649183032311396e-6,1.078315773925735e-5
46131,699680,342044,607427,0.002784152888894067,0.0014469290491468298,0.0024867050706468773
42424,2465,4526,7096,9.808679497947455e-6,1.914607733636185e-5,2.904984332489376e-5
42245,13399,19922,11196,5.331703715740282e-5,8.4274890122625e-5,4.583456114226473e-5
42007,101190,97228,79871,4.026532569563095e-4,4.1129801309319265e-4,3.269785845832285e-4
34087,1559,1543,1947,6.203542124665348e-6,6.527264102962071e-6,7.970694046444214e-6
33999,1048,952,952,4.17018097924906e-6,4.027190814011595e-6,3.89732960052126e-6
33395,53112,69437,41122,2.113422253529352e-4,2.9373534511819655e-4,1.6834662587461685e-4
31695,16727,18543,13330,6.655974927471282e-5,7.844138578174055e-5,5.457080207452562e-5
31664,5865,7238,4618,2.3337892598564635e-5,3.061849486535286e-5,1.8905323629419303e-5
31599,2206,6442,4862,8.778071794106323e-6,2.7251221873805353e-5,1.9904219031233574e-5
27127,11347,9173,94518,4.515175913314798e-5,3.880401400937853e-5,3.8694096552738277e-4
26911,845,370,381,3.36240737353574e-6,1.5651897071263552e-6,1.5597506069313024e-6
26755,13801,4824,7673,5.4916667647534616e-5,2.040668958696632e-5,3.1411985320167675e-5
26751,1203,14089,19698,4.786953929424255e-6,5.9599885901900595e-5,8.064033452843253e-5
26736,2743,1998,450,1.0914891627939095e-5,8.452024418482318e-6,1.842225126296814e-6
26723,5693,441,556,2.2653473582886355e-5,1.8655369211965478e-6,2.2761714893800634e-6
23170,30785,12888,13911,1.2249906626544114e-4,5.451936471741748e-5,5.6949319404255506e-5
22969,46587,37295,83950,1.8537807374072133e-4,0.00015776689223588491,3.4367733189470564e-4
22885,98635,20972,83694,3.924864512292281e-4,8.87166446969025e-5,3.426293104895234e-4
21827,7194,3613,2722,2.8626223248776467e-5,1.5283865977966276e-5,1.1143415097288727e-5
21709,1139246,721864,890163,0.004533265267066388,0.003053659737148809,0.0036441792113327794
21683,26688,20202,10579,1.0619636447919744e-4,8.545935800909899e-5,4.33086658024311e-5
20297,5114,3910,3943,2.0349528175457724e-5,1.654024798611905e-5,1.6141985939974083e-5
18588,9329,10585,15123,3.7121773239899314e-5,4.477711635116884e-5,6.191104574441493e-5
18489,1155,5362,1560,4.59595327388613e-6,2.2682560025977073e-5,6.386380437828955e-6
18488,4300,4421,6797,1.7110475391957022e-5,1.87019018789341e-5,2.7825787074309877e-5
18361,2911282,1616289,2075352,0.011584516051173818,0.006837294342004188,0.008496145778467435
18345,10148,2299,6195,4.038072192501857e-5,9.725327396441867e-6,2.5361299238686137e-5
18257,23652,22902,16010,9.411557301641104e-5,9.68810126286697e-5,6.554227616002664e-5
18177,5474,5905,5127,2.178203309199366e-5,2.4979581677246293e-5,2.09890849389417e-5
18168,1639,1700,1167,6.521876550562222e-6,7.191412167877849e-6,4.777503827529738e-6
18037,2792,1645,2091,1.1109871463800931e-5,6.9587488330347415e-6,8.560206086859195e-6
18023,1908,1969,1149,7.5922760576404645e-6,8.329347387383226e-6,4.703814822477865e-6
17863,474,422,309,1.8861314734389833e-6,1.7851623146143837e-6,1.2649945867238121e-6
17830,87221,109494,116607,3.470680870143915e-4,4.6318616700565717e-4,4.773696562268724e-4
17829,8036,23732,6954,3.197669308134108e-5,1.0039211386357476e-4,2.8468518951706764e-5
17651,3608,2409,2833,1.4356882607949054e-5,1.019065406612808e-5,1.1597830628441941e-5
17644,23080,53706,33728,9.183948187124839e-5,2.271894011106163e-4,1.380768201327532e-4
17537,7537,6019,11890,2.999108209980932e-5,2.5461829316739277e-5,4.867568167037582e-5
17456,2095,5219,6462,8.33638277817441e-6,2.2077635355384995e-5,2.645435281362225e-5
17382,1288,1082,513,5.125184256939685e-6,4.577122332731666e-6,2.100136643978368e-6
17297,5266,9204,1721,2.0954363584661784e-5,3.8935151525381014e-5,7.045487649681815e-6
17267,1860,11487,14531,7.4012754021023395e-6,4.859279504259579e-5,5.9487496244931115e-5
17250,34143,24304,9618,1.3586115379246247e-4,1.0281181254594308e-4,3.93744916993839e-5
17233,17915,13339,23343,7.128701549928141e-5,5.6427204063130956e-5,9.556235805143673e-5
17222,12572,16943,16935,5.0026255029693874e-5,7.167299785903199e-5,6.93290722529701e-5
17188,2826,3190,3272,1.1245163594807102e-5,1.3494473420900198e-5,1.3395023584984834e-5
17045,2939,7625,979,1.1694810971386438e-5,3.2255598694158e-5,4.007863108099069e-6
16980,1492,1109,1305,5.9369370429767156e-6,4.691338878927373e-6,5.34245286626076e-6
16808,12223,15447,8605,4.863752109671876e-5,6.534455515129949e-5,3.522743824840907e-5
14764,773,2075,693,3.075906390228553e-6,8.777753087262668e-6,2.8370266944970933e-6
14702,12245,7393,2689,4.87250630638404e-5,3.127418244536526e-5,1.1008318588026962e-5
14701,3366,6310,2927,1.3393920969611007e-5,2.6692829870181896e-5,1.1982650988157276e-5
14688,19858,26192,8056,7.901856286825174e-5,1.1079851029473918e-4,3.2979923594326965e-5
13139,12153,12232,9005,4.835897847405899e-5,5.174432566910697e-5,3.686497169400624e-5
9489,32988,44388,45540,1.3126520051857634e-4,1.8777200194574232e-4,1.8643318278123756e-4
9392,7767,13884,23707,3.090629357426283e-5,5.8732686199303555e-5,9.705251348693015e-5
8811,9676,11935,15685,3.8502548812227006e-5,5.048794366095419e-5,6.421178023547895e-5
8598,116641,113924,116607,4.6413557213796717e-4,4.819261410666565e-4,4.773696562268724e-4
7543,5698,5239,5590,2.267336948450491e-5,2.216224020441885e-5,2.288452990222042e-5
5990,26501,22553,25577,1.054522577586635e-4,9.54046580130289e-5,1.0470798234509691e-4
5900,624,558,951,2.4830085219956234e-6,2.3604752880446114e-6,3.893235766907267e-6
5290,68862,54994,51783,2.740143154513824e-4,2.3263795338839671e-4,2.1199098603339538e-4
5269,4462,4862,3530,1.7755102604398192e-5,2.0567438800130645e-5,1.4451232657395007e-5
4755,5000,8973,5479,1.9895901618554676e-5,3.795796551903996e-5,2.2430114371067206e-5
4732,22731,9718,48789,9.045074793827326e-5,4.110949614555114e-5,1.9973404819310057e-4
4713,16399,11066,10570,6.525457812853563e-5,4.68118629704331e-5,4.327182129990516e-5
4709,6126,6189,7921,2.4376458663053188e-5,2.6180970533527063e-5,3.242725605643792e-5
4603,185074,242163,197215,7.364428192304776e-4,0.0010244082028292962,8.073653961836137e-4
4548,5651,6529,4973,2.2486348009290494e-5,2.7619252967102633e-5,2.035863456238679e-5
4543,29439,18645,26771,1.1714308954972622e-4,7.887287051181323e-5,1.0959601968020446e-4
4541,13410,10210,36198,5.336080814096364e-5,4.319077543178402e-5,1.481885891593157e-4
3772,99161,64391,59618,3.9457950007950004e-4,2.7238954170695446e-4,2.440661723990299e-4
3618,501,1881,2384,1.9935693421791786e-6,7.957086051634255e-6,9.75969933575912e-6
3253,24477,25966,21990,9.739839678347257e-5,1.098424755006566e-4,9.002340117170431e-5
3232,3708691,1917816,106926,0.014757550253923831,0.008112826657735779,4.3773725300980695e-4
3204,11375,6890,9553,4.526317618221189e-5,2.914637049216375e-5,3.9108392514474366e-5
3182,77327,62818,87814,3.076980768915955e-4,2.6573537033044157e-4,3.5949590497917427e-4
3178,6303,10614,7913,2.5080773580350026e-5,4.4899793382267935e-5,3.239450538752597e-5
3175,5535,7933,6941,2.2024763091740026e-5,3.35585133692794e-5,2.8415299114724856e-5
3143,2210,4292,4506,8.793988515401167e-6,1.815620060266572e-5,1.8446814264652096e-5
3090,19102,12298,11578,7.601030254352628e-5,5.2023521670918695e-5,4.739840558281002e-5
2813,23753,7934,14684,9.451747022910585e-5,3.356274361173109e-5,6.0113852787872035e-5
2810,2037,2423,2467,8.105590319399175e-6,1.0249877460451781e-5,1.0099487525720533e-5
2806,131900,196312,115837,5.248538846974723e-4,8.304473561767272e-4,4.7421740434409784e-4
2672,632,669,546,2.514841964585311e-6,2.830032200182518e-6,2.2352331532401344e-6
2568,5022,5774,5536,1.9983443585676317e-5,2.442541991607453e-5,2.2663462887064805e-5
2403,1475,603,2668,5.869290977473629e-6,2.55083619837079e-6,1.092234808213311e-5
2242,11790,6703,7889,4.691453601655192e-5,2.8355315153697188e-5,3.229625338079014e-5
2197,91386,95429,127649,3.636413730626475e-4,4.0368780692259717e-4,5.225737669925822e-4
2193,82008,132859,74708,3.263246199868864e-4,5.620257818894606e-4,3.0584212163418305e-4
2044,5114,3267,3943,2.0349528175457724e-5,1.3820202089680547e-5,1.6141985939974083e-5
2042,3603,5606,5376,1.4336986706330499e-5,2.371473918419013e-5,2.2008449508825937e-5
2040,5876,1315,3220,2.3381663582125455e-5,5.562768823976101e-6,1.3182144237057202e-5
2039,7111,6346,8074,2.829595128190846e-5,2.684511859844284e-5,3.3053612599378834e-5
2037,12724,7631,19576,5.063109043889794e-5,3.228098014886815e-5,8.01408868275254e-5
2017,125827,159653,163843,5.006883225915758e-4,6.753708981401189e-4,6.70745980817442e-4
2011,48962,9299,11976,1.948286270095348e-4,3.933702455829183e-5,4.902775136117921e-5
1973,55345,10625,82158,2.202277350157817e-4,4.494632604923655e-5,3.363411820584303e-4
1968,13567,7538,10132,5.398553945178626e-5,3.1887567600860716e-5,4.1478722176976265e-5
1921,9974,13031,8379,3.968834454869287e-5,5.512428938800956e-5,3.430223185164668e-5
1830,9911,17288,12907,3.943765618829908e-5,7.313243150486602e-5,5.283911045580662e-5
1809,42371,83586,83424,1.6860184949595602e-4,3.5358904556719874e-4,3.415239754137453e-4
1799,74461,74564,88434,2.9629374608383994e-4,3.154237981680258e-4,3.6203408181984984e-4
1786,25884,39647,23882,1.0299710349893385e-4,1.677164224822665e-4,9.776893436937891e-5
1781,76333,133247,75015,3.037427716498268e-4,5.636671159607175e-4,3.070989285536789e-4
1771,20644,118116,126509,8.214619860268854e-5,4.996593174241529e-4,5.179067966726303e-4
1767,118367,196844,98489,4.710036373766923e-4,8.326978451610277e-4,4.0319757880854867e-4
1746,27196,46839,38930,1.082177880836426e-4,1.981403261948415e-4,1.5937294259274435e-4
1740,75235,100406,63269,2.993736316543922e-4,4.247417236046725e-4,2.5901275892371807e-4
1732,28582,53735,27749,1.1373293201230594e-4,2.273120781417154e-4,1.1359978895468954e-4
1721,13886,28323,13351,5.525489797505005e-5,1.1981315695929665e-4,5.465677258041947e-5
1713,37489,65784,43712,1.4917549115559924e-4,2.7828226944216257e-4,1.789496549348585e-4
1710,37346,79062,17560,1.4860646836930858e-4,3.3445142871574025e-4,7.188771826171567e-5
1708,13966,18697,14303,5.557323240094692e-5,7.909284311930126e-5,5.855410218094073e-5
1681,88466,1452,51642,3.520221665174116e-4,6.142312039858021e-6,2.1141375549382237e-4
1380,1667587,1045037,1876654,0.006635629378476148,0.004420759880989743,0.007682709227034269
1148,9617,5735,5779,3.826777717312806e-5,2.4260440460458506e-5,2.3658264455265083e-5
816,34191,22650,27417,1.360521544480006e-4,9.58149915308431e-5,1.1224063619484389e-4
782,41191,24883,22836,1.6390641671397714e-4,1.0526112292547323e-4,9.348678440914231e-5
592,3644291,2924277,4447585,0.014501291041076848,0.012370400705909019,0.0182076729740907
573,26991,10641,6839,1.0740205611728185e-4,4.5014009928463636e-5,2.799772808609758e-5
479,35269,22763,26427,1.4034171083696098e-4,9.629300892788439e-5,1.0818774091699089e-4
473,7387,3321,5628,2.9394205051252677e-5,1.4048635182071962e-5,2.3040095579552153e-5
136,13296,121114,163795,5.290718158406059e-5,5.123415842943281e-4,6.705494768039703e-4
99,699680,342044,599888,0.002784152888894067,0.0014469290491468298,0.0024558416590309846
61,10136,6263,10533,4.033297176113404e-5,2.6494008474952332e-5,4.3120349456187424e-5
54,549375,173210,274503,0.0021860621903386952,7.327202950577189e-4,0.0011237696085418985
