BinBase name,L1_SF_748,L2_SF_748,L3_SF_748,normL1_SF_748,normL2_SF_748,normL3_SF_748
zymostenol,539,625,590,2.2292816601009705e-6,2.5787628121755878e-6,2.311505058436944e-6
xylulose,262527,220375,251877,0.0010858007910599767,9.092717675731123e-4,9.86805016277834e-4
xylose,69616,50725,63945,2.8792889063003555e-4,2.092923898361707e-4,2.50524052477543e-4
xanthosine,3781,2313,3493,1.5638059289131298e-5,9.543485415299415e-6,1.3684893506983465e-5
xanthine,270977,194038,301047,0.0011207496408333593,8.006047656782827e-4,0.0011794434971648588
valine,3380485,4119858,5135120,0.01398154584925126,0.016998618562950547,0.02011839975539105
uridine-5'-monophosphate,8331,5519,30872,3.445667070556806e-5,2.277150713663531e-5,1.2095048163400904e-4
uridine,217030,193959,259847,8.976270847712683e-4,8.002788100588237e-4,0.0010180299235926517
uric acid,587088,221218,303028,0.002428171635000665,9.127500028541747e-4,0.0011872046692339496
urea,222396,455487,494360,9.198206383670045e-4,0.001879348699247075,0.0019368061706591315
uracil,639450,529682,687998,0.0026447386967561512,0.0021854787902060636,0.0026954421308381365
undecanoic acid,25773,95258,33751,1.0659605978809333e-4,3.9303646073955543e-4,1.3222984275814456e-4
UDP-N-acetylglucosamine,23408,17379,24245,9.681451781009928e-5,7.170611026047926e-5,9.498718668102322e-5
UDP-glucuronic acid,2584,8934,8266,1.0687316901114856e-5,3.686186714236272e-5,3.238457764921996e-5
tyrosine,3799161,2460190,5043957,0.015713172432413474,0.010150794372618014,0.01976124088142107
tryptophan,6014411,5584659,7055071,0.02487535461708634,0.02304241751661073,0.02764039373581659
trisaccharide,6230,5470,6568,2.5767021785582645e-5,2.2569332132160743e-5,2.5732144447142114e-5
tridecanoic acid,2176573,1925720,2478083,0.009002215715716046,0.007945560196260436,0.009708646423265419
tocopherol gamma-,977,604,547,4.040831506342575e-6,2.492116381686488e-6,2.1430394355339125e-6
tocopherol alpha-,4713,2563,2341,1.9492772660586034e-5,1.057499054016965e-5,9.171581935255739e-6
thymine,7940,6960,9876,3.2839510911320414e-5,2.8717102676387344e-5,3.869224399512417e-5
threonine,2781078,2611148,3295223,0.011502423340835411,0.010773650175178659,0.012910041751148748
terephthalic acid,1687,2721,1752,6.977362079017322e-6,1.1226901779087639e-5,6.863994682002586e-6
tagatose,3169,3098,3152,1.3106852654656725e-5,1.2782411507391953e-5,1.2348921939310589e-5
sucrose,9132,4744,5656,3.776957350657154e-5,1.957384124953758e-5,2.215910611952433e-5
succinic acid,141163,131801,158547,5.838443172260357e-4,5.438136278520875e-4,6.211562584745799e-4
stigmasterol,168,216,190,6.948410369145882e-7,8.912204278878831e-7,7.443829849203717e-7
stearic acid,762406,688446,720281,0.0031532796166065685,0.0028405423087856556,0.0028219206355864753
squalene,4834,2759,2354,1.999322364550666e-5,1.1383690558067915e-5,9.222513402645027e-6
spermidine,122155,64642,77776,5.052280170494138e-4,2.6671421712744697e-4,3.047112159745623e-4
sorbitol,2595751,83878,2819153,0.0107359185500719,3.4608234745546235e-4,0.011044892237301162
sophorose,58272,45606,62369,2.4101057680408857e-4,1.8817129089932776e-4,2.4434959150788774e-4
shikimic acid,13066,9110,9317,5.404043445432148e-5,3.7588046750271365e-5,3.650219089738476e-5
serine,10947328,11969103,6132350,0.045277694874786334,0.04938476433839882,0.024025352618823378
salicyl alcohol,38262,37586,38779,1.5825004615729746e-4,1.5508060649349061e-4,1.519285672222479e-4
saccharic acid,15117,16988,18347,6.252328544665374e-5,7.009283624518221e-5,7.187997170702137e-5
ribulose-5-phosphate,888,765,837,3.672731195119966e-6,3.1564056821029196e-6,3.2792029388334272e-6
ribose-5-phosphate,928,844,863,3.838169537242487e-6,3.4823613015619136e-6,3.3810658736120045e-6
ribonic acid,126213,122230,132052,5.220117368577435e-4,5.043234856515553e-4,5.17354010130026e-4
ribitol,545843,637922,652200,0.0022575840244795807,0.0026320792490698804,0.0025551925408687707
quinic acid,10476,7126,6880,4.3328301801888245e-5,2.940202207930118e-5,2.695449966448504e-5
pyrophosphate,238330,169550,107304,9.857230019515108e-4,6.995667756869935e-4,4.2039616744155565e-4
putrescine,117559,104407,121994,4.862191515395361e-4,4.3078542228930654e-4,4.7794872559145173e-4
pseudo-uridine,81883,43317,127428,3.3866469420045967e-4,1.787268299760159e-4,4.992380789601744e-4
prunin,17171,8699,18581,7.10185443146452e-5,3.58922523249847e-5,7.279673812002857e-5
propyleneglycol,223078,280890,104864,9.226413621001934e-4,0.0011589578980992013,4.1083672279310454e-4
proline,2289797,1995222,2558953,0.009470505486928054,0.008232326873015361,0.010025479328478632
pipecolinic acid,2353,3185,2749,9.731910475357297e-6,1.3141375290846795e-5,1.0770046450242643e-5
phthalic acid,54357,27344,95550,2.2481829906884684e-4,1.1282190453780683e-4,3.7434628531127115e-4
phosphoinositol,14033,15313,16704,5.8039906375133426e-5,6.318175190855165e-5,6.544301779005205e-5
phosphoethanolamine,455448,299162,508854,0.0018837140510754484,0.0012343485446657172,0.0019935908389930044
phosphate,1127898,1342540,1225784,0.00466493938008268,0.005539347561373142,0.0048023829094085944
phenylalanine,9532531,9135071,11233655,0.039426153121788425,0.037691490210213854,0.044011271791924524
phenylacetic acid,6155,4412,4688,2.5456824894102916e-5,1.8204002443709908e-5,1.8366670701614225e-5
pentadecanoic acid,87096,108898,118320,3.602254461375772e-4,4.4931538035247547e-4,4.6355470934620203e-4
pelargonic acid,64556,42245,55690,2.6700094035153664e-4,1.7430373600057234e-4,2.1818257068534474e-4
parabanic acid,14249,18662,9666,5.893327342259504e-5,7.699979456131331e-5,3.7869504906527964e-5
pantothenic acid,45796,54292,53260,1.8941035789607429e-4,2.2400990495781921e-4,2.0866230408873157e-4
palmitoleic acid,187865,141866,163451,7.770018535711851e-4,5.853420241793631e-4,6.403691750958931e-4
palmitic acid,836590,670493,766886,0.003460101565906996,0.0027664678627584744,0.003004509946177075
palatinitol,121858,103534,126634,5.03999637359154e-4,4.271834063932597e-4,4.96127341644244e-4
oxoproline,8110634,7429736,9190548,0.03354524606306377,0.030655243041731523,0.036006776596283964
ornithine,3236389,3721941,4245942,0.01338557076558909,0.01535680486385859,0.016634773577677755
oleic acid,260581,200173,252704,0.001077752215715716,8.259179014425983e-4,9.900450411648295e-4
octadecanol,10193,5084,11705,4.215782553137141e-5,2.0976688219361102e-5,4.585790967627869e-5
nonadecanoic acid,16651,10496,21631,6.886784586705243e-5,4.330671116255195e-5,8.474604393059243e-5
N-methyl-UMP,15009,15940,16196,6.207660192292294e-5,6.576876676172619e-5,6.345277275668601e-5
N-methylethanolamine,1782391,536160,659819,0.007371895301352557,0.002212207151001701,0.0025850422985640776
nicotinic acid,304233,246560,308306,0.0012582950784740233,0.0010173116143520208,0.0012078828449940007
nicotinamide,19907,19342,18276,8.233452691582563e-5,7.980548850096034e-5,7.160180753897218e-5
n-epsilon-trimethyllysine,8078,31442,12780,3.3410273191643116e-5,1.2973033654467973e-4,5.006955024885448e-5
N-alpha-acetyllysine,36387,39058,58460,1.504951238703043e-4,1.6115410866872657e-4,2.2903489104444702e-4
N-acetylserine,15822,22323,22904,6.543913622656317e-5,9.210515560991303e-5,8.973340992955892e-5
N-acetylputrescine,137976,114136,85440,5.706630173174239e-4,4.709274757287566e-4,3.347372749031398e-4
N-acetylglucosamine-6-phosphate,3995,3397,4213,1.6523154419486784e-5,1.4016091636736755e-5,1.6505713239313295e-5
N-acetylgalactosamine,27581,18906,26361,1.1407387285203128e-4,7.800654356318666e-5,1.032772624499259e-4
N-acetylaspartic acid,6785,6045,7098,2.8062478782532623e-5,2.4941793919362286e-5,2.7808581194551574e-5
myristic acid,1364383,1252945,1612059,0.005643031538503789,0.0051696767547221465,0.00631573310677763
myo-inositol,538100,432988,563849,0.002225559297403214,0.0017865173640292534,0.002209050535075614
methionine sulfoxide,1006484,1336461,1232373,0.004162776108321086,0.005514265482756797,0.004828197327764596
methionine,2397934,2352089,3166195,0.009917755636980632,0.009704767430603625,0.012404535183894509
methanolphosphate,14365,14138,13247,5.941304461475035e-5,5.8333677821661536e-5,5.1899165269685076e-5
melezitose,715,757,775,2.957210365440063e-6,3.123397518107072e-6,3.0362990174383584e-6
maltotriose,32350,22265,26661,1.3379825919158884e-4,9.186584642094314e-5,1.0445260400506333e-4
maltotriitol,12140,10117,12040,5.021053683418512e-5,4.174294939324868e-5,4.717037441284882e-5
maltose,168464,108305,131733,6.967601216832095e-4,4.4686865019628327e-4,5.161042302763965e-4
maltitol,2660,2829,3314,1.1001649751147646e-5,1.167251199303158e-5,1.29836063790848e-5
malonic acid,2284,2965,3166,9.446529335195948e-6,1.2233650780960989e-5,1.240377121188367e-5
malonamide,1959,1130,1408,8.102342805450465e-6,4.662403164413463e-6,5.516269698778334e-6
malic acid,310627,288624,443530,0.0012847403974623082,0.001190868540642187,0.001737664133167013
maleimide,155786,189800,167476,6.443244391474764e-4,7.831186908014825e-4,6.561383409606536e-4
lysine,1947250,2507616,2455201,0.008053745292451975,0.010346475020826399,0.009618999205049904
loganin,74161,65120,82116,3.0672682225370697e-4,2.6868645492619884e-4,3.217144904722171e-4
linolenic acid,30945,20882,27352,1.279872374245353e-4,8.6159560070161e-5,1.0715980738706321e-4
linoleic acid,88667,65844,87431,3.6672303702443924e-4,2.7167369376782303e-4,3.4253762502406854e-4
lignoceric acid,4843,3187,4073,2.003044727248423e-5,1.3149627331845758e-5,1.5957220513582495e-5
leucrose,18939,15326,19600,7.833091903646063e-5,6.323539017504489e-5,7.678898160231203e-5
leucine,14182106,16062480,11679023,0.05865660261114644,0.06627412175250262,0.04575613685101934
L-DOPA,3263476,2806816,5054917,0.013497601474915908,0.011580980354271094,0.019804180026235425
lauric acid,388574,469854,567325,0.0016071259587979118,0.0019386272357631179,0.002222668825894473
lactulose,69639,40417,75117,2.8802401767675595e-4,1.6676137052752118e-4,2.942937719908609e-4
lactose,110264,67355,114356,4.560473338949414e-4,2.779081107425387e-4,4.4802452959765283e-4
lactobionic acid,7387,15238,44960,3.055232583147656e-5,6.287230037109057e-5,1.761445210632627e-4
lactitol,974209,758299,900017,0.004029288046020976,0.0031287572187358977,0.003526091268100412
lactic acid,1067268,969084,583375,0.004414176213010468,0.0039984604497189874,0.002285549599094326
kynurenine,21870,13877,15001,9.045341355548835e-5,5.725678647129701e-5,5.877099556205525e-5
kynurenic acid,5995,4007,5513,2.4795071525612834e-5,1.6532964141420127e-5,2.1598859978242154e-5
ketoisoleucine,72996,68318,93170,3.019084305393886e-4,2.818814684835389e-4,3.6502190897384757e-4
isoxanthopterin,3472,1954,3765,1.4360048096234823e-5,8.062244055985758e-6,1.4750536516974735e-5
isothreonic acid,29349,25457,27762,1.2138624757384671e-4,1.050361038552863e-4,1.0876610751241769e-4
isomaltotriose,4720,3185,3576,1.9521724370457478e-5,1.3141375290846795e-5,1.4010071337238156e-5
isomaltose,6192,5404,7083,2.560985536056625e-5,2.2297014779195002e-5,2.77498141167947e-5
isoleucine,10142744,12406406,12491167,0.04194996879832868,0.051189085480883335,0.04893795882420445
isoheptadecanoic acid,4717,2302,5148,1.9509316494798288e-5,9.498099189805125e-6,2.0168861086158283e-5
isogluconic acid,1271883,1110472,1129272,0.005260455372345459,0.0045818302360995985,0.004424267695510516
inulotriose,205,32182,117,8.478715033779201e-7,1.3278359171429562e-4,4.5838320650359734e-7
inosine-5-monophosphate,8481,3102,7072,3.507706448852751e-5,1.2798915589389877e-5,2.7706718259772997e-5
inosine,2494897,1297638,2864448,0.01031879058616128,0.005354080988905449,0.011222349223100996
indole-3-acetate,7379,5957,5192,3.051923816305206e-5,2.457870411540796e-5,2.0341244514245105e-5
hypoxanthine,704980,482993,764783,0.0029157680607383714,0.001992839019105798,0.0029962708018755613
hypotaurine,17214,11283,18753,7.119639053242691e-5,4.655388929564345e-5,7.347060061164069e-5
homoserine,25503,24934,33114,1.0547935097876633e-4,1.0287819513405777e-4,1.2973420085606944e-4
histidine,6750232,8137527,9440571,0.027918679775559726,0.03357560321707964,0.03698631800175105
heptanoic acid,7552,8880,9886,3.1234758992731965e-5,3.663906203539075e-5,3.873142204696208e-5
heptadecanoic acid,28831,24922,29584,1.1924382104336006e-4,1.02828682888064e-4,1.1590434855728568e-4
guanosine,196985,224028,261894,8.147217955751199e-4,9.243441204577161e-4,0.001026049670803873
glycyl-proline,39569,42501,39728,1.6365574398615083e-4,1.7535999724843944e-4,1.5564656434166593e-4
glycyl-glycine,22396,19510,24172,9.26289277543995e-5,8.049865994487315e-5,9.470118690260646e-5
glycolic acid,20615,21385,22627,8.526278557139426e-5,8.823494838139991e-5,8.86481778936487e-5
glycine,3252689,3139096,3042844,0.013452986890004017,0.012951974445838623,0.01192126999666865
glycerol-alpha-phosphate,149156,142720,200161,6.169030339406686e-4,5.888656456859198e-4,7.841918033928765e-4
glycerol-3-galactoside,81734,66723,79558,3.3804843637605327e-4,2.753004657868668e-4,3.116927448120786e-4
glycerol,2257498,2097907,2216624,0.009336918161622671,0.008656007288004561,0.008684300997716495
glyceric acid,80638,79276,98630,3.335154258018962e-4,3.2709440111685105e-4,3.8641312527734877e-4
glutaric acid,4775,5929,5760,1.974920209087594e-5,2.4463175541422496e-5,2.2566557858638638e-5
glutamine,10287403,6957755,1499704,0.04254827242665622,0.028707839760366012,0.005875548105352743
glutamate,8159191,9372326,6860002,0.03374607580252485,0.0386704092038182,0.02687615139641958
glucose-6-phosphate,17899,27628,28522,7.402952214127507e-5,1.1399369435965943e-4,1.1174363945209917e-4
glucose,4783768,5373225,5244389,0.0197854661754692,0.022170036498323477,0.020546494410018757
gluconic acid lactone,120464,108186,110564,4.982341111361842e-4,4.46377653756845e-4,4.331682123407157e-4
gluconic acid,635480,690201,710156,0.002628318941300491,0.0028477834747622447,0.002782252858100587
galacturonic acid,39703,371866,39382,1.6420996243226126e-4,0.0015343267390599794,1.5429100374807412e-4
galactose,207403,199791,207263,8.578102117809305e-4,8.243417616117966e-4,8.120160558081633e-4
galactinol,5228,4873,3858,2.162279131541349e-5,2.0106097893970623e-5,1.5114892399067338e-5
fumaric acid,219478,266797,369617,9.077519113091665e-4,0.0011008098912000165,0.001448087398617437
fructose-6-phosphate,8549,12862,14978,3.5358309670135796e-5,5.3068875664323855e-5,5.868088604282804e-5
fructose-1-phosphate,4909,7626,6770,2.0303420536986387e-5,3.146503232904165e-5,2.6523541094267984e-5
fructose,261454,261841,276655,0.00108136290753254,0.001080361333604589,0.0010838803931218183
ethanolamine,6890205,7260830,5217625,0.028497602302107617,0.029958333423246195,0.020441638272079763
erythritol,652887,821782,731723,0.002700313571833659,0.0033906893781044463,0.002866748162499417
ergosterol,7419,1968,7409,3.068467650517458e-5,8.120008342978491e-6,2.9027018606710707e-5
Dopamine,77784,65669,107829,3.217114000914543e-4,2.709516401804139e-4,4.2245301516304615e-4
digalacturonic acid,27041,27300,32829,1.1184045523337725e-4,1.1264035963582967e-4,1.2861762637868886e-4
dehydroabietic acid,20090,19321,21339,8.309140733103616e-5,7.971884207047125e-5,8.360204481692533e-5
cytidine,7670,12625,13812,3.17228021019934e-5,5.209100880594687e-5,5.411272519852723e-5
cystathionine,19705,22172,53352,8.14990632881069e-5,9.148212651449142e-5,2.090227421656404e-4
citrulline,506746,470021,614414,0.0020958804529304757,0.001939316281186531,0.0024071543541940277
citric acid,403872,404080,269554,0.00167039785274267,0.0016672423634302583,0.0010560600585117152
cholesterol,57111,66465,39210,2.362087289239824e-4,2.742359524980007e-4,1.5361714125646197e-4
chenodeoxycholic acid,855,940,916,3.536244562868886e-6,3.878459269512084e-6,3.58870954835295e-6
cerotinic acid,966,919,917,3.9953359622588815e-6,3.791812839022984e-6,3.5926273535367416e-6
cellobiose minor,11407,5036,12423,4.717887921478992e-5,2.0778639235386015e-5,4.867089379824094e-5
caproic acid,12302,15173,11966,5.088056211978133e-5,6.26041090386243e-5,4.6880456829248256e-5
capric acid,7899,6979,7670,3.266993661064483e-5,2.8795497065877483e-5,3.004956575968027e-5
campesterol,14268,68892,9443,5.901185663510324e-5,2.8424980425024093e-4,3.699583435054248e-5
butylamine,101084,107691,112636,4.180792343778228e-4,4.4433527360960196e-4,4.4128590468153154e-4
biphenyl,6719,7091,7655,2.7789505518030462e-5,2.925761136181935e-5,2.99907986819234e-5
biopterin,2172,3714,4068,8.98330197725289e-6,1.5324040135072214e-5,1.593763148766354e-5
beta-sitosterol,164557,240003,237827,6.806009316163922e-4,9.90257297936924e-4,9.317598534455645e-4
beta-alanyl lysine,844485,740284,978705,0.0034927549586834285,0.0030544269594377487,0.0038343755224025918
beta-alanine,1905991,1308875,1902679,0.007883099778511147,0.005400445081258116,0.007454325649291095
Benzaldehyde-4-carboxylic acid,5049,5384,5297,2.088245473441521e-5,2.2214494369205384e-5,2.0752614058543207e-5
behenic acid,34269,35513,42220,1.417351636549168e-4,1.4652736599806663e-4,1.6540973485967418e-4
azelaic acid,5616,5013,1235,2.3227543234001947e-5,2.0683740763897954e-5,4.838489401982416e-6
aspartate,2171771,2633614,3819977,0.008982354842744239,0.010866345351719998,0.014965925692564037
asparagine,2433158,2306689,3005144,0.010063440641053724,0.00951744609992719,0.011773568741239714
arachidic acid,47714,42646,69402,1.9734312640084915e-4,1.759582702208642e-4,2.7190351536549284e-4
arabitol,831737,694499,764002,0.003440029759048981,0.0028655171108690138,0.0029932109960270205
arabinose,77139,49782,82077,3.1904370682472866e-4,2.054015525051602e-4,3.2156169607004925e-4
alpha-ketoglutarate,759207,199346,669746,0.0031400486851953196,8.225056824895275e-4,0.0026239343506235754
alpha-aminoadipic acid,8972,8070,11183,3.710782013808146e-5,3.329698543081119e-5,4.3812815370339565e-5
allantoin,11603,10141,10835,4.798952709119028e-5,4.1841973885236217e-5,4.244941916638015e-5
allantoic acid,44116,38047,34621,1.824619475269284e-4,1.5698270194375134e-4,1.3563833326804312e-4
alanine,12243270,15643622,12133025,0.05063765727395994,0.06454590505813103,0.04753482824007102
adipic acid,12919,2917,8794,5.3432448547021214e-5,1.2035601796985904e-5,3.445317878626184e-5
adenosine-5-monophosphate,8389,7818,10226,3.4696556301645714e-5,3.2257228264941996e-5,4.0063475809451164e-5
adenosine,36224,21081,24666,1.49820962626155e-4,8.69806381495577e-5,9.663658266339942e-5
adenine,8850,10566,11224,3.660323319460777e-5,4.3595532597515615e-5,4.397344538287502e-5
aconitic acid,8822,8965,8816,3.6487426355122e-5,3.698977377784663e-5,3.453937050030525e-5
9-myristoleate,121458,73693,155389,5.023452539379288e-4,3.0405882866824894e-4,6.087838297041666e-4
6-methylcholecalciferol,537,387,534,2.2210097429948444e-6,1.596769933299124e-6,2.0921079681446236e-6
5-methyluridine,586,1885,1007,2.4236717120949326e-6,7.777548641521573e-6,3.94522982007797e-6
5-aminovaleric acid,30607,30376,52218,1.265892834336e-4,1.2533199869223303e-4,2.0457995108722092e-4
4-hydroxybutyric acid,1917,1272,2715,7.928632546221818e-6,5.248298075339756e-6,1.0636841073993734e-5
3-phosphoglycerate,5981,5048,7413,2.473716810586995e-5,2.082815148137979e-5,2.904268982744587e-5
3-hydroxypropionic acid,68506,51044,60073,2.8333797663613556e-4,2.1060859037550512e-4,2.353543108059026e-4
3-hydroxykynurenine,36428,22692,40458,1.5066469817097986e-4,9.36276571742215e-5,1.585065621258337e-4
3-hydroxy-3-methylglutaric acid,2899,3165,3766,1.1990143845329708e-5,1.3058854880857177e-5,1.4754454322158527e-5
"3-Aminopiperidine-2,6-dione",180113,195121,203533,7.449399028678406e-4,8.050732458792205e-4,7.974026424726212e-4
3-aminoisobutyric acid,15265,591,12995,6.313540731250707e-5,2.4384781151932357e-6,5.0911878363369636e-5
"3,6-anhydro-D-galactose",23698,25584,29064,9.801394579048757e-5,1.0556010845872038e-4,1.1386708986171412e-4
"3,4-dihydroxyphenylacetic acid",17067,10043,21129,7.058840462512664e-5,4.143762387628709e-5,8.277930572832913e-5
2-picolinic acid,2585,2179,2412,1.0691452859667919e-5,8.99059866836897e-6,9.44974610330493e-6
2-monoolein,18659,16832,18150,7.717285064160297e-5,6.94491770472632e-5,7.110816408581446e-5
2-ketoisovaleric acid,45903,75908,129602,1.8985290546125202e-4,3.131979640745992e-4,5.07755387429737e-4
2-ketoisocaproic acid,247942,283641,214542,0.0010254778355635525,0.0011703085804932734,8.40533759740981e-4
2-hydroxyglutaric acid,2246417,3111373,1757223,0.00929108760489618,0.012837588779531513,0.006884457378477529
2-Deoxyinosine,2250,3302,4820,9.305906744391805e-6,1.3624119689286065e-5,1.8883820985874693e-5
2-amino-4-oxo-4-phenylbutanoic acid,2908,1612,3028,1.2027367472307276e-5,6.651145045163276e-6,1.1863114096520451e-5
"2,6-diaminopimelic acid",3488,3162,2767,1.442622343308383e-5,1.3046476819358733e-5,1.0840566943550887e-5
1-monopalmitin,3023,3149,3258,1.2503002705909524e-5,1.2992838552865482e-5,1.276420928879248e-5
1-kestose,5835,2820,10000,2.413331815712275e-5,1.1635377808536253e-5,3.91780518379143e-5
588382,217382,135868,179467,8.990829421819464e-4,5.605941532234764e-4,7.031167429194966e-4
588380,343423,363121,386968,0.001420383294168563,0.0014982446897920186,0.0015160652363614023
588375,13394,11962,5537,5.539702885972615e-5,4.935545721479101e-5,2.169288730265315e-5
588374,155471,189800,167147,6.430216122032615e-4,7.831186908014825e-4,6.548493830551862e-4
588356,14351,13132,15334,5.9355141195007465e-5,5.418290119918371e-5,6.007562468825779e-5
562527,23863,22062,18202,9.869637895174296e-5,9.102826425954851e-5,7.131188995537161e-5
554665,1543,1824,2232,6.381784047376247e-6,7.525861391053236e-6,8.744541170222473e-6
553510,12114,15379,13631,5.010300191180548e-5,6.345406926151739e-5,5.340360246026099e-5
553483,59388,62065,69238,2.456263065493069e-4,2.5608146230028455e-4,2.712609953153511e-4
553440,12302,14974,11966,5.088056211978133e-5,6.17830309592276e-5,4.6880456829248256e-5
553439,9688,7831,9873,4.0069166462074585e-5,3.2310866531435244e-5,3.868049057957279e-5
553386,101084,107691,112636,4.180792343778228e-4,4.4433527360960196e-4,4.4128590468153154e-4
553359,21471,22957,23358,8.88031660928162e-5,9.472105260658396e-5,9.151209348300023e-5
553345,16358,19155,18725,6.765601001100496e-5,7.903392266755742e-5,7.336090206649453e-5
553344,88589,75954,88076,3.664004322573003e-4,3.1338776101757533e-4,3.45064609367614e-4
553268,25128,26252,28641,1.0392836652136768e-4,1.0831629015237364e-4,1.1220985826897036e-4
553263,41586,49948,38694,1.7199797238767894e-4,2.0608647190807402e-4,1.515955537816256e-4
550987,14148,16698,13136,5.8515541608735675e-5,6.889629030033275e-5,5.146428889428423e-5
545358,3152693,3895195,3353370,0.013039407578531927,0.01607165441947566,0.01313785036917067
545069,193366,248093,466171,7.997537615715848e-4,0.001023636803777725,0.001826367160333235
544748,7050387,8041066,9453347,0.02916010841505436,0.03317760315367921,0.03703637188077916
544707,1113,1074,1046,4.603321869559147e-6,4.43134601644253e-6,4.0980242222458365e-6
544105,16389,8366,12682,6.778422472614991e-5,3.451828749865755e-5,4.968560534084292e-5
544078,17199,19724,18098,7.113435115413096e-5,8.138162833176207e-5,7.09044382162573e-5
544032,10584,11407,13868,4.3774985325619054e-5,4.706551583757909e-5,5.4332122288819554e-5
541377,89020,41322,141911,3.6818303039367044e-4,1.7049541907955142e-4,5.559796514370257e-4
540580,3207,2641,2483,1.326401907967312e-5,1.0896820139129163e-5,9.727910271354121e-6
539711,1032,10352,1963,4.268309226761042e-6,4.271256421062669e-5,7.690651575782577e-6
539702,2932,3459,3938,1.2126630477580788e-5,1.4271904907704573e-5,1.5428316813770654e-5
539604,3812,5162,4991,1.576627400427625e-5,2.1298517818320613e-5,1.955376567230303e-5
534660,1220,1430,1103,5.04586943473689e-6,5.900209314257745e-6,4.321339117721947e-6
524550,883,545,884,3.652051402354651e-6,2.2486811722171124e-6,3.4633397824716246e-6
521677,31048,37931,47344,1.2841324115550078e-4,1.5650408356581154e-4,1.854845686214215e-4
521666,3055,2481,3418,1.263535337960754e-5,1.0236656859212213e-5,1.3391058118199109e-5
520868,12635,10550,6683,5.225783631795132e-5,4.352951626952392e-5,2.618269204327813e-5
520865,4337,4590,4934,1.7937652244634338e-5,1.8938434092617518e-5,1.9330450776826917e-5
520862,2514,2817,3360,1.0397799802400445e-5,1.1622999747037809e-5,1.3163825417539205e-5
520631,53661,68937,52179,2.2193967191591496e-4,2.844354751727176e-4,2.0442715668505303e-4
519942,9437,7511,9122,3.9031040865255766e-5,3.099053997160134e-5,3.573821888654543e-5
519090,60049,72060,70037,2.4836017515288155e-4,2.9732103719259657e-4,2.743913216572004e-4
517908,23224,21802,26572,9.605350143633569e-5,8.995549892968346e-5,1.0410391934370589e-4
517902,1461,394,447,6.042635446025079e-6,1.6256520767954905e-6,1.7512589171547695e-6
514161,2564,2879,2401,1.0604597730053596e-5,1.1878813018005628e-5,9.406650246283224e-6
513579,4085,5001,7357,1.6895390689262456e-5,2.0634228517904184e-5,2.8823292737153554e-5
511804,864,886,972,3.5734681898464534e-6,3.655654162540113e-6,3.8081066386452703e-6
511719,43005,50200,62252,1.7786689757447538e-4,2.071262290739432e-4,2.4389120830138413e-4
509844,107261,66789,54045,4.436270503600931e-4,2.755727831398325e-4,2.1173778115800786e-4
488159,363,442,402,1.501352954761878e-6,1.8237010607705758e-6,1.574957683884155e-6
486463,6700,5715,6369,2.7710922305522266e-5,2.3580207154533576e-5,2.495250121556762e-5
476084,3117,3180,3653,1.2891782809897447e-5,1.3120745188349391e-5,1.4311742336390094e-5
474821,21170,26518,35593,8.755824256834424e-5,1.0941381160523558e-4,1.3944643990668838e-4
474672,78776,75175,91950,3.258142709760928e-4,3.101735910484797e-4,3.60242186649622e-4
474251,11529,11383,15518,4.768346615826361e-5,4.6966491345591544e-5,6.079650084207542e-5
474221,50510,45727,60743,2.089072665152134e-4,1.8867053937976497e-4,2.3797924027904284e-4
474043,38004,34459,49492,1.571829688506072e-4,1.4217854039161372e-4,1.9390001415620547e-4
425777,9380,10097,15498,3.879529122773117e-5,4.1660428983259056e-5,6.071814473839959e-5
425770,16092,17635,14123,6.65558450358902e-5,7.276237150834639e-5,5.533116261068637e-5
425127,1440,2271,2154,5.955780316410756e-6,9.370192554321216e-6,8.438952365886741e-6
422265,216356,212499,199899,8.948394487065037e-4,8.767752301192004e-4,7.831653384347231e-4
421543,14562,10318,14301,6.022782844970377e-5,4.2572279513644345e-5,5.602853193340124e-5
417901,23860,22959,29942,9.868397107608377e-5,9.472930464758291e-5,1.17306922813083e-4
417820,3274,3756,10618,1.3541128302728344e-5,1.5497332996050413e-5,4.159925544149741e-5
417688,4002,3486,4382,1.6552106129358225e-5,1.4383307461190559e-5,1.7167822315374048e-5
412153,1251,1162,932,5.174084149881844e-6,4.794435820396853e-6,3.651394431293613e-6
407336,216356,23356,21387,8.948394487065037e-4,9.636733478587684e-5,8.379009946574732e-5
406926,776,679,1007,3.2095038371769073e-6,2.8015679191475584e-6,3.94522982007797e-6
406851,287491,281614,289924,0.0011890508603786421,0.0011619451369408256,0.0011358657501055467
406846,136766,122367,154214,5.656585074682176e-4,5.048887504599842e-4,6.041804086132117e-4
405282,10870,8394,13708,4.495786947179508e-5,3.4633816072643013e-5,5.3705273459412925e-5
404192,4871,7780,3767699,2.0146254111969995e-5,3.2100439485961716e-5,0.014761110673165788
404164,6269,4799,3360,2.5928324169152103e-5,1.9800772377009034e-5,1.3163825417539205e-5
404049,27028,32605,31528,1.1178668777218743e-4,1.3452889838557605e-4,1.2352056183457621e-4
400553,1117,1288,1262,4.619865703771398e-6,5.3143144033314515e-6,4.944270141944785e-6
400202,5661,5364,6051,2.3413661368889783e-5,2.2131973959215763e-5,2.3706639167121946e-5
396760,1470,1144,893,6.079859073002646e-6,4.720167451406196e-6,3.4986000291257474e-6
396036,218019,243971,272379,9.017175477802476e-4,0.0010066293472788645,0.001067127858155926
391901,36907,34472,36487,1.5264582231789704e-4,1.4223217865810697e-4,1.4294895774099792e-4
391335,3779,1557,4178,1.562978737202517e-5,6.424213917691824e-6,1.6368590057880598e-5
390198,3442,5084,6719,1.4235969339642931e-5,2.0976688219361102e-5,2.6323733029894622e-5
390194,4065435,3715859,2961519,0.016814470660171776,0.015331710407180748,0.011602654490096813
390145,14845,13952,13247,6.13983047202206e-5,5.756623800875808e-5,5.1899165269685076e-5
390130,38686,32983,10032,1.6000369258379617e-4,1.3608853413437985e-4,3.930342160379563e-5
389549,3191,3412,2990,1.3197843742824112e-5,1.407798194422897e-5,1.1714237499536376e-5
385008,39703,23018,37886,1.6420996243226126e-4,9.497273985705229e-5,1.4842996719312214e-4
384914,7922,6403,7982,3.2765063657365283e-5,2.6418909258176462e-5,3.12719209770232e-5
383524,37687,39752,36786,1.558718699892862e-4,1.6401756689536634e-4,1.4412038149095156e-4
382948,18749,16965,22642,7.754508691137865e-5,6.999793777369415e-5,8.870694497140557e-5
382947,1206,1403,1441,4.987966014994008e-6,5.788806760771759e-6,5.645557269843451e-6
382905,32882,6309,34560,1.359985891418184e-4,2.6031063331225252e-5,1.3539934715183183e-4
382622,3390,2011,4058,1.4020899494883654e-5,8.29742722445617e-6,1.5898453435825626e-5
382616,210495,251404,305042,8.705985956270014e-4,0.0010372980576515063,0.0011950951288741056
382613,49729,73866,104144,2.0567708288527116e-4,3.0477263021465913e-4,4.080159030607747e-4
382601,1609,1291,1532,6.654757311878407e-6,5.326692464829894e-6,6.002077541568471e-6
381736,6842,6806,8989,2.8298228420057214e-5,2.808169551946728e-5,3.521715079710117e-5
381214,22924,26978,29768,9.481271387041677e-5,1.1131178103499681e-4,1.166252247111033e-4
380652,6591,6206,7401,2.7260102823238395e-5,2.5606083219778716e-5,2.8995676165240375e-5
380602,3210,3012,3320,1.327642695533231e-5,1.2427573744436592e-5,1.3007113210187548e-5
380297,8695,23148,13951,3.5962159618883e-5,9.550912252198481e-5,5.465730011907425e-5
380205,20130,7843,24553,8.325684567315869e-5,3.2360378777429013e-005,9.619387067763099e-5
379924,84967,45010,96788,3.51419990378106e-4,1.8571218268163714e-4,3.7919652812880495e-4
379876,1687,2721,1752,6.977362079017322e-6,1.1226901779087639e-5,6.863994682002586e-6
379063,1035,18251,16124,4.280717102420231e-6,7.530400013602664e-5,6.317069078345303e-5
378996,3247,8082,2516,1.3429457421795641e-5,3.334649767680496e-5,9.857197842419238e-6
377666,4089,4036,4518,1.691193452347471e-5,1.6652618735905077e-5,1.7700643820369684e-5
377276,386,1696,320,1.5964800014823275e-6,6.997730767119675e-6,1.2536976588132577e-6
377232,87441,75455,98688,3.6165235183838396e-4,3.1132887678833436e-4,3.8664035797800867e-4
377204,34225,31836,37740,1.4155318147858202e-4,1.3135598862147523e-4,1.4785796763628858e-4
376958,12605,9576,8689,5.2133757561359425e-5,3.9510772303029484e-5,3.404180924196374e-5
374861,80299,74476,91950,3.321133358524078e-4,3.0728950271934253e-4,3.60242186649622e-4
371572,174,924,226,7.196567882329663e-7,3.812442941520389e-6,8.854239715368633e-7
371569,2924,3682,3486,1.2093542809156284e-5,1.5192007479088823e-5,1.3657468870696927e-5
371565,84296,108767,69040,3.486447621890007e-4,4.4877487166704343e-4,2.7048526988896035e-4
371564,14071,5087,4816,5.819707280014982e-5,2.0989066280859543e-5,1.886814976513953e-5
371554,24145,22062,22033,9.986271926370673e-5,9.102826425954851e-5,8.632100161447658e-5
371553,14166,5087,4816,5.8589988862690806e-5,2.0989066280859543e-5,1.886814976513953e-5
371547,97204,101436,108380,4.0203171519193824e-4,4.185270153853487e-4,4.246117258193152e-4
371541,996,1094,963,4.119414718850773e-6,4.513866426432149e-6,3.7728463919911475e-6
371280,12647,8654,10172,5.2307467820588074e-5,3.570658140250806e-5,3.985191432952643e-5
371271,1718,9080,38594,7.105576794162277e-6,3.746426613528694e-5,1.5120377326324647e-4
370221,3247,8082,2516,1.3429457421795641e-5,3.334649767680496e-5,9.857197842419238e-6
370173,4472,3413,3207,1.8496006649297846e-5,1.4082107964728449e-5,1.2564401224419117e-5
370157,228,2230,2028,9.429985500983697e-7,9.201025713842497e-6,7.945308912729021e-6
367427,3385,2392,3200,1.4000219702118338e-5,9.86944103475841e-6,1.2536976588132577e-5
367202,21508,22940,23036,8.895619655927953e-5,9.465091025809277e-5,9.025056021381938e-5
366123,605,659,588,2.50225492460313e-6,2.71904750915794e-6,2.303669448069361e-6
361344,2576,2006,4131,1.0654229232690352e-5,8.276797121958767e-6,1.61844532142424e-5
360157,28406,26232,28119,1.1748603865830828e-4,1.0823376974238403e-4,1.1016476396303123e-4
360148,19907,19021,18276,8.233452691582563e-5,7.848103592062697e-5,7.160180753897218e-5
360106,2409,3256,2901,9.963524154328826e-6,1.3434322746309942e-5,1.136555283817894e-5
359906,7008,7453,5999,2.8984797539865677e-5,3.075123078263145e-5,2.350291329756479e-5
357445,85225,76433,93574,3.5248706768479626e-4,3.1536412483682675e-4,3.666047022680993e-4
356187,4146,3975,5072,1.71476841609993e-5,1.640093148543674e-5,1.9871107892190133e-5
355602,3779,3800,4178,1.562978737202517e-5,1.5678877898027573e-5,1.6368590057880598e-5
354270,7681,6174,6978,3.1768297646077095e-5,2.5474050563795325e-5,2.7338444572496602e-5
354256,81921,82656,72625,3.3882186062547605e-4,3.410403504050966e-4,2.845306014728526e-4
354254,7866,8306,4451,3.2533449978393754e-5,3.427072626868869e-5,1.7438150873055658e-5
354252,165690,149915,156235,6.852869726570126e-4,6.185523631796852e-4,6.120982928896541e-4
354246,186905,190684,196868,7.730313333602447e-4,7.867660929230236e-4,7.712904709226513e-4
353481,320234,320888,367149,0.0013244745512815846,0.00132399046603744,0.00143841825542384
351741,3778,3110,3895,1.5625651413472107e-5,1.2831923753385724e-5,1.525985119086762e-5
351285,60185,68755,67599,2.489226655160981e-4,2.8368453944181205e-4,2.648397126191169e-4
351222,9685,7815,9872,4.0056758586415395e-5,3.224485020344355e-5,3.8676572774389e-5
350330,1173,830,1248,4.851479382742928e-6,3.4245970145691805e-6,4.889420869371705e-6
350308,4883,4058,4376,2.019588561460675e-5,1.6743391186893658e-5,1.71443154842713e-5
348293,2198,2230,2028,9.090836899632529e-6,9.201025713842497e-6,7.945308912729021e-6
347607,234539,132112,176019,9.700435830768487e-4,5.45096820227426e-4,6.896081506457838e-4
346922,2903,2948,2091,1.2006687679541961e-5,1.2163508432469812e-5,8.192130639307881e-6
346416,3230,13222,4247,1.335914612639357e-5,5.4554243044136994e-5,1.6638918615562204e-5
346408,1687,791,2878,6.977362079017322e-6,3.263682215089424e-6,1.1275443318951737e-5
346346,1825,1713,1627,7.54812435934002e-6,7.067873115610851e-6,6.374269034028657e-6
346256,28438,31746,38947,1.176183893320063e-4,1.3098464677652194e-4,1.5258675849312483e-4
346225,13937,15120,19685,5.764285435403937e-5,6.238542995215182e-5,7.71219950429343e-5
344676,21471,22967,23358,8.88031660928162e-5,9.476231281157876e-5,9.151209348300023e-5
342924,30429,27464,26260,1.258530828111548e-4,1.1331702699774455e-4,1.0288156412636297e-4
342840,19507,22261,24249,8.068014349460042e-5,9.184934233894522e-5,9.500285790175839e-5
342183,368,887,2241,1.5220327475271932e-6,3.659780183039594e-6,8.7798014168765955e-006
341344,16035,12513,16387,6.63200953983656e-5,5.162889451000501e-5,6.420107354679016e-5
328993,3756,3975,4900,1.553466032530472e-5,1.640093148543674e-5,1.9197245400578008e-5
328824,10767,12239,10751,4.453186574082959e-5,5.049836489314723e-5,4.2120323530941664e-5
324432,3983,3534,4253,1.647352291685003e-5,1.4581356445165643e-5,1.6662425446664952e-5
323841,6716,7944,7383,2.7777097642371275e-5,3.277710684787659e-5,2.892515567193213e-5
321802,6423,26611,19314,2.6565261786323807e-5,1.097975315116873e-4,7.566848931974768e-5
320847,42023,42600,20161,1.7380538627536748e-4,1.7576847327788807e-4,7.898687031041902e-5
320842,1960,1132,1794,8.106478764003528e-6,4.670655205412425e-6,7.028542499721826e-6
250667,4174,6289,6444,1.7263491000485066e-5,2.5948542921235634e-5,2.5246336604351978e-5
250558,5007,1537,1233,2.0708744475186565e-5,6.341693507702206e-6,4.830653791614833e-6
242849,2785,1468,1313,1.1518644570280524e-5,6.056998093238021e-6,5.144078206318148e-6
241382,3654,3867,3973,1.5112792552892293e-5,1.5955321271492796e-5,1.5565439995203352e-5
237707,13194,11885,12148,5.4569837149113545e-5,4.903775363633098e-5,4.7593497372698294e-5
234465,125956,125179,110075,5.209487955096063e-4,5.164911201045246e-4,4.312524056058417e-4
232320,25075,29912,47242,1.0370916071805534e-4,1.2341752518047389e-4,1.8508495249267476e-4
230854,35506,33391,38550,1.4685134438505574e-4,1.377719504981681e-4,1.5103138983515963e-4
228851,40391,51769,52611,1.6705550191676864e-4,2.135999552376288e-4,2.0611964852445093e-4
228833,6716,7106,7383,2.7777097642371275e-5,2.9319501669311563e-5,2.892515567193213e-5
228307,9165,6455,8680,3.790606013882262e-5,2.663346232414947e-5,3.4006548995309614e-5
227159,1772,12186,23050,7.3289185560276796e-6,5.027968580667474e-5,9.030540948639246e-5
224423,2450,1818,2610,1.0133098455004411e-5,7.50110526805635e-6,1.0225471529695633e-5
224377,13564,9110,9317,5.610014181374687e-5,3.7588046750271365e-5,3.650219089738476e-5
223738,1764,2437,2296,7.295830887603176e-6,1.0055111957235052e-5,8.995280701985123e-6
223237,2079,2805,3223,8.598657831818028e-6,1.1573487501044039e-5,1.262708610735978e-5
223227,8070,5896,6808,3.337718552321861e-5,2.4327016864939623e-5,2.6672417691252057e-5
223171,2577,1894,2343,1.0658365191243414e-5,7.814682826016902e-6,9.17941754562332e-6
223160,8996,9162,14068,3.720708314335497e-5,3.780259981624438e-5,5.511568332557784e-5
223108,13516,15411,3089,5.590161580319984e-5,6.358610191750078e-5,1.2102100212731729e-5
222288,10086,21489,16818,4.1715277966193665e-5,8.866405451334594e-5,6.588964758100427e-5
219979,25633,29210,23958,1.0601702559066451e-4,1.2052105878983827e-4,9.386277659327508e-5
219417,18710,20237,26779,7.738378452780919e-5,8.349827684799579e-5,1.0491490501675071e-4
215929,1140,796,1276,4.714992750491848e-6,3.2843123175868284e-6,4.999119414517865e-6
215683,23618,29334,19164,9.768306910624252e-5,1.210326853317739e-4,7.508081854217898e-5
215676,12684,10627,14533,5.246049828705141e-5,4.3847219847983956e-5,5.693746273604086e-5
215644,17390,16413,17507,7.1924319237766e-5,6.772037445798068e-5,6.858901535263656e-5
214058,5241,8099,7085,2.1676558776603313e-5,3.3416640025296135e-5,2.7757649727162285e-5
212017,23967,30531,51533,9.912651864126152e-5,1.259715318696526e-4,2.018962545363238e-4
211126,1346,1071,1208,5.567000212422831e-6,4.418967954944087e-6,4.7327086620200475e-6
210861,20984,18870,22153,8.678895427747452e-5,7.785800682520534e-5,8.679113823653156e-5
210845,2559,2592,2686,1.058391793728828e-5,1.0694645134654597e-5,1.0523224723663781e-5
210842,8266,8596,8957,3.4187833399618966e-5,3.5467272213538167e-5,3.509178103121984e-5
210393,48608,58438,55608,2.010406733472875e-4,2.411163859486672e-4,2.1786131066027387e-4
210312,107789,90836,128200,4.4581083647611037e-4,3.747911980908507e-4,5.022626245620614e-4
210297,14124,13305,15719,5.8416278603462164e-5,5.489670274559391e-5,6.158397968401749e-5
210259,78740,40139,75117,3.256653764681826e-4,1.6561433682866548e-4,2.942937719908609e-4
210228,17151,21354,20586,7.093582514358394e-5,8.8107041745916e-5,8.065193751353039e-5
209687,410726,503603,147827,0.001698745712665364,0.0020778763016001,5.791573869043358e-4
209676,132181,127923,139516,5.466951375024237e-4,5.278129203551003e-4,5.465965080218452e-4
209172,4362874,3502806,4750843,0.018044666036236293,0.014452649361704834,0.01861287733277923
208244,14608,14460,15898,6.0418082543144666e-5,5.9662256422494396e-5,6.228526681191617e-5
205795,951,1607,1822,3.933296583962937e-6,6.630514942665871e-6,7.138241044867986e-6
199152,2605,3087,3586,1.0774172030729179e-5,1.2737025281897663e-5,1.404924938907607e-5
190197,15397,13750,16421,6.368135384151139e-5,5.673278186786293e-5,6.433427892303908e-5
190007,1041,720,1180,4.305532853738609e-6,2.9707347596262773e-6,4.623010116873888e-6
189939,3043,4632,3987,1.2585721876970784e-5,1.9111726953595716e-5,1.5620289267776432e-5
189234,2770,2286,2795,1.1456605191984578e-5,9.43208286181343e-6,1.0950265488697048e-5
188923,52251,51883,60933,2.1610797035609612e-4,2.1407032157456964e-4,2.3872362326396324e-4
187931,12130,14149,18244,5.016917724865449e-5,5.837906404715583e-5,7.147643777309085e-5
187846,1893,763,1117,7.829369540948305e-6,3.1481536411039577e-6,4.376188390295028e-6
187839,480,376,657,1.985260105470252e-6,1.5513837078048335e-6,2.5739980057509698e-6
187836,921,773,1038,3.8092178273710456e-6,3.189413846098767e-6,4.066681780775504e-6
183432,904,654,825,3.7389065319689743e-6,2.698417406660535e-6,3.23218927662793e-6
170841,62521,68892,62998,2.585842646960534e-4,2.8424980425024093e-4,2.4681389096849253e-4
170728,51258,69968,95851,2.1200096351290453e-4,2.8868940230768246e-4,3.7552554467159237e-4
170630,47013,41948,71581,1.94443819455152e-4,1.730783079122265e-4,2.804404128609744e-4
170487,56197,46547,33522,2.324284628064828e-4,1.9205387618933934e-4,1.3133266537105633e-4
170319,33165,27046,34427,1.3716906541233522e-4,1.1159235042896151e-4,1.3487827906238757e-4
170278,4854,3813,4187,2.0075942816567924e-5,1.5732516164520825e-5,1.6403850304534718e-5
170275,19487,4745,8956,8.059742432353916e-5,1.9577967270037062e-5,3.508786322603605e-5
170242,1318,1138,1273,5.451193372937066e-6,4.6954113284093104e-6,4.9873659989664904e-6
169614,11168,12855,11762,4.619038512060786e-5,5.303999352082749e-5,4.60812245717548e-5
169611,18785,29154,26739,7.769398141928893e-5,1.2029000164186734e-4,1.0475819280939905e-4
169610,39002,44676,44355,1.613106554865641e-4,1.8433409183481048e-4,1.737742489270689e-4
168880,3261,3709,4152,1.3487360841538524e-5,1.5303410032574807e-5,1.6266727123102017e-5
163829,3200,3175,3053,1.3235067369801679e-5,1.3100115085851986e-5,1.1961059226115236e-5
163410,24596,24153,29373,1.0172803657113815e-4,9.965577312396316e-5,1.1507769166350568e-4
161401,31888,19082,21734,1.3188744634007373e-4,7.87327231710953e-5,8.514957786452295e-5
161388,882,994,1609,3.647915443801588e-6,4.101264376484055e-6,6.3037485407204115e-6
160575,12277,16439,10657,5.0777163155954755e-5,6.782765099096717e-5,4.1752049843665276e-5
146435,5788,13185,7339,2.3938928105128788e-5,5.44015802856562e-5,2.875277224384531e-5
146430,9005,10125,9952,3.7244306770332537e-5,4.177595755724452e-5,3.8989997189092316e-5
146264,6078,6379,6387,2.5138356085517066e-5,2.631988476618892e-5,2.5023021708875865e-5
138111,3080,4102,4450,1.2738752343434116e-5,1.692493608887082e-5,1.7434233067871866e-5
135765,49629,43212,55402,2.0526348702996485e-4,1.782935978235704e-4,2.1705424279241283e-4
135325,12296,13055,13122,5.085574636846295e-5,5.386519762072368e-5,5.140943962171115e-5
135323,6027,5515,5829,2.492742219931085e-5,2.2755003054637386e-5,2.2836886416320248e-5
135260,33154,29212,44064,1.3712356986825153e-4,1.2052931083083724e-4,1.7263416761858558e-4
135163,882,762,965,3.647915443801588e-6,3.1440276206044767e-6,3.78068200235873e-6
134328,36556,28699,32558,1.5119410086577193e-4,1.1841266231460352e-4,1.275559011738814e-4
133924,1797,854,1930,7.432317519854255e-6,3.5236215065567233e-6,7.56136400471746e-6
133605,9080,9586,9805,3.755450366181226e-5,3.95520325080243e-5,3.841407982707497e-5
133467,39552,14911,58460,1.6358543269074876e-4,6.15230916677603e-5,2.2903489104444702e-4
132335,45051,31013,45575,1.8632906877404234e-4,1.279602737504024e-4,1.7855397125129445e-4
132248,4173,743,4597,1.7259355041932003e-5,3.0656332311143387e-6,1.8010150429889206e-5
131989,9721,9515,10369,4.020565309432566e-5,3.925908505256115e-5,4.062372195073334e-5
131524,17719,16424,23451,7.328504960172373e-5,6.776576068347496e-5,9.187644936509284e-5
131446,921743,815136,961806,0.0038122908445759715,0.003363267845864896,0.0037681685326017003
131427,363,683,499,1.501352954761878e-6,2.8180720011454823e-6,1.9549847867119236e-6
131421,297713,280890,332220,0.0012313286287080523,0.0011589578980992013,0.001301573238159189
130738,4379,11375,5982,1.8111362503862987e-5,4.69334831815957e-5,2.3436310609440336e-5
130659,19474,21896,27773,8.054365686234935e-5,9.034334485663468e-5,1.0880920336943939e-4
130582,62770,62457,66940,2.596141183757661e-4,2.576988623360811e-4,2.622578790029983e-4
130549,6788,6538,7670,2.8074886658191813e-5,2.697592202560639e-5,3.004956575968027e-5
130548,66473,82560,101496,2.7492957289775846e-4,3.4064425243714646e-4,3.97641554934095e-4
130530,36258,48642,54638,1.4996158521695914e-4,2.006978891357519e-4,2.1406103963199618e-4
130528,5931,7882,8984,2.45303701782168e-5,3.252129357690877e-5,3.519756177118221e-5
130463,30647,29738,39267,1.2675472177572252e-4,1.226995976135642e-4,1.5384045615193808e-4
128059,2121,2236,2815,8.772368091046675e-6,9.225781836839382e-6,1.1028621592372877e-5
127630,2666,3044,2657,1.1026465502466024e-5,1.2559606400419983e-5,1.040960837333383e-5
125960,28470,25889,34579,1.1775074000570431e-4,1.0681854471106207e-4,1.3547378545032386e-4
125942,11074,11951,12159,4.580160501661994e-5,4.931007098929672e-5,4.763659322972e-5
125898,99,183,85,4.0945989675323946e-7,7.550617514050121e-7,3.3301344062227156e-7
125897,14124,13305,15719,5.8416278603462164e-5,5.489670274559391e-5,6.158397968401749e-5
125868,16055,14460,18020,6.640281456942686e-5,5.9662256422494396e-5,7.059884941192157e-5
125802,16095,15742,16532,6.656825291154939e-5,6.495181470282896e-5,6.476915529843992e-5
124996,19997,17553,17433,8.270676318560131e-5,7.242403782738895e-5,6.829909776903601e-5
121191,2239,3412,4287,9.260411200308112e-6,1.407798194422897e-5,1.679563082291386e-5
118967,849,1120,1325,3.511428811550508e-6,4.621142959418653e-6,5.191091868523645e-6
118602,17874,24980,30143,7.39261231774485e-5,1.030679920770339e-4,1.1809440165502509e-4
118128,1602,4529,4704,6.625805602006966e-6,1.868674684214918e-5,1.842935558455489e-5
118125,5261,6055,5929,2.1759277947664572e-5,2.4983054124357094e-5,2.322866693469939e-5
118060,153959,147666,148578,6.367680428710302e-4,6.092729430763526e-4,5.820996585973632e-4
117962,16347,16264,30887,6.761051446692127e-5,6.710559740355802e-5,1.2100924871176591e-4
117769,32816,35598,14376,1.3572561587731622e-4,1.4687807774052251e-4,5.63223673221856e-5
117750,23032,19907,20580,9.525939739414758e-5,8.213669008316708e-5,8.062843068242764e-5
117745,16809,15088,20669,6.952132731843638e-5,6.225339729616843e-5,8.097711534378507e-5
117300,2005,3533,2925,8.292596898891365e-6,1.4577230424666162e-5,1.1459580162589934e-5
117249,7106,7306,8869,2.9390121478065855e-5,3.014470576920775e-5,3.47470141750462e-5
117245,9479,18236,29166,3.9204751124484414e-5,7.524210982853443e-5,1.1426670599046086e-4
117242,4502,5386,1929,1.862008540588974e-5,2.2222746410204344e-5,7.557446199533669e-6
117235,20871,15818,21218,8.632159096097838e-5,6.526539226078952e-5,8.312799038968657e-5
117213,40478,48641,43641,1.674153303108851e-4,2.006937631152524e-4,1.709769360258418e-4
117212,10940,31900,26222,4.524738657050949e-5,1.31620053933442e-4,1.0273268752937889e-4
117201,80454,73166,45207,3.327544094281326e-4,3.0188441586502247e-4,1.771122189436592e-4
117200,18175,31862,30071,7.517104670192048e-5,1.314632651544617e-4,1.178123196817921e-4
117199,473264,505022,569053,0.001957400288656819,0.0020837311246888635,0.002229438793252065
117196,7273,8791,14753,3.0080826556427377e-5,3.627184621093695e-5,5.779937987647497e-5
117195,8946472,8967079,10737421,0.03700223738813886,0.03699835177446505,0.04206712365435097
117192,49540,72509,57658,2.0489538671874226e-4,2.991736203968635e-4,2.258928112870463e-4
117191,375,598,588,1.5509844573986344e-6,2.4673602586896025e-6,2.303669448069361e-6
117190,15264,9815,25473,6.313127135395401e-5,4.049689120240543e-5,9.97982514467191e-5
117182,420043,404449,555820,0.0017372804385042521,0.001668764864994567,0.0021775944772549527
116942,41006,42195,45787,1.695991164269024e-4,1.7409743497559828e-4,1.7938454595025822e-4
115895,20852,25150,32269,8.62430077484702e-5,1.0376941556194566e-4,1.2642365547576567e-4
114282,3371,1871,2847,1.3942316282375456e-5,7.71978435452884e-6,1.1153991358254202e-5
113559,6504,10078,12087,2.6900274429121914e-5,4.158203459376892e-5,4.7354511256487017e-5
113534,10182,6943,9616,4.211232998728772e-5,2.864696032789617e-5,3.7673614647338394e-5
112543,1946,2834,2980,8.048575344260645e-6,1.1693142095528985e-5,1.1675059447698462e-5
112530,9407,9475,11591,3.890696210866387e-5,3.909404423258191e-5,4.5411279885326466e-5
111776,24948,13681,57504,1.0318389398181634e-4,5.6448086453398747e-5,2.252894692887424e-4
111772,28671,3280,27567,1.1858206767486998e-4,1.3533347238297485e-5,1.0800213550157836e-4
111739,9034,16836,23789,3.7364249568371364e-5,6.94656811292611e-5,9.320066751721433e-5
111732,5954,15033,15342,2.4625497224937248e-5,6.202646616869698e-5,6.0106967129728126e-5
110962,9147,12711,12020,3.783161288486749e-5,5.2445846568902236e-5,4.7092018309172994e-5
110647,12159,19561,15537,5.0289120046693315e-5,8.070908699034668e-5,6.0870939140567456e-5
110628,116916,122027,151852,4.835597301899166e-4,5.034859034901607e-4,5.949265527690963e-4
110612,26738,31588,39434,1.1058725979179916e-4,1.3033273553760395e-4,1.5449472961763126e-4
110605,38928,67355,42151,1.6100459455363743e-4,2.779081107425387e-4,1.6513940630199259e-4
110346,75534,52538,77858,3.124054933470625e-4,2.1677286500172964e-4,3.0503247599963316e-4
110328,14214,12853,14306,5.8788514873237836e-5,5.3031741479828526e-5,5.60481209593202e-5
110321,68356,70776,92627,2.8271758285317613e-4,2.92023226871263e-4,3.628945407590488e-4
110283,6685,9677,16560,2.764888292722632e-5,3.992750037347706e-5,6.487885384358608e-5
110182,1781,2981,2608,7.366142183005247e-6,1.2299667108952684e-5,1.021763591932805e-5
110123,5647,7755,8475,2.33557579491469e-5,3.199728897347469e-5,3.320339893263237e-5
110031,9791,16445,17507,4.049517019304007e-5,6.785240711396407e-5,6.858901535263656e-5
110021,14886,12149,15646,6.156787902089618e-5,5.0127023048193945e-5,6.129797990560072e-5
109714,5952,5673,5661,2.4617225307831123e-5,2.3406914293555374e-5,2.2178695145443287e-5
109387,67834,73343,68268,2.8055861248847723e-4,3.0261472149343063e-4,2.6746072428707337e-4
109386,9729,7231,10126,4.023874076275017e-5,2.983525423174668e-5,3.9671695291072025e-5
108314,2762139,2380098,2745036,0.01142409242179895,0.009820333138773587,0.010754516270494093
107960,21418,24434,34153,8.858396028950387e-5,1.008151848843173e-4,1.3380480044202872e-4
107143,110604,41021,99519,4.574535598029828e-4,1.6925348690920766e-4,3.8989605408573934e-4
106940,75797,59352,59168,3.134932504465181e-4,2.448875686851928e-4,2.3180869711457135e-4
106931,1749,2005,1872,7.23379150930723e-6,8.272671101459286e-6,7.3341313040575574e-6
106902,1073,821,765,4.4378835274366255e-6,3.387462830073852e-6,2.997120965600444e-6
106482,27192,20418,30304,1.1246498497488976e-4,8.424508655840185e-5,1.187251682896155e-4
106427,145937,161845,157863,6.035893833583586e-4,6.677757877384928e-4,6.184764797288666e-4
105769,1504,1822,1602,6.220481663806789e-6,7.517609350054274e-6,6.276323904433871e-6
105406,32596,37561,41684,1.3481570499564237e-4,1.549774559810036e-4,1.6330979128116198e-4
105370,44693,25271,30636,1.8484839561204577e-4,1.0426866404238285e-4,1.2002587961063427e-4
105085,954,1035,1583,3.945704459622126e-6,4.270431216962774e-6,6.201885605941835e-6
105081,4458,4268,1310,1.8438103229554965e-5,1.7609855491784655e-5,5.1323247907667735e-6
104990,9367,7314,7598,3.8741523766541356e-5,3.0177713933203597e-5,2.976748378644729e-5
104933,25409,27154,18692,1.050905708747784e-4,1.1203796064290546e-4,7.323161449542941e-5
104931,6578,6104,4122,2.7206335362048577e-5,2.518522912883166e-5,1.6149192967588276e-5
104924,46302,51391,49493,1.9150315292392416e-4,2.12040319488825e-4,1.9390393196138926e-4
104918,136289,137758,94018,5.636856552384066e-4,5.683923319674954e-4,3.683442077697027e-4
104417,18468,2343,23203,7.638288255796794e-5,9.667266030283844e-6,9.090483367951256e-5
104390,1860,1194,2001,7.692882908697227e-6,4.926468476380243e-6,7.839528172766652e-6
104378,33532,40575,45456,1.3868696220130936e-4,1.6741328176643916e-4,1.7808775243442326e-4
104312,256282,234022,264352,0.001059971729896098,9.655795693295287e-4,0.0010356796359456322
104238,1022,745,1035,4.226949641230411e-6,3.0738852721133007e-6,4.05492836522413e-6
104135,15546,16582,5405,6.429761166591778e-5,6.841767192239295e-5,2.1175737018392683e-5
104131,6988,7429,7934,2.8902078368804415e-5,3.065220629064391e-5,3.108386632820121e-5
103821,54279,82604,67163,2.244956943017079e-4,3.408257973391236e-4,2.631315495589838e-4
102904,122541,79489,127724,5.068244970508961e-4,3.2797324348324047e-4,5.003977492945767e-4
100922,14842,13972,15113,6.138589684456141e-5,5.76487584187477e-5,5.9209789742639884e-5
100908,3934,3829,4541,1.627086094774994e-5,1.579853249251252e-5,1.7790753339596885e-5
100877,1207,1258,1423,4.992101973547071e-6,5.190533788347023e-6,5.575036776535206e-6
100869,8994,7703,8891,3.719881122624885e-5,3.1782735907501686e-5,3.483320588908961e-5
100865,8532,37617,34129,3.5287998374733725e-5,1.5520851312897453e-4,1.3371077311761771e-4
100727,31260,30856,37936,1.2929006436875016e-4,1.2731248853198389e-4,1.486258574523117e-4
100468,4408,5803,7547,1.8231305301901814e-5,2.3943296958487898e-5,2.9567675722073924e-5
100114,12817,12789,12019,5.3010580774608787e-5,5.2767676167861744e-5,4.70881005039892e-5
100017,157278,129713,164175,6.504952893086464e-4,5.351984970491712e-4,6.432056660489581e-4
99877,9624,2669,11919,3.980446511467855e-5,1.101234871311463e-5,4.669631998561006e-5
98053,98048,112020,146881,4.055224642107235e-4,4.6219681635185493e-4,5.754511432004691e-4
98027,24293,32123,18723,1.0047484112956006e-4,1.3254015650482624e-4,7.335306645612695e-5
97891,16531,18932,20284,6.837153084068486e-5,7.811382009617317e-5,7.946876034802538e-5
97693,17874,25794,31043,7.39261231774485e-5,1.0642657276361137e-4,1.2162042632043737e-4
95422,17334,25376,30718,7.169270555879447e-5,1.0470189619482835e-4,1.2034713963570516e-4
95404,6934,5521,6724,2.8678736606939014e-5,2.277975917763427e-5,2.634332205581358e-5
94586,5478,5720,2930,2.265678095367925e-5,2.360083725703098e-5,1.147916918850889e-5
94582,60409,57974,40542,2.4984912023198427e-4,2.3920191243690804e-4,1.5883565776127217e-4
92552,5763,34439,10854,2.383552914130221e-5,1.420960199816241e-4,4.252385746487218e-5
91648,3014,3509,3639,1.2465779078931957e-5,1.447820593267862e-5,1.4256893063817016e-5
91401,2887,2378,3532,1.1940512342692952e-5,9.811676747765677e-6,1.3837687909151332e-5
90822,4359,1599,7358,1.8028643332801725e-5,6.597506778670024e-6,2.8827210542337346e-005
87950,20090,22604,21333,8.309140733103616e-5,9.326456737026718e-5,8.357853798582259e-5
87877,13893,15659,10667,5.74608721777046e-5,6.460935500137204e-5,4.179122789550319e-5
85106,8168,9330,10376,3.378250946141879e-5,3.8495771260157177e-5,4.065114658701988e-5
84390,14686,14686,21339,6.074068731028358e-5,6.059473705537709e-5,8.360204481692533e-5
84223,49071,53937,55795,2.029556221573557e-4,2.2254516768050348e-4,2.1859394022964287e-4
84216,8753,9488,9699,3.620204521496066e-5,3.914768249907516e-5,3.799879247759308e-5
84185,1398,1524,1339,5.782070057182109e-6,6.2880552412089534e-6,5.245941141096725e-6
84181,7609,9098,8266,3.1470508630256553e-5,3.7538534504277595e-5,3.238457764921996e-5
84086,9841,9020,9264,4.070196812069323e-5,3.721670490531808e-5,3.629454722264381e-5
68541,631,602,543,2.6097898469827685e-6,2.4838643406875263e-6,2.127368214798747e-6
68263,4947,3152,4498,2.0460586962002783e-5,1.3005216614363924e-5,1.7622287716693855e-5
68235,2150,3041,3613,8.892310889085502e-6,1.254722833892154e-5,1.4155030129038437e-5
68142,2657,2884,3459,1.0989241875488457e-5,1.1899443120503033e-5,1.3551688130734558e-5
68094,13968,14462,14943,5.777106906918433e-5,5.967050846349336e-5,5.854376286139534e-5
67178,29907,48864,34729,1.2369411244645589e-4,2.0161386568663667e-4,1.3606145622789258e-4
67163,24547,27007,26056,1.0152537460203807e-4,1.1143143562948176e-4,1.020823318688695e-4
67160,19511,23040,19368,8.069668732881268e-5,9.506351230804087e-5,7.588005079967242e-5
66827,3253,2900,3367,1.345427317311402e-5,1.1965459448494727e-5,1.3191250053825746e-5
66763,56696,44492,58398,2.3449230612446125e-4,1.8357490406290601e-4,2.2879198712305194e-4
66608,3998,5223,5306,1.653556229514597e-5,2.155020506878895e-5,2.0787874305197328e-5
66546,3274,2673,5459,1.3541128302728344e-5,1.1028852795112554e-5,2.1387298498317417e-5
66437,137005,137202,94800,5.666470015623997e-4,5.66098264569784e-4,3.714079314234276e-4
66396,5661,5364,6065,2.3413661368889783e-5,2.2131973959215763e-5,2.3761488439695026e-5
66391,211421,183834,198118,8.744284932471377e-4,7.585028525015792e-4,7.761877274023906e-4
66367,8880,6429,9801,3.6727311951199656e-5,2.6526185791162965e-5,3.839840860633981e-5
66350,63009,71281,100369,2.606026124699481e-4,2.941068672235009e-4,3.9322618849196205e-4
66291,210792,251577,308338,8.718269753172611e-4,0.0010380118591979165,0.001208008214759882
66287,186346,182466,266699,7.707193325290824e-4,7.528584564582893e-4,0.0010448747247119906
66261,60144,53137,70056,2.487530912154226e-4,2.1924435128091874e-4,2.7446575995569245e-4
66256,80299,75175,91950,3.321133358524078e-4,3.101735910484797e-4,3.60242186649622e-4
65419,985,762,823,4.073919174767079e-6,3.1440276206044767e-6,3.2243536662603473e-6
65232,317,442,695,1.311098861320979e-6,1.8237010607705758e-6,2.722874602735044e-6
65051,48939,40294,46564,2.0240967562835135e-4,1.6625387000608502e-4,1.8242868057806417e-4
65017,3556,6058,6029,1.4707468614692117e-5,2.4995432185855538e-5,2.3620447453078534e-5
64799,800,1273,2054,3.3087668424504197e-6,5.2524240958392374e-6,8.047171847507598e-6
64787,713,840,446,2.9489384483339368e-6,3.4658572195639898e-6,1.747341111970978e-6
64753,4031,4474,7423,1.6672048927397052e-5,1.8459815714677727e-5,2.9081867879283788e-5
64652,1907,1807,2145,7.887272960691187e-6,7.45571904256206e-6,8.403692119232619e-6
64643,3467,2591,3465,1.4339368303469507e-5,1.0690519114155117e-5,1.3575194961837306e-5
64616,3052,1058,1560,1.2622945503948351e-5,4.365329688450835e-6,6.111776086714631e-6
64612,2397,2593,3285,9.91389265169207e-6,1.0698771155154078e-5,1.2869990028754849e-5
64604,3569,3602,4967,1.4761236075881935e-5,1.4861925839130348e-5,1.9459738347892034e-5
64586,808,2707,3459,3.341854510874924e-6,1.1169137492094906e-5,1.3551688130734558e-5
64585,1159,1706,2359,4.793575963000046e-6,7.038990972114485e-6,9.242102428563985e-6
64557,20089,22111,24064,8.30872713724831e-5,9.123043926402307e-5,9.427806394275698e-5
62840,32983,28376,21543,1.3641632095567774e-4,1.1707995769327117e-4,8.440127707441878e-5
62820,4891,4662,4673,2.0228973283031253e-5,1.9235507568580144e-5,1.8307903623857353e-5
62816,401439,264273,591457,0.0016603350655830676,0.0010903958154593267,0.002317213300589728
62766,1413,2180,1400,5.844109435478054e-6,8.99472468886845e-6,5.484927257308002e-6
62409,50562,47004,47732,2.0912233635997265e-4,1.9393946755760213e-4,1.8700467703273256e-4
62393,90697,98911,133694,3.751190328871572e-4,4.081088136241593e-4,5.237870462418114e-4
62375,18094,16403,17982,7.483603405912237e-5,6.767911425298587e-5,7.04499728149375e-5
62348,22645,24193,30205,9.365878143411219e-5,9.982081394394239e-5,1.1833730557642015e-4
62311,15622,14113,18348,6.461194451595057e-5,5.823052730917451e-5,7.188388951220516e-5
62290,8634,9087,9934,3.570986614714615e-5,3.74931482787833e-5,3.891947669578407e-5
62267,4688,3326,3904,1.938937369675946e-5,1.3723144181273609e-5,1.5295111437521745e-5
62252,788,428,473,3.2591353398136635e-6,1.7659367737778424e-6,1.8531218519333465e-6
53745,27503,32761,38802,1.1375126808489237e-4,1.3517255758349508e-4,1.5201867674147508e-4
52871,2709,2669,2281,1.1204311720247733e-5,1.101234871311463e-5,8.936513624228253e-6
50367,1211,1104,1090,5.008645807759323e-6,4.555126631426958e-6,4.270407650332659e-6
48608,123143,129999,190531,5.093143440998401e-4,5.363785389120228e-4,7.46463339472965e-4
47358,2416,2206,2587,9.992475864200268e-6,9.102001221854954e-6,1.013536201046843e-5
47286,7632,6952,8381,3.1565635676977006e-5,2.86840945123915e-5,3.283512524535598e-5
47259,34225,31836,44064,1.4155318147858202e-4,1.3135598862147523e-4,1.7263416761858558e-4
46365,25236,20199,28979,1.043750500450985e-4,8.334148806901551e-5,1.1353407642109185e-4
46362,3117,2376,3658,1.2891782809897447e-5,9.803424706766714e-6,1.4331331362309052e-5
46349,1461,394,447,6.042635446025079e-6,1.6256520767954905e-6,1.7512589171547695e-6
46207,248201,278268,482225,0.001026549048828796,0.0011481394723495623,0.0018892636047538225
46179,8144,6877,8696,3.3683246456145276e-5,2.837464297493043e-5,3.406923387825028e-5
46149,2839,3740,3103,1.1741986332145927e-5,1.5431316668058717e-5,1.2156949485304808e-5
46131,639585,442346,573481,0.0026452970511608147,0.001825128663863396,0.0022467868346058933
42424,8853,7369,6192,3.661564107026696e-5,3.040464506067505e-5,2.4259049698036538e-5
42245,6535,75097,7347,2.7028489144266865e-5,3.098517614495202e-4,2.8784114685315638e-5
42007,102104,62120,107668,4.2229791210194706e-4,2.5630839342775604e-4,4.218222485284557e-4
34087,3806,3899,4741,1.5741458252957872e-5,1.6087353927476187e-5,1.857431437635517e-5
33999,1089,848,1135,4.5040588642856336e-6,3.4988653835598375e-6,4.446708883603273e-6
33395,35645,29926,26135,1.474262426239315e-4,1.2347528946746663e-4,1.0239183847838903e-4
31695,15068,15456,15928,6.232062347755366e-5,6.377177283997742e-5,6.24028009674299e-5
31664,10168,7319,8318,4.205442656754484e-5,3.0198344035701004e-5,3.2588303518777115e-5
31599,3415,2767,7394,1.412429845871023e-5,1.1416698722063763e-5,2.8968251528953835e-5
27127,19589,13302,24374,8.10192920959516e-5,5.488432468409547e-5,9.549258354973233e-5
26911,223,260,243,9.223187573330545e-7,1.0727653298650445e-6,9.520266596613176e-7
26755,9764,6113,9131,4.0383499312107376e-5,2.5222363313326987e-5,3.577347913319955e-5
26751,33445,26458,35593,1.3832713380719286e-4,1.0916625037526672e-4,1.3944643990668838e-4
26736,654,1494,1698,2.704916893703218e-6,6.164274626224525e-6,6.652433202077849e-6
26723,1443,1416,1137,5.968188192069945e-6,5.842445027265011e-6,4.454544493970856e-6
23170,27113,24842,31689,1.1213824424919779e-4,1.0249860124810552e-4,1.2415132846916663e-4
22969,112379,128180,167035,4.6479488623466967e-4,5.28873307623467e-4,6.544105888746016e-4
22885,40039,26902,41924,1.6559964450609045e-4,1.1099820347703626e-4,1.6425006452527193e-4
21827,1703,1500,1868,7.043537415866331e-6,6.189030749221411e-6,7.318460083322392e-6
21709,679684,611877,742653,0.002811144853180089,0.0025246170451608996,0.002909569773158257
21683,12016,12493,13121,4.9697677973605305e-5,5.154637410001539e-5,5.140552181652736e-5
20297,7643,6625,6358,3.1611131221060696e-5,2.733488580906123e-5,2.4909405358545915e-5
18588,13104,11942,18129,5.4197600879337873e-5,4.927293680480139e-5,7.102589017695485e-5
18489,410,382,473,1.6957430067558402e-6,1.5761398308017193e-6,1.8531218519333465e-6
18488,10516,10248,17173,4.349374014401077e-5,4.2283458078680675e-5,6.728046842125023e-5
18361,918387,516390,1299202,0.003798410567671892,0.002130635725726963,0.005090020330392194
18345,3676,5767,6029,1.520378364105968e-5,2.3794760220506585e-5,2.3620447453078534e-5
18257,14802,24712,17967,6.12204585024389e-5,1.01962218583173e-4,7.039120573718063e-5
18177,6499,6204,7953,2.6879594636356598e-5,2.5597831178779753e-5,3.1158304626693244e-5
18168,3824,3587,4118,1.5815905506913006e-5,1.4800035531638133e-5,1.6133521746853112e-5
18037,2375,2666,2132,9.822901563524684e-6,1.0999970651616188e-5,8.35276065184333e-6
18023,870,964,1024,3.5982839411648313e-6,3.977483761499627e-6,4.011832508202425e-6
17863,817,635,458,3.3790781378524914e-6,2.620023017170397e-6,1.794354774176475e-6
17830,82183,66552,81443,3.399054817663786e-4,2.7459491628145557e-4,3.1907780758352547e-4
17829,5001,1552,9884,2.0683928723868187e-5,6.40358381519442e-6,3.87235864365945e-5
17651,2709,2669,2950,1.1204311720247733e-5,1.101234871311463e-5,1.1557525292184719e-5
17644,32292,39082,41952,1.335583735955112e-4,1.6125313316071413e-4,1.643597630704181e-4
17537,19494,12388,16037,8.062637603341061e-5,5.111314194756989e-5,6.282984173246317e-5
17456,9059,10136,10877,3.746764853219794e-5,4.182134378273881e-5,4.261396698409939e-5
17382,1217,515,1025,5.033461559077701e-6,2.124900557232684e-6,4.015750313386216e-6
17297,4258,7225,31882,1.761091151894236e-5,2.9810498108749794e-5,1.249074648696384e-4
17267,14406,17888,19547,5.9582618915425935e-5,7.380625469471506e-5,7.658133792757109e-5
17250,78722,67945,108266,3.2559092921422743e-4,2.803424628372325e-4,4.24165096028363e-4
17233,34800,23621,30534,1.4393135764659325e-4,9.746073021823929e-5,1.1962626348188754e-4
17222,18771,1407,20777,7.763607799954603e-5,5.805310842769683e-6,8.140023830363454e-5
17188,5007,3903,4892,2.0708744475186565e-5,1.610385800947411e-5,1.9165902959107676e-5
17045,3491,9095,5755,1.4438631308743019e-5,3.7526156442779154e-5,2.254696883271968e-5
16980,1784,2918,3521,7.378550058664436e-6,1.2039727817485383e-5,1.3794592052129626e-5
16808,9648,11140,10172,3.990372811995206e-5,4.596386836421768e-5,3.985191432952643e-5
14764,1956,1694,1887,8.089934929791276e-6,6.989478726120713e-6,7.392898381814429e-6
14702,10513,9129,9803,4.348133226835158e-5,3.766644113976151e-5,3.8406244216707395e-5
14701,4918,4047,2463,2.0340644163963956e-5,1.6698004961399366e-5,9.649554167678292e-6
14688,24281,13473,32829,1.004252096269233e-4,5.558987418950671e-5,1.2861762637868886e-4
13139,8907,9657,8996,3.683898283213236e-5,3.984497996348744e-5,3.524457543338771e-5
9489,65030,65498,69153,2.689613847056885e-4,2.7024609067500264e-4,2.709279818747288e-4
9392,20795,26572,32004,8.60072581109456e-5,1.0963661671220755e-4,1.2538543710206095e-4
8811,20985,15743,21218,8.679309023602757e-5,6.495594072332845e-5,8.312799038968657e-5
8598,81734,66552,79558,3.3804843637605327e-4,2.7459491628145557e-4,3.116927448120786e-4
7543,5165,4468,6205,2.1362225926570522e-5,1.8435059591680842e-5,2.4309981165425827e-5
5990,15895,24672,26027,6.574106120093678e-5,1.0179717776319376e-4,1.0196871551853956e-4
5900,1244,1211,901,5.1451324400104024e-6,4.996610824871419e-6,3.5299424705960787e-6
5290,29286,52868,42135,1.2112568218500375e-4,2.1813445176655836e-4,1.6507672141905191e-4
5269,5395,5320,5882,2.2313496393775017e-5,2.1950429057238602e-5,2.3044530091061193e-5
4755,16055,13231,18020,6.640281456942686e-5,5.459137722863232e-5,7.059884941192157e-5
4732,81734,12331,79558,3.3804843637605327e-4,5.087795877909948e-5,3.116927448120786e-4
4713,15804,13033,4785,6.536468897260804e-5,5.3774425169735096e-5,1.8746697804441996e-5
4709,4238,3398,4253,1.7528192347881098e-5,1.4020217657236235e-5,1.6662425446664952e-5
4603,151440,134119,45128,6.263495632758644e-4,5.533777433698843e-4,1.7680271233413966e-4
4548,7163,6049,7838,2.9625871115590447e-5,2.495829800136021e-5,3.070775703055723e-5
4543,36218,18703,41231,1.4979614687483662e-4,7.716896140179203e-5,1.6153502553290446e-4
4541,33250,23241,18186,1.3752062188934557e-4,9.5892842428436535e-005,7.124920507243096e-5
3772,94609,85295,93591,3.912989027467397e-4,3.519289185032268e-4,3.6667130495622374e-4
3618,8681,4930,5673,3.5904256199140117e-5,2.0341281062441035e-5,2.2225708807648783e-5
3253,48556,58438,55608,2.0082560350252824e-4,2.411163859486672e-4,2.1786131066027387e-4
3232,3285278,2934653,3223149,0.013587773643289787,0.012108438436863241,0.012627669860332164
3204,6591,6206,7401,2.7260102823238395e-5,2.5606083219778716e-5,2.8995676165240375e-5
3182,24600,61042,19894,1.017445804053504e-4,2.518605433293156e-4,7.794081632634672e-5
3178,13711,9845,11316,5.670812772104713e-5,4.062067181738986e-5,4.433388345978383e-5
3175,8012,26232,28119,3.3137299927140955e-5,1.0823376974238403e-4,1.1016476396303123e-4
3143,3442,5084,6719,1.4235969339642931e-5,2.0976688219361102e-5,2.6323733029894622e-5
3090,7365,4627,5952,3.0461334743309178e-5,1.9091096851098312e-5,2.3318776453926595e-5
2813,12068,13447,14085,4.9912747818364584e-5,5.548259765652021e-5,5.51822860137023e-5
2810,2041,2045,2360,8.441491406801633e-6,8.437711921438523e-6,9.246020233747775e-6
2806,255174,286371,343644,0.0010553890878193042,0.0011815726164568564,0.0013463302445788222
2672,1235,1203,1188,5.107908813032836e-6,4.963602660875571e-6,4.654352558344219e-6
2568,8117,7814,9395,3.3571575575212574e-5,3.224072418294407e-5,3.680777970172049e-5
2403,2823,780,2547,1.1675810995296918e-5,3.2182959895951337e-6,9.978649803116773e-6
2242,12772,10020,11101,5.2824462639720954e-5,4.1342725404799026e-5,4.349155534526867e-5
2197,103554,134216,163740,4.282950520038885e-4,5.537779673583339e-4,6.415014207940088e-4
2193,124227,108943,128484,5.137977231713603e-4,4.495010512749521e-4,5.033752812342581e-4
2044,6438,6625,6358,2.6627301164619753e-5,2.733488580906123e-5,2.4909405358545915e-5
2042,7577,6681,8437,3.1338157956558536e-5,2.7565942957032164e-5,3.30545223356483e-5
2040,2040,2553,3350,8.43735544824857e-6,1.0533730335174841e-5,1.3124647365701291e-5
2039,9886,11495,8488,4.088808625558106e-5,4.742860564153341e-5,3.325433040002166e-5
2037,38844,19486,43027,1.6065717403518012e-4,8.039963545288561e-5,1.6857140364299388e-4
2017,150305,167094,209499,6.216552503181379e-4,6.894332693402682e-4,8.207762681991208e-4
2011,10292,8476,6828,4.256728542812465e-5,3.4972149753600454e-5,2.6750773794927886e-5
1973,170213,129628,243485,7.039939131925166e-4,5.348477853067154e-4,9.539267951754564e-4
1968,10248,8112,8700,4.238530325178988e-5,3.347027829178939e-5,3.4084905098985446e-5
1921,6239,9539,8785,2.580424541256021e-5,3.935810954454869e-5,3.4417918539607717e-5
1830,14859,16150,19628,6.145620813996348e-5,6.663523106661719e-5,7.689868014745819e-5
1809,82866,99473,132419,3.427303414581206e-4,4.1042763714486757e-4,5.187918446324775e-4
1799,39569,42501,53814,1.6365574398615083e-4,1.7535999724843944e-4,2.1083276816055203e-4
1786,27321,32254,40369,1.1299852362823489e-4,1.3308066519025826e-4,1.5815787746447624e-4
1781,87054,119259,129507,3.6005173587834856e-4,4.920650787475975e-4,5.073831959372767e-4
1771,84296,108791,69040,3.486447621890007e-4,4.48873896159031e-4,2.7048526988896035e-4
1767,120059,164951,178145,4.965590479221937e-4,6.805912074098806e-4,6.979374044665243e-4
1746,66519,63216,87833,2.7511982699119936e-4,2.6083051189518714e-4,3.441125827079527e-4
1740,165070,163677,246605,6.827226783541135e-4,6.753346572935418e-4,9.661503473488857e-4
1732,21085,28418,29787,8.720668609133387e-5,1.1725325055424937e-4,1.1669966300959533e-4
1721,16953,17643,20602,7.011690535007746e-5,7.279537967234223e-5,8.071462239647105e-5
1713,85182,73718,95716,3.5230922146701457e-4,3.0416197918073596e-4,3.7499664097178053e-4
1710,28058,33897,29315,1.1604672508184235e-4,1.3985971687090543e-4,1.1485045896284578e-4
1708,25473,24540,33666,1.0535527222217443e-4,1.0125254305726228e-4,1.318968293175223e-4
1681,52574,34154,51225,2.1744388496873547e-4,1.4092010413927205e-4,2.0068957053971602e-4
1380,945426,2784561,3177140,0.0039102427509881636,0.011489155768055146,0.012447415561631104
1148,3411,4759,4139,1.4107754624497978e-5,1.9635731557029795e-5,1.621579565571273e-5
816,35506,16012,38550,1.4685134438505574e-4,6.606584023768882e-5,1.5103138983515963e-4
782,83304,86226,55148,3.445418913043622e-4,3.557702435882436e-4,2.160591202757298e-4
592,4477652,4508442,4933517,0.018519383087039758,0.01860192411272085,0.019328558476923146
573,13924,13730,14238,5.758908689284956e-5,5.665026145787331e-5,5.578171020682239e-5
479,28993,29225,31878,1.1991384632895627e-4,1.2058294909733049e-4,1.248917936489032e-4
473,4705,5649,6969,1.9459684992161532e-5,2.330788980156783e-5,2.7303184325842478e-5
136,247221,271096,476633,0.001022495809446794,0.001118547653327285,0.0018673552381660609
99,639585,442346,620047,0.0026452970511608147,0.001825128663863396,0.002429223350794325
61,7632,6952,8381,3.1565635676977006e-5,2.86840945123915e-5,3.283512524535598e-5
54,303071,244383,266054,0.001253489094635364,0.0010083292677246507,0.0010423477403684453
