BinBase name,F_PACT_22_022,F_PACT_23_023,F_PACT_24_024,normF_PACT_22_022,normF_PACT_23_023,normF_PACT_24_024
zymosterol,1526,1675,1640,1.9546719015324936e-5,2.151267470282584e-5,2.0981458378185467e-5
xylose,3217773,2325365,2786840,0.041216844486303514,0.029865564662887527,0.03565363869918438
xylonic acid,1785,1539,1641,2.2864281417008525e-5,1.97659739508352e-5,2.0994251950367286e-5
xylitol,25066,19049,21966,3.2107343305251296e-4,2.4465369576962947e-4,2.81023606545867e-4
vanillic acid,770,587,429,9.863023356356619e-6,7.5390686869007565e-6,5.488442466000954e-6
valine,6491,2130,8431,8.314400598196209e-5,2.7356416189265096e-5,1.0786260706492785e-4
uridine,1355,8113,9052,1.7356359282939243e-5,1.0419840588897076e-4,1.1580741538983831e-4
uric acid,602,427,496,7.711090987696992e-6,5.4841266257353034e-6,6.345611802182921e-6
urea,10234,14800,23882,1.310885467908489e-4,1.9008214065780441e-4,3.055360908462349e-4
UDP-glucuronic acid,14466,11606,14365,1.852967478870842e-4,1.4906035976178906e-4,1.8377966439185012e-4
tyrosol,261,253,228,3.343180644167633e-6,3.249377134217873e-6,2.9169344574550523e-6
tryptophan,2338,2018,2337,2.994772546384646e-5,2.591795674644928e-5,2.989857818891429e-5
trehalose,32300,23542,27387,4.137346161172971e-4,3.023590375247319e-4,3.503775613435154e-4
trans-phytol,603,831,276,7.723900108939014e-6,1.0672855330178072e-5,3.531025922182432e-6
tocopherol alpha-,3842,2971,1540,4.921264381184692e-5,3.815770539826601e-5,1.9702101160003424e-5
threose,489,417,471,6.2636602873485535e-6,5.355692746912462e-6,6.025772497637411e-6
threonine,3872,11136,14349,4.959691744910757e-5,1.4302396745711555e-4,1.83574967236941e-4
threonic acid,19964,15278,15985,2.5572129647571885e-4,1.9622128006553622e-4,2.0450525132639918e-4
tartaric acid,524,389,436,6.711979530819309e-6,4.996077886208508e-6,5.577997471273697e-6
sucrose,2264622,2052946,1355518,0.0290078177653494,0.026366781779383577,0.017341917376756832
succinic acid,12703,9023,10871,1.6271426713740017e-4,1.1588588886184927e-4,1.3907892318856962e-4
succinate semialdehyde,520,677,711,6.660743045851223e-6,8.6949735963063245e-006,9.096229821274308e-6
stigmasterol,1370,1498,853,1.754849610156957e-5,1.9239395047661555e-5,1.0912917071092807e-5
squalene,7699,5934,4494,9.861742444232416e-5,7.621266369347375e-5,5.7494313385100905e-5
spermidine,847,886,893,1.084932569199228e-5,1.1379241663703697e-5,1.1424659958365622e-5
sorbitol,1361276,5850810,891566,0.017436749327854172,0.07514422225554654,0.011406313975856891
shikimic acid,21075,19900,19958,2.699522301756049e-4,2.5558341885745326e-4,2.5533411360477166e-4
serine,14576,94436,102599,1.867057512237066e-4,0.0012128781780513795,0.0013126077122825918
salicylic acid,936,1374,1180,1.1989337482532202e-5,1.764681495025833e-5,1.5096415174548079e-5
saccharopine,146,103,86,1.870131701335151e-6,1.3228689518752605e-6,1.100247207636555e-6
saccharic acid,3494,2641,2078,4.475506961962341e-5,3.3919387397112265e-5,2.6585042993822804e-5
ribulose MassBank,14903,12470,14169,1.9089433386984764e-4,1.6015704689208252e-4,1.8127212424421331e-4
ribose,76231,58737,70664,9.764521214005472e-4,7.543820740417202e-4,9.040449846561572e-4
ribonic acid,4016,2866,3342,5.144143090795868e-5,3.680914967062618e-5,4.27561182316438e-5
ribitol,11859,22487,25704,1.5190336880913395e-4,2.8880926330892214e-4,3.2884597936151173e-4
resveratrol,79,99,59,1.0119205781197051e-6,1.2714954003461242e-6,7.548207587274039e-7
raffinose,3973,3170,3015,5.089063869455175e-5,4.071353958684054e-5,3.857262012818852e-5
quinic acid,1231113,1304448,1969172,0.015769475679628917,0.016753531636269706,0.025192744120419653
pyrophosphate,65564,57182,70972,8.39817225111903e-4,7.344106058847684e-4,9.079854048881579e-4
putrescine,23398,16000,16394,2.99707818820821e-4,2.0549420611654532e-4,2.0973782234876373e-4
propyleneglycol,111676,36604,83394,0.0014304714238240024,4.7011937004312653e-4,0.0010669071585307308
proline,5851,29657,33787,7.494616838706828e-5,3.80896354424899e-4,4.3225642330716607e-4
pipecolinic acid,1452,3897,1289,1.8598844043415337e-5,5.005068257726107e-5,1.6490914542366502e-5
pinitol,1611,1135,1251,2.063549432089677e-5,1.4577245246392433e-5,1.6004758799457327e-5
phosphate,106666,55140,87974,0.0013662977264014742,7.081844078291443e-4,0.0011255017191234683
phenylethylamine,3268,2627,1477,4.186020821892653e-5,3.373957996676028e-5,1.889610611254874e-5
phenylalanine,9239,7224,9327,1.183434711550374e-4,9.278063406162021e-5,1.1932564773983893e-4
pentono-gamma-lactone,2891,2043,2381,3.70311695106844e-5,2.623904144350638e-5,3.0461495364914387e-5
pentitol,1876,2194,2631,2.402991145003249e-5,2.8178393013731277e-5,3.3659888410369485e-5
palmitoleic acid,204,149,159,2.613060733372403e-6,1.9136647944603285e-6,2.0341779769094445e-6
oxoproline,187395,149210,189814,0.0024003652751486346,0.001916361905915608,0.0024283991101200584
oleic acid,2026,2324,1206,2.5951279636335727e-5,2.9848033438428207e-5,1.542904805127541e-5
oleamide NIST,1337,1840,1729,1.7125795100582856e-5,2.3631833703402712e-5,2.2120086302367483e-5
nicotinic acid MassBank,221544,521709,498047,0.0028377839564424296,0.006700511048678547,0.006371800244439107
N-acetylmannosamine,649,413,229,8.313119686072007e-6,5.304319195383326e-6,2.929728029636873e-6
N-acetyl-D-galactosamine,2521,1696,1885,3.229179465113641e-5,2.1782385848353803e-5,2.4115883562731466e-5
myristic acid,34424,26309,30692,4.4094118963535097e-4,3.378966917950119e-4,3.9266031740443186e-4
mucic acid,28898,21591,23911,3.701579856519397e-4,2.7730158776639565e-4,3.059071044395077e-4
montanic acid,1640,2188,1673,2.1006958836915395e-5,2.8101332686437573e-5,2.140364626018554e-5
methylmalonic acid,14372,17963,31993,1.840926904903342e-4,2.3070577652946898e-4,4.093047548129802e-4
methionine sulfoxide,1168,876,1052,1.4961053610681208e-5,1.1250807784880856e-5,1.3458837935275066e-5
methionine,140,506,631,1.7932769738830215e-6,6.498754268435746e-6,8.072744046728677e-6
melezitose,255,167,181,3.2663259167155035e-6,2.1448457763414418e-6,2.3156365649094936e-6
mannoheptulose,2883,2951,7790,3.6928696540748226e-5,3.7900837640620324e-5,9.966192729638096e-5
mannitol,1599339,3044558,3602666,0.020486127158093555,0.03910243932411106,0.046090967517990196
maltose,12900,9920,3742,1.6523766402207842e-4,1.274064077922581e-4,4.787354710437196e-5
malonic acid,236,164,85,3.0229526131170935e-6,2.1063156126945894e-6,1.0874536354547345e-6
malic acid,2079020,1541729,1833298,0.02663041924458771,0.019801023556365958,0.023454430293786986
maleic acid,5788,4628,8574,7.413919374882092e-5,5.9439199119210735e-5,1.0969208788692816e-4
lyxose,1007249,722759,862251,0.012901974561904997,0.00928267418241176,0.011031270407346826
lysine,45217,35173,41757,5.791900352004899e-4,4.5174048198357806e-4,5.342211935962746e-4
loganin,410,245,407,5.251739709228849e-6,3.1466300311596003e-6,5.206983878000905e-6
linolenic acid,1479,907,718,1.894469031694992e-5,1.1648952809231663e-5,9.185784826547051e-6
linoleic acid,7400,6221,3231,9.478749719095971e-5,7.989871601568927e-5,4.133603171946173e-5
lignoceric acid,4937,1892,3586,6.323863157186056e-5,2.4299689873281486e-5,4.587774984400797e-5
levoglucosan,2130,1838,2139,2.728342824550597e-5,2.3606146927638144e-5,2.7365450896913847e-5
leucrose,8782,6998,6852,1.1248970274743354e-4,8.987802840022401e-5,8.766155658983341e-5
leucine,29210,44049,48873,3.7415443147945045e-4,5.657383928267315e-4,6.252602532421087e-4
lauric acid,4805,2166,3941,6.15478275679137e-5,2.7818778153027322e-5,5.041946796855422e-5
lactic acid,35522,46834,29162,4.5500560475909065e-4,6.015072280788927e-4,3.730861519662467e-4
kojic acid,11482,7607,8031,1.4707433010089182e-4,9.769965162053501e-5,1.0274517819219968e-4
itaconic acid,10975,9713,10382,1.4058010563118686e-4,1.247478265006253e-4,1.3282286639165945e-4
isothreonic acid,3699,2676,2899,4.7380939474237835e-5,3.4368905972992204e-5,3.7088565755097353e-5
isomaltose,12551,9786,10873,1.6076728070861288e-4,1.2568539381603203e-4,1.3910451033293328e-4
isoleucine,15091,17748,18999,1.933024486633477e-4,2.279444481347779e-4,2.430650778824059e-4
isocitric acid,19766,14477,18323,2.531850904697986e-4,1.8593372637182667e-4,2.344166230874953e-4
indole-3-propionic acid,2338,2018,911,2.994772546384646e-5,2.591795674644928e-5,1.165494425763839e-5
homoserine,2454,1319,1423,3.1433583527920965e-5,1.6940428616732706e-5,1.8205253214730436e-5
histidine,5229,4605,5143,6.697889497453085e-5,5.91438011979182e-5,6.579734173110234e-5
hexadecylglycerol NIST,4849,3771,4012,6.211142890256265e-5,4.843241570409327e-5,5.132781159346347e-5
heptadecanoic acid,2836,3120,4903,3.632666784237321e-5,4.007137019272634e-5,6.272688440746544e-5
guanosine,299,311,359,3.829927251364453e-6,3.9942936313903495e-6,4.592892413273526e-6
guanine,522,439,517,6.686361288335266e-6,5.638247280322712e-6,6.614276818001149e-6
glycolic acid,5404,4066,4517,6.922049119188463e-5,5.222121512936708e-5,5.7788565545282774e-5
glycine,7947,6944,10524,1.0179408651034551e-4,8.918448545458067e-5,1.3463955364147794e-4
glycerol-alpha-phosphate,1246,730,1075,1.596016506755889e-5,9.37567315406738e-6,1.3753090095456935e-5
glycerol-3-galactoside,22978,4667,18912,2.943279878991719e-4,5.994009124661981e-5,2.419520371025875e-4
glycerol,686620,492962,590833,0.00879499882719686,0.006331302177226526,0.007558864632901495
glyceric acid,13899,11123,12519,1.7803397614285797e-4,1.4285700341464585e-4,1.6016273014420965e-4
glutaric acid,1851,1354,1522,2.370968341898195e-5,1.738994719261265e-5,1.947181686073066e-5
glutamine,4192,3362,4504,5.369583624655447e-5,4.3179470060239086e-5,5.7622249106919105e-5
glutamic acid,5481,10912,14796,7.020679352752029e-5,1.401470485714839e-4,1.892936940022147e-4
glucose,3951151,1356337,1636728,0.05061077220453482,0.017419962190093546,0.02093959781000655
gluconic acid lactone,4316710,3944038,4686331,0.055293261756646984,0.05065480985646795,0.059954913916402605
gluconic acid,62653,44344,48588,8.025298731763782e-4,5.695271922520053e-4,6.216140851702899e-4
glucoheptulose,9613,5994,9833,1.2313408249955347e-4,7.698326696641079e-5,1.2579919526384004e-4
galacturonic acid,1858309,1444013,1649717,0.023803305286139886,0.018546019066060685,0.021105773519076214
galactonic acid,55241,40415,44144,7.075886665305143e-4,5.190655212625112e-4,5.6475945039428e-4
galactinol,6405,5108,5656,8.204242155514824e-5,6.560402530270709e-5,7.236044426037621e-5
fumaric acid,2472,2101,2008,3.166414771027735e-5,2.6983957940678857e-5,2.5689492941095373e-5
fucose,61005,40892,48669,7.814204413695267e-4,5.251918172823607e-4,6.226503645170174e-4
fructose,6077874,6269181,7785972,0.07785222495973068,0.08051752328724561,0.09961039478763259
flavin adenine,2088,1843,601,2.6745445153341064e-5,2.3670363867049564e-5,7.688936881274063e-6
ethanolamine,216119,155018,105251,0.0027682944737044625,0.001990956302735914,0.0013465362657087796
ethanol phosphate NIST,224,221,340,2.8692431582128344e-6,2.8383887219847824e-6,4.349814541818938e-6
erythrose major,1108,1011,635,1.4192506336159914e-5,1.2984665148989208e-5,8.123918335455958e-6
erythronic acid lactone,962,917,1054,1.2322374634824763e-5,1.1777386688054504e-5,1.3484425079638708e-5
erythritol,5668,5001,5055,7.260209919977834e-5,6.42297827993027e-5,6.467150737910216e-5
dihydroxyacetone,3956,2885,3514,5.067288363343738e-5,3.7053174040389575e-5,4.49566126469169e-5
digitoxose,19659,11864,12826,2.518145144969023e-4,1.5237395383541836e-4,1.6409035680402853e-4
digalacturonic acid,232040,178510,217382,0.0029722284929986882,0.0022926731708665317,0.0027810923080284836
dehydroascorbic acid,41356,31811,36153,5.297340180850446e-4,4.0856101192333894e-4,4.625260150893531e-4
dehydroabietic acid,577,818,865,7.3908629566464536e-6,1.0505891287708379e-5,1.1066439937274651e-5
conduritol-beta-epoxide,630,516,345,8.069746382473596e-6,6.627188147258587e-6,4.4137824027280395e-6
citric acid,1474752,1058423,1234245,0.018890277169913813,0.013593737132530766,0.015790402497550926
citramalic acid,3521,2568,2982,4.510091589315799e-5,3.298182008170552e-5,3.8150432246188446e-5
cis-p-coumaric acid HMDB,212,135,471,2.7155337033085754e-6,1.7338573641083511e-6,6.025772497637411e-6
cinnamic acid,218,222,333,2.792388430760705e-6,2.8512321098670664e-6,4.260259536546195e-6
chlorogenic acid,975,466,727,1.2488893210971043e-5,5.985018753144383e-6,9.300926976183434e-6
cerotinic acid,509,858,1250,6.5198427121889855e-6,1.1019626802999743e-5,1.5991965227275507e-5
cellobiose,13939,21102,22085,1.7854634099253883e-4,2.710211710919587e-4,2.8254604163550364e-4
catechin,13278,11136,11268,1.7007951185156258e-4,1.4302396745711555e-4,1.4415797134475234e-4
caproic acid HMDB,16553,5374,10466,2.1202938391918325e-4,6.902036647939466e-5,1.3389752645493236e-4
campesterol HMDB,2142,1239,1039,2.743713770041023e-5,1.5912957586149978e-5,1.3292521496911402e-5
beta-sitosterol,14114,12744,8139,1.807879372098926e-4,1.6367613517182834e-4,1.0412688398783629e-4
beta-mannosylglycerate,675,743,558,8.646156838364568e-6,9.542637196537074e-6,7.138813277455787e-6
beta-gentiobiose,4150,3348,3467,5.315785315438957e-5,4.299966262988711e-5,4.435531475437135e-5
beta-alanine,2820,1333,2338,3.612172190250086e-5,1.7120236047084682e-5,2.991137176109611e-5
benzoic acid,24007,12104,15701,3.0750857365721213e-4,1.5545636692716654e-4,2.008718768267622e-4
aspartic acid,40247,58485,77680,5.155287026276426e-4,7.511455402953845e-4,9.938046870838092e-4
asparagine,496218,436783,506205,0.006356116524473466,0.0056097734893876885,0.006476170206298398
arbutin,592,436,480,7.582999775276777e-6,5.59971711667586e-6,6.140914647273794e-6
arachidic acid,9409,8019,8169,1.2052102176618107e-4,1.0299112742803606e-4,1.0451069115329089e-4
arabitol,286028,183015,277038,0.0036637673306129494,0.002350532633276221,0.0035443056501071614
alpha-ketoglutarate,825,862,833,1.0567525024667805e-5,1.1071000354528879e-5,1.0657045627456398e-5
alanine,237584,283828,337101,0.0030432422611644558,0.0036453130958529266,0.004312725976063841
adipic acid,2755,2746,2585,3.528912902176946e-5,3.526794312475209e-5,3.307138409000575e-5
adenosine,7816,6793,332,1.0011609162764068e-4,8.724513388435577e-5,4.247465964364374e-6
adenine,12939,12012,9361,1.6573721975051726e-4,1.542747752419964e-4,1.1976062919402081e-4
aconitic acid,687,716,774,8.799866293268828e-6,9.195865723715403e-6,9.902224868728994e-6
6-deoxyhexitol NIST,902,677,895,1.1553827360303467e-5,8.6949735963063245e-006,1.1450247102729263e-5
6-deoxyglucose,220290,173238,213606,0.0028217213184049345,0.00222496282995113,0.0027327837794699295
6-deoxyglucitol,11912,8771,8362,1.525822522349611e-4,1.126493551155137e-4,1.0697985058438223e-4
5-methyluridine NIST,1794,1644,323,2.297956350818672e-5,2.1114529678475032e-5,4.132323814727991e-6
5-hydroxynorvaline NIST,981,1392,1659,1.2565747938423173e-5,1.7877995932139443e-5,2.1224536249640052e-5
5-Hydroxymethyl-2-furancarboxaldehyde HMDB,26917,17511,19319,3.447831164714949e-4,2.2490056520667656e-4,2.471590209805884e-4
5'-deoxy-5'-methylthioadenosine,122,108,218,1.562712791526633e-6,1.3870858912866808e-6,2.7889987356368486e-6
4-hydroxymandelic acid,1167,238,1001,1.4948244489439187e-5,3.0567263159836117e-6,1.2806365754002227e-5
4-hydroxybutyric acid,305,177,194,3.906781978816583e-6,2.2732796551642828e-6,2.481953003273159e-6
4-hydroxybenzoic acid,1837,1379,1465,2.3530355721593647e-5,1.771103188966975e-5,1.8742583246366894e-5
4-aminobutyric acid,28249,20937,24729,3.618448659658677e-4,2.6890201209138183e-4,3.163722464842368e-4
3-phenyllactic acid,601,455,432,7.69828186645497e-6,5.843741486439257e-6,5.526823182546415e-6
3-hydroxybutyric acid,21114,14144,17561,2.7045178590404367e-4,1.8165687820702607e-4,2.2466792108494815e-4
3-hydroxy-3-methylglutaric acid,252,161,215,3.227898552989439e-6,2.0677854490477375e-6,2.750618019091387e-6
3-dehydroshikimic acid,1340,1148,1225,1.716422246430892e-5,1.4744209288862126e-5,1.567212592273e-5
"3,6-anhydro-D-galactose",118387,94027,106993,0.001516433436479209,0.0012076252324075254,0.0013688226684495106
"3,4-dihydroxycinnamic acid",1792,1534,1949,2.2953945265702676e-5,1.970175701142378e-5,2.493467218236797e-5
"3,4-dihydroxybenzoic acid",25505,19398,22153,3.266966372777605e-4,2.491360381405466e-4,2.8341600454386744e-4
3-(4-hydroxyphenyl)propionic acid,1392,540,1164,1.7830296768894043e-5,6.9354294564334046e-6,1.4891718019638953e-5
2-monoolein,13060,9831,9876,1.6728712342080186e-4,1.2626334627073482e-4,1.2634931886765832e-4
2-isopropylmalic acid,324,285,384,4.150155282414993e-6,3.6603655464509636e-6,4.912731717819036e-6
2-hydroxyglutaric acid,355,414,365,4.547238040917662e-6,5.31716258326561e-6,4.669653846364448e-6
2-deoxytetronic acid,595,398,533,7.621427139002842e-6,5.111668377149065e-6,6.818973972910276e-6
2-deoxyerythritol,8730,9141,10783,1.1182362844284842e-4,1.1740140863195879e-4,1.3795308883656943e-4
"2,3-dihydroxypyridine",899,709,1032,1.1515399996577402e-5,9.105962008539415e-6,1.3202966491638659e-5
"2,3-dihydroxybutanoic acid NIST",303,193,229,3.881163736332539e-6,2.478773861280828e-6,2.929728029636873e-6
1-monostearin,2306,1982,4326,2.953783358410177e-5,2.545559478268705e-5,5.534499325855507e-5
1-monopalmitin,1240,1544,1087,1.5883310340106762e-5,1.9830190890246625e-5,1.3906612961638781e-5
1-methylinosine NIST,1196,1057,864,1.5319709005457812e-5,1.3575460991574276e-5,1.105364636509283e-5
1-methyladenosine,6928,5484,2049,8.874159196472553e-5,7.04331391464459e-5,2.621402940055001e-5
1-kestose,3179,3143,3599,4.0720196428386614e-5,4.036676811401887e-5,4.604406628237164e-5
1-deoxyerythritol,8730,9141,10783,1.1182362844284842e-4,1.1740140863195879e-4,1.3795308883656943e-4
519282,13000,12110,10987,1.6651857614628058e-4,1.5553342725446024e-4,1.405629775616608e-4
519270,4343,3459,3646,5.563001355409973e-5,4.442527868482064e-5,4.6645364174917197e-5
519264,4501,3592,4502,5.7653854710339144e-5,4.613344927316443e-5,5.7596661962555465e-5
519261,6183,4562,4615,7.919879663941944e-5,5.8591535518979986e-5,5.904233561910117e-5
519249,1428,1099,1160,1.829142513360682e-5,1.4114883282630206e-5,1.484054373091167e-5
519244,20473,19996,19840,2.6224113918790786e-4,2.568163840941525e-4,2.5382447208731687e-4
513995,1174,1617,1364,1.5037908338133337e-5,2.0767758205653362e-5,1.7450432456003032e-5
513551,1853,1391,978,2.373530166146599e-5,1.786515254425716e-5,1.2512113593820356e-5
511927,41,110,91,5.251739709228848e-7,1.412772667051249e-6,1.164215068545657e-6
509528,630,516,345,8.069746382473596e-6,6.627188147258587e-6,4.4137824027280395e-6
486482,115,131,208,1.473048942832482e-6,1.6824838125792148e-6,2.6610630138186444e-6
486432,24818,1610,3240,3.1789677098449166e-4,2.0677854490477374e-5,4.1451173869098115e-5
480022,3828,614,2246,4.903331611445862e-5,7.885840159722427e-6,2.873436312036863e-5
475884,791,602,555,1.0132014902439072e-5,7.731719505135018e-6,7.100432560910325e-6
475793,3240,3518,3621,4.150155282414993e-5,4.51830385698754e-5,4.632552487037169e-5
474908,809,1939,1827,1.0362579084795461e-5,2.4903329103748836e-5,2.337385637618588e-5
474901,6846,9606,9601,8.769124402287975e-5,1.233735839972209e-4,1.228310865176577e-4
472871,188243,173733,261877,0.002411227409961869,0.0022313203069528604,0.0033503423022585824
425117,3223,2383,2646,4.128379776303556e-5,3.0605793323482965e-5,3.3851791993096795e-5
418204,38276,48995,46852,4.902819246596182e-4,6.292617892925086e-4,5.994044438626496e-4
417918,1594,2037,1133,2.0417739259782402e-5,2.6161981116212676e-5,1.449511728200252e-5
414322,139,142,132,1.780467852641e-6,1.8237610792843398e-6,1.6887515280002935e-6
408463,128925,152795,136018,0.0016514159561276326,0.0019624054514735963,0.001740156101026848
408457,1113,798,880,1.4256551942370022e-5,1.0249023530062697e-5,1.1258343520001957e-5
406896,3033,3715,4577,3.885006472705146e-5,4.771318598268536e-5,5.8556179876192e-5
404202,3848,3085,2320,4.928949853929905e-5,3.96218516168464e-5,2.968108746182334e-5
403831,992,898,843,1.270664827208541e-5,1.1533362318291107e-5,1.0784981349274602e-5
403585,3143,2121,2238,4.025906806367383e-5,2.724082569832454e-5,2.8632014542914066e-5
403523,4039,3161,3517,5.173604069652517e-5,4.0597949095899987e-005,4.4994993363462366e-5
402069,283,464,553,3.624981311492108e-6,5.959331977379814e-6,7.074845416546684e-6
401267,37469,44193,42145,4.7994496381730667e-4,5.675878406817804e-4,5.39185099602821e-4
401125,513,697,850,6.5710791971570716e-6,8.951841353952006e-6,1.0874536354547345e-5
401121,80,176,214,1.0247296993617266e-6,2.2604362672819984e-6,2.7378244469095667e-6
399830,408,378,347,5.226121466744806e-6,4.8548006195033835e-6,4.439369547091681e-6
395982,10003,6349,3254,1.2812963978394188e-4,8.154266966462163e-5,4.16302838796436e-5
395904,2982,1705,1644,3.819679954370836e-5,2.1897976339294362e-5,2.1032632666912746e-5
393358,17999,13052,15639,2.3055137323514647e-4,1.6763189863957184e-4,2.0007867535148932e-4
391872,4342,2898,3615,5.561720443285771e-5,3.7220138082859274e-5,4.624876343728077e-5
391843,2565,2300,1985,3.285539598578536e-5,2.953979212925339e-5,2.5395240780913504e-5
391842,3234,4887,6052,4.14246980966978e-5,6.276563658072231e-5,7.742669884437709e-5
390218,58091,42457,42022,7.440946620702757e-4,5.452917193181353e-4,5.376114902244571e-4
390208,6763,1204,4193,8.662808695979196e-5,1.5463439010270036e-5,5.364344815837296e-5
390198,351,218,224,4.496001555949575e-6,2.79985855833793e-6,2.865760168727771e-6
390194,998,1056,1592,1.2783502999537539e-5,1.356261760369199e-5,2.0367366913458085e-5
390185,3813,1655,1417,4.8841179295828295e-5,2.1255806945180156e-5,1.8128491781639513e-5
390140,206898,178425,210088,0.0026501815667317814,0.0022915814828965374,0.0026877759925342855
390135,2211,2343,5680,2.832096706610972e-5,3.0092057808191606e-5,7.26674899927399e-5
390126,18766,17646,16368,2.4037596922777703e-4,2.2663442257078492e-4,2.0940518947203639e-4
390122,184346,129947,147130,0.0023613102644817105,0.0016689597251391697,0.0018823182751112363
390121,14928985,17569719,15921819,0.19122717888532156,0.22565471609973642,0.2036969406423796
389994,91447,16085,0,0.0011713557102191476,2.0658589408653947e-4,0
389988,18295,13730,15394,2.3434287312278486e-4,1.7633971562376047e-4,1.9694425016694332e-4
387768,172,83,1364,2.2031688536277123e-6,1.0660011942295789e-6,1.7450432456003032e-5
386842,573,2417,2357,7.339626471678367e-6,3.104246851148063e-5,3.0154449632550694e-5
386187,225,123,156,2.882052279454856e-6,1.5797367095209422e-6,1.9957972603639834e-6
385941,41180,32424,28150,5.274796127464488e-4,4.164340086951791e-4,3.601390569182444e-4
384976,1664,895,1061,2.1314377746723915e-5,1.1494832154644253e-5,1.357398008491145e-5
384941,838,580,665,1.0734043600814087e-5,7.449164971724768e-6,8.50772550091057e-6
384919,85,87,116,1.0887753055718344e-6,1.1173747457587152e-6,1.484054373091167e-6
384908,4143,3479,3536,5.3068189305695415e-5,4.4682146442466325e-5,4.5238071234916955e-5
384907,426,320,265,5.456685649101194e-6,4.109884122330906e-6,3.3902966281824073e-6
384906,14903,12470,14169,1.9089433386984764e-4,1.6015704689208252e-4,1.8127212424421331e-4
384897,1282,974,1132,1.642129343227167e-5,1.2509459797344696e-5,1.44823237098207e-5
384838,855,531,851,1.0951798661928454e-5,6.819838965492848e-6,1.0887329926729165e-5
382960,4553,5776,6053,5.831992901492426e-5,7.418340840807285e-5,7.743949241655892e-5
382944,505,397,750,6.4686062272208994e-6,5.098824989266781e-6,9.595179136365305e-6
382905,422,360,253,5.405449164133108e-6,4.6236196376222694e-6,3.2367737620005624e-6
382601,522,439,517,6.686361288335266e-6,5.638247280322712e-6,6.614276818001149e-6
381214,1359,1086,1172,1.740759576790733e-5,1.3947919240160513e-5,1.4994066597093516e-5
380761,378,643,1415,4.841847829484159e-6,8.258298408308664e-6,1.8102904637275873e-5
380017,14466,11606,14365,1.852967478870842e-4,1.4906035976178906e-4,1.8377966439185012e-4
379842,268,208,232,3.432844492861784e-6,2.671424679515089e-6,2.968108746182334e-6
379014,9970,7861,8456,1.2770693878295518e-4,1.0096187214263517e-4,1.0818244636947335e-4
378986,2098,2127,2359,2.687353636576128e-5,2.7317886025618244e-5,3.0180036776914338e-5
378843,230,257,315,2.946097885664964e-6,3.3007506857470093e-6,4.0299752372734275e-6
378828,5475,3909,4475,7.012993880006817e-5,5.020480323184848e-5,5.7251235513646316e-5
378287,11333,7708,8574,1.4516577103583058e-4,9.899683379664571e-5,1.0969208788692816e-4
377751,1362,1030,1299,1.7446023131633394e-5,1.3228689518752605e-5,1.661885026418471e-5
377697,3733,4784,4589,4.781644959646657e-5,6.144276762884706e-5,5.8709702742373844e-5
377474,3243,2335,2599,4.153998018787599e-5,2.998931070513333e-5,3.3250494100551234e-5
377073,526,406,509,6.737597773303352e-6,5.214415480207337e-6,6.511928240546586e-6
372460,1764,1685,1581,2.2595289870926073e-5,2.164110858164868e-5,2.0226637619458063e-5
372445,885,494,669,1.1336072299189101e-5,6.344633613848337e-6,8.558899789637852e-6
371546,60824,43666,31088,7.791019904247208e-4,5.608193752678168e-4,3.977265719884328e-4
371280,1419,1038,1528,1.8176143042428627e-5,1.3331436621810877e-5,1.9548578293821578e-5
371262,235,249,204,3.010143491875072e-6,3.1980035826887367e-6,2.609888725091363e-6
370223,3244,2506,2736,4.1552789309118016e-5,3.218553003300391e-5,3.500321348946063e-5
370160,5843,4473,4630,7.484369541713211e-5,5.74484739974567e-5,5.923423920182848e-5
362287,2081,1041,1906,2.6655781304646914e-5,1.336996678545773e-5,2.4384548578549695e-5
362282,2960,2399,2400,3.7914998876383886e-5,3.0811287529599516e-5,3.070457323636897e-5
362184,1019,552,1015,1.3052494545619993e-5,7.089550111020813e-6,1.2985475764547711e-5
362181,4776748,4463526,1915183,0.06118594427458411,0.05732679574065994,0.02450203195189535
362105,469,365,362,6.007477862508122e-6,4.68783657703369e-6,4.631273129818987e-6
362065,12412,9431,10595,1.589868128559719e-4,1.2112599111782119e-4,1.355478972663872e-4
362022,2019,1733,2146,2.5861615787641576e-5,2.2257591199998317e-5,2.745500590218659e-5
360846,1185,1221,1116,1.5178808671795576e-5,1.5681776604268863e-5,1.4277626554911573e-5
360154,28686,19929,18176,3.6744245194863113e-4,2.559558771060395e-4,2.325359679767677e-4
360146,220227,155018,179129,0.002820914343766687,0.001990956302735914,0.0022916997913573073
357409,7641,2985,1514,9.787449541028691e-5,3.8337512828617986e-5,1.9369468283276096e-5
357337,66539,63371,71541,8.523061183228741e-4,8.138983334882246e-4,9.152649474596136e-4
357024,382,322,246,4.893084314452245e-6,4.135570898095475e-6,3.14721875672782e-6
356925,3212,3584,3821,4.114289742937332e-5,4.603070217010615e-5,4.888423930673577e-5
351749,108,142,112,1.383385094138331e-6,1.8237610792843398e-6,1.4328800843638854e-6
350283,992,1609,2346,1.270664827208541e-5,2.066501110259509e-5,3.001372033855067e-5
348913,1419,1038,1528,1.8176143042428627e-5,1.3331436621810877e-5,1.9548578293821578e-5
347748,417,477,292,5.341403557923e-6,6.126296019849507e-6,3.7357230770915586e-6
347663,957,1329,1396,1.2258329028614655e-5,1.7068862495555546e-5,1.7859826765821287e-5
347660,866,716,153,1.109269899559069e-5,9.195865723715403e-6,1.957416543818522e-6
346561,686,378,471,8.787057172026806e-6,4.8548006195033835e-6,6.025772497637411e-6
346225,7592,2985,1514,9.724684846942785e-5,3.8337512828617986e-5,1.9369468283276096e-5
345140,17519,14403,16219,2.244029950389761e-4,1.8498331566853764e-4,2.0749894721694515e-4
342554,11164,7645,8574,1.4300102954592896e-4,9.818770036006182e-5,1.0969208788692816e-4
341252,501,785,834,6.4173697422528125e-6,1.0082059487593004e-5,1.0669839199638218e-5
334782,430,170,422,5.507922134069281e-6,2.183375939988294e-6,5.398887460728211e-6
330511,1926,1606,1596,2.467036751213357e-5,2.0626480938948238e-5,2.041854120218537e-5
330432,4097,3122,3106,5.2478969728562425e-5,4.0097056968490905e-5,3.973683519673418e-5
330287,1482,1208,188119,1.8983117680675986e-5,1.551481256179917e-5,0.0024067140052718727
330286,7232,2500,5837,9.263556482230008e-5,3.2108469705710204e-5,7.46760808252857e-5
329366,1142,1008,1056,1.4628016458388647e-5,1.2946134985342354e-5,1.3510012224002348e-5
329362,801,692,723,1.0260106114859287e-5,8.887624414540586e-6,9.249752687456153e-6
329361,5057,2801,4480,6.477572612090314e-5,3.5974329458277715e-5,5.731520337455542e-5
327365,486,427,425,6.225232923622489e-6,5.4841266257353034e-6,5.437268177273673e-6
324872,1113,670,242,1.4256551942370022e-5,8.605069881130335e-6,3.0960444680005383e-6
324726,39777,27055,32640,5.095084156438924e-4,3.4747785915519583e-4,4.1758219601461806e-4
324718,5578,4977,4840,7.144927828799639e-5,6.392154149012788e-5,6.192088936001076e-5
320865,1989,1959,2226,2.5477342150380927e-5,2.516019686139452e-5,2.8478491676732224e-5
318789,2733,2616,2429,3.5007328354444985e-5,3.359830270005516e-5,3.107558682964177e-5
253506,2366,1705,1644,3.0306380858623065e-5,2.1897976339294362e-5,2.1032632666912746e-5
250808,9870,6759,8130,1.2642602665875302e-4,8.680845869635812e-5,1.040117418381999e-4
250761,502,451,417,6.430178863494835e-6,5.792367934910121e-6,5.334919599819109e-6
232333,710,235,645,9.094476081835324e-6,3.0181961523367593e-6,8.251854057274161e-6
232329,559,213,356,7.160298774290065e-6,2.7356416189265097e-6,4.554511696728064e-6
232320,885,893,1085,1.1336072299189101e-5,1.1469145378879685e-5,1.388102581727514e-5
230854,13054,4505,2643,1.6721026869334974e-4,5.785946240968979e-5,3.381341127655133e-5
228439,281,222,190,3.5993630690080646e-6,2.8512321098670664e-6,2.430778714545877e-6
228300,9422,7101,8006,1.2068754034232735e-4,9.120089735209926e-5,1.0242533888765417e-4
228290,409,317,348,5.238930587986827e-6,4.071353958684054e-6,4.452163119273501e-6
227260,366,238,284,4.6881383745799e-6,3.0567263159836117e-6,3.633374499636995e-6
223095,2698,1672,2054,3.455900911097423e-5,2.1474144539178987e-5,2.6277997261459115e-5
217691,4889,7755,6803,6.262379375224351e-5,9.960047302711307e-5,8.703467155292423e-5
214730,2329,4304,1288,2.9832443372668266e-5,5.527794144535069e-5,1.6478120970184682e-5
213020,5843,2957,4630,7.484369541713211e-5,3.7977897967914035e-5,5.923423920182848e-5
213019,2599,1551,2147,3.3290906108014095e-5,1.9920094605422613e-5,2.746779947436841e-5
210804,12784,7024,9509,1.637518059580039e-4,9.021195648516339e-5,1.2165407787693023e-4
210803,4082,3508,5390,5.22868329099321e-5,4.505460469105256e-5,6.895735406001199e-5
210797,410,720,587,5.251739709228849e-6,9.247239275244539e-6,7.509826870728578e-6
210790,4908,7101,4504,6.286716705584193e-5,9.120089735209926e-5,5.7622249106919105e-5
210694,5468861,4898392,5722029,0.0700513036047634,0.06291194845547729,0.07320519103796963
210345,3194,2619,563,4.0912333247016933e-5,3.363683286370201e-5,7.202781138364888e-6
210305,5187,33852,39740,6.644091188236594e-5,4.3477436659108076e-4,5.08416558505543e-4
210297,6751,15159,15886,8.64743775048877e-5,1.946929169075444e-4,2.0323868768039896e-4
210289,4342,2898,3615,5.561720443285771e-5,3.7220138082859274e-5,4.624876343728077e-5
210283,22313,19900,20186,2.8580992227322756e-4,2.5558341885745326e-4,2.582510480622267e-4
210272,29952,17602,23667,3.8365879944103046e-4,2.2606931350396443e-4,3.0278547282714356e-4
210267,366,232,251,4.6881383745799e-6,2.979665988689907e-6,3.2111866176369217e-6
210261,2225,1978,1464,2.8500294763498022e-5,2.5404221231157914e-5,1.8729789674185074e-5
209679,1242,45715,47293,1.5908928582590805e-5,5.871354770386169e-4,6.050464091948325e-4
208616,6342,9809,9496,8.123544691690087e-5,1.2598079173732456e-4,1.2148776143856657e-4
208244,2546,2818,2789,3.261202268218695e-5,3.619266705227654e-5,3.568127281509711e-5
205795,2407,1872,2124,3.083155482954595e-5,2.4042822115635803e-5,2.717354731418654e-5
204855,1371,1161,1875,1.756130522281159e-5,1.491117333133182e-5,2.398794784091326e-5
204582,135,84,226,1.7292313676729137e-6,1.0788445821118629e-6,2.8913473130914115e-6
203815,2220,659,782,2.8436249157287914e-5,8.46379261442521e-6,1.0004573446183557e-5
196521,1254,930,1185,1.6062638037495064e-5,1.1944350730524197e-5,1.516038303545718e-5
196436,931,653,636,1.1925291876322094e-5,8.386732287131506e-6,8.136711907637778e-6
196278,1965,1542,1561,2.516992324057241e-5,1.9804504114482057e-5,1.9970766175821653e-5
190001,484,298,317,6.199614681138446e-6,3.827329588920657e-6,4.055562381637068e-6
189936,24529,18619,22668,3.141949349455474e-4,2.3913103898024732e-4,2.9000469421750494e-4
189286,1647,936,1604,2.1096622685609546e-5,1.2021411057817901e-5,2.052088977963993e-5
188945,3293,1240,2850,4.2180436249977074e-5,1.5925800974032262e-5,3.646168071818816e-5
187301,2336,2084,2068,2.9922107221362417e-5,2.676562034668003e-5,2.6457107272004597e-5
187055,936,974,943,1.1989337482532202e-5,1.2509459797344696e-5,1.2064338567456643e-5
171968,40306,5439,6653,5.16284440780922e-4,6.985518669174312e-5,8.511563572565116e-5
171596,519,672,702,6.6479339246092015e-6,8.630756656894903e-6,8.981087671637925e-6
171564,128767,94084,122684,0.001649392114971393,0.0012083573055168156,0.0015695666095544545
171297,132643,94482,112882,0.0016990402689054688,0.0012134689738939647,0.001444164015028251
170725,59155,46549,53971,7.577235670717867e-4,5.978468625324417e-4,6.904818842250291e-4
168874,8941,10367,10954,1.1452635302491497e-4,1.3314740217563908e-4,1.4014078967966072e-4
168871,188,145,74,2.4081147935000574e-6,1.862291242931192e-6,9.4672434145471e-7
168860,520,451,633,6.660743045851223e-6,5.792367934910121e-6,8.098331191092317e-6
168835,251,201,652,3.2150894317474175e-6,2.5815209643391007e-6,8.341409062546904e-6
168800,17836,13409,16387,2.2846348647269694e-4,1.7221698811354725e-4,2.0964826734349098e-4
168759,7232,2978,4399,9.263556482230008e-5,3.8247609113442e-5,5.6278924027827966e-5
167348,455552,464596,561391,0.005835220800045416,0.005966986636557655,0.00718219628072434
163872,2459,1620,2660,3.149762913413107e-5,2.0806288369300214e-5,3.403090200364228e-5
161846,103211,94377,41060,0.0013220422125102896,0.0012121204181663248,5.253040737855458e-4
160822,978,806,1037,1.2527320574697107e-5,1.0351770633120971e-5,1.326693435254776e-5
160463,524494,512299,1063504,0.006718307236712868,0.006579654768706253,0.013606015189654729
146868,618,325,348,7.916036927569338e-6,4.174101061742327e-6,4.452163119273501e-6
146430,3031,8223,9150,3.8824446484567416e-005,1.0561117855602201e-4,1.1706118546365672e-4
146262,422,377,301,5.405449164133108e-6,4.841957231621099e-6,3.850865226727942e-6
138111,588,556,600,7.53176329030869e-6,7.14092366254995e-6,7.676143309092243e-6
136141,3807,5623,3033,4.8764324568376166e-5,7.22183700620834e-5,3.880290442746129e-5
135888,2302,2083,2634,2.9486597099133682e-5,2.6752776958797745e-5,3.369826912691495e-5
135773,884,763,278,1.132326317794708e-5,9.799504954182755e-6,3.5566130665460725e-6
135765,662,814,833,8.479638262218288e-6,1.0454517736179243e-5,1.0657045627456398e-5
135618,1158,1738,1026,1.4832962398260993e-5,2.2321808139409736e-5,1.3126205058547736e-5
135617,767,1026,865,9.824595992630554e-6,1.317731596722347e-5,1.1066439937274651e-5
135613,6648,5512,5657,8.515503801695949e-5,7.079275400714986e-5,7.237323783255803e-5
135609,102611,381779,388450,0.0013143567397650767,0.004903335782310535,0.004969663114028137
135193,2150,1563,1614,2.75396106703464e-5,2.007421526001002e-5,2.0648825501458134e-5
135163,267,312,158,3.4200353716197625e-6,4.0071370192726335e-6,2.021384404727624e-6
135128,104,70,75,1.3321486091702447e-6,8.990371517598857e-7,9.595179136365304e-7
134941,1198,841,759,1.5345327247941855e-5,1.0801289209000913e-5,9.710321286001688e-6
134750,525,349,356,6.724788652061331e-6,4.482342370917145e-6,4.554511696728064e-6
134464,17907,12928,15022,2.2937293408088047e-4,1.6603931854216862e-4,1.9218504131530612e-4
134365,1989,5704,2417,2.5477342150380927e-5,7.325868448054841e-5,3.092206396345992e-5
134132,588,556,600,7.53176329030869e-6,7.14092366254995e-6,7.676143309092243e-6
133780,270,450,407,3.4584627353458275e-6,5.779524547027837e-6,5.206983878000905e-6
133675,1857,1586,1590,2.3786538146434077e-5,2.0369613181302555e-5,2.0341779769094445e-5
133610,180,343,186,2.305641823563885e-6,4.40528204362344e-6,2.3796044258185954e-6
133584,428,1206,1748,5.482303891585238e-6,1.5489125786034604e-5,2.236316417382207e-5
133018,6676,3912,6078,8.551369341173609e-5,5.0243333395495334e-5,7.775933172110443e-5
133012,334,542,356,4.278246494835209e-6,6.9611162321979725e-6,4.554511696728064e-6
133010,11555,15473,16348,1.4800939595155938e-4,1.9872574070258162e-4,2.091493180284e-4
132978,1803,1597,1637,2.3094845599364912e-5,2.051089044800768e-5,2.0943077661640003e-5
131663,9574,6987,5252,1.2263452677111462e-4,8.973675113351888e-5,6.719184109892076e-5
131662,8677,8593,5386,1.1114474501702128e-4,1.1036323207246712e-4,6.89061797712847e-5
131597,401,331,180,5.136457618050654e-6,4.251161389036032e-6,2.302842992727673e-6
131464,25362,19207,21750,3.2486493294015136e-4,2.466829510550304e-4,2.782601949545938e-4
131450,12939,9695,9361,1.6573721975051726e-4,1.2451664551874417e-4,1.1976062919402081e-4
131202,1764,1732,1936,2.2595289870926073e-5,2.2244747812116033e-5,2.4768355744004307e-5
131168,4283,4086,4522,5.486146627957844e-5,5.247808288701276e-5,5.785253340619187e-5
131166,3149,2662,2655,4.033592279112596e-5,3.418909854264023e-5,3.396693414273318e-5
130638,588,556,600,7.53176329030869e-6,7.14092366254995e-6,7.676143309092243e-6
130597,4511,4166,4371,5.778194592275936e-5,5.350555391759549e-5,5.5920704006736994e-5
130558,470,363,479,6.020286983750144e-6,4.662149801269122e-6,6.128121075091974e-6
128297,23335,257,21375,2.989008441825736e-4,3.3007506857470093e-6,2.7346260538641117e-4
128051,1802,1119,1365,2.308203647812289e-5,1.4371751040275888e-5,1.7463226028184852e-5
128047,2180,2179,4298,2.792388430760705e-5,2.7985742195497017e-5,5.49867732374641e-5
127640,10478,7833,8905,1.3421397237390215e-4,1.0060225728193122e-4,1.1392676027911071e-4
127380,5468861,4898392,5722029,0.0700513036047634,0.06291194845547729,0.07320519103796963
127358,4266,1161,3595,5.464371121846407e-5,1.491117333133182e-5,4.5992891993644356e-5
127344,378,271,316,4.841847829484159e-6,3.4805581160989863e-6,4.042768809455248e-6
127277,125509,23909,20198,0.0016076599979648867,3.070725608775301e-4,0.00025840457092840855
126690,89,70,79,1.140011790539921e-6,8.990371517598857e-7,1.010692202363812e-6
126585,641,730,832,8.210646716135835e-6,9.37567315406738e-6,1.0644252055274578e-5
126582,591,583,623,7.570190654034756e-6,7.48769513537162e-6,7.970395469274112e-6
125960,14754,13829,8586,1.8898577480478643e-4,1.7761121102410657e-4,1.0984561075311001e-4
125884,948,856,952,1.214304693743646e-5,1.0993940027235175e-5,1.2179480717093026e-5
125816,2022,1953,1598,2.590004315136764e-5,2.508313653410081e-5,2.044412834654901e-5
125811,29796,22310,33614,3.8166057652727506e-4,2.865359836537579e-4,4.3004313531971113e-4
125810,4393,5796,6214,5.6270469616200814e-5,7.444027616571855e-5,7.9499257537832e-5
125802,8821,6771,486,1.1298925847587238e-4,8.696257935094553e-5,6.217676080364717e-6
125785,378,271,316,4.841847829484159e-6,3.4805581160989863e-6,4.042768809455248e-6
125241,191,140,142,2.4465421572261224e-6,1.7980743035197714e-6,1.8166872498184976e-6
125070,720,730,590,9.22256729425554e-6,9.37567315406738e-6,7.548207587274039e-6
124960,5185,3842,2667,6.641529363988191e-5,4.934429624373544e-5,3.4120457008915024e-5
124615,4567,17686,22200,5.849925671231257e-5,2.2714815808607628e-4,2.84017302436413e-4
124607,874,1139,910,1.1195171965526863e-5,1.462861879792157e-5,1.164215068545657e-5
124605,11636,14912,8896,1.4904693477216314e-4,1.9152060010062025e-4,1.1381161812947432e-4
124602,3983,1281,3042,5.1018729906971966e-5,1.645237987720591e-5,3.891804657709768e-5
124356,1712,661,796,2.192921556634095e-5,8.48947939018978e-6,1.0183683456729043e-5
123962,7093,9657,14748,9.085509696965909e-5,1.240285967792174e-4,1.8867960253748735e-4
121482,819,623,637,1.0490670297215676e-5,8.001430650662983e-6,8.149505479819598e-6
120954,1161,763,966,1.4871389761987058e-5,9.799504954182755e-6,1.2358590727638512e-5
120744,6151,4211,5637,7.878890475967475e-5,5.408350637229827e-5,7.211736638892163e-5
120466,524494,512299,951077,0.006718307236712868,0.006579654768706253,0.012167672249969206
119025,1122,746,851,1.4371834033548215e-5,9.581167360183926e-6,1.0887329926729165e-5
118964,487,816,685,6.2380420448645105e-6,1.048020451194381e-5,8.763596944546978e-6
117982,104835,6860,8807,0.0013428442254073327,8.81056408724688e-5,1.1267299020529231e-4
113563,386,398,139,4.944320799420331e-6,5.111668377149065e-6,1.7783065332730363e-6
111826,4295,6620,4647,5.50151757344827e-5,8.502322778072062e-5,5.945172992891942e-5
111821,22217,16624,19763,2.845802466339935e-4,2.1350848015509058e-4,2.528393670293167e-4
111776,538,525,557,6.891307228207611e-6,6.742778638199143e-6,7.126019705273966e-6
111399,30519,31419,36473,3.9092157118525666e-4,4.0352640387348356e-4,4.6661995818753565e-4
110889,15593,10795,27317,1.9973262752684255e-4,1.3864437218925668e-4,3.49482011290788e-4
110873,7584,12116,9951,9.714437549949168e-5,1.5561048758175395e-4,1.2730883678129486e-4
110842,440,7907,9391,5.636013346489497e-6,1.0155266798522024e-4,1.2014443635947543e-4
110801,4021,4598,3479,5.1505476514168783e-5,5.905389748274221e-5,4.4508837620553194e-5
110604,20648,19548,100533,2.6448273540526166e-4,2.5106254632288925e-4,0.0012861761921549508
110368,2078,1586,1590,2.661735394092085e-5,2.0369613181302555e-5,2.0341779769094445e-5
110134,564,345,562,7.224344380500173e-6,4.430968819388008e-6,7.189987566183068e-6
110022,133,145,437,1.7036131251888705e-6,1.862291242931192e-6,5.590791043455517e-6
109990,6580,5543,6091,8.428401777250201e-5,7.119089903150067e-5,7.792564815946808e-5
109714,4021,4386,3479,5.1505476514168783e-5,5.6331099251697986e-5,4.4508837620553194e-5
109532,476,498,509,6.097141711202273e-6,6.396007165377473e-6,6.511928240546586e-6
109395,4021,4598,3479,5.1505476514168783e-5,5.905389748274221e-5,4.4508837620553194e-5
108950,3569,2594,3177,4.571575371277503e-5,3.331574816664491e-5,4.064517882164343e-5
108834,914,1053,931,1.1707536815207727e-5,1.3524087440045138e-5,1.1910815701274798e-5
108829,374,328,337,4.790611344516072e-6,4.212631225389179e-6,4.3114338252734766e-6
108825,12356,22420,19042,1.5826950206641868e-4,2.8794875632080915e-4,2.4361520148622417e-4
108314,4293702,3960779,4658258,0.05499854949511055,0.050869821013005266,0.05959575996454236
107237,15709,7407,9483,2.0121848559091703e-4,9.51309740440782e-5,1.213214450002029e-4
106482,339,181,353,4.342292101045316e-6,2.324653206693419e-6,4.516130980182603e-6
106387,17956,13609,15468,2.3000058102173954e-4,1.7478566569000407e-4,1.9789097450839804e-4
106385,3862,2841,3380,4.946882623668735e-5,3.648806497356908e-5,4.324227397455297e-5
106384,14135,24199,14069,1.8105692875597506e-4,0.00031079714336339253,1.7999276702603128e-4
105630,52278,40059,49853,6.696352402904043e-4,5.144932751764181e-4,6.377979539802927e-4
105516,3411,2647,2687,4.369191255653562e-5,3.399644772440597e-5,3.437632845255143e-5
105081,689,597,394,8.82548453575287e-6,7.667502565723598e-6,5.04066743963724e-6
104922,15099,10925,12062,1.9340492163328387e-4,1.403140126139536e-4,1.5431606765711772e-4
104366,216,222,182,2.766770188276662e-6,2.8512321098670664e-6,2.328430137091314e-6
104365,1408,1131,976,1.8035242708766387e-5,1.4525871694863297e-5,1.2486526449456716e-5
104288,11766,9552,5907,1.5071212053362594e-4,1.2268004105157757e-4,7.557163087801313e-5
103129,71907,8471,27560,9.210654811500459e-4,1.0879633875082846e-4,3.5259084933097036e-4
102809,3653,2629,2712,4.679171989710484e-5,3.376526674252485e-5,3.469616775709694e-5
102715,3186,2776,2668,4.080986027708076e-5,3.5653244761220615e-5,3.413325058109684e-5
102679,806,1029,763,1.0324151721069396e-5,1.3215846130870321e-5,9.761495574728969e-6
102223,18976,16249,15792,2.4306588468860156e-4,2.0869220969923407e-4,2.0203609189530785e-4
100947,1000,1182,966,1.2809121242021582e-5,1.5180884476859785e-5,1.2358590727638512e-5
100916,802,705,611,1.0272915236101309e-5,9.054588457010278e-6,7.816872603092268e-6
100897,56470,44265,53243,7.233310765369588e-4,5.685125646093049e-4,6.811681636766638e-4
100896,168,202,161,2.151932368659626e-6,2.5943643522213847e-6,2.0597651212730853e-6
100879,16207,12586,12901,2.0759742796944378e-4,1.6164687988642746e-4,1.6504987471766507e-4
100877,1483,595,1377,1.8995926801918007e-5,7.641815789959028e-6,1.7616748894366698e-5
100876,65870,49213,49436,8.437368162119616e-4,6.320616478508466e-4,6.324630343804736e-4
100865,375334,276127,319098,0.0048076987122529285,0.0035464061657714567,0.004082403296074528
100343,2707,1040,2024,3.4674291202152426e-5,1.3357123397575445e-5,2.58941900960045e-5
100017,4735,2485,3789,6.065118908097219e-5,3.1915818887475944e-5,4.8474844996917513e-005
97828,323334,187486,315721,0.004141624407667807,0.0024079554204979137,0.00403919940281652
89252,1870,1800,1536,2.395305672258036e-5,2.311809818811135e-5,1.9650926871276145e-5
89241,56124,47875,52248,7.188991205872193e-4,6.148771948643505e-4,6.684385593557525e-4
89209,1487,1028,1329,1.9047163286886093e-5,1.3203002742988037e-5,1.700265742963932e-5
88847,15206,8610,24205,1.947754976061802e-4,1.1058156966646595e-4,3.0966841466096293e-4
87951,1009,712,805,1.2924403333199777e-5,9.144492172186267e-6,1.0298825606365427e-5
87822,11259,9239,6252,1.44217896063921e-4,1.1866006064442264e-4,7.998541328074117e-5
85117,533,417,374,6.8272616219975035e-6,5.355692746912462e-6,4.7847959960008316e-6
85067,1145,2594,3276,1.4666443822114712e-5,3.331574816664491e-5,4.1911742467643647e-005
84910,73250,55276,58275,9.382681309780809e-4,7.09931108581135e-4,7.455454188955841e-4
84326,29702,24724,25433,3.8045651913052507e-4,3.1753992200159165e-4,3.253789213002384e-4
84216,905,696,588,1.1592254724029533e-5,8.938997966069722e-6,7.522620442910399e-6
84181,7303,11606,14365,9.354501243048362e-5,1.4906035976178906e-4,1.8377966439185012e-4
84151,8060,5587,7075,1.0324151721069396e-4,7.175600809832116e-5,9.051452318637937e-5
84116,985,916,949,1.261698442339126e-5,1.176454330017222e-5,1.2141100000547564e-5
84105,5243,6953,6829,6.715822267191916e-5,8.930007594552122e-5,8.736730442965155e-5
84063,8626,13700,6581,1.1049147983367817e-4,1.7595441398729193e-4,8.41944985285601e-5
66305,556,408,452,7.121871410564e-6,5.240102255971905e-6,5.782694626182823e-6
62639,1009,712,805,1.2924403333199777e-5,9.144492172186267e-6,1.0298825606365427e-5
62566,4809,3210,3075,6.159906405288179e-5,4.122727510213191e-5,3.9340234459097746e-5
46351,530873,397506,449184,0.006800016621115724,0.005105323743535216,0.005746667926918817
43762,1104,1819,1658,1.4141269851191828e-5,2.3362122557874745e-5,2.1211742677458232e-5
42357,9742,6919,7382,1.2478645913977426e-4,8.886340075752357e-5,9.444214984619824e-5
42187,3379,886,1050,4.328202067679093e-5,1.1379241663703697e-5,1.3433250790911426e-5
42007,223,137,296,2.856434036970813e-6,1.7595441398729193e-6,3.78689736581884e-6
41805,418,264,348,5.354212679165022e-6,3.3906544009229976e-6,4.452163119273501e-6
41682,1423,1073,1129,1.8227379527396713e-5,1.3780955197690821e-5,1.4443942993275238e-5
37755,29633,20722,24500,3.7957268976482556e-4,2.661406836966908e-4,3.1344251845459993e-4
34444,5054,4105,4480,6.473729875717708e-5,5.272210725677616e-5,5.731520337455542e-5
34183,13040,7407,5525,1.6703094099596144e-4,9.51309740440782e-5,7.068448630455774e-5
34113,42300,32964,39038,5.418258285375129e-4,4.233694381516125e-4,4.99435470833905e-4
34078,426,341,410,5.456685649101194e-6,4.379595267858872e-6,5.245364594546367e-6
34033,76,119,129,9.734932143936404e-7,1.5283631579918058e-6,1.6503708114548323e-6
34029,230,514,312,2.946097885664964e-6,6.601501371494019e-6,3.991594520727967e-6
34012,2526,4266,6937,3.2355840257346515e-5,5.4789892705823895e-5,8.874901022528816e-5
33993,1024,5774,7267,1.31165401518301e-5,7.415772163230829e-5,9.297088904528888e-5
31601,1356,1154,1254,1.7369168404181265e-5,1.4821269616155832e-5,1.6043139516002787e-5
31362,7438,7511,6658,9.527424379815653e-5,9.646668638383575e-5,8.517960358656025e-5
26868,9762,19378,29876,1.2504264156461468e-4,2.4887917038290096e-4,3.8222076250406646e-4
26755,839,597,464,1.0746852722056108e-5,7.667502565723598e-6,5.936217492364668e-6
26641,9771,21900,24874,1.251579236557929e-4,2.8127019462202143e-4,3.182273144506008e-4
25326,16391,15404,14626,2.0995430627797576e-4,1.9783954693870402e-4,1.8711878673130524e-4
22885,821,562,554,1.0516288539699719e-5,7.2179839898436546e-6,7.087638988728504e-6
22803,2278,1354,498,2.9179178189325165e-5,1.738994719261265e-5,6.371198946546562e-6
22735,1098,1726,2532,1.4064415123739697e-5,2.2167687484822325e-5,3.2393324764369267e-5
21709,8351,22310,33614,1.0696897149212223e-4,2.865359836537579e-4,4.3004313531971113e-4
21704,28827,23248,4501,3.6924853804375617e-4,2.9858308148734036e-4,5.758386839037365e-5
20330,7124,8138,6320,9.125217972816176e-5,1.0451949058602786e-4,8.085537618910496e-5
20281,8108,9709,4370,1.03856355030311e-4,1.2469645294909616e-4,5.590791043455517e-5
18488,135,805,1033,1.7292313676729137e-6,1.0338927245238687e-5,1.3215760063820479e-5
18388,1603,962,1362,2.0533021350960596e-5,1.2355339142757288e-5,1.7424845311639392e-5
18382,8842,6151,7552,1.1325825002195483e-4,7.899967886392939e-5,9.66170571171077e-5
18361,4218,3058,3915,5.402887339884704e-5,3.9275080144024723e-5,5.008683509182689e-5
18321,2432,1218,1302,3.115178286059649e-5,1.564324644062201e-5,1.665723098073017e-5
18318,2852,2245,2154,3.6531613782245555e-5,2.8833405795727766e-5,2.7557354479641153e-5
18305,14046,8793,46107,1.7991691696543516e-4,1.1293190964892394e-4,5.898732325871934e-4
18226,1276,845,724,1.634443870481954e-5,1.085266276053005e-5,9.262546259637974e-6
18176,3055,2257,2808,3.913186539437593e-5,2.8987526450315174e-5,3.59243506865517e-5
18173,7150,5488,7143,9.158521688045432e-5,7.048451269797504e-5,9.138448609474316e-5
18164,13811,11497,13279,1.7690677347356008e-4,1.476604304826201e-4,1.6988584500239316e-4
18157,749,369,698,9.594031810274165e-6,4.739210128562826e-6,8.929913382910644e-6
18023,596,560,365,7.634236260244863e-6,7.192297214079086e-6,4.669653846364448e-6
17962,4295,6620,4647,5.50151757344827e-5,8.502322778072062e-5,5.945172992891942e-5
17948,1388,1050,1142,1.7779060283925957e-5,1.3485557276398286e-5,1.4610259431638904e-5
17872,3569,2594,2861,4.571575371277503e-5,3.331574816664491e-5,3.660241001218818e-5
17775,7676,1696,6033,9.832281465375767e-5,2.1782385848353803e-5,7.71836209729225e-5
17710,185,179,172,2.369687429773993e-6,2.2989664309288507e-6,2.20049441527311e-6
17702,548,416,494,7.019398440627827e-6,5.342849359030178e-6,6.32002465781928e-6
17663,7600,6250,7577,9.734932143936402e-5,8.027117426427551e-5,9.693689642165321e-5
17504,2118,1418,1743,2.7129718790601713e-5,1.821192401707883e-5,2.229919631291297e-5
17480,318,295,327,4.0733005549628636e-6,3.7887994252738042e-6,4.183498103455273e-6
17471,5625,4112,4715,7.20513069863714e-5,5.281201097195215e-5,6.032169283728321e-5
17425,12161,16041,11663,1.5577172342422447e-4,2.0602078501971897e-4,1.492114323565714e-4
17350,800,886,771,1.0247296993617266e-5,1.1379241663703697e-5,9.863844152183532e-6
17349,868,753,722,1.1118317238074734e-5,9.671071075359913e-6,9.236959115274333e-6
17334,1555,1284,1408,1.991818353134356e-5,1.649091004085276e-5,1.801334963200313e-5
17297,6709,6344,4047,8.59363944127228e-5,8.147845272521022e-5,5.177558661982718e-5
17289,2495,1929,1990,3.195875749884385e-5,2.4774895224925996e-5,2.5459208641822608e-5
17225,1114,1135,1038,1.4269361063612043e-5,1.4577245246392433e-5,1.327972792472958e-5
17191,923,770,832,1.182281890638592e-5,9.889408669358743e-6,1.0644252055274578e-5
17188,681,325,327,8.723011565816697e-6,4.174101061742327e-6,4.183498103455273e-6
17186,632,314,689,8.095364624957641e-6,4.032823795037202e-6,8.814771233274259e-6
17069,656,542,666,8.402783534766157e-6,6.9611162321979725e-6,8.52051907309239e-6
17045,1208,1384,1857,1.547341846036207e-5,1.777524882908117e-5,2.3757663541640493e-5
17011,8442,6197,7364,1.081346015251462e-4,7.959047470651446e-5,9.421186554692547e-5
17010,23112,17237,19452,2.9604441014560284e-4,2.2138147692693074e-4,2.4886056608077053e-4
16857,6208,5372,7215,7.951902467046998e-5,6.899467970363009e-5,9.230562329183422e-5
16852,18976,16249,15792,2.4306588468860156e-4,2.0869220969923407e-4,2.0203609189530785e-4
16817,650,526,652,8.325928807314028e-6,6.755622026081427e-6,8.341409062546904e-6
16810,742,647,497,9.504367961580014e-6,8.309671959837802e-6,6.358405374364742e-6
16794,67088,45161,109928,8.59338325884744e-4,5.800202401518315e-4,0.0014063718028031536
16793,3066,1158,4935,3.927276572803817e-5,1.4872643167684968e-5,6.31362787172837e-5
16747,36478,27056,30975,4.672511246664633e-4,3.474907025430781e-4,3.9628089833188706e-4
16688,519,425,366,6.6479339246092015e-6,5.4584398499707355e-6,4.682447418546269e-6
16594,8837,6622,5559,1.1319420441574472e-4,8.504891455648519e-5,7.111946775873964e-5
16549,90,66,103,1.1528209117819424e-6,8.476636002307494e-7,1.3177379347275018e-6
14835,1715,1360,1548,2.1967642930067016e-5,1.7467007519906353e-5,1.9804449737457987e-5
14816,46,95,58,5.892195771329928e-7,1.2201218488169879e-6,7.420271865455835e-7
14796,2098,2127,2359,2.687353636576128e-5,2.7317886025618244e-5,3.0180036776914338e-5
14778,6847,5774,7267,8.770405314412178e-5,7.415772163230829e-5,9.297088904528888e-5
14740,1898,1377,1526,2.4311712117356963e-5,1.768534511390518e-5,1.9522991149457938e-5
14739,119,100,123,1.5242854278005682e-6,1.2843387882284082e-6,1.57360937836391e-6
14729,430,170,422,5.507922134069281e-6,2.183375939988294e-6,5.398887460728211e-6
14719,1022,1111,998,1.3090921909346057e-5,1.4269003937217616e-5,1.2767985037456765e-5
14712,15424,15276,18238,1.975678860369409e-4,1.9619559328977164e-4,2.3332916945204056e-4
14709,6946,5826,6222,8.897215614708192e-5,7.482557780218707e-5,7.960160611528657e-5
14703,16935,6507,16062,2.169224682336355e-4,8.357192495002253e-5,2.0549035638439935e-4
14702,19593,15756,16767,2.509691124949289e-4,2.02360419473268e-4,2.1450982477258274e-4
14696,4988,4080,4492,6.389189675520365e-5,5.2401022559719055e-5,5.746872624073726e-5
14694,2994,1978,1819,3.835050899861262e-5,2.5404221231157914e-5,2.327150779873132e-5
14689,70189,82578,64992,8.990594108562529e-4,0.001060581284543255,8.314798432408718e-4
13146,102,93,112,1.3065303666862014e-6,1.1944350730524197e-6,1.4328800843638854e-6
13139,4604,3833,4495,5.8973194198267364e-5,4.9228705752794886e-5,5.750710695728272e-5
10176,4735,2485,3789,6.065118908097219e-5,3.1915818887475944e-5,4.8474844996917513e-005
6485,11368,9431,10087,1.4561409027930136e-4,1.2112599111782119e-4,1.2904876259802242e-4
6435,2064,1616,1567,2.6438026243532548e-5,2.0754914817771078e-5,2.0047527608912576e-5
6422,12412,9431,10595,1.589868128559719e-4,1.2112599111782119e-4,1.355478972663872e-4
6404,23450,16028,15676,3.003738931254061e-4,2.0585382097724927e-4,2.0055203752221667e-4
5837,40901,52199,38037,5.239058679199248e-4,6.704120040673468e-4,4.8662910507990277e-4
5244,118097,147243,135553,0.0015127187913190228,0.0018910989619511551,0.0017342070899623015
4983,631,368,444,8.082555503715618e-6,4.726366740680542e-6,5.68034604872826e-6
4862,112354,18894,83394,0.0014391560080260928,2.4266297064787546e-4,0.0010669071585307308
4852,226,169,156,2.8948614006968775e-6,2.17053255210601e-6,1.9957972603639834e-6
4850,5287,3655,4612,6.772182400656811e-5,4.6942582709748325e-5,5.9003954902555713e-005
4849,1243,1272,2019,1.5921737703832827e-5,1.6336789386265353e-5,2.58302222350954e-5
4801,1419,1038,1528,1.8176143042428627e-5,1.3331436621810877e-5,1.9548578293821578e-5
4795,2840,2830,2655,3.63779043273413e-5,3.6346787706863957e-005,3.396693414273318e-5
4766,19708,13952,70027,2.5244216143776135e-4,1.7919094773362752e-4,8.958954791763376e-4
4755,3115,2818,2860,3.990041266889723e-5,3.619266705227654e-5,3.658961644000636e-5
4744,4768,3827,3552,6.10738900819589e-5,4.915164542550118e-5,4.544276838982608e-5
4735,6445,4184,5212,8.25547864048291e-5,5.37367348994766e-5,6.668009821164795e-5
4732,2081,1868,1906,2.6655781304646914e-5,2.3991448564106667e-5,2.4384548578549695e-5
4729,43972,34856,36837,5.63242679254173e-4,4.47669128024894e-4,4.712768184617183e-4
4723,545,657,800,6.9809710769017626e-6,8.438105838660642e-6,1.0234857745456324e-5
4721,1061,852,795,1.35904776377849e-5,1.0942566475706039e-5,1.0170889884547223e-5
4716,8554,9115,9620,1.0956922310425262e-4,1.1706748054701941e-4,1.230741643891123e-4
4713,10046,8053,8911,1.2868043199734883e-4,1.0342780261603372e-4,1.1400352171220164e-4
4709,1455,1221,1116,1.86372714071414e-5,1.5681776604268863e-5,1.4277626554911573e-5
4708,115,157,82,1.473048942832482e-6,2.016411897518601e-6,1.0490729189092732e-6
4707,804,802,659,1.0298533478585352e-5,1.0300397081591833e-5,8.430964067819647e-6
4550,186,416,203,2.3824965510160144e-6,5.342849359030178e-6,2.597095152909542e-6
4546,2184,1144,1801,2.7975120792575136e-5,1.469283573733299e-5,2.304122349945855e-5
4541,78493,61751,138956,0.0010054263536500001,7.930920451189243e-4,0.0017777436160970363
3772,832,875,687,1.0657188873361957e-5,1.1237964396998572e-5,8.78918408891062e-6
3365,790,604,616,1.011920578119705e-5,7.757406280899586e-6,7.880840464001369e-6
3246,164,180,309,2.1006958836915394e-6,2.3118098188111347e-6,3.953213804182505e-6
3229,4317,3826,3709,5.529697640180717e-5,4.91388020376189e-5,4.7451359222371884e-5
3204,2388,1460,1319,3.058818152594754e-5,1.875134630813476e-5,1.6874721707821114e-5
3194,4688,4017,14803,6.004916038259718e-5,5.159188912313516e-5,1.8938324900748745e-4
3182,13379,9635,11136,1.7137323309700676e-4,1.2374604224580713e-4,1.4246921981675203e-4
3178,6867,5586,4330,8.796023556896221e-5,7.174316471043889e-5,5.539616754728236e-5
3175,18370,12883,16297,2.3530355721593647e-4,1.6546136608746584e-4,2.0849684584712714e-4
3166,3796,3198,3493,4.8623424234713926e-5,4.1073154447544494e-5,4.4687947631098673e-5
3161,5979,17237,19452,7.658573590604704e-5,2.2138147692693074e-4,2.4886056608077053e-4
2821,1045,940,1197,1.3385531697912554e-5,1.2072784609347037e-5,1.5313905901639026e-5
2394,8970,6623,7364,1.148978175409336e-4,8.506175794436748e-5,9.421186554692547e-5
2018,1065,1050,1030,1.3641714122752986e-5,1.3485557276398286e-5,1.3177379347275017e-5
2017,397,407,397,5.085221133082568e-6,5.227258868089621e-6,5.079048156182701e-6
1981,2796,1058,2720,3.5814302992692344e-5,1.358830437945656e-5,3.4798516334551505e-5
1970,1883,50411,1397,2.411957529872664e-5,6.474480265338229e-4,1.7872620338003107e-5
1967,931,786,557,1.1925291876322094e-5,1.0094902875475288e-5,7.126019705273966e-6
1846,838,580,665,1.0734043600814087e-5,7.449164971724768e-6,8.50772550091057e-6
1771,283,305,682,3.624981311492108e-6,3.917233304096645e-6,8.725216228001516e-6
1753,6673,5074,4816,8.547526604801002e-5,6.516735011470944e-5,6.161384362764708e-5
1746,483,313,337,6.1868055598964244e-6,4.0199804071549175e-6,4.3114338252734766e-6
1744,18544,12857,14402,0.00023753234431204823,1.6512743800252644e-4,1.8425302656257747e-4
1717,275,247,231,3.522508341555935e-6,3.1723168069241683e-6,2.955315174000514e-6
1715,6208,5372,7215,7.951902467046998e-5,6.899467970363009e-5,9.230562329183422e-5
1704,12396,3805,25168,1.5878186691609954e-4,4.8869090892090935e-5,3.21988624672056e-4
1684,7630,5699,6137,9.773359507662468e-5,7.319446754113698e-5,7.851415247983184e-5
892,3229,2936,2320,4.136065249048769e-5,3.7708186822386065e-5,2.968108746182334e-5
592,998,1056,1592,1.2783502999537539e-5,1.356261760369199e-5,2.0367366913458085e-5
309,309,336,731,3.958018463784669e-6,4.3153783284474515e-6,9.352101264910717e-6
303,428,329,434,5.482303891585238e-6,4.225474613271463e-6,5.552410326910056e-6
168,2069,4674,7168,2.6502071849742655e-5,6.0029994961795805e-5,9.170432539928867e-5
136,90,66,103,1.1528209117819424e-6,8.476636002307494e-7,1.3177379347275018e-6
134,2029,10697,6854,2.598970700006179e-5,1.3738572017679283e-4,8.768714373419706e-5
68,171807,203872,181965,0.002200696693228002,0.0026184071743370206,0.00232798236206495
