BinBase name,F_PAC_16_016,F_PAC_17_017,F_PAC_18_018,normF_PAC_16_016,normF_PAC_17_017,normF_PAC_18_018
zymosterol,1219,1715,955,1.8825404121506418e-5,2.6859421780078032e-5,1.4652138741239824e-5
xylose,2515497,2013973,2086336,0.038847619024968846,0.03154177857766128,0.03200972202391972
xylonic acid,1563,1405,1298,2.4137905366623895e-5,2.200436594811057e-5,1.991463464516156e-5
xylitol,19204,17999,19604,2.965734706721979e-4,2.8189080619220086e-4,3.0077542186729374e-4
vanillic acid,778,654,696,1.2014901071806392e-5,1.0242601658408764e-5,1.0678417344400961e-5
valine,9622,7463,25640,1.4859560168755927e-4,1.1688155378701011e-4,3.933830757333917e-4
uridine,7782,6827,6937,1.2017989735320996e-4,1.0692085859626398e-4,1.0643129470992739e-4
uric acid,448,419,438,6.918606272711136e-6,6.5621561083689185e-6,6.720038501217846e-6
urea,8958,6588,14268,1.3834123881907668e-4,1.0317776716452131e-4,2.189075555602197e-4
UDP-glucuronic acid,10902,10363,12361,1.6836304818101965e-4,1.6229981802154438e-4,1.896493057387073e-4
tyrosol,271,233,207,4.1851390622873165e-6,3.6491226091884438e-6,3.175908606739941e-6
tryptophan,1501,1765,1437,2.318041967709691e-5,2.7642495301363103e-5,2.2047249603310603e-5
trehalose,23645,20217,24780,3.651572440139616e-4,3.166279475964067e-4,3.80188479589448e-4
trans-phytol,1179,415,638,1.820767141858578e-5,6.4995102266661125e-006,9.788549232367546e-6
tocopherol alpha-,857,2214,666,1.323492316007465e-5,3.467449552250307e-5,1.0218140734728505e-5
threose,369,387,363,5.698584184442877e-6,6.060989054746471e-6,5.569346977036708e-6
threonine,4559,10647,5133,7.040608481537962e-5,1.6674767562244362e-4,7.875332791495708e-5
threonic acid,15666,12737,15195,2.4193501309886754e-4,1.9948014881215968e-4,2.3313010279909856e-4
tartaric acid,421,366,400,6.501636698239706e-6,5.73209817580674e-6,6.1370214622994024e-6
sucrose,1907221,2039819,2211844,0.02945381958492501,0.031946564942283956,0.0339353352481454
succinic acid,9933,8886,8123,1.533984734527672e-4,1.3916782620278332e-4,1.2462756334564513e-4
succinate semialdehyde,724,622,437,1.1180961922863531e-5,9.741434604786318e-6,6.704695947562097e-6
stigmasterol,680,531,911,1.050145594965083e-5,8.316240796047484e-6,1.397706638038689e-5
squalene,3276,5799,1819,5.059230836920018e-5,9.082086699864286e-5,2.7908105099806534e-5
spermidine,389,660,1160,6.007450535903196e-6,1.0336570480962973e-5,1.7797362240668267e-5
sorbitol,5482949,5732349,5948940,0.0846749226436501,0.08977701433329943,0.09127193114482852
shikimic acid,17744,15923,18881,2.740262270155946e-4,2.4937759358844457e-4,2.8968275557418756e-4
serine,13185,92297,27158,2.0362014220021501e-4,0.001445506735880969,4.1667307218281794e-4
salicylic acid,1278,1531,408,1.9736559858314357e-5,2.397771122174896e-5,6.259761891545391e-6
saccharopine,91,141,95,1.4053418991444496e-6,2.208267330023908e-6,1.4575425972961082e-6
saccharic acid,2676,2598,2700,4.132631782539062e-5,4.0688500165972435e-5,4.142489487052097e-5
ribulose MassBank,7028,12248,11048,1.0853563590315594e-4,1.9182168977399167e-4,1.695045327887095e-4
ribose,58663,56789,57721,9.059513387858334e-4,8.89399244005161e-4,8.855875395634595e-4
ribonic acid,3215,3045,3235,4.965026599724621e-5,4.768917744626099e-5,4.963316107634642e-5
ribitol,24347,20768,20952,3.759984529502188e-4,3.252574178009682e-4,3.214571841952427e-4
resveratrol,82,78,83,1.2663520409873062e-6,1.2215946932047152e-6,1.273431953427126e-6
raffinose,2043,2654,2975,3.155069780167154e-5,4.156554250981172e-5,4.564409712585181e-5
quinic acid,1199381,1505002,1416049,0.018522421674041417,0.023570544313621572,0.021725807761669016
pyrophosphate,56414,60232,61824,8.712193175641206e-4,9.433216866808513e-4,9.485380372129957e-4
putrescine,16778,15260,21393,2.5910798224006127e-4,2.3899403869620452e-4,3.282232503574278e-4
propyleneglycol,144857,73849,38784,0.002237072653674368,0.0011565839294676282,5.950456009845501e-4
proline,4565,35912,12821,7.049874472081772e-5,5.624347259277914e-4,1.967068804203516e-4
pipecolinic acid,1124,5750,3081,1.7358288952069905e-5,9.005345494778348e-5,4.727040781336115e-5
pinitol,1456,1049,996,2.2485470386311193e-5,1.6428882476560847e-5,1.528118344112551e-5
phosphate,86761,67692,79332,0.001339877675952435,0.0010601562560565842,0.0012171554666178404
phenylethylamine,2415,2334,2747,3.729561193883347e-5,3.655387197358724e-5,4.214599489234115e-5
phenylalanine,7285,7581,7695,1.1250456851942104e-4,1.1872960729724288e-4,1.1806095038098476e-4
pentono-gamma-lactone,2006,2079,1749,3.097929505146995e-5,3.256019701503337e-5,2.6834126343904137e-5
pentitol,2688,2320,1039,4.1511637636266815e-5,3.633461138762742e-5,1.5940913248322698e-5
palmitoleic acid,164,206,131,2.5327040819746124e-6,3.226262907694504e-6,2.0098745289030544e-6
oxoproline,141069,140210,145262,0.002178573366707784,0.002195894768387604,0.0022286900291413397
oleic acid,500,2276,1030,7.721658786507963e-6,3.564550668889656e-5,1.580283026542096e-5
oleamide NIST,2191,1369,1308,3.38363088024779e-5,2.144055301278532e-5,2.0068060181719046e-5
nicotinic acid MassBank,1008779,766424,5453,0.015578894457989436,0.012003326809547828,8.366294508479661e-5
N-acetylmannosamine,518,326,530,7.99963850282225e-6,5.105639358778681e-6,8.131553437546709e-6
N-acetyl-D-galactosamine,2479,1370,1664,3.8283984263506486e-5,2.145621448321102e-5,2.5530009283165516e-5
myristic acid,27334,25375,25566,4.221276425408174e-4,3.9740981205217495e-4,3.9224772676286633e-4
mucic acid,22282,20535,26735,3.441080021619409e-4,3.216082951917798e-4,4.101831719864363e-4
montanic acid,1262,1922,1150,1.9489466777146103e-5,3.0101346158198235e-5,1.764393670411078e-5
methylmalonic acid,12044,20184,14969,1.8599931684940384e-4,3.161111190723586e-4,2.296626856728994e-4
methionine sulfoxide,1088,914,835,1.680232951944133e-5,1.4314583969091149e-5,1.2811032302550003e-5
methionine,86,450,163,1.3281253112793697e-6,7.047661691565664e-6,2.5008362458870065e-6
melezitose,177,188,220,2.7334672104238193e-6,2.9443564400318773e-6,3.3753618042646714e-6
mannoheptulose,5898,5070,5161,9.108468704564795e-5,7.940365505830648e-5,7.918291941731804e-5
mannitol,2813536,3163025,3362203,0.04345032995111294,0.049537622493254406,0.051584779929018595
maltose,9203,3786,9361,1.421248516244656e-4,5.9294327031705785e-5,1.4362164477146178e-4
malonic acid,107,77,241,1.6524349803127043e-6,1.2059332227790136e-6,3.69755543103539e-6
malic acid,1253257,1478899,1194230,0.019354445851605222,0.023161732951099485,0.01832253785230454
maleic acid,6524,4158,3560,1.0075220384635592e-4,6.512039403006674e-5,5.461949101446468e-5
lyxose,774236,119084,122276,0.01195677242446156,0.0018650305441742345,0.0018760260908103044
lysine,34333,32369,35221,5.302154222343559e-4,5.06946136209531e-4,5.403800823091181e-4
loganin,399,484,367,6.1618837116333555e-6,7.580151686039514e-6,5.630717191659702e-6
linolenic acid,618,1227,594,9.543970260123844e-6,1.921662421233571e-5,9.113476871514613e-6
linoleic acid,2820,7247,2944,4.355015555590492e-5,1.1349867617505859e-4,4.51684779625236e-5
lignoceric acid,3786,3898,4706,5.8468400331438304e-5,6.104841171938435e-5,7.220205750395247e-5
levoglucosan,1799,1657,1539,2.7782528313855655e-5,2.5951056495387344e-5,2.3612190076196953e-5
leucrose,6328,6713,6802,9.77253136020448e-5,1.0513545096773401e-4,1.0436004996640135e-4
leucine,25140,45144,27257,3.882450037856204e-4,7.070214208978674e-4,4.1819198499473703e-4
lauric acid,3392,6217,1702,5.238373320767003e-5,9.736736163658607e-5,2.611302632208396e-5
lactic acid,25870,29813,26950,3.9951862561392207e-4,4.6691541780143807e-4,4.1348182102242224e-4
kojic acid,8221,7411,7057,1.2695951376776396e-4,1.1606715732487363e-4,1.0827240114861721e-4
itaconic acid,8884,10028,11004,1.371984333186735e-4,1.570532254289344e-4,1.6882946042785657e-4
isothreonic acid,2999,2669,2854,4.631450940147477e-5,4.180046456619724e-5,4.3787648133506235e-5
isomaltose,9298,8026,8797,1.435919667939021e-4,1.2569896163668005e-4,1.349684445096196e-4
isoleucine,7912,17219,13899,1.2218752863770203e-4,2.696748592601537e-4,2.132461532612485e-4
isocitric acid,14711,13161,14489,2.2718664481663733e-4,2.0612061227265712e-4,2.222982599181401e-4
indole-3-propionic acid,1199,1505,891,1.8516537770046098e-5,2.357051299068072e-5,1.367021530727192e-5
homoserine,1313,1619,1127,2.0277075973369915e-5,2.5355920619210687e-5,1.7291057970028565e-5
histidine,3462,4230,3217,5.3464765437781146e-5,6.624801990071724e-5,4.9356995110542944e-5
hexadecylglycerol NIST,3700,3701,3530,5.7140275020158934e-5,5.796310204552116e-5,5.415921440479223e-5
heptadecanoic acid,4921,8353,5283,7.599656577681138e-5,1.3082026246588442e-4,8.105471096331936e-5
guanosine,309,341,224,4.771985130061922e-6,5.340561415164203e-6,3.4367320188876655e-6
guanine,430,387,306,6.640626556396849e-6,6.060989054746471e-6,4.694821418659043e-6
glycolic acid,5230,4040,3342,8.07685509068733e-5,6.327234051983396e-5,5.127481431751151e-5
glycine,5802,7180,7813,8.960212855863841e-5,1.124493576565366e-4,1.1987137171236308e-4
glycerol-alpha-phosphate,1023,1008,674,1.5798513877195296e-5,1.5786762189107087e-5,1.0340881163974494e-5
glycerol-3-galactoside,16939,15762,16789,2.615943563693168e-4,2.4685609684990667e-4,2.575861333263617e-4
glycerol,541368,482444,502809,0.008360517947868486,0.007555782438057122,0.007714374061093251
glyceric acid,11630,10362,10786,1.7960578337417523e-4,1.6228415655111867e-4,1.654847837309034e-4
glutaric acid,1443,1322,810,2.2284707257861985e-5,2.070446390277735e-5,1.242746846115629e-5
glutamine,3174,2481,3120,4.901708997675256e-5,3.885610812616536e-5,4.7868767405935344e-5
glutamic acid,4307,13613,6528,6.65143687869796e-5,2.1319959690507419e-4,1.0015619026472625e-4
glucose,3383490,1221023,2291108,0.05225231057512366,0.019123015603601294,0.03515144742111465
gluconic acid lactone,3715921,4181664,4307869,0.05738614807923892,0.06549100706622053,0.06609371127443567
gluconic acid,45433,41259,50900,7.016362472948327e-4,6.461766082940172e-4,7.80935981077599e-4
glucoheptulose,4031,6632,8657,6.225201313682721e-5,1.0386687186325218e-4,1.3282048699781482e-4
galacturonic acid,1393156,1343881,1620029,0.021514950536752578,0.021047152537162123,0.024855381856368597
galactonic acid,37802,36604,45759,5.837882908951482e-4,5.732724634623768e-4,7.020599127333959e-4
galactinol,5052,3456,6315,7.801964037887647e-5,5.41260417912243e-5,9.688822633605181e-5
fumaric acid,1804,2041,11048,2.7859744901720736e-5,3.196506113885671e-5,1.695045327887095e-4
fucose,48044,41182,48331,7.419587494779772e-4,6.449706750712382e-4,7.415209607359811e-4
fructose,5026790,6980440,5990013,0.07763031434286073,0.10932395461838361,0.09190209585113109
flavin adenine,1559,1682,1258,2.4076132096331833e-5,2.6342593256029883e-5,1.9300932498931623e-5
ethanolamine,170402,117102,134043,0.0026315722010770604,0.0018339895097904942,0.002056561919677497
ethanol phosphate NIST,293,279,216,4.524892048893667e-6,4.3695502487707115e-6,3.3139915896416773e-6
erythrose major,972,747,697,1.5010904680971482e-5,1.1699118407999002e-5,1.069375989805671e-5
erythronic acid lactone,923,1014,818,1.4254182119893703e-5,1.5880731011661296e-5,1.2550208890402278e-5
erythritol,4449,4257,4158,6.870731988234787e-5,6.667087960221117e-5,6.379433810060229e-5
dihydroxyacetone,3162,3192,2009,4.8831770165876366e-5,4.9991413598839106e-5,3.082319029439875e-5
digitoxose,15436,9242,15833,2.3838305005707388e-4,1.4474330967433304e-4,2.429186520314661e-4
digalacturonic acid,170150,164540,196271,0.0026276804850486604,0.002576938343844921,0.0030112983485674153
dehydroascorbic acid,32478,30360,34148,5.015680681364113e-4,4.754822421242968e-4,5.239175222365e-4
dehydroabietic acid,753,3660,2010,1.1628818132480993e-5,5.73209817580674e-5,3.0838532848054497e-5
conduritol-beta-epoxide,378,362,370,5.837574042600021e-6,5.669452294103934e-6,5.676744852626947e-6
citric acid,1061880,931880,1046526,0.016398950064434155,0.01459461106030269,0.01605638130713586
citramalic acid,2205,1976,2623,3.405251524850012e-5,3.094706556118611e-5,4.024351823902833e-5
cis-p-coumaric acid HMDB,134,113,1387,2.0694045547841342e-6,1.7697461581042667e-6,2.128012192052318e-5
cinnamic acid,207,484,192,3.196766737614297e-6,7.580151686039514e-6,2.9457703019037134e-6
chlorogenic acid,641,860,419,9.89916656430321e-6,1.3468864566103268e-5,6.4285299817586245e-6
cerotinic acid,861,782,597,1.3296696430366714e-5,1.2247269872898554e-5,9.159504532481858e-6
cellobiose,19687,14369,20424,3.0403259305996456e-4,2.250396685469045e-4,3.133563158650075e-4
catechin,9239,9907,5634,1.4268081105709416e-4,1.551581875074245e-4,8.643994729648709e-5
caproic acid HMDB,17631,5545,4118,0.00027228113212984383,8.684285351051469e-5,6.318063595437235e-5
campesterol HMDB,957,1556,1098,1.4779254917376244e-5,2.4369247982391495e-5,1.684612391401186e-5
beta-sitosterol,5613,14363,7058,8.66833415373384e-5,2.249456997243503e-4,1.0828774370227296e-4
beta-mannosylglycerate,497,590,639,7.675328833788917e-6,9.240267551163871e-6,9.803891786023295e-6
beta-gentiobiose,2912,2906,2856,4.4970940772622386e-5,4.551223305708849e-5,4.381833324081773e-5
beta-alanine,1795,1751,1602,2.772075504356359e-5,2.7423234715403284e-5,2.4578770956509107e-5
benzoic acid,16634,13675,5028,2.5688414450954694e-4,2.1417060807146768e-4,7.71423597811035e-5
aspartic acid,36155,60721,41589,5.583531468523909e-4,9.509801457190192e-4,6.380814639889246e-4
asparagine,365549,441203,376049,0.0056452892954984,0.006909887736230768,0.0057695519596905704
arbutin,449,472,508,6.934049590284152e-6,7.392214040931096e-6,7.794017257120241e-6
arachidic acid,5241,8859,4814,8.093842740017648e-5,1.3874496650128937e-4,7.385905329877331e-5
arabitol,247305,229274,221009,0.0038192096523947043,0.00359076797038228,0.0033908424409033215
alpha-ketoglutarate,702,886,821,1.0841208936257181e-5,1.3876062797171508e-5,1.2596236551369524e-5
alanine,170527,265495,251143,0.002633502615773687,0.004158042090671613,0.003853174952765647
adipic acid,2098,2519,2524,3.2400080268187416e-5,3.945124400234202e-5,3.8724605427109234e-5
adenosine,6570,251,263,1.0146259645471465e-4,3.93102907685107e-6,4.035091611461857e-6
adenine,9475,11055,8352,1.4632543400432593e-4,1.7313755555612982e-4,1.2814100813281153e-4
aconitic acid,549,570,1532,8.478381347585745e-6,8.92703814264984e-6,2.3504792200606713e-5
6-deoxyhexitol NIST,761,533,690,1.1752364673065122e-5,8.347563736898886e-6,1.058636202246647e-5
6-deoxyglucose,189566,157732,164487,0.0029275279390463373,0.002470315053186745,0.002523650623173105
6-deoxyglucitol,8561,7701,11886,1.3221024174258936e-4,1.2060898374832706e-4,1.8236159275222675e-4
5-methyluridine NIST,914,992,2124,1.4115192261736558e-5,1.5536178662295863e-5,3.258758396480983e-5
5-hydroxynorvaline NIST,810,1429,872,1.2509087234142902e-5,2.238024123832741e-5,1.3378706787812697e-5
5-Hydroxymethyl-2-furancarboxaldehyde HMDB,18616,17393,6096,2.8749279993926455e-4,2.7239995511422577e-4,9.35282070854429e-5
5'-deoxy-5'-methylthioadenosine,180,143,160,2.779797163142867e-6,2.239590270875311e-6,2.454808584919761e-6
4-hydroxymandelic acid,919,852,834,1.4192408849601637e-5,1.3343572802697658e-5,1.2795689748894255e-5
4-hydroxybutyric acid,201,183,241,3.1041068321762018e-6,2.86604908790337e-6,3.69755543103539e-6
4-hydroxybenzoic acid,1094,1282,1424,1.6894989424879424e-5,2.0078005085749293e-5,2.1847796405785872e-5
4-aminobutyric acid,22155,19454,22490,3.4214670083016787e-4,3.046782456615965e-4,3.450540317177839e-4
3-phenyllactic acid,505,731,439,7.798875374373044e-6,1.1448534881187779e-5,6.735381054873594e-6
3-hydroxybutyric acid,18543,14504,17712,2.8636543775643436e-4,2.271539670543742e-4,2.7174731035061757e-4
3-hydroxy-3-methylglutaric acid,237,131,147,3.660066264804775e-6,2.0516526257668932e-6,2.2553553873950304e-6
3-dehydroshikimic acid,1256,974,987,1.9396806871708006e-5,1.5254272194633237e-5,1.5143100458223776e-5
"3,6-anhydro-D-galactose",92588,87080,86226,0.0014298658874503988,0.0013638008446700844,0.0013229270315205707
"3,4-dihydroxycinnamic acid",1369,1210,1293,2.1141901757458804e-5,1.8950379215098786e-5,1.9837921876882818e-5
"3,4-dihydroxybenzoic acid",19629,19129,20160,3.0313688064072963e-4,2.995882677732435e-4,3.093058816998899e-4
3-(4-hydroxyphenyl)propionic acid,1203,921,681,1.8578311040338163e-5,1.4424214262071059e-5,1.0448279039564733e-5
2-monoolein,9257,12319,10400,1.4295879077340845e-4,1.9293365417421648e-4,1.5956255801978446e-4
2-isopropylmalic acid,404,275,284,6.239100299498435e-6,4.3069043670679054e-6,4.3572852382325756e-6
2-hydroxyglutaric acid,316,358,400,4.880088353073033e-6,5.606806412401128e-6,6.1370214622994024e-6
2-deoxytetronic acid,490,376,572,7.567225610777805e-6,5.888712880063755e-6,8.775940691088145e-6
2-deoxyerythritol,8261,9570,9492,1.2757724647068458e-4,1.4988027197396312e-4,1.4563151930036482e-4
"2,3-dihydroxypyridine",1304,1206,603,2.013808611521277e-5,1.888773333339598e-5,9.25155985441635e-6
"2,3-dihydroxybutanoic acid NIST",141,194,182,2.177507777795246e-6,3.0383252625860864e-6,2.792344765346228e-6
1-monostearin,4297,2439,2977,6.635993561124944e-5,3.81983263682859e-5,4.5674782233163304e-5
1-monopalmitin,1314,1312,691,2.029251929094293e-5,2.0547849198520336e-5,1.0601704576122219e-5
1-methylinosine NIST,948,876,958,1.46402650592191e-5,1.3719448092914492e-5,1.4698166402207069e-5
1-methyladenosine,2634,4515,5152,4.067769848732395e-5,7.071153897204216e-5,7.90448364344163e-5
1-kestose,437,2584,2816,6.748729779407961e-6,4.046923958001261e-5,4.32046310945878e-5
1-deoxyerythritol,8261,9570,9492,1.2757724647068458e-4,1.4988027197396312e-4,1.4563151930036482e-4
519282,12628,8179,9528,1.9501821431204514e-4,1.2809516661181237e-4,1.4618385123197177e-4
519270,3242,2918,3307,5.006723557171764e-5,4.5700170702196904e-5,5.073782493956031e-5
519264,9260,3774,848,1.430051207261275e-4,5.910638938659737e-5,1.3010485500074734e-5
519261,5044,3960,4150,7.789609383829235e-5,6.2019422885777845e-005,6.36715976713563e-5
519249,1208,1069,983,1.865552762820324e-5,1.6742111885074878e-5,1.5081730243600782e-5
519244,19016,16824,10262,2.936701269684709e-4,2.6348857844200164e-4,1.5744528561529116e-4
513995,1234,1840,554,1.9057053885101656e-5,2.8817105583290715e-5,8.499774725284673e-6
513551,1161,1000,992,1.7929691702271494e-5,1.5661470425701477e-5,1.5219813226502519e-5
511927,63,41,75,9.729290071000036e-7,6.421202874537605e-7,1.150691524181138e-6
509528,378,362,370,5.837574042600021e-6,5.669452294103934e-6,5.676744852626947e-6
486482,99,86,97,1.5288884397285768e-6,1.3468864566103268e-6,1.4882277046076052e-6
486432,4533,2617,2583,7.000455855848121e-5,4.098606810406076e-5,3.962981609279839e-5
480022,3128,2762,9361,4.830669736839382e-5,4.325698131578747e-5,1.4362164477146178e-4
475884,380,750,390,5.868460677746052e-6,1.1746102819276106e-5,5.983595925741918e-6
475793,3228,3317,3297,4.9851029125695414e-5,5.194909740205179e-5,5.058439940300283e-5
474908,3225,3061,68,4.980469917297637e-5,4.793976097307222e-5,1.0432936485908985e-6
474901,13928,11510,716,2.1509452715696585e-4,1.8026352459982398e-4,1.098526841751593e-5
472871,216206,105785,92072,0.0033389379191914818,0.0016567486489828306,0.0014126196001920765
425117,1867,2074,2399,2.8832673908820737e-5,3.248188966290486e-5,3.680678622014067e-5
418204,72452,46368,3121,0.00111889924480015,7.26191060698926e-4,4.788410995959109e-5
417918,3133,2566,1664,4.83839139562589e-5,4.018733311234999e-5,2.5530009283165516e-5
414322,141,155,320,2.177507777795246e-6,2.4275279159837286e-6,4.909617169839522e-6
408463,90990,116596,117509,0.0014051874659687194,0.0018260648057550892,0.0018028881375333513
408457,684,720,279,1.0563229219942894e-5,1.1276258706505063e-5,4.280572469953833e-6
406896,938,3469,1861,1.4485831883488941e-5,5.432964090675842e-5,2.855249235334797e-5
404202,1594,4044,4534,2.461664821138739e-5,6.333498640153677e-5,6.956313827516372e-5
403831,752,659,653,1.1613374814907978e-5,1.0320909010537272e-5,1.0018687537203774e-5
403585,2664,2108,1051,4.114099801451443e-5,3.301437965737871e-5,1.612502389219168e-5
403523,3078,2441,2721,4.753453148974303e-5,3.82296493091373e-5,4.174708849729169e-5
402069,400,221,240,6.177327029206371e-6,3.461184964080026e-6,3.6822128773796415e-6
401267,69779,45677,11031,0.0010776192569274784,7.153689846347663e-4,1.6924370937656177e-4
401125,1079,1109,785,1.6663339661284185e-5,1.7368570702102936e-5,1.2043904619762577e-5
401121,215,187,108,3.3203132781984246e-6,2.928694969606176e-6,1.6569957948208386e-6
399830,296,267,301,4.571222001612715e-6,4.181612603662294e-6,4.6181086503803006e-6
395982,8531,5826,6313,1.3174694221539888e-4,9.12437267001368e-5,9.685754122874032e-5
395904,4578,1773,505,7.069950784926692e-5,2.7767787064768716e-5,7.747989596152995e-6
393358,14829,12495,12420,2.290089562902532e-4,0.00019569007296913995,1.9055451640439646e-4
391872,2822,2899,3191,4.358104219105095e-5,4.5402602764108574e-5,4.895808871549348e-5
391843,1948,1453,3327,3.008358263223503e-5,2.2756116528544244e-5,5.104467601267528e-5
391842,3628,5888,3659,5.602835615490179e-5,9.221473786653028e-5,5.613840382638379e-5
390218,47542,36804,31333,7.342062040563232e-4,5.764047575475171e-4,4.80728233695568e-4
390208,6384,3344,5825,9.859013938613369e-5,5.2371957103545734e-5,8.937037504473505e-5
390198,258,351,328,3.98437593383811e-6,5.4971761194212176e-6,5.03235759908551e-6
390194,1042,1673,606,1.6091936911082597e-5,2.6201640022198568e-5,9.297587515383595e-6
390185,4840,760,533,7.474565705339709e-5,1.1902717523533121e-5,8.177581098513954e-6
390140,167246,189232,180263,0.002582833090816622,0.0029636513715963417,0.002765694749646193
390135,4387,3756,1945,6.774983419282088e-5,5.882448291893474e-5,2.9841266860430846e-5
390126,14473,16882,17245,2.2351113523425952e-4,2.643969437266923e-4,2.64582337793383e-4
390122,135240,117856,166394,0.002088554268574674,0.001845798258491473,0.002552908872994617
390121,9789493,7216110,1649640,0.15118224927781643,0.11301489335360868,0.025309690212668965
389994,85607,0,13163,0.0013220560874731746,0,2.0195403377061758e-4
389988,14301,13058,14215,2.208548846117008e-4,2.0450748081880986e-4,2.1809440021646503e-4
387768,131,45,72,2.0230746020650866e-6,7.047661691565664e-7,1.1046638632138924e-6
386842,3192,2410,222,4.9295069693066844e-5,3.7744143725940556e-5,3.4060469115761684e-6
386187,170,214,206,2.6253639874127077e-6,3.3515546711001157e-6,3.1605660530841924e-6
385941,31182,27268,28889,4.815535285617827e-4,4.270569755680278e-4,4.4323103256091863e-4
384976,1333,741,792,2.058594232483023e-5,1.1605149585444793e-5,1.2151302495352817e-5
384941,661,654,424,1.0208032915763529e-5,1.0242601658408764e-5,6.505242750037367e-6
384919,75,102,84,1.1582488179761946e-6,1.5974699834215505e-6,1.2887745070828746e-6
384908,3085,3138,2996,4.764263471275414e-5,4.914569419585123e-5,4.5966290752622526e-5
384907,348,425,415,5.374274515409543e-6,6.656124930923127e-6,6.36715976713563e-6
384906,10890,12248,6467,1.6817772837014345e-4,1.9182168977399167e-4,9.922029449172559e-5
384897,1042,1100,1108,1.6091936911082597e-5,1.7227617468271622e-5,1.6999549450569347e-5
384838,580,171,623,8.95712419234924e-6,2.6781114427949523e-6,9.55841092753132e-6
382960,8785,5728,813,1.3566954487894493e-4,8.970890259841805e-5,1.2473496122123536e-5
382944,581,1251,656,8.972567509922255e-6,1.9592499502552545e-5,1.006471519817102e-5
382905,358,403,390,5.528707691139702e-6,6.311572581557694e-6,5.983595925741918e-6
382601,430,387,306,6.640626556396849e-6,6.060989054746471e-6,4.694821418659043e-6
381214,1127,983,1098,1.740461890478895e-5,1.5395225428464552e-5,1.684612391401186e-5
380761,352,561,234,5.436047785701607e-6,8.786084908818527e-6,3.5901575554451504e-6
380017,10902,10363,12361,1.6836304818101965e-4,1.6229981802154438e-4,1.896493057387073e-4
379842,219,201,235,3.382086548490488e-6,3.1479555555659967e-6,3.605500109100899e-6
379014,6002,6572,6019,9.26907920732416e-5,1.029271836377101e-4,9.234683045395026e-5
378986,2167,1316,1017,3.3465669180725513e-5,2.0610495080223143e-5,1.560337706789623e-5
378843,264,257,228,4.077035839276205e-6,4.0249978994052795e-6,3.4981022335106596e-6
378828,3813,3289,2478,5.888536990590973e-5,5.151057623013215e-5,3.80188479589448e-5
378287,9039,5213,10962,1.39592147542491e-4,8.164324532918179e-5,1.6818507317431513e-4
377751,1248,804,1305,1.927326033112388e-5,1.2591822222263987e-5,2.00220325207518e-5
377697,3561,4418,3937,5.499365387750972e-5,6.919237634074912e-5,6.040363374268187e-5
377474,5375,4118,2442,8.300783195496061e-5,6.449393521303868e-5,3.7466516027337854e-5
377073,485,427,416,7.490009022912726e-6,6.68744787177453e-6,6.382502320791379e-6
372460,1402,544,1202,2.165153123736833e-5,8.519839911581602e-6,1.8441749494209705e-5
372445,409,408,414,6.316316887363514e-6,6.389879933686202e-6,6.351817213479882e-6
371546,54701,41004,34430,8.447649145615442e-4,6.421829333354633e-4,5.282441223674211e-4
371280,1322,1171,618,2.0416065831527057e-5,1.8339581868496428e-5,9.481698159252578e-6
371262,264,244,241,4.077035839276205e-6,3.82139878387116e-6,3.69755543103539e-6
370223,2589,624,2173,3.998274919653824e-5,9.772757545637721e-6,3.333936909394151e-5
370160,4511,4069,4537,6.966480557187485e-5,6.37265231621793e-5,6.960916593613097e-5
362287,1507,1704,1650,2.3273079582535005e-5,2.6687145605395315e-5,2.5315213531985036e-5
362282,2349,2139,2103,3.6276352979014415e-5,3.3499885240575456e-5,3.226539033803911e-5
362184,860,799,833,1.3281253112793698e-5,1.251351487013548e-5,1.2780347195238506e-5
362181,4135119,2609771,4909447,0.06385995591921205,0.040872851334353366,0.07532345401755354
362105,301,277,171,4.648438589477795e-6,4.338227307919309e-6,2.6235766751329947e-6
362065,8481,8688,9433,1.309747763367481e-4,1.3606685505849442e-4,1.4472630863467567e-4
362022,1577,1488,1765,2.4354111812646118e-5,2.3304267993443794e-5,2.7079607202396114e-5
360846,1084,1252,1174,1.6740556249149266e-5,1.9608160972978246e-5,1.8012157991848746e-5
360154,14986,20572,31898,2.314335571492167e-4,3.2218776959753076e-4,4.893967765110659e-4
360146,170402,144328,162466,0.0026315722010770604,0.0022603887036006425,0.002492643322234837
357409,4805,2202,1148,7.420514093834154e-5,3.448655787739465e-5,1.7613251596799285e-5
357337,110328,77113,22141,0.0017038303411957014,0.0012077029689371178,3.3969948049192766e-4
357024,306,311,358,4.725655177342874e-6,4.870717302393159e-6,5.492634208757965e-6
356925,2366,1369,4047,3.653888937775569e-5,2.144055301278532e-5,6.20913146448142e-5
351749,123,155,133,1.899528061480959e-6,2.4275279159837286e-6,2.0405596362145514e-6
350283,1933,1919,2124,2.985193286863979e-5,3.0054361746921132e-5,3.258758396480983e-5
348913,1322,1171,618,2.0416065831527057e-5,1.8339581868496428e-5,9.481698159252578e-6
347748,276,487,356,4.262355650152396e-6,7.6271360973166186e-6,5.461949101446468e-6
347663,682,2434,953,1.0532342584796863e-5,3.812001901615739e-5,1.4621453633928326e-5
347660,882,809,451,1.3621006099400048e-5,1.2670129574392493e-5,6.9194916987425766e-6
346561,618,423,281,9.543970260123844e-6,6.624801990071724e-6,4.31125757726533e-6
346225,3200,2202,1148,4.941861623365097e-5,3.448655787739465e-5,1.7613251596799285e-5
345140,14726,14064,13999,2.2741829458023256e-4,2.2026292006706554e-4,2.1478040862682335e-4
342554,9596,8128,10962,1.4819407543066086e-4,1.2729643162010158e-4,1.6818507317431513e-4
341252,1139,886,421,1.7589938715665143e-5,1.3876062797171508e-5,6.4592150890701215e-6
334782,308,529,367,4.756541812488906e-6,8.28491785519608e-6,5.630717191659702e-6
330511,1306,1208,961,2.0168972750358803e-5,1.8919056274247384e-5,1.4744194063174315e-5
330432,3378,3047,3165,5.216752676164781e-5,4.77205003871124e-5,4.855918232044402e-5
330287,1077,941,1082,1.6632453026138155e-5,1.4737443670585088e-5,1.6600643055519885e-5
330286,4142,5384,2338,6.396622138743198e-5,8.432135677197674e-5,3.587089044714001e-5
329366,1111,1055,924,1.7157525823620697e-5,1.6522851299115055e-5,1.417651957791162e-5
329362,641,606,573,9.89916656430321e-6,9.490851077975094e-6,8.791283244743894e-6
329361,3808,3269,3968,5.880815331804466e-5,5.119734682161812e-5,6.0879252906010076e-5
327365,348,340,332,5.374274515409543e-6,5.324899944738501e-6,5.093727813708504e-6
324872,613,194,248,9.466753672258765e-6,3.0383252625860864e-6,3.8049533066256298e-6
324726,28357,19365,26283,4.3792615641801265e-4,3.0328437479370905e-4,4.03248337734038e-4
324718,5100,4781,4001,7.876091962238123e-5,7.487749010527876e-5,6.138555717664977e-5
320865,1700,1718,1994,2.6253639874127077e-5,2.6906406191355134e-5,3.059305198956252e-5
318789,2447,2512,810,3.778979810116998e-5,3.9341613709362106e-5,1.242746846115629e-5
253506,4151,1773,505,6.410521124558912e-5,2.7767787064768716e-5,7.747989596152995e-6
250808,6954,7092,7373,1.0739283040275276e-4,1.1107114825907487e-4,1.1312064810383374e-4
250761,442,417,432,6.8259463672730405e-6,6.530833167517515e-6,6.6279831792833545e-6
232333,192,151,433,2.9651169740190584e-6,2.364882034280923e-6,6.643325732939103e-6
232329,340,248,181,5.250727974825415e-6,3.884044665573966e-6,2.7770022116904796e-6
232320,619,497,490,9.559413577696859e-6,7.783750801573634e-6,7.517851291316768e-6
230854,1032,3801,3986,1.593750373535244e-5,5.9529249088091304e-5,6.115541887181354e-5
228439,232,213,201,3.5828496769396954e-6,3.3358932006744144e-6,3.0838532848054497e-6
228300,6919,5996,7082,1.0685231428769721e-4,9.390617667250604e-5,1.0865596499001092e-4
228290,367,332,228,5.6676975492968455e-6,5.19960818133289e-6,3.4981022335106596e-6
227260,259,447,271,3.999819251411125e-6,7.000677280288559e-6,4.1578320407078455e-6
223095,2098,1775,2395,3.2400080268187416e-5,2.7799110005620118e-5,3.6745416005517674e-5
217691,4633,6755,4866,7.15488903157828e-5,1.0579323272561346e-4,7.465686608887224e-5
214730,1996,6677,2846,3.082486187573979e-5,1.0457163803240875e-4,4.366490770426025e-5
213020,3232,2610,2948,4.991280239598748e-5,4.087643781108085e-5,4.52298481771466e-5
213019,2015,1963,1935,3.1118284909627096e-5,3.0743466445651994e-5,2.968784132387336e-5
210804,22085,5790,2456,3.4106566860005676e-4,9.067991376481154e-5,3.7681311778518334e-5
210803,4441,5568,723,6.858377334176373e-5,8.720306733030581e-5,1.109266629310617e-5
210797,734,412,1843,1.1335395098593691e-5,6.452525815389008e-6,2.82763263875445e-5
210790,6478,6476,739,1.0004181123799719e-4,1.0142368247684275e-4,1.1338147151598146e-5
210694,4650709,5006977,5344983,0.07182237602668333,0.0784166222076675,0.08200568846656361
210345,220,317,837,3.3975298660635044e-6,4.9646861249473675e-6,1.28417174098615e-5
210305,31654,2042,4996,4.888427744562462e-4,3.198072260928241e-5,7.665139806411954e-5
210297,13782,12114,3058,2.1283980279130553e-4,1.8972305273694766e-4,4.6917529079278935e-5
210289,2822,2899,3191,4.358104219105095e-5,4.5402602764108574e-5,4.895808871549348e-5
210283,17744,15795,18892,2.740262270155946e-4,2.473729253739548e-4,2.898515236644008e-4
210272,19800,19508,27532,3.057776879457154e-4,3.055239650645844e-4,4.2241118725006786e-4
210267,363,232,210,5.605924279004782e-6,3.6334611387627425e-6,3.2219362677071865e-6
210261,1402,1866,1411,2.165153123736833e-5,2.9224303814358952e-5,2.1648343208261144e-5
209679,43547,39670,38810,6.725101503521246e-4,6.212905317875776e-4,5.954445073795996e-4
208616,11713,10655,782,1.8088757873273558e-4,1.6687296738584923e-4,1.1997876958795331e-5
208244,2128,2327,2195,3.2863379795377894e-5,3.6444241680607336e-5,3.3676905274367975e-005
205795,1734,1486,1965,2.677871267160962e-5,2.3272945052592393e-5,3.0148117933545816e-5
204855,1166,1147,1858,1.800690829013657e-5,1.7963706578279593e-5,2.8506464692380727e-5
204582,107,136,83,1.6524349803127043e-6,2.1299599778954006e-6,1.273431953427126e-6
203815,1477,1514,1629,2.2809780055344525e-5,2.3711466224512034e-5,2.4993019905214317e-5
196521,1095,898,864,1.6910432742452443e-5,1.4064000442279925e-5,1.3255966358566709e-5
196436,704,459,677,1.0872095571403214e-5,7.188614925396977e-6,1.0386908824941739e-5
196278,1550,1355,1818,2.393714223817469e-5,2.12212924268255e-5,2.7892762546150786e-5
190001,385,367,224,5.945677265611132e-6,5.747759646232442e-6,3.4367320188876655e-6
189936,20432,17906,18329,3.1553786465186146e-4,2.804342894426106e-4,2.812136659562144e-4
189286,1199,1055,858,1.8516537770046098e-5,1.6522851299115055e-5,1.3163911036632218e-5
188945,2756,2311,2451,4.25617832312319e-5,3.619365815379611e-5,3.760459901023959e-5
187301,1680,1917,1694,2.594477352266676e-5,3.0023038806069727e-5,2.599028589283797e-5
187055,792,658,911,1.2231107517828615e-5,1.0305247540111571e-5,1.397706638038689e-5
171968,34806,5754,40657,5.375201114463924e-4,9.011610082948628e-5,6.23782203981767e-4
171596,1285,776,179,1.984466308132547e-5,1.2153301050344346e-5,2.7463171043789825e-6
171564,96330,3146487,100155,0.0014876547818086243,0.04927861309535416,0.0015366334613914918
171297,113584,125880,132575,0.0017541137832134412,0.001971465897187302,0.002034039050910858
170725,46890,43878,48346,7.241371609987169e-4,6.871939993389293e-4,7.417510990408173e-4
168874,14786,11894,1324,2.2834489363461353e-4,1.8627752924329336e-4,2.0313541040211022e-5
168871,194,73,117,2.99600360916509e-6,1.1432873410762076e-6,1.7950787777225752e-6
168860,380,626,268,5.868460677746052e-6,9.804080486489123e-6,4.1118043797406e-6
168835,241,232,117,3.7218395350968388e-6,3.6334611387627425e-6,1.7950787777225752e-6
168800,14066,13359,12628,2.1722570498204204e-4,2.0922158341694601e-4,1.9374576756479213e-4
168759,4439,5310,5399,6.855288670661771e-5,8.316240796047484e-5,8.283444718738619e-5
167348,392500,459718,258867,0.006061502147408752,0.007199859861162631,0.003971680837202648
163872,2177,2038,1480,3.3620102356455675e-5,3.191807672757961e-5,2.270697941050779e-5
161846,88204,99561,102746,0.001362162383210297,0.0015592716570532645,0.001576386017913536
160822,51771,64265,67632,7.995159940726076e-4,0.0010064843969077053,0.001037647588845583
160463,444436,522474,1424880,0.006863566288880907,0.008182711099197952,0.02186129785300293
146868,625,539,816,9.652073483134955e-6,8.441532559453094e-6,1.2519523783090781e-5
146430,7569,7141,4804,1.1689047071015757e-4,1.1183856030993424e-4,7.370562776221583e-5
146262,306,402,323,4.725655177342874e-6,6.2959111111319935e-6,4.955644830806767e-6
138111,551,495,520,8.509267982731777e-6,7.75242786072223e-6,7.978127900989223e-6
136141,4429,3403,5532,6.839845353088755e-5,5.329598385866212e-5,8.487500682360074e-5
135888,3613,2400,632,5.579670639130655e-5,3.758752902168354e-5,9.696493910433057e-6
135773,714,624,678,1.1026528747133373e-5,9.772757545637721e-6,1.0402251378597488e-5
135765,1617,898,940,2.4971844515566757e-5,1.4064000442279925e-5,1.4422000436403596e-5
135618,1158,1519,187,1.7883361749552444e-5,2.3789773576640542e-5,2.8690575336249708e-6
135617,817,779,121,1.2617190457154013e-5,1.220028546162145e-5,1.8564489923455693e-6
135613,6087,5099,5525,9.400347406694796e-5,7.985783770065182e-5,8.47676089480105e-5
135609,863248,647321,3027,0.013331413008270855,0.010137998697435504,4.644190991595073e-5
135193,1664,1843,1059,2.5697680441498504e-5,2.8864089994567818e-5,1.624776432143767e-5
135163,149,328,158,2.3010543183793733e-6,5.136962299630084e-6,2.4241234776082642e-006
135128,78,76,75,1.2045787706952425e-6,1.1902717523533121e-6,1.150691524181138e-6
134941,767,856,719,1.1845024578503216e-5,1.3406218684400463e-5,1.1031296078483176e-5
134750,394,407,426,6.084667123768276e-6,6.3742184632605e-6,6.535927857348864e-6
134464,12252,12372,10712,1.8921152690459114e-4,1.9376371210677866e-4,1.64349434760378e-4
134365,2046,2277,12897,3.159702775439059e-5,3.566116815932226e-5,1.978729144981885e-4
134132,551,495,520,8.509267982731777e-6,7.75242786072223e-6,7.978127900989223e-6
133780,532,458,176,8.215844948844473e-6,7.1729534549712754e-6,2.7002894434117374e-6
133675,1810,1588,1143,2.7952404807158832e-5,2.4870415036013943e-5,1.7536538828520542e-5
133610,210,225,96,3.243096690333345e-6,3.523830845782832e-6,1.4728851509518567e-6
133584,1666,1556,165,2.5728567076644538e-5,2.4369247982391495e-5,2.5315213531985035e-6
133018,4968,5416,4078,7.672240170274313e-5,8.482252382559918e-5,6.256693380814241e-5
133012,481,399,190,7.428235752620661e-6,6.248926699854888e-6,2.9150851945922163e-6
133010,21134,14857,5272,3.2637907358811863e-4,2.3268246611464683e-4,8.088594287310612e-5
132978,2085,8979,1397,3.219931713973821e-5,1.4062434295237356e-4,2.1433547457080665e-5
131663,2358,6828,6255,3.641534283717156e-5,1.0693652006668967e-4,9.59676731167069e-5
131662,7006,6195,7680,1.081958829165496e-4,9.702280928722065e-5,1.1783081207614853e-4
131597,235,129,137,3.629179629658743e-6,2.02032968491549e-6,2.1019298508375456e-6
131464,20450,17318,18916,3.1581584436817575e-4,2.712253448322981e-4,2.9021974495213875e-4
131450,9475,8899,8352,1.4632543400432593e-4,1.3937142531831743e-4,1.2814100813281153e-4
131202,1648,1138,1472,2.545058736033025e-5,1.782275334444828e-5,2.25842389812618e-5
131168,4146,3638,3578,6.402799465772404e-5,5.697642940870197e-5,5.489565698026816e-5
131166,2266,2190,2297,3.4994557620454095e-5,3.429862023228623e-5,3.524184574725432e-5
130638,551,495,520,8.509267982731777e-6,7.75242786072223e-6,7.978127900989223e-6
130597,3802,3605,3101,5.871549341260656e-5,5.645960088465382e-5,4.757725888647612e-5
130558,594,352,372,9.17333063837146e-6,5.512837589846919e-6,5.7074299599384444e-006
128297,18756,324,4268,2.8965486439948675e-4,5.074316417927278e-6,6.548201900273463e-5
128051,1114,1065,1003,1.7203855776339743e-5,1.667946600337207e-5,1.538858131671575e-5
128047,4735,3904,1830,7.312410870823042e-5,6.114238054193856e-5,2.8076873190019768e-5
127640,7552,7185,8178,1.1662793431141629e-4,1.125276650086651e-4,1.2547140379671128e-4
127380,2559702,1000546,5344983,0.03953029087828402,0.01567002158855391,0.08200568846656361
127358,3377,1636,3518,5.215208344407479e-5,2.5622165616447615e-5,5.3975103760923245e-5
127344,125,93,262,1.930414696626991e-6,1.4565167495902372e-6,4.019749057806109e-6
127277,48781,18028,12022,7.5334047452929e-4,2.823449888345462e-4,1.8444818004940855e-4
126690,134,75,153,2.0694045547841342e-6,1.1746102819276106e-6,2.3474107093295216e-6
126585,787,714,658,1.2153890929963536e-5,1.1182289883950854e-5,1.0095400305482517e-5
126582,559,575,466,8.632814523315904e-6,9.005345494778348e-6,7.149630003578804e-6
125960,15153,16894,16046,2.3401259118391036e-4,2.6458488137180074e-4,2.4618661596014055e-4
125884,488,736,756,7.536338975631773e-6,1.1526842233316285e-5,1.1598970563745871e-5
125816,1451,1080,1673,2.2408253798446112e-5,1.6914388059757594e-5,2.5668092266067252e-5
125811,20500,21873,35143,3.165880102468265e-4,3.425633426213684e-4,5.391833631239697e-4
125810,6129,5773,3965,9.465209340501463e-5,9.041366876757462e-5,6.083322524504283e-5
125802,6335,6115,6652,9.78334168250559e-5,9.576989165316452e-5,1.0205866691803907e-4
125785,125,93,262,1.930414696626991e-6,1.4565167495902372e-6,4.019749057806109e-6
125241,119,228,133,1.8377547911888956e-6,3.5708152570599364e-6,2.0405596362145514e-6
125070,614,545,571,9.48219698983178e-6,8.535501382007305e-6,8.760598137432397e-6
124960,3772,4100,4167,5.825219388541608e-5,6.421202874537605e-5,6.393242108350403e-5
124615,3452,18706,7878,5.3310332262050985e-5,2.929634657831718e-4,1.2086863769998674e-4
124607,752,2108,1141,1.1613374814907978e-5,3.301437965737871e-5,1.7505853721209045e-5
124605,5922,24580,11067,9.145532666740032e-5,3.8495894306374225e-4,1.6979604130816872e-4
124602,2708,3099,1310,4.182050398772713e-5,4.853489684924887e-5,2.0098745289030543e-5
124356,994,692,1354,1.5350657667577834e-5,1.0837737534585421e-5,2.0773817649883478e-5
123962,5266,4500,41076,8.132451033950188e-5,7.047661691565664e-5,6.302107339635257e-4
121482,484,572,583,7.474565705339709e-6,8.958361083501244e-6,8.944708781301379e-6
120954,882,747,679,1.3621006099400048e-5,1.1699118407999002e-5,1.0417593932253236e-5
120744,4703,3655,5659,7.262992254589391e-5,5.7242674405938896e-5,8.682351113788079e-5
120466,444436,522474,1436275,0.006863566288880907,0.008182711099197952,0.022036126251910187
119025,825,712,332,1.274073699773814e-5,1.115096694309945e-5,5.093727813708504e-6
118964,606,883,423,9.358650449247653e-6,1.3829078385894403e-5,6.489900196381619e-6
117982,6904,7643,8190,1.0662066452410197e-4,1.1970061846363638e-4,1.2565551444058027e-4
113563,370,78,48,5.714027502015894e-6,1.2215946932047152e-6,7.364425754759284e-7
111826,2914,6485,2973,4.500182740776842e-5,1.0156463571067406e-4,4.561341201854031e-5
111821,18561,15867,15977,2.8664341747274864e-4,2.485005512446053e-4,2.451279797578939e-4
111776,498,370,677,7.690772151361933e-6,5.794744057509546e-6,1.0386908824941739e-5
111399,44813,32062,19920,6.920613903995628e-4,5.021380647888407e-4,3.0562366882251027e-4
110889,21424,24102,3838,3.3085763568429323e-4,3.7747276020025697e-4,5.888472093076277e-5
110873,8186,13778,1284,1.2641899765270838e-4,2.1578373952531492e-4,1.969983889398108e-5
110842,14733,13868,296,2.2752639780324366e-4,2.1719327186362806e-4,4.541395882101558e-6
110801,6248,5062,371,9.648984819620352e-5,7.927836329490087e-5,5.692087406282696e-6
110604,12310,925,269887,1.9010723932382607e-4,1.4486860143773865e-5,0.0041407557784889975
110368,1810,1588,1601,2.7952404807158832e-5,2.4870415036013943e-5,2.4563428402853358e-5
110134,421,288,372,6.501636698239706e-6,4.510503482602025e-6,5.7074299599384444e-006
110022,124,169,112,1.914971379053975e-6,2.6467885019435493e-6,1.7183660094438327e-6
109990,6658,5803,620,1.0282160840114005e-4,9.088351288034566e-5,9.512383266564075e-6
109714,3306,5062,371,5.105560789639066e-5,7.927836329490087e-5,5.692087406282696e-6
109532,443,388,506,6.841389684846056e-6,6.076650525172173e-6,7.763332149808744e-6
109395,6248,5062,371,9.648984819620352e-5,7.927836329490087e-5,5.692087406282696e-6
108950,2594,2615,2681,4.005996578440332e-5,4.095474516320936e-5,4.1133386351061746e-5
108834,1478,1226,168,2.2825223372917543e-5,1.920096274191001e-5,2.577549014165749e-6
108829,322,260,122,4.972748258511129e-6,4.071982310682384e-6,1.8717915460013178e-6
108825,28409,24006,669,4.387292089318095e-4,3.7596925903938963e-4,1.0264168395695751e-5
108314,758629,2753490,4378795,0.0117157485670995,0.04312370220246475,0.06718189723502328
107237,6147,10379,3747,9.493007312132891e-5,1.6255040154835562e-4,5.748854854808965e-5
106482,291,286,315,4.494005413747635e-6,4.479180541750622e-6,4.83290440156078e-6
106387,13668,12975,13662,2.110792645879817e-4,2.0320757877347664e-4,2.096099680448361e-4
106385,2548,2613,2285,3.934957317604458e-5,4.0923422222357955e-5,3.5057735103385335e-5
106384,11898,11341,18588,1.8374459248374353e-4,1.7761673609788042e-4,2.8518738735305323e-4
105630,40369,36999,41160,6.2343128710508e-4,5.794587442805288e-4,6.314995084706085e-4
105516,2324,2581,2319,3.589027003968902e-5,4.042225516873551e-5,3.5579381927680785e-5
105081,311,479,495,4.8028717652079535e-6,7.5018443339110065e-6,7.594564059595511e-6
104922,8690,9571,11070,1.3420242970950841e-4,1.4989593344438883e-4,1.6984206896913598e-4
104366,179,157,189,2.764353845569851e-6,2.4588508568351316e-6,2.899742640936468e-6
104365,1153,933,1028,1.7806145161687367e-5,1.4612151907179476e-5,1.5772145158109464e-5
104288,3969,9152,5620,6.129452744730022e-5,1.433337773360199e-4,8.622515154530661e-5
103129,22053,63409,35743,3.4057148243772027e-4,9.93078178223305e-4,5.483888953174189e-4
102809,2711,2054,2499,4.186683394044618e-5,3.216866025439083e-5,3.834104158571552e-5
102715,1420,1158,1734,2.192951095368262e-5,1.813598275296231e-5,2.660398803906791e-5
102679,886,819,1012,1.3682779369692112e-5,1.2826744278649509e-5,1.5526664299617488e-5
102223,14665,13380,14027,2.264762522082786e-4,2.0955047429588574e-4,2.152100001291843e-4
100947,940,765,906,1.4516718518634972e-5,1.1981024875661629e-5,1.3900353612108147e-5
100916,612,534,784,9.451310354685747e-6,8.363225207324588e-6,1.2028562066106828e-5
100897,47802,41022,46131,7.382214666253074e-4,6.42464839803126e-4,7.077673426933343e-4
100896,128,115,157,1.976744649346039e-6,1.8010690989556697e-6,2.4087809239525157e-6
100879,11976,11252,11832,1.8494917125443875e-4,1.76222865229993e-4,1.8153309485481633e-4
100877,1536,1149,1309,2.3720935792152467e-5,1.7995029519130995e-5,2.0083402735374794e-5
100876,41583,46432,42299,6.421794746387213e-4,7.271933948061709e-4,6.48974677084506e-4
100865,328596,242631,234345,0.005074612381222742,0.0037999582308583745,0.0035954507364563838
100343,1756,1783,2007,2.711846565821597e-5,2.7924401769025732e-5,3.079250518708725e-5
100017,2915,3321,3419,4.501727072534143e-5,5.20117432837546e-5,5.245619094900415e-5
97828,229291,227639,299415,0.0035410137296343954,0.0035651614662362582,0.004593790702835939
89252,1323,544,1202,2.0431509149100073e-5,8.519839911581602e-6,1.8441749494209705e-5
89241,47698,43502,46012,7.366153615977137e-4,6.813052864588656e-4,7.059415788083003e-4
89209,926,515,1064,1.4300512072612749e-5,8.06565726923626e-6,1.632447708971641e-5
88847,18549,10274,12356,2.8645809766187247e-4,1.6090594715365697e-4,1.8957259297042856e-4
87951,743,699,713,1.1474384956750835e-5,1.094736782756533e-5,1.0939240756548684e-5
87822,1103,7340,5531,1.703397928303657e-5,1.1495519292464883e-4,8.4859664269945e-5
85117,361,292,382,5.57503764385875e-6,4.5731493643048304e-6,5.86085549649593e-6
85067,2534,3021,769,3.913336673002236e-5,4.7313302156044155e-5,1.1798423761270602e-5
84910,57471,50688,48086,8.875429042387984e-4,7.938486129379564e-4,7.377620350903227e-4
84326,23466,21618,23321,3.6239289016839175e-4,3.385696676628145e-4,3.578036938057109e-4
84216,1531,474,475,2.3643719204287387e-5,7.4235369817824996e-6,7.2877129864805404e-6
84181,10902,10363,12361,1.6836304818101965e-4,1.6229981802154438e-4,1.896493057387073e-4
84151,5532,5616,5569,8.543243281392411e-5,8.795481791073948e-5,8.544268130886344e-5
84116,828,531,1399,1.2787066950457188e-5,8.316240796047484e-6,2.1464232564392162e-5
84105,6076,6091,6465,9.383359757364478e-5,9.539401636294769e-5,9.918960938441409e-5
84063,6466,20304,9672,9.985649142712099e-5,3.1799049552344274e-4,1.4839317895839956e-4
66305,344,461,362,5.312501245117479e-6,7.21993786624838e-6,5.554004423380959e-6
62639,213,699,713,3.2894266430523928e-6,1.094736782756533e-5,1.0939240756548684e-5
62566,2857,2033,820,4.4121558306106506e-5,3.1839769375451096e-5,1.2580893997713775e-5
46351,389600,371914,421477,0.006016716526447006,0.0058247201119043385,0.006466533487163913
43762,939,155,1589,1.4501275201061957e-5,2.4275279159837286e-6,2.4379317758984376e-5
42357,6226,6283,9168,9.615009520959717e-5,9.840101868468236e-5,1.406605319159023e-4
42187,1765,2373,1049,2.7257455516373112e-5,3.71646693201896e-5,1.6094338784880184e-5
42007,123,168,229,1.899528061480959e-6,2.631127031517848e-6,3.513444787166408e-6
41805,280,228,284,4.32412892044446e-6,3.5708152570599364e-6,4.3572852382325756e-6
41682,1214,984,1804,1.8748187533641337e-5,1.5410886898890253e-5,2.7677966794970306e-5
37755,21902,18808,20897,3.382395414841949e-4,2.9456093576659336e-4,3.2061334374417654e-4
34444,3808,3269,3968,5.880815331804466e-5,5.119734682161812e-5,6.0879252906010076e-5
34183,9103,7961,515,1.40580519867164e-4,1.2468096605900943e-4,7.90141513271048e-6
34113,33256,29707,30604,5.135829692082178e-4,4.652553019363137e-4,4.695435120805273e-4
34078,316,260,308,4.880088353073033e-6,4.071982310682384e-6,4.72550652597054e-6
34033,65,60,126,1.0038156422460353e-6,9.396882255420885e-7,1.9331617606243117e-6
34029,434,414,155,6.702399826688913e-6,6.483848756240411e-6,2.3780958166410187e-6
34012,1762,6333,3609,2.7211125563654066e-5,9.918409220596745e-5,5.537127614359636e-5
33993,6243,5937,6281,9.641263160833844e-5,9.298214991738966e-5,9.636657951175636e-5
31601,1100,1130,923,1.698764933031752e-5,1.7697461581042668e-5,1.4161177024255872e-5
31362,4217,8986,3036,6.512447020540817e-5,1.4073397324535346e-4,4.657999289885247e-5
26868,16755,33073,3373,2.5875278593588186e-4,5.179718113892249e-4,5.1750433480839715e-5
26755,507,682,508,7.829762009519075e-6,1.0681122830328406e-5,7.794017257120241e-6
26641,49785,37415,5607,7.68845565372598e-4,5.859739159776207e-4,8.602569834778188e-5
25326,21196,17127,12402,3.2733655927764564e-4,2.6823400398098916e-4,1.90278350438593e-4
22885,801,532,582,1.2370097375985759e-5,8.331902266473185e-6,8.92936622764563e-6
22803,614,558,473,9.48219698983178e-6,8.739100497541423e-6,7.257027879169043e-6
22735,4830,2695,174,7.459122387766694e-5,4.2207662797265474e-5,2.6696043361002403e-6
21709,20500,21873,35143,3.165880102468265e-4,3.425633426213684e-4,5.391833631239697e-4
21704,21812,20603,12807,3.368496429026234e-4,3.226732751807275e-4,1.9649208466917113e-4
20330,4525,11038,3234,6.988101201789707e-5,1.728713105588929e-4,4.961781852269067e-5
20281,6873,13603,2618,1.0614192167933848e-4,2.1304298220081716e-4,4.016680547074959e-5
18488,311,800,580,4.8028717652079535e-6,1.252917634056118e-5,8.898681120334133e-6
18388,988,1235,1362,1.5257997762139736e-5,1.934191597574132e-5,2.0896558079129466e-5
18382,6497,5810,6235,1.0033523427188449e-4,9.099314317332557e-5,9.5660822043591945e-005
18361,3072,2934,3208,4.7441871584304934e-5,4.5950754229008125e-5,4.921891212764121e-5
18321,1835,1531,1768,2.833848774648423e-5,2.397771122174896e-5,2.712563486336336e-5
18318,1705,1383,1503,2.6330856461992158e-5,2.1659813598745142e-5,2.3059858144590006e-5
18305,8348,7216,151852,1.2892081509953697e-4,1.1301317059186184e-4,0.002329797457732722
18226,1093,952,781,1.687954610730641e-5,1.4909719845267804e-5,1.1982534405139583e-5
18176,2548,2501,2358,3.934957317604458e-5,3.916933753467939e-5,3.617774152025498e-5
18173,9814,7479,9645,1.5156071866157832e-4,1.1713213731382134e-4,1.4797893000969434e-4
18164,11083,9521,10854,1.7115828866173552e-4,1.4911285992310374e-4,1.665280773794943e-4
18157,465,325,366,7.181142671452406e-6,5.08997788835298e-6,5.615374638003953e-6
18023,413,771,278,6.378090157655579e-6,1.2074993698215838e-5,4.265229916298085e-6
17962,2914,7327,2665,4.500182740776842e-5,1.1475159380911471e-4,4.088790549256977e-5
17948,1431,865,1329,2.2099387446985793e-5,1.3547171918231776e-5,2.0390253808489765e-5
17872,2594,2615,2681,4.005996578440332e-5,4.095474516320936e-5,4.1133386351061746e-5
17775,6034,5771,5707,9.318497823557811e-5,9.038234582672322e-5,8.755995371335672e-5
17710,293,109,199,4.524892048893667e-6,1.7071002764014609e-6,3.0531681774939527e-6
17702,514,286,352,7.937865232530187e-6,4.479180541750622e-6,5.400578886823475e-6
17663,5535,1763,1873,8.547876276664317e-5,2.76111723605117e-5,2.873660299721695e-5
17504,1588,2043,1713,2.4523988305949295e-5,3.199638407970811e-5,2.628179441229719e-5
17480,190,292,307,2.934230338873026e-6,4.5731493643048304e-6,4.710163972314792e-6
17471,4199,4042,4413,6.484649048909389e-5,6.330366346068536e-5,6.770668928281817e-5
17425,12638,11514,10231,1.951726474877753e-4,1.8032617048152678e-4,1.5696966645196297e-4
17350,790,691,703,1.2200220882682584e-5,1.0822076064159719e-5,1.0785815219991201e-5
17349,684,678,1138,1.0563229219942894e-5,1.06184769486256e-5,1.74598260602418e-5
17334,1235,1219,1025,1.907249720267467e-5,1.9091332448930097e-5,1.572611749714222e-5
17297,5183,4769,7373,8.004271498094156e-5,7.468955246017033e-5,1.1312064810383374e-4
17289,1988,1684,1719,3.070131533515567e-5,2.6373916196881284e-5,2.637384973423168e-5
17225,845,1093,973,1.304960334919846e-5,1.7117987175291712e-5,1.4928304707043297e-5
17191,787,714,798,1.2153890929963536e-5,1.1182289883950854e-5,1.2243357817287308e-5
17188,331,397,447,5.111738116668272e-6,6.217603759003486e-6,6.8581214841195825e-6
17186,452,460,539,6.980379543003199e-6,7.204276395822679e-6,8.269636420448445e-6
17069,497,484,549,7.675328833788917e-6,7.580151686039514e-6,8.42306195700593e-6
17045,1448,1639,1430,2.2361923845727063e-5,2.5669150027724718e-5,2.1939851727720363e-5
17011,6318,6306,6110,9.757088042631463e-5,9.87612325044735e-5,9.374300283662338e-5
17010,18305,16310,18261,2.826899281740566e-4,2.5543858264319105e-4,2.801703723076235e-4
16857,1933,5049,1596,2.985193286863979e-5,7.907476417936675e-5,2.4486715634574616e-5
16852,14665,13380,14027,2.264762522082786e-4,2.0955047429588574e-4,2.152100001291843e-4
16817,446,515,799,6.887719637565104e-6,8.06565726923626e-6,1.2258700370943056e-5
16810,419,422,290,6.470750063093674e-6,6.609140519646023e-6,4.449340560167067e-6
16794,31013,55612,15422,4.7894360789194296e-4,8.709656933141105e-4,2.3661286247895347e-4
16793,5206,4261,3086,8.039791128512093e-5,6.673352548391399e-5,4.7347120581639894e-5
16747,27658,25363,27633,4.2713127743447456e-4,3.972218744070665e-4,4.239607851692985e-4
16688,397,443,431,6.130997076487324e-6,6.938031398585754e-6,6.612640625627606e-6
16594,5839,5547,5994,9.017353130884e-5,8.687417645136609e-5,9.196326661255655e-5
16549,90,122,60,1.3898985815714335e-6,1.91069939193558e-6,9.205532193449104e-7
14835,1539,1422,874,2.3767265744871514e-5,2.22706109453475e-5,1.3409391895124194e-5
14816,89,59,69,1.3744552639984176e-6,9.24026755116387e-7,1.058636202246647e-6
14796,2147,1557,1017,3.31568028292652e-5,2.4384909452817195e-5,1.560337706789623e-5
14778,6243,5937,6281,9.641263160833844e-5,9.298214991738966e-5,9.636657951175636e-5
14740,1421,1415,1613,2.1944954271255635e-5,2.2160980652367587e-5,2.474753904672234e-5
14739,138,65,113,2.131177825076198e-6,1.017995577670596e-6,1.7337085630995813e-6
14729,308,529,367,4.756541812488906e-6,8.28491785519608e-6,5.630717191659702e-6
14719,969,1225,1116,1.4964574728252434e-5,1.918530127148431e-5,1.712228987981533e-5
14712,14891,14626,15766,2.2996644197978018e-4,2.2906466644630977e-4,2.4189070093653096e-4
14709,5459,5121,5353,8.430507063109395e-5,8.020239005001726e-5,8.212868971922176e-5
14703,13582,11386,12573,2.0975113927670233e-4,1.78321502267037e-4,1.9290192711372597e-4
14702,15137,13386,15135,2.337654981027421e-4,2.0964444311843996e-4,2.3220954957975365e-4
14696,547,3572,3878,8.447494712439712e-6,5.594277236060567e-5,5.949842307699271e-5
14694,2332,2310,2667,3.601381658027314e-5,3.617799668337041e-5,4.091859059988127e-5
14689,79119,47283,56552,0.0012218598430594472,7.405213061384429e-4,8.676520943398895e-4
13146,73,165,99,1.1273621828301628e-6,2.5841426202407433e-6,1.518912811919102e-6
13139,3833,3358,3872,5.9194236257370055e-5,5.259121768950555e-5,5.940636775505822e-5
10176,2915,3321,3419,4.501727072534143e-5,5.20117432837546e-5,5.245619094900415e-5
6485,9295,8688,9118,1.4354563684118305e-4,1.3606685505849442e-4,1.3989340423311487e-4
6435,1553,1433,1761,2.3983472190893737e-5,2.2442887120030213e-5,2.701823698777312e-5
6422,9295,8688,9433,1.4354563684118305e-4,1.3606685505849442e-4,1.4472630863467567e-4
6404,17718,13927,16365,2.736247007586962e-4,2.1811729861874444e-4,2.510808905763243e-4
5837,35104,9932,39760,5.421222200831512e-4,1.5554972426806704e-4,6.100199333525607e-4
5244,153311,116172,117509,0.002367630460436645,0.0018194243422945918,0.0018028881375333513
4983,648,190,447,1.0007269787314321e-5,2.9756793808832803e-6,6.8581214841195825e-6
4862,144857,73849,97609,0.002237072653674368,0.0011565839294676282,0.0014975713197839559
4852,183,110,173,2.826127115861915e-6,1.7227617468271624e-6,2.6542617824444918e-6
4850,3698,2655,4600,5.71093883850129e-5,4.158120398023742e-5,7.057574681644313e-5
4849,1835,1515,564,2.833848774648423e-5,2.3727127694937735e-5,8.653200261842157e-6
4801,1322,1171,618,2.0416065831527057e-5,1.8339581868496428e-5,9.481698159252578e-6
4795,1568,2003,2297,2.4215121954488975e-5,3.1369925262680056e-5,3.524184574725432e-5
4766,14280,14366,111177,2.2053057494266745e-4,2.2499268413562738e-4,0.0017057390877851517
4755,1683,1686,2394,2.5991103475385807e-5,2.6405239137732686e-5,3.6730073451861925e-5
4744,3042,3289,2747,4.697857205711446e-5,5.151057623013215e-5,4.214599489234115e-5
4735,4632,3690,4958,7.153344699820978e-5,5.7790825870838446e-5,7.60683810252011e-5
4732,1730,1704,1489,2.6716939401317554e-5,2.6687145605395315e-5,2.2845062393409526e-5
4729,32814,32104,31805,5.067570228409447e-4,5.027958465467202e-4,4.8796991902108123e-4
4723,721,82,731,1.1134631970144485e-5,1.284240574907521e-6,1.1215406722352158e-5
4721,488,856,804,7.536338975631773e-6,1.3406218684400463e-5,1.2335413139221799e-5
4716,8545,7989,8473,1.3196314866142111e-4,1.2511948723092908e-4,1.2999745712515709e-4
4713,6693,6981,7257,1.033621245161956e-4,1.09332725041822e-4,1.1134091187976691e-4
4709,1084,1252,1174,1.6740556249149266e-5,1.9608160972978246e-5,1.8012157991848746e-5
4708,132,140,52,2.0385179196381025e-6,2.1926058595982066e-6,7.978127900989224e-7
4707,697,703,669,1.0763992348392102e-5,1.1010013709268138e-5,1.0264168395695751e-5
4550,170,403,151,2.6253639874127077e-6,6.311572581557694e-6,2.3167256020180245e-6
4546,959,1391,1814,1.4810141552522274e-5,2.1785105362150752e-5,2.783139233152779e-5
4541,47277,55612,55391,7.30113724899474e-4,8.709656933141105e-4,8.498393895455655e-4
3772,466,1064,483,7.196585989025423e-6,1.666380453294637e-5,7.410453415726529e-6
3365,659,556,549,1.0177146280617496e-5,8.70777755669002e-6,8.42306195700593e-6
3246,183,201,210,2.826127115861915e-6,3.1479555555659967e-6,3.2219362677071865e-6
3229,3948,3289,3645,6.097021777826688e-5,5.151057623013215e-5,5.592360807520331e-5
3204,5295,760,1135,8.177236654911933e-5,1.1902717523533121e-5,1.7413798399274554e-5
3194,3156,2957,39315,4.873911026043827e-5,4.6310968048799266e-5,6.031924969757526e-4
3182,10369,9395,9754,1.6013175991460215e-4,1.4713951464946537e-4,1.4965126835817094e-4
3178,5510,5218,1989,8.509267982731776e-5,8.17215526813103e-5,3.051633922128378e-5
3175,10799,13145,13634,1.66772386470999e-4,2.058700287458459e-4,2.0918037654247515e-4
3166,2458,2762,3107,3.795967459447315e-5,4.325698131578747e-5,4.766931420841061e-5
3161,18305,16310,18261,2.826899281740566e-4,2.5543858264319105e-4,2.801703723076235e-4
2821,946,1077,1015,1.4609378424073068e-5,1.6867403648480488e-5,1.5572691960584734e-5
2394,6318,6306,6110,9.757088042631463e-5,9.87612325044735e-5,9.374300283662338e-5
2018,955,777,751,1.4748368282230211e-5,1.2168962520770046e-5,1.1522257795467129e-5
2017,376,205,371,5.806687407453989e-6,3.2106014372688023e-6,5.692087406282696e-6
1981,2329,1969,2325,3.59674866275541e-5,3.0837435268206206e-5,3.5671437249615277e-5
1970,46673,80439,40751,7.207859610853725e-4,0.001259793019573001,6.252244040254074e-4
1967,557,873,476,8.601927888169872e-6,1.3672463681637388e-5,7.303055540136289e-6
1846,661,654,424,1.0208032915763529e-5,1.0242601658408764e-5,6.505242750037367e-6
1771,292,289,171,4.509448731320651e-6,4.526164953027726e-6,2.6235766751329947e-6
1753,4749,2757,5572,7.334031515425264e-5,4.317867396365897e-5,8.548870896983068e-5
1746,278,343,347,4.293242285298428e-6,5.371884356015606e-6,5.323866118544732e-6
1744,7326,12462,11688,1.1313774453991469e-4,1.9517324444509178e-4,1.7932376712838854e-4
1717,253,191,135,3.90715934597303e-6,2.9913408513089816e-6,2.0712447435260485e-6
1715,5448,5049,4757,8.413519413779078e-5,7.907476417936675e-5,7.298452774039565e-5
1704,18370,44116,23000,2.836937438163026e-4,6.909214293002463e-4,3.5287873408221563e-4
1684,5815,5031,5533,8.980289168708762e-5,7.879285771170412e-5,8.489034937725649e-5
892,1594,2972,4415,2.461664821138739e-5,4.6545890105184785e-005,6.773737439012966e-5
592,1042,1673,606,1.6091936911082597e-5,2.6201640022198568e-5,9.297587515383595e-6
309,201,704,229,3.1041068321762018e-6,1.1025675179693839e-5,3.513444787166408e-6
303,380,312,299,5.868460677746052e-6,4.886378772818861e-6,4.5874235430688035e-6
168,3340,1359,4288,5.15806806938732e-5,2.1283938308528304e-5,6.57888700758496e-5
136,90,122,60,1.3898985815714335e-6,1.91069939193558e-6,9.205532193449104e-7
134,5279,2139,3273,8.152527346795109e-5,3.3499885240575456e-5,5.021617811526486e-5
68,203424,153290,158142,0.0031415414339731923,0.0024007468015557793,0.0024263021202273805
