BinBase name,F_PAT_19_019,F_PAT_20_020,F_PAT_21_021,normF_PAT_19_019,normF_PAT_20_020,normF_PAT_21_021
zymosterol,1949,831,1108,2.7802481584743162e-5,1.1872030313765047e-5,1.4811547124915615e-5
xylose,2157273,1689670,2232532,0.030773495564783804,0.02413936637817014,0.029844091088341254
xylonic acid,3743,2074,3678,5.339388844109474e-5,2.9630073249998443e-5,4.91668504742235e-5
xylitol,19829,13000,20166,2.8286065025339774e-4,1.8572369925264211e-4,2.695755048023902e-4
vanillic acid,1203,972,1075,1.7160792891968203e-5,1.388641812873601e-5,1.4370408988523725e-5
valine,12378,11244,14663,1.765721483098773e-4,1.6063671341513138e-4,1.960123786034636e-4
uridine,1060,795,818,1.5120898142548873e-5,1.1357718531219268e-5,1.0934878653592937e-5
uric acid,407,311,387,5.805854286808859e-6,4.443082343659362e-6,5.173347235868541e-6
urea,11822,13861,16624,1.68640809284163e-4,1.9802432271852864e-4,2.2222667816299387e-4
UDP-glucuronic acid,10805,2127,11263,1.5413330606626468e-4,3.038725448541306e-5,1.5056178273278393e-4
tyrosol,1554,1186,1400,2.2167807276906553e-5,1.6943715947202582e-5,1.8714951240868105e-5
tryptophan,1245,997,1689,1.775992281837108e-5,1.4243579088837245e-5,2.257825188987588e-5
trehalose,36502,20665,23763,5.207009660370933e-4,2.952292496196807e-4,3.176595616691063e-4
trans-phytol,1097,674,997,1.5648703077713314e-5,9.62905948432929e-6,1.3327718847961072e-5
tocopherol alpha-,456,661,633,6.504839200945553e-6,9.44333578507665e-6,8.461831525335366e-6
threose,138,257,182,1.968569758180891e-6,3.671614669840694e-6,2.4329436613128536e-6
threonine,3764,2803,9238,5.3693453404296186e-5,4.004488684655045e-5,1.2349194254509968e-4
threonic acid,15046,10907,14724,2.1463116363470785e-4,1.5582218367296674e-4,1.9682781576467286e-4
tartaric acid,286,273,311,4.079789498838658e-6,3.900197684305484e-6,4.157392739935701e-6
sucrose,19437,12152,9888,2.7726877094030417e-4,1.7360879948600822e-4,1.3218102704978845e-4
succinic acid,32253,17824,21245,4.6008898848266865e-4,2.546414781137764e-4,2.8399938508017353e-4
succinate semialdehyde,566,525,653,8.07398900819119e-6,7.500380162125932e-6,8.729187971633481e-6
stigmasterol,1625,1425,779,2.3180622152492375e-5,2.0358174725770386e-5,1.041353358331161e-5
squalene,7623,6879,4968,1.0874208164212269e-4,9.827640978145578e-5,6.641134126045197e-5
spermidine,346,632,1058,4.935689393699915e-6,9.029029071359216e-6,1.4143156009170326e-5
sorbitol,5955378,3214406,2260323,0.08495345673431738,0.045922413324606795,0.0302155962382948
shikimic acid,8978,4617,9771,1.280711542677394e-4,6.596048611149605e-5,1.3061699183894448e-4
serine,15743,9966,52399,2.2457386741334614e-4,1.4237864513475627e-4,7.004605214787485e-4
salicylic acid,1242,1015,1227,1.7717127823628018e-5,1.4500734980110134e-5,1.6402317980389405e-5
saccharopine,159,110,108,2.2681347213823308e-6,1.5715082244454333e-6,1.4437248100098254e-6
saccharic acid,3250,2458,3425,4.636124430498475e-5,3.511606559715341e-5,4.578479142855233e-5
ribulose MassBank,10291,6815,10621,1.4680109696695324e-4,9.736207772359662e-5,1.419796408066144e-4
ribose,62432,41353,62392,8.905923705996332e-4,5.907870873226546e-4,8.340451698716021e-4
ribonic acid,1171,1454,2173,1.6704312948042197e-5,2.0772481439487818e-5,2.904827789029028e-5
ribitol,22242,13771,20283,3.1728209102506797e-4,1.967385432621642e-4,2.7113954001323416e-4
resveratrol,78,119,61,1.112669863319634e-6,1.7000861700818779e-6,8.154371612092532e-7
raffinose,202132,129176,136994,0.002883412625801593,0.0018454649672814845,0.0018313114502082038
quinic acid,1685431,1622663,1464501,0.024042670261598384,0.02318207500003,0.019577189148001845
pyrophosphate,30796,42042,37017,4.393048860357878e-4,6.006304433830446e-4,4.948366786308677e-4
putrescine,28314,22837,28745,4.0389916038502713e-4,3.26259393833276e-4,3.8425805244196695e-4
propyleneglycol,92585,60210,122171,0.0013207248627621578,8.60186456307814e-4,0.0016331602200343554
proline,5882,3686,28790,8.390671969289856e-5,5.2659811957326066e-5,3.848596044461377e-4
pipecolinic acid,1166,1199,4440,1.6632987956803758e-5,1.7129439646455222e-5,5.935313107818171e-5
pinitol,1955,1257,1914,2.788807157422929e-5,1.7958053073890087e-5,2.558601191072968e-5
phosphate,70913,42062,80280,0.0010115738207382718,6.009161721511256e-4,0.0010731687754406368
phenylethylamine,3449,3013,2725,4.9199978956274586e-5,4.304503891140083e-5,3.642731580811828e-5
phenylalanine,4142,2794,6008,5.9085622741922104e-5,3.9916308900914005e-5,8.031387646795399e-5
pentono-gamma-lactone,572,523,598,8.159578997677315e-6,7.471807285317833e-6,7.993957744313662e-6
pentitol,2088,1859,2175,2.978531634117174e-5,2.655848899312782e-5,2.9075013534920094e-5
palmitoleic acid,569,441,173,8.116784002934254e-6,6.300319336185783e-6,2.3126332604787016e-6
oxoproline,25403,22026,29330,3.623737504860085e-4,3.1467309228759197e-4,3.9207822849618684e-4
oleic acid,4020,3874,1844,5.734529295570421e-5,5.534566237728735e-5,2.4650264348686278e-5
oleamide NIST,1508,1153,95,2.1511617357512924e-5,1.6472263479868952e-5,1.26994311991605e-6
nicotinic acid MassBank,352505,72141,172521,0.005028483207301123,0.0010306379529065274,0.002306230073589862
N-acetylmannosamine,587,279,355,8.373553971392631e-6,3.985916314729781e-6,4.745576921791555e-6
N-acetyl-D-galactosamine,1657,1004,1502,2.3637102096418377e-5,1.4343584157665592e-5,2.0078469116988497e-5
myristic acid,27967,20778,25874,3.9894920599307953e-4,2.968436171593383e-4,3.4587903457587244e-4
mucic acid,119291,74114,87489,0.0017016859059649032,0.0010588250958777168,0.0011695374065087928
montanic acid,2171,1439,1750,3.096931119572981e-5,2.055818486342708e-5,2.3393689051085132e-5
methylmalonic acid,3771,16364,23149,5.3793308392029996e-5,2.337832780438643e-4,3.094517187677541e-4
methionine sulfoxide,236,475,666,3.366539586454277e-6,6.786058241923462e-6,8.902969661727256e-6
methionine,72,197,345,1.0270798738335084e-6,2.8144283655977304e-6,4.611898698642497e-6
melezitose,327,226,257,4.66465442699385e-6,3.228735079315163e-6,3.435530334930788e-6
mannoheptulose,3146,4354,2128,4.487768448722524e-5,6.220315281123106e-5,2.844672588611952e-5
mannitol,3047579,4441572,2626503,0.043473709094689575,0.06345424479515048,0.035110625413567
maltose,6148,6329,4834,8.770120922678346e-5,9.041886865922861e-5,6.462005307025459e-5
malonic acid,101,173,169,1.4407648230164492e-6,2.4715538439005452e-006,2.2591619712190784e-6
malic acid,1227443,1097353,1535143,0.017509472244136428,0.015677266041998813,0.02052151885197142
maleic acid,5198,2161,3062,7.414946089148022e-5,3.087299339115074e-5,4.093227192824153e-5
lyxose,110886,72220,110291,0.0015817885956930888,0.0010317665815404472,0.0014743504909332744
lysine,29847,25589,38528,4.2576740269873223e-4,3.6557567232121995e-4,5.150354581486903e-4
loganin,361,298,398,5.149664367415229e-6,4.257358644406719e-6,5.320393281332505e-6
linolenic acid,882,1429,1438,1.2581728454460476e-5,2.0415320479386583e-5,1.9222928488834527e-5
linoleic acid,14415,11121,8031,2.05629949740417e-4,1.5887948149143332e-4,1.073569810110084e-4
lignoceric acid,5289,2116,6362,7.54475757320198e-5,3.0230103662968516e-5,8.504608556743064e-5
levoglucosan,1001,1183,1290,1.4279263245935302e-5,1.6900856631990434e-5,1.724449078622847e-5
leucrose,6694,4467,5730,9.54898982700209e-5,6.381752035088864e-5,7.659762186441018e-5
leucine,11687,15486,38838,1.6671503452072515e-4,2.2123978512510892e-4,5.191794830663111e-4
lauric acid,4850,4632,2756,6.918524150128494e-5,6.61747826875568e-5,3.684171829988036e-5
lactic acid,43912,31813,54284,6.264046030524586e-4,4.544944649480234e-4,7.256588665423459e-4
kojic acid,155,173,127,2.2110747283915805e-6,2.4715538439005452e-006,1.6977134339930354e-6
itaconic acid,9750,13021,14296,1.3908373291495425e-4,1.8602371445912715e-4,1.9110638781389316e-4
isothreonic acid,2425,2094,2777,3.459262075064247e-5,2.991580201807943e-5,3.7122442568493376e-5
isomaltose,9471,5799,9222,1.351037984038494e-4,8.284705630508244e-5,1.232780573880612e-4
isoleucine,7442,10809,14125,1.0616011695929124e-4,1.544221127093699e-4,1.888204901980443e-4
isocitric acid,14585,10088,14835,2.0805499944252386e-4,1.4412159062005027e-4,1.983116440416274e-4
indole-3-propionic acid,794,997,1646,1.1326408608663967e-5,1.4243579088837245e-5,2.200343553033493e-5
homoserine,1231,1391,1280,1.7560212842903453e-5,1.9872435820032707e-5,1.711081256307941e-5
histidine,3997,4789,1278,5.70171979960074e-5,6.841775351699254e-5,1.70840769184496e-5
hexadecylglycerol NIST,3581,2219,1440,5.108295872496935e-5,3.170160681858561e-5,1.9249664133464337e-5
heptadecanoic acid,8849,10041,4773,1.262309694937877e-4,1.4345012801505997e-4,6.380461590904534e-5
guanosine,175,170,204,2.4963746933453327e-6,2.428694528688397e-6,2.7270357522407814e-6
guanine,147,162,133,2.0969547424100795e-6,2.314403021456002e-6,1.77792036788247e-6
glycolic acid,2332,3410,2006,3.3265975913607516e-5,4.871675495780843e-5,2.6815851563701014e-5
glycine,7716,6272,9762,1.1006872647915764e-4,8.96045416701978e-5,1.3049668143811033e-4
glycerol-alpha-phosphate,203,280,359,2.895794644280586e-6,4.00020275313383e-6,4.799048211051178e-6
glycerol-3-galactoside,19150,12967,17738,2.7317471644321785e-4,1.8525224678530848e-4,2.371184322217989e-4
glycerol,2077535,1442334,1811617,0.02963603313450969,0.020605815849066178,0.024217374158662684
glyceric acid,11896,8181,10465,1.6969641915449187e-4,1.1687735258352809e-4,1.398942605254891e-4
glutaric acid,444,316,462,6.333659221973301e-6,4.514514535679608e-6,6.175933909486475e-6
glutamine,14102,11959,23910,2.0116500528889075e-4,1.708515168740267e-4,3.1962463154939743e-4
glutamic acid,5214,2047,10928,7.437770086344323e-5,2.924433941308911e-5,1.4608356225729048e-4
glucose,2101318,3143182,4120209,0.029975297587834446,0.04490487603571678,0.055078221812275674
gluconic acid lactone,3946018,5711913,5222175,0.056289939855343786,0.08160289324378898,0.06980910749734315
gluconic acid,66808,40659,54846,9.530160029315142e-4,5.808722990702443e-4,7.331715826833229e-4
glucoheptulose,5562,4654,5566,7.934192025363852e-5,6.648908433244587e-5,7.440529900476563e-5
galacturonic acid,2328138,1808678,2391176,0.03321088449037495,0.02583956683975925,0.03196481589166717
galactonic acid,1126,3198,4239,1.6062388026896255e-5,4.568803001614996e-5,5.6666198792885645e-5
galactinol,11963,6963,9510,1.7065217403708694e-4,9.947647060739593e-5,1.2712799021475407e-4
fumaric acid,1847,2345,2187,2.6347451763479026e-5,3.350169805749583e-5,2.9235427402698964e-5
fucose,29628,22677,33965,4.2264336808248864e-4,3.239735636886281e-4,4.5403808492577516e-4
fructose,5758951,7602538,6771713,0.08215142592351884,0.10861319085144487,0.09052305615153763
flavin adenine,164,203,212,2.339459712620769e-6,2.900146996022027e-6,2.8339783307600277e-6
ethanolamine,267833,216082,227471,0.003820637275672917,0.003087042183223801,0.0030407919097939352
ethanol phosphate NIST,789,395,705,1.125508361742553e-5,5.643143169599511e-6,9.424314732008582e-6
erythrose major,415,447,430,5.9199742727903604e-6,6.386037966610079e-6,5.74816359540949e-6
erythronic acid lactone,319,407,460,4.5505344410123495e-6,5.814580430448103e-6,6.149198264856664e-6
erythritol,5721,4441,6350,8.161005497502085e-5,6.344607295238335e-5,8.488567169965176e-5
dihydroxyacetone,570,3723,3394,8.131049001181941e-6,5.318841017827589e-5,4.537038893679025e-5
digitoxose,14053,11159,12785,2.0046602037475405e-4,1.5942236615078717e-4,1.7090760829607053e-4
digalacturonic acid,294322,231438,295933,0.004198502814255914,0.0033064247313563835,0.003955979761117015
dehydroascorbic acid,33021,24545,33159,4.7104450713689275e-4,3.5066063062739235e-4,4.432636201399611e-4
dehydroabietic acid,1245,617,828,1.775992281837108e-5,8.814732495298475e-6,1.1068556876741995e-5
conduritol-beta-epoxide,430,206,356,6.133949246505674e-6,2.943006311234175e-6,4.758944744106461e-6
citric acid,1036040,669493,935340,0.014779108784534277,0.009564670506442241,0.012503458924023983
citramalic acid,3443,2440,3138,4.911438896678846e-5,3.485890970588052e-5,4.194822642417437e-5
cis-p-coumaric acid HMDB,177,112,185,2.524904689840708e-6,1.600081101253532e-6,2.473047128257571e-6
cinnamic acid,368,458,351,5.2495193551490425e-6,6.543188789054622e-6,4.692105632531932e-6
chlorogenic acid,187,278,338,2.667554672317584e-6,3.971629876325731e-6,4.518323942438157e-6
cerotinic acid,1983,1083,460,2.8287491525164542e-5,1.5472212791585493e-5,6.149198264856664e-6
cellobiose,34961,22139,31766,4.987186037374067e-4,3.162874598272495e-4,4.2464224365529736e-4
catechin,224,318,306,3.1953596074820257e-6,4.5430874124877074e-006,4.090553628361172e-6
caproic acid HMDB,4658,20805,4562,6.644636183772891e-5,2.972293509962476e-4,6.098400540060021e-5
campesterol HMDB,1964,2458,1324,2.8016456558458476e-5,3.511606559715341e-5,1.7698996744935265e-5
beta-sitosterol,18158,20455,12787,2.590238381815117e-4,2.9222909755483034e-4,1.7093434394070033e-4
beta-mannosylglycerate,343,342,276,4.892894398956852e-6,4.8859619341848926e-6,3.689518958913998e-6
beta-gentiobiose,3829,2439,3958,5.462067829039588e-5,3.484462326747647e-5,5.290984072239712e-5
beta-alanine,1852,653,1911,2.6418776754717462e-5,9.329044277844254e-6,2.5545908443784966e-5
benzoic acid,11193,12078,8675,1.5966812538636748e-4,1.7255160304410858e-4,1.1596585858180773e-4
aspartic acid,22344,13471,32930,3.1873712084633205e-4,1.924526117409494e-4,4.4020238882984766e-4
asparagine,288961,183784,380241,0.004122028158650061,0.002625618795649814,0.005082994124842093
arbutin,432,316,493,6.1624792430010495e-6,4.514514535679608e-6,6.590336401248555e-6
arachidic acid,13712,12817,9190,1.9560165597229257e-4,1.8310928102470108e-4,1.2285028707398422e-4
arabitol,251849,189771,167646,0.003592625543681878,0.0027111517023748577,0.0022410619398046962
alpha-ketoglutarate,1852,1522,1484,2.6418776754717462e-5,2.174395925096318e-5,1.983784831532019e-5
alanine,167583,142680,334315,0.0023905712013422334,0.0020383890314897677,0.0044690635172077295
adipic acid,2214,3147,2732,3.158270612038038e-5,4.495942165754344e-5,3.652089056432262e-5
adenosine,94,133,104,1.3409098352826358e-6,1.9000963077385694e-6,1.3902535207502023e-6
adenine,3068,1427,1667,4.37650146239056e-5,2.0386747602578484e-5,2.228415979894795e-5
aconitic acid,476,740,810,6.790139165899305e-6,1.0571964418996551e-5,1.082793607507369e-5
6-deoxyhexitol NIST,823,617,785,1.1740093557846907e-5,8.814732495298475e-6,1.0493740517201045e-5
6-deoxyglucose,117156,88226,132607,0.0016712301347060904,0.0012604353146356618,0.0017726668137127122
6-deoxyglucitol,9725,6916,12581,1.3872710795876205e-4,9.880500800240561e-5,1.6818057254382974e-4
5-methyluridine NIST,160,173,139,2.2823997196300183e-6,2.4715538439005452e-006,1.8581273017719048e-6
5-hydroxynorvaline NIST,923,693,1021,1.316659338261567e-5,9.90050181400623e-6,1.3648546583518811e-5
5-Hydroxymethyl-2-furancarboxaldehyde HMDB,139,170,799,1.9828347564285785e-6,2.428694528688397e-6,1.0680890029609726e-5
5'-deoxy-5'-methylthioadenosine,120,101,150,1.7117997897225139e-6,1.4429302788089888e-6,2.0051733472358685e-6
4-hydroxymandelic acid,293,1130,310,4.179644486572471e-6,1.6143675396575816e-5,4.144024917620795e-6
4-hydroxybutyric acid,432,410,309,6.1624792430010495e-6,5.857439745660252e-6,4.130657095305889e-6
4-hydroxybenzoic acid,1767,1496,2166,2.5206251903664017e-5,2.1372511852457894e-5,2.8954703134085943e-5
4-aminobutyric acid,17354,16229,24076,2.4755477959037086e-4,2.3185460885931762e-4,3.218436900536718e-4
3-phenyllactic acid,961,597,561,1.3708663316027798e-5,8.529003727217488e-6,7.499348318662148e-6
3-hydroxybutyric acid,21536,25465,17707,3.0721100226220046e-4,3.638041539591178e-4,2.3670402973003683e-4
3-hydroxy-3-methylglutaric acid,186,145,136,2.6532896740698964e-6,2.071533568587162e-6,1.8180238348271874e-6
3-dehydroshikimic acid,329,1092,1114,4.693184423489225e-6,1.5600790737221937e-5,1.489175405880505e-5
"3,6-anhydro-D-galactose",2638,1933,2772,3.763106537739993e-5,2.7615685435027478e-5,3.705560345691885e-5
"3,4-dihydroxycinnamic acid",1450,1103,1696,2.0684247459147043e-5,1.5757941559666482e-5,2.267182664608022e-5
"3,4-dihydroxybenzoic acid",4373,6178,6320,6.238083733713794e-5,8.826161646021716e-5,8.44846370302046e-5
3-(4-hydroxyphenyl)propionic acid,1065,1875,954,1.519222313378731e-5,2.6787072007592613e-5,1.2752902488420124e-5
2-monoolein,15701,10325,12278,2.2397473748694325e-4,1.4750747652181e-4,1.641301223824133e-4
2-isopropylmalic acid,1544,603,916,2.202515729442968e-5,8.614722357641784e-6,1.2244925240453704e-5
2-hydroxyglutaric acid,16246,4857,10474,2.31749161531933e-4,6.93892313284679e-5,1.4001457092632324e-4
2-deoxytetronic acid,137,279,254,1.9543047599332034e-6,3.985916314729781e-6,3.3954268679860707e-6
2-deoxyerythritol,10394,12534,12136,0.00014827039178646508,1.790662189563551e-4,1.6223189161369668e-4
"2,3-dihydroxypyridine",980,911,830,1.3979698282733862e-5,1.3014945386088998e-5,1.1095292521371807e-5
"2,3-dihydroxybutanoic acid NIST",236,217,267,3.366539586454277e-6,3.1001571336787184e-6,3.569208558079846e-6
1-monostearin,2270,1288,2233,3.2381546022250885e-5,1.8400932664415618e-5,2.9850347229184628e-5
1-monopalmitin,511,392,294,7.289414104568371e-6,5.600283854387362e-6,3.930139760582302e-6
1-methylinosine NIST,813,620,721,1.1597443575370031e-5,8.857591810510625e-6,9.638199889047075e-6
1-methyladenosine,5672,3753,5771,8.091107006088415e-5,5.361700333039738e-5,7.714570257932132e-5
1-kestose,201327,128752,136690,0.0028719293022122045,0.0018394075173981676,0.0018272476322244724
1-deoxyerythritol,10394,12534,12136,0.00014827039178646508,1.790662189563551e-4,1.6223189161369668e-4
519282,20298,11650,18953,2.8955093443156323e-4,1.6643700740717545e-4,2.5336033633440943e-4
519270,3646,2638,3498,5.201018361106904e-5,3.76876245098823e-5,4.6760642457540455e-5
519264,7694,3805,1265,1.097548965177085e-4,5.435989812740794e-5,1.6910295228355823e-5
519261,4033,2678,4147,5.753073793292415e-5,3.8259082046044276e-5,5.543635913991431e-5
519249,3480,1855,2828,4.96421939019529e-5,2.6501343239511625e-5,3.7804201506553576e-5
519244,25773,5366,18990,3.676517998376529e-4,7.666102847612905e-5,2.5385494576006095e-4
513995,3003,2152,1858,4.283778973780591e-5,3.0744415445514296e-5,2.4837413861094957e-5
513551,1062,666,1221,1.5149428139044247e-5,9.514767977096896e-6,1.632211104649997e-5
511927,82,131,147,1.1697298563103845e-6,1.8715234309304706e-6,1.965069880291151e-6
509528,533,206,356,7.603244066017499e-6,2.943006311234175e-6,4.758944744106461e-6
486482,93,97,118,1.3266448370349482e-6,1.3857845251927913e-6,1.5774030331588833e-6
486432,4037,3724,1959,5.7587797925914906e-5,5.3202696616679946e-5,2.6187563914900444e-5
480022,5592,11796,5204,7.976987020106915e-5,1.6852282741416664e-4,6.956614732676974e-5
475884,1061,777,706,1.513516314079656e-5,1.110056263994638e-5,9.437682554323487e-6
475793,2391,5245,4326,3.410761081022109e-5,7.493236942923907e-5,5.782919933428245e-5
474908,739,257,706,1.0541833705041148e-5,3.671614669840694e-6,9.437682554323487e-6
474901,9436,649,6056,1.3460452346518033e-4,9.271898524228057e-6,8.095553193906947e-5
472871,129172,67337,160298,0.0018426383536503047,9.62005902813474e-4,0.0021428351814347683
425117,2613,1741,1490,3.727444042120774e-5,2.4872689261449994e-5,1.9918055249209628e-5
418204,36322,8747,21810,5.181332663525095e-4,1.2496347672022004e-4,2.915522046880953e-4
417918,3030,1317,1300,4.3222944690493476e-5,1.881523937813305e-5,1.7378169009377526e-5
414322,129,117,156,1.8401847739517024e-6,1.671513293273779e-6,2.085380281125303e-6
408463,310721,268974,133787,0.0044324345205197435,0.0038426804832907818,0.001788440844044301
408457,364,137,404,5.192459362158292e-6,1.957242061354767e-6,5.40060021522194e-6
406896,2725,2665,1811,3.8872120224948754e-5,3.807335834679163e-5,2.4209126212294388e-5
404202,1285,5162,1240,1.8330522748278586e-5,7.374659504170297e-5,1.657609967048318e-5
403831,820,641,677,1.1697298563103844e-5,9.157607016995661e-6,9.05001570719122e-6
403585,4639,3229,4104,6.617532687102285e-5,4.613090960667549e-5,5.486154278037336e-5
403523,2825,1755,2629,4.0298620049717516e-5,2.5072699399106687e-5,3.514400486588732e-5
402069,391,447,304,5.577614314845858e-6,6.386037966610079e-6,4.06381798373136e-6
401267,31546,10118,20922,4.500036347215535e-4,1.4455018377217176e-4,2.7968157847245895e-4
401125,743,381,617,1.0598893698031898e-5,5.443133031942819e-6,8.247946368296873e-6
401121,159,410,218,2.2681347213823308e-6,5.857439745660252e-6,2.9141852646494624e-6
399830,243,279,163,3.4663945741880904e-6,3.985916314729781e-6,2.1789550373296437e-6
395982,1442,2676,3319,2.0570127473165542e-5,3.823050916923618e-5,4.4367802263172315e-5
395904,2974,1990,1269,4.242410478862297e-5,2.8430012424058294e-5,1.6963766517615446e-5
393358,3493,2857,3349,4.982763887917284e-5,4.081635452036912e-5,4.476883693261949e-5
391872,6078,3541,4201,8.670265934944532e-5,5.0588278388738905e-5,5.6158221544919224e-5
391843,1066,2096,1388,1.5206488132034997e-5,2.994437489488753e-5,1.8554537373089236e-5
391842,3368,2850,4718,4.804451409821189e-5,4.071634945154077e-5,6.306938568172552e-5
390218,37863,24233,37250,5.401156286521961e-4,3.4620326184532895e-4,4.979513812302407e-4
390208,3319,2045,3767,4.7345529184075196e-5,2.921576653628101e-5,5.0356586660250114e-5
390198,321,543,690,4.579064437507725e-6,7.75753605339882e-6,9.223797397284995e-6
390194,1247,733,1154,1.7788452814866457e-5,1.0471959350168206e-5,1.5426466951401283e-5
390185,3457,2305,1146,4.9314098942256083e-5,3.293024052133385e-5,1.5319524372882037e-5
390140,188645,249819,208509,0.00269102059443503,0.0035690237556612156,0.0027873112630586914
390135,1976,2490,1442,2.818763653743073e-5,3.557323162608299e-5,1.927639977809415e-5
390126,16375,20764,18847,2.335893463058847e-4,2.966436070216816e-4,2.5194334716902944e-4
390122,115710,98142,126504,0.001650602947239934,0.0014020996378502155,0.0016910829941248421
390121,14906114,11250272,15030984,0.21263569008983182,0.1607263179568016,0.2009315233301919
389994,96716,111842,17529,0.0013796535705233553,0.0015978238439856923,2.343245573579836e-4
389988,14044,9780,13618,2.0033763539052487e-4,1.3972136759160308e-4,1.8204300428438706e-4
387768,69,101,100,9.842848790904455e-7,1.4429302788089888e-6,1.3367822314905791e-6
386842,70,167,61,9.98549877338133e-7,2.3858352134762488e-6,8.154371612092532e-7
386187,157,124,201,2.2396047248869556e-6,1.7715183621021249e-6,2.686932285296064e-6
385941,29989,31312,32252,4.277930324499039e-4,4.473369593075946e-4,4.311390053003415e-4
384976,1995,1309,1511,2.845867150413679e-5,1.8700947870900656e-5,2.019877951782265e-5
384941,304,133,267,4.336559467297035e-6,1.9000963077385694e-6,3.569208558079846e-6
384919,73,146,112,1.041344872081196e-6,2.0858200069912114e-6,1.4971960992694486e-6
384908,3744,2625,3657,5.340815343934243e-5,3.750190081062966e-5,4.8886126205610476e-5
384907,369,276,331,5.26378435339673e-6,3.943056999517633e-6,4.424749186233816e-6
384906,10291,6630,10419,1.4680109696695324e-4,9.471908661884748e-5,1.3927934069900343e-4
384897,829,922,1125,1.1825683547333034e-5,1.3172096208533541e-5,1.5038800104269015e-5
384838,551,591,562,7.860014034475877e-6,8.443285096793192e-6,7.512716140977054e-6
382960,6725,4372,6689,9.593211321569921e-5,6.246030870250394e-5,8.941736346440483e-5
382944,669,675,712,9.543283827703014e-6,9.643345922733342e-6,9.517889488212922e-6
382905,235,257,219,3.3522745882065894e-6,3.671614669840694e-6,2.927553086964368e-6
382601,147,162,133,2.0969547424100795e-6,2.314403021456002e-6,1.77792036788247e-6
381214,1756,1345,1520,2.5049336922939452e-5,1.9215259653446434e-5,2.03190899186568e-5
380761,377,239,1069,5.377904339378231e-6,3.414458778567805e-6,1.429020205463429e-5
380017,10805,8123,11263,1.5413330606626468e-4,1.1604873915609322e-4,1.5056178273278393e-4
379842,120,112,69,1.7117997897225139e-6,1.600081101253532e-6,9.223797397284995e-7
379014,938,667,708,1.3380568356330983e-5,9.529054415500946e-6,9.464418198953299e-6
378986,2067,1001,2016,2.94857513779703e-5,1.4300724842453442e-5,2.6949529786850073e-5
378843,105,123,174,1.4978248160071997e-6,1.7572319236980754e-6,2.3260010827936074e-6
378828,3429,2555,2809,4.891467899132083e-5,3.65018501223462e-5,3.755021288257036e-5
378287,10169,13131,10654,1.4506076718073536e-4,1.875952226835726e-4,1.424207789430063e-4
377751,1733,2204,1146,2.4721241963242637e-5,3.1487310242524865e-5,1.5319524372882037e-5
377697,3951,5322,5100,5.636100807661377e-5,7.603242518635087e-5,6.817589380601953e-5
377474,2651,1755,2403,3.781651035461987e-5,2.5072699399106687e-5,3.212287702271862e-5
377073,309,214,257,4.407884458535473e-6,3.05729781846657e-6,3.435530334930788e-6
372460,3512,877,2645,5.0098673845878904e-5,1.2529206480351319e-5,3.5357890022925816e-5
372445,354,224,273,5.049809379681416e-6,3.200162202507064e-6,3.6494154919692807e-6
371546,36181,22173,25484,5.161219015995856e-4,3.167731987329872e-4,3.4066558387305915e-4
371280,1575,1034,473,2.2467372240107994e-5,1.4772177309787074e-5,6.322979954950439e-6
371262,121,137,122,1.7260647879702014e-6,1.957242061354767e-6,1.6308743224185064e-6
370223,777,750,486,1.1083903638453277e-5,1.0714828803037046e-5,6.496761645044214e-6
370160,13129,8574,12495,1.872851619938907e-4,1.224919228763195e-4,1.6703093982474784e-4
362287,1032,880,1063,1.472147819161362e-5,1.2572065795563467e-5,1.4209995120744856e-5
362282,2303,1609,1618,3.2852290964424575e-5,2.2986879392115476e-5,2.162913650551757e-5
362184,881,742,801,1.2567463456212789e-5,1.060053729580465e-5,1.0707625674239538e-5
362181,58700,38656,31478,8.37355397139263e-4,5.522565629469334e-4,4.2079231082860447e-4
362105,330,613,625,4.707449421736913e-6,8.757586741682278e-6,8.35488894681612e-6
362065,7702,5859,8269,1.0986901650369002e-4,8.37042426093254e-5,1.1053852272195598e-4
362022,11336,7815,10714,1.617080201357868e-4,1.1164851612764602e-4,1.4322284828190065e-4
360846,1119,766,1106,1.596253303916244e-5,1.0943411817501836e-5,1.4784811480285804e-5
360154,12755,31025,12072,1.8195005264925554e-4,4.4323675148563247e-4,1.613763509855427e-4
360146,268810,214157,265242,0.003834574178960908,0.003059540789296006,0.0035457079264502415
357409,2880,1652,1003,4.108319495334033e-5,2.3601196243489598e-5,1.3407925781850507e-5
357337,79162,60439,50297,0.001129245791283447,8.634580507023413e-4,6.723613589728165e-4
357024,1009,521,555,1.4393383231916803e-5,7.443234408509734e-6,7.4191413847727135e-6
356925,2909,2718,4142,4.149687990252327e-5,3.8830539582206253e-5,5.5369520028339785e-5
351749,130,112,163,1.85444977219939e-6,1.600081101253532e-6,2.1789550373296437e-6
350283,806,601,829,1.1497588587636217e-5,8.586149480833685e-6,1.10819246990569e-5
348913,1575,1034,473,2.2467372240107994e-5,1.4772177309787074e-5,6.322979954950439e-6
347748,283,220,234,4.036994504095595e-6,3.1430164488908667e-6,3.128070421687955e-6
347663,714,355,1617,1.0185208748848958e-5,5.071685633437535e-6,2.1615768683202663e-5
347660,979,751,581,1.3965433284486175e-5,1.0729115241441095e-5,7.766704764960265e-6
346561,438,539,677,6.248069232487176e-6,7.700390299782623e-6,9.05001570719122e-6
346225,2740,1652,1003,3.908609519866407e-5,2.3601196243489598e-5,1.3407925781850507e-5
345140,8119,5415,7725,1.1581752077297575e-4,7.736106395792746e-5,1.0326642738264723e-4
342554,10169,12913,10654,1.4506076718073536e-4,1.844807791114898e-4,1.424207789430063e-4
341252,884,724,754,1.2610258450955852e-5,1.0343381404531761e-5,1.0079338025438965e-5
334782,2549,1614,2136,3.636148053335573e-5,2.3058311584135722e-5,2.8553668464638768e-5
330511,1314,1056,1340,1.8744207697461527e-5,1.508647895467616e-5,1.7912881901973758e-5
330432,2907,2309,3171,4.1468349906027896e-5,3.298738627495005e-5,4.238936456056626e-5
330287,771,271,558,1.0998313648967152e-5,3.871624807497386e-6,7.459244851717431e-6
330286,5690,4014,4497,8.116784002934253e-5,5.734576375385427e-5,6.011509695013134e-5
329366,2337,1529,2374,3.333730090484596e-5,2.1843964319791524e-5,3.173521017558635e-5
329362,144,113,119,2.054159747667017e-6,1.6143675396575816e-6,1.590770855473789e-6
329361,9580,5487,8918,1.3665868321284736e-4,7.838968752301902e-5,1.1921423940432984e-4
327365,106,2454,89,1.5120898142548872e-6,3.505891984353721e-5,1.1897361860266153e-6
324872,964,167,697,1.3751458310770861e-5,2.3858352134762488e-6,9.317372153489336e-6
324726,53915,41598,47436,7.690973805240778e-4,5.942872647316466e-4,6.34116019329871e-4
324718,91,279,251,1.298114840539573e-6,3.985916314729781e-6,3.3553234010413534e-6
320865,1836,2237,2015,2.619053678275446e-5,3.1958762709858495e-5,2.693616196453517e-5
318789,1713,1264,1953,2.4435941998288884e-5,1.8058058142718432e-5,2.6107356981011008e-5
253506,2974,1990,1269,4.242410478862297e-5,2.8430012424058294e-5,1.6963766517615446e-5
250808,8165,4836,6804,1.1647371069236938e-4,6.908921612198287e-5,9.0954663030619e-5
250761,491,181,529,7.004114139614619e-6,2.5858453511329403e-6,7.071578004585163e-6
232333,598,336,396,8.530468952117195e-6,4.800243303760596e-6,5.293657636702693e-6
232329,208,192,452,2.9671196355190238e-006,2.7429961735774836e-6,6.042255686337417e-6
232320,352,344,285,5.021279383186041e-6,4.914534810992991e-6,3.80982935974815e-6
230854,8632,5941,8572,1.2313546487403948e-4,8.487573055845746e-5,1.1458897288337244e-4
228439,58,215,124,8.273698983658817e-7,3.07158425687062e-6,1.657609967048318e-6
228300,7376,4716,6621,1.0521862707494385e-4,6.737484351349695e-5,8.850835154699124e-5
228290,152,197,225,2.1682797336485174e-6,2.8144283655977304e-6,3.007760020853803e-6
227260,248,242,225,3.5377195654265287e-6,3.4573180937799532e-6,3.007760020853803e-6
223095,1842,1781,2044,2.6276126772240587e-5,2.544414679761197e-5,2.7323828811667435e-5
217691,5914,6297,6060,8.436319963682456e-5,8.996170263029904e-5,8.100900322832909e-5
214730,19856,1737,3233,2.832458052060853e-4,2.4815543507833797e-5,4.321816954409042e-5
213020,13129,8574,12495,1.872851619938907e-4,1.224919228763195e-4,1.6703093982474784e-4
213019,2887,2024,2118,4.1183049941074146e-5,2.8915751329795972e-5,2.8313047662970465e-5
210804,7783,9465,4048,1.110244813617527e-4,1.352211394943275e-4,5.411294473073864e-5
210803,4709,3169,3376,6.717387674836098e-5,4.527372330243253e-5,4.512976813512195e-5
210797,495,231,2367,7.061174132605369e-6,3.30016727133541e-6,3.1641635419382005e-5
210790,4353,1259,2445,6.209553737218419e-5,1.7986625950698186e-5,3.268432555994466e-5
210694,4822669,4747125,5712729,0.06879536483417738,0.06781950890882298,0.07636674620520945
210345,2993,1968,2819,4.269513975532903e-5,2.8115710779169206e-5,3.7683891105719424e-5
210305,34910,24205,36260,4.979910888267746e-4,3.4580324157001556e-4,4.8471723713848394e-4
210297,325245,225253,316826,0.004639619355069158,0.003218063109827338,0.004235273672742342
210289,6078,3541,4201,8.670265934944532e-5,5.0588278388738905e-5,5.6158221544919224e-5
210283,8636,4617,9774,1.2319252486703023e-4,6.596048611149605e-5,1.306570953058892e-4
210272,19192,14990,20216,2.737738463696207e-4,2.1415371167670042e-4,2.7024389591813545e-4
210267,693,526,715,9.885643785647517e-6,7.514666600529981e-6,9.55799295515764e-6
210261,13389,9342,13167,1.909940615382895e-4,1.3346390757062944e-4,1.7601411642036453e-4
209679,34307,16544,13678,4.89389294883419e-4,2.3635483695659318e-4,1.828450736232814e-4
208616,10500,5933,5798,1.4978248160071997e-4,8.476143905122505e-5,7.750663378182377e-5
208244,2183,1623,1663,3.114049117470206e-5,2.3186889529772166e-5,2.2230688509688328e-5
205795,135,155,169,1.9257747634378282e-6,2.214397952627656e-6,2.2591619712190784e-6
204855,1343,1837,1489,1.9157892646644467e-5,2.6244187348238738e-5,1.9904687426894723e-5
204582,165,142,189,2.3537247108684566e-6,2.028674253375014e-6,2.526518417517194e-6
203815,1767,1005,1370,2.5206251903664017e-5,1.4357870596069641e-5,1.8313916571420933e-5
196521,248,210,208,3.5377195654265287e-6,3.0001520648503726e-6,2.7805070415004045e-6
196436,588,695,584,8.387818969640318e-6,9.929074690814329e-6,7.806808231904981e-6
196278,1097,214,1268,1.5648703077713314e-5,3.05729781846657e-6,1.695039869530054e-5
190001,397,457,407,5.663204304331983e-6,6.528902350650573e-6,5.440703682166657e-6
189936,6143,3985,5777,8.762988423554502e-5,5.693145704013684e-5,7.722590951321075e-5
189286,1435,786,1313,2.047027248543173e-5,1.1229140585582823e-5,1.7551950699471304e-5
188945,4983,3789,5230,7.10824862682274e-5,5.413131511294315e-5,6.991371070695728e-5
187301,1314,1243,1189,1.8744207697461527e-5,1.7758042936233397e-5,1.5894340732422983e-5
187055,4036,2150,3676,5.757353292766721e-5,3.07158425687062e-5,4.914011482959368e-5
171968,6544,7387,46124,9.335014853286776e-5,1.0553392049071288e-4,6.165774364527147e-4
171596,144,137,162,2.054159747667017e-6,1.957242061354767e-6,2.165587215014738e-6
171564,91202,59322,36703,0.001300996370185606,8.475000990050181e-4,4.906391824239872e-4
171297,118883,165964,160997,0.0016958657866798467,0.0023710344632896538,0.0021521792892328874
170725,47386,35402,49575,6.759612069649253e-4,5.057684923801567e-4,6.627097912614545e-4
168874,10985,6078,10050,1.5670100575084845e-4,8.683297261981222e-5,1.343466142648032e-4
168871,925,590,854,1.3195123379111044e-5,8.428998658389143e-6,1.1416120256929545e-5
168860,1637,997,577,2.3351802131464627e-5,1.4243579088837245e-5,7.713233475700642e-6
168835,258,203,223,3.680369547903405e-6,2.900146996022027e-6,2.9810243762239913e-6
168800,27048,20137,27886,3.858396726034546e-4,2.8768601014234264e-4,3.727750930734629e-4
168759,1038,4292,5154,1.4807068181099744e-5,6.131739363018e-5,6.889775621102444e-5
167348,351806,617308,613804,0.005018511973525989,0.008819132718326923,0.008205222808178434
163872,2942,1791,2989,4.1967624844696966e-5,2.5587011181652464e-5,3.9956420899253407e-5
161846,94096,137558,54264,0.001342279275114414,0.0019652138939842264,7.253915100960478e-4
160822,5114,3967,4507,7.295120103867446e-5,5.667430114886394e-5,6.02487751732804e-5
160463,517912,779728,652694,0.0073880137724563885,0.011139536043912626,0.00872509741800512
146868,602,1886,416,8.587528945107945e-6,2.6944222830037155e-5,5.561014083000809e-6
146430,13280,11994,15553,1.8943917672929153e-4,1.7135154221816843e-4,2.0790974046372976e-4
146262,476,342,522,6.790139165899305e-6,4.8859619341848926e-6,6.9780032483808225e-6
138111,238,246,250,3.3950695829496526e-6,3.5144638473961508e-6,3.3419555787264476e-6
136141,858,782,749,1.2239368496515975e-5,1.1171994831966626e-5,1.0012498913864437e-5
135888,10386,9559,4890,1.4815627180048358e-4,1.3656406470430814e-4,6.536865111988932e-5
135773,1125,834,1067,1.6048123028648568e-5,1.1914889628977195e-5,1.4263466410004479e-5
135765,694,1080,1568,9.899908783895205e-6,1.5429353476373345e-5,2.096074538977228e-5
135618,1096,644,1026,1.5634438079465627e-5,9.200466332207809e-6,1.371538569509334e-5
135617,722,418,891,1.0299328734830458e-5,5.971731252892647e-6,1.1910729682581059e-5
135613,6471,4344,5486,9.230880366078656e-5,6.206028842719056e-5,7.333587321957316e-5
135609,274660,41039,113828,0.00391802441870988,5.86301145663783e-4,0.0015216324784610962
135193,1622,661,996,2.3137827157749313e-5,9.44333578507665e-6,1.3314351025646167e-5
135163,250,291,255,3.566249561921904e-6,4.157353575578374e-6,3.4087946903009765e-6
135128,43,104,91,6.133949246505675e-7,1.485789594021137e-6,1.2164718306564268e-6
134941,761,424,752,1.0855663666490276e-5,6.057449883316943e-6,1.0052602380809153e-5
134750,281,362,490,4.00846450760022e-6,5.171690702265881e-6,6.550232934303837e-6
134464,3021,2649,2847,4.3094559706264284e-5,3.7844775332326843e-005,3.805819013053678e-5
134365,888,1642,840,1.2667318443946602e-5,2.3458331859449105e-5,1.1228970744520864e-5
134132,238,246,250,3.3950695829496526e-6,3.5144638473961508e-6,3.3419555787264476e-6
133780,240,174,276,3.4235995794450277e-6,2.4858402823045945e-6,3.689518958913998e-6
133675,2405,1910,2310,3.430732078568872e-5,2.728709735173434e-5,3.0879669547432376e-5
133610,242,110,254,3.452129575940403e-6,1.5715082244454333e-6,3.3954268679860707e-6
133584,1285,534,1133,1.8330522748278586e-5,7.628958107762376e-6,1.5145742682788261e-5
133018,7334,2668,5652,1.0461949714854097e-4,3.811621766200378e-5,7.555493172384753e-5
133012,514,331,372,7.3322090993114345e-6,4.72881111174035e-6,4.972829901144954e-6
133010,10422,4357,9269,1.4866981173740032e-4,6.224601212644321e-5,1.2390634503686178e-4
132978,1533,493,10577,2.1868242313705113e-5,7.043214133196351e-6,1.4139145662475856e-4
131663,5875,3691,4920,8.380686470516473e-5,5.273124414934631e-5,6.576968578933649e-5
131662,2002,6591,7104,2.8558526491870605e-5,9.416191552108956e-5,9.496500972509074e-5
131597,137,139,156,1.9543047599332034e-6,1.9858149381628657e-6,2.085380281125303e-6
131464,10210,7706,8518,1.4564563210889056e-4,1.1009129434160462e-4,1.1386711047836752e-4
131450,3068,1427,1667,4.37650146239056e-5,2.0386747602578484e-5,2.228415979894795e-5
131202,1451,1152,928,2.069851245739473e-5,1.6457977041464903e-5,1.2405339108232574e-5
131168,47851,30881,44313,6.825944311501001e-4,4.411795043554493e-4,5.923683102404203e-4
131166,2091,1522,1652,2.9828111335914805e-5,2.174395925096318e-5,2.2083642464224367e-5
130638,238,246,250,3.3950695829496526e-6,3.5144638473961508e-6,3.3419555787264476e-6
130597,1153,1185,1427,1.644754297958382e-5,1.6929429508798533e-5,1.9075882443370562e-5
130558,203,355,191,2.895794644280586e-6,5.071685633437535e-6,2.5532540621470057e-6
128297,1339,871,997,1.9100832653653715e-5,1.2443487849927021e-5,1.3327718847961072e-5
128051,4713,4289,3755,6.723093674135173e-5,6.127453431496785e-5,5.019617279247124e-5
128047,1918,1717,1995,2.7360266639064847e-5,2.4529814739752808e-5,2.6668805518237053e-5
127640,102809,88342,107506,0.001466570204846516,0.0012620925414905315,0.0014371211057862619
127380,4822669,4747125,5466128,0.06879536483417738,0.06781950890882298,0.07307022785453136
127358,3887,1976,3182,5.544804818876176e-5,2.8230002286401604e-5,4.253641060603022e-5
127344,188,232,183,2.6818196705652715e-006,3.3144537097394592e-6,2.4463114836277594e-6
127277,40457,15239,21386,5.771190341066979e-4,2.177110348393087e-4,2.858842480265752e-4
126690,95,124,137,1.3551748335303233e-6,1.7715183621021249e-6,1.8313916571420932e-6
126585,614,675,716,8.758708924080196e-6,9.643345922733342e-6,9.571360777472545e-6
126582,1149,1137,1310,1.639048298659307e-5,1.624368046540416e-5,1.7511847232526586e-5
125960,107291,80830,103263,0.0015305059269926518,0.0011547728161993124,0.0013804014357041165
125884,875,637,1675,1.2481873466726663e-5,9.100461263379464e-6,2.2391102377467197e-5
125816,1704,1482,714,2.4307557014059696e-5,2.11725017148012e-5,9.544625132842734e-6
125811,39324,31656,41066,5.609567910920678e-4,4.522514941185876e-4,5.489629911839211e-4
125810,575,276,261,8.202373992420378e-6,3.943056999517633e-6,3.4890016241904112e-6
125802,6337,4257,5284,9.039729389559641e-5,6.0817368286038267e-5,7.06355731119622e-5
125785,188,232,183,2.6818196705652715e-006,3.3144537097394592e-6,2.4463114836277594e-6
125241,579,341,197,8.259433985411129e-6,4.871675495780843e-6,2.633460996036441e-6
125070,574,413,593,8.188108994172691e-6,5.9002990608723995e-6,7.927118632739134e-6
124960,10171,6809,5008,1.4508929717723073e-4,9.727635909317232e-5,6.69460541530482e-5
124615,3702,3081,14044,5.280902351293955e-5,4.4016516722876184e-5,1.8773769659053693e-4
124607,5979,982,1210,8.529042452292425e-5,1.4029282512776505e-005,1.6175065001036007e-5
124605,97376,7558,10578,0.0013890684693668293,1.0797690145780532e-4,1.4140482444707344e-4
124602,3218,2029,2778,4.590476436105875e-5,2.898718352181622e-5,3.713581039080829e-5
124356,386,1334,1312,5.50628932360742e-6,1.905810883100189e-5,1.7538582877156396e-5
123962,6848,6377,5919,9.768670800016479e-5,9.110461770262298e-5,7.912414028192737e-5
121482,1429,942,1283,2.0384682495945603e-5,1.3457824976614528e-5,1.715091603002413e-5
120954,499,409,630,7.11823412559612e-6,5.843153307256202e-6,8.421728058390647e-6
120744,7166,2480,5509,1.0222297744292945e-4,3.54303672420425e-5,7.3643333132816e-5
120466,517912,779728,652694,0.0073880137724563885,0.011139536043912626,0.00872509741800512
119025,777,207,847,1.1083903638453277e-5,2.9572927496382244e-6,1.1322545500725204e-5
118964,816,533,1011,1.1640238570113094e-5,7.614671669358327e-6,1.3514868360369753e-5
117982,11946,10961,8146,1.7040966906687626e-4,1.565936513467854e-4,1.0889428057722257e-4
113563,201,123,76,2.867264647785211e-6,1.7572319236980754e-6,1.01595449593284e-6
111826,13278,4967,4045,1.8941064673279616e-4,7.096073955291333e-5,5.4072841263793924e-5
111821,6829,3081,6306,9.741567303345872e-5,4.4016516722876184e-5,8.429748751779592e-5
111776,256,369,640,3.6518395514080297e-6,5.271695771094226e-6,8.555406281539705e-6
111399,25127,15954,22614,3.584366109696467e-4,2.2792583829820402e-4,3.0229993382927954e-4
110889,17261,16524,12753,2.462281347533359e-4,2.3606910818851218e-4,1.7047983798199355e-4
110873,4812,3720,6425,6.864317156787281e-5,5.314555086306374e-5,8.588825837326971e-5
110842,6810,2476,799,9.714463806675266e-5,3.53732214884263e-5,1.0680890029609726e-5
110801,3686,1950,3349,5.258078354097655e-5,2.785855488789632e-5,4.476883693261949e-5
110604,20147,3086,12674,2.8739691969616236e-4,4.408794891489643e-5,1.6942378001911598e-4
110368,2405,1910,1838,3.430732078568872e-5,2.728709735173434e-5,2.457005741479684e-5
110134,815,760,990,1.1625973571865407e-5,1.085769318707754e-5,1.3234144091756732e-5
110022,362,98,421,5.163929365662917e-6,1.4000709635968406e-6,5.627853194575338e-6
109990,5164,2227,5429,7.366445095105885e-5,3.1815898325818e-5,7.257390734762353e-5
109714,3595,1950,3349,5.128266870043698e-5,2.785855488789632e-5,4.476883693261949e-5
109532,2332,1403,1749,3.3265975913607516e-5,2.0043873080881298e-5,2.3380321228770227e-5
109395,3686,1950,3349,5.258078354097655e-5,2.785855488789632e-5,4.476883693261949e-5
108950,4754,3349,4147,6.781580166950693e-5,4.784528221516142e-5,5.543635913991431e-5
108834,909,396,665,1.2966883407148043e-5,5.65742960800356e-6,8.889601839412351e-6
108829,336,162,315,4.793039411223039e-6,2.314403021456002e-6,4.210864029195324e-6
108825,10921,3886,9755,1.5578804586299644e-4,5.551709963813594e-5,1.3040310668190598e-4
108314,1061539,5979134,5256706,0.015142851974852064,0.08542052960055747,0.07027071176969915
107237,6871,6547,7249,9.80148029598616e-5,9.353331223131138e-5,9.690334396075207e-5
106482,169,282,191,2.410784703859207e-6,4.028775629941929e-6,2.5532540621470057e-6
106387,13898,9493,13374,1.982549456463625e-4,1.356211597696409e-4,1.7878125563955004e-4
106385,1888,726,2686,2.6932316691634216e-5,1.037195428133986e-5,3.590597073783695e-5
106384,21579,22965,20185,3.0782439718685106e-4,3.280880579489943e-4,2.698294934263734e-4
105630,46724,29797,6035,6.665177781249561e-4,4.256930051254598e-4,8.067480767045644e-5
105516,1078,496,534,1.5377668111007248e-5,7.0860734484084995e-6,7.138417116159692e-6
105081,448,255,461,6.3907192149640515e-6,3.6430417930325955e-6,6.1625660871715695e-6
104922,10772,7906,11487,1.5366256112409098e-4,1.129485820224145e-4,1.5355617493132282e-4
104366,225,251,279,3.2096246057297133e-6,3.585896039416398e-6,3.7296224258587154e-6
104365,1222,834,1058,1.7431827858674265e-5,1.1914889628977195e-5,1.4143156009170326e-5
104288,10948,12833,6999,1.5617320081568402e-4,1.8333786403916587e-4,9.356138838202563e-5
103129,56682,50997,55314,8.085686306754294e-4,7.285654992913069e-4,7.394277235266989e-4
102809,2685,1860,1822,3.830152029504125e-5,2.657277543153187e-5,2.435617225775835e-5
102715,2554,1954,2602,3.643280552459417e-5,2.7915700641512516e-5,3.478307366338487e-5
102679,534,349,641,7.617509064265187e-6,4.985967003013238e-6,8.568774103854612e-6
102223,15900,11443,14659,2.2681347213823308e-4,1.634797146575372e-4,1.9595890731420398e-4
100947,4036,2150,3678,5.757353292766721e-5,3.07158425687062e-5,4.91668504742235e-5
100916,7709,4100,7296,1.0996887149142383e-4,5.8574397456602514e-5,9.753163160955265e-5
100897,51543,38607,49466,7.352608046805628e-4,5.51556527465135e-4,6.612526986291298e-4
100896,110,1047,191,1.5691498072456377e-6,1.4957901009039716e-5,2.5532540621470057e-6
100879,12840,7801,9864,1.8316257750030897e-4,1.1144850598998932e-4,1.318601993142307e-4
100877,1135,898,1215,1.6190773011125443e-5,1.2829221686836355e-5,1.6241904112610535e-5
100876,52149,39679,40765,7.439053936186614e-4,5.668715894342758e-4,0.00054493927666713455
100865,506728,272758,414505,0.00722847403205425,0.0038967403662117047,0.005541029188640025
100343,2413,1349,602,3.4421440771670215e-5,1.927240540706263e-5,8.047429033573285e-6
100017,1805,1096,1475,2.5748321837076146e-5,1.5657936490838137e-5,1.971753791448604e-5
97828,355741,541052,123952,0.00507464474163064,0.007729706071387733,0.0016569683115772026
89252,3360,877,2645,4.793039411223039e-5,1.2529206480351319e-5,3.5357890022925816e-5
89241,53904,37182,48752,7.689404655433532e-4,5.311983527393646e-4,6.51708073496287e-4
89209,2124,689,1567,3.0298856278088494e-5,9.843356060390033e-6,2.0947377567457372e-5
88847,357727,241113,334400,0.005102975028150548,0.0034446460229155614,0.004470199782104496
87951,1860,1272,1889,2.6532896740698966e-5,1.817234964995083e-5,2.5251816352857037e-5
87822,8652,1946,6907,1.2342076483899325e-4,2.7801409134280122e-5,9.23315487290543e-5
85117,506,406,443,7.218089113329933e-6,5.800293992044054e-6,5.921945285503265e-6
85067,1595,1217,1947,2.2752672205061747e-5,1.7386595537728113e-5,2.6027150047121575e-5
84910,118502,85685,118636,0.0016904308223474778,0.0012241334746509723,0.0015859049681511634
84326,26525,17207,22811,3.78379078519914e-4,2.458267456184779e-4,3.0493339482531596e-4
84216,867,753,403,1.2367753480745162e-5,1.0757688118249194e-5,5.387232392907034e-6
84181,10805,8123,10006,1.5413330606626468e-4,1.1604873915609322e-4,1.3375843008294733e-4
84151,1698,2372,3859,2.422196702457357e-5,3.3887431894405164e-5,5.158642631322144e-5
84116,2666,1994,2866,3.8030485328335185e-5,2.848715817767449e-5,3.831217875452e-5
84105,7819,5288,7186,1.1153802129866947e-4,7.55466862806132e-5,9.606117115491301e-5
84063,63005,9917,7602,8.987662145955582e-4,1.4167860965295784e-4,1.0162218523791382e-4
66305,155,229,206,2.2110747283915805e-6,3.271594394527311e-6,2.753771396870593e-6
62639,2112,1607,1940,3.0127676299116242e-5,2.2958306515307377e-5,2.5933575290917233e-5
62566,1598,975,998,2.2795467199804808e-5,1.392927744394816e-5,1.3341086670275979e-5
46351,634837,347721,646824,0.009055948692567263,0.004967694648294459,0.008646628301016623
43762,2117,2776,1598,3.019900129035468e-5,3.965915300964112e-5,2.1361780059219453e-5
42357,6777,4726,6807,9.667389312457897e-5,6.751770789753743e-5,9.099476649756372e-5
42187,1657,1200,1240,2.3637102096418377e-5,1.7143726084859272e-5,1.657609967048318e-5
42007,1032,91,237,1.472147819161362e-5,1.3000658947684948e-6,3.1681738886326724e-6
41805,319,197,142,4.5505344410123495e-6,2.8144283655977304e-6,1.8982307687166222e-6
41682,882,1125,1087,1.2581728454460476e-5,1.607224320455557e-5,1.4530822856302595e-5
37755,21112,13406,19168,3.0116264300518095e-4,1.9152399324468618e-4,2.562344181321142e-4
34444,9759,5243,8895,1.3921211789918344e-4,7.490379655243097e-5,1.1890677949108701e-4
34183,140,102,199,1.997099754676266e-6,1.457216717213038e-6,2.6601966406662525e-6
34113,1290,1431,1499,1.8401847739517025e-5,2.044389335619468e-5,2.003836565004378e-5
34078,336,269,279,4.793039411223039e-6,3.843051930689287e-6,3.7296224258587154e-6
34033,136,101,147,1.940039761685516e-6,1.4429302788089888e-6,1.965069880291151e-6
34029,230,229,298,3.2809495969681516e-6,3.271594394527311e-6,3.983611049841925e-6
34012,1692,1820,5018,2.4136377035087444e-5,2.6001317895369897e-5,6.707973237619726e-5
33993,6462,7383,7256,9.218041867655737e-5,1.0547677473709668e-4,9.699691871695641e-5
31601,189,95,203,2.696084668812959e-6,1.3572116483846925e-6,2.7136679299258756e-6
31362,17286,6840,4702,2.4658475970952814e-4,9.771923868369785e-5,6.285550052468703e-5
26868,17390,9802,16096,2.4806831952728766e-4,1.4003566923649215e-4,2.151684679807236e-4
26755,595,427,743,8.487673957374131e-6,6.100309198529091e-6,9.932291979975002e-6
26641,15523,7749,9203,2.2143556779885486e-4,1.1070561119297875e-4,1.23024068764078e-4
25326,19170,21722,17115,2.734600164081716e-4,3.1033001501276094e-4,2.287902789196126e-4
22885,1170,1229,970,1.669004794979451e-5,1.7558032798576704e-5,1.2966787645458617e-5
22803,1699,1061,1791,2.4236232022821257e-5,1.5157911146696407e-5,2.3941769765996272e-5
22735,1782,721,1338,2.542022687737933e-5,1.0300522089319613e-5,1.7886146257343948e-5
21709,39324,31656,41066,5.609567910920678e-4,4.522514941185876e-4,5.489629911839211e-4
21704,23303,14898,22229,3.324172541658645e-4,2.1283935934352787e-4,2.971533222380408e-4
20330,22639,5626,3696,3.229452953293999e-4,8.037550246118189e-5,4.94074712758918e-5
20281,28936,7539,5443,4.127719892950888e-4,1.0770545912812838e-4,7.276105686003222e-5
18488,523,316,619,7.460594083540623e-6,4.514514535679608e-6,8.274682012926685e-6
18388,937,674,897,1.3366303358083296e-5,9.62905948432929e-6,1.1990936616470493e-5
18382,5079,3381,2858,7.24519261000054e-5,4.8302448244091e-5,3.820523617600075e-5
18361,3905,2255,3363,5.5704818157220135e-5,3.221591860113138e-5,4.495598644502817e-5
18321,1209,776,1262,1.7246382881454325e-5,1.108627620154233e-5,1.6870191761411108e-5
18318,2055,1431,1766,2.931457139899805e-5,2.044389335619468e-5,2.3607574208123625e-5
18305,15617,4784,7623,2.2277647763413748e-4,6.83463213249723e-5,1.0190290950652684e-4
18226,7348,3157,3319,1.0481920712400859e-4,4.5102286041583936e-5,4.4367802263172315e-5
18176,1084,971,922,1.5463258100493375e-5,1.387213169033196e-5,1.2325132174343139e-5
18173,27327,15117,17257,3.898196071145595e-4,2.159680893540147e-4,2.3068850968832922e-4
18164,13423,7394,12993,1.9147907147871085e-4,1.0563392555954122e-4,1.7368811533757092e-4
18157,524,354,540,7.47485908178831e-6,5.0573991950334855e-6,7.218624050049127e-6
18023,780,521,490,1.112669863319634e-5,7.443234408509734e-6,6.550232934303837e-6
17962,13278,4967,4045,1.8941064673279616e-4,7.096073955291333e-5,5.4072841263793924e-5
17948,1242,1442,1768,1.7717127823628018e-5,2.0601044178639227e-5,2.3634309852753438e-5
17872,4754,3349,4147,6.781580166950693e-5,4.784528221516142e-5,5.543635913991431e-5
17775,6693,4275,5758,9.547563327177321e-5,6.107452417731115e-5,7.697192088922754e-5
17710,240,300,197,3.4235995794450277e-6,4.285931521214818e-6,2.633460996036441e-6
17702,384,445,575,5.4777593271120445e-6,6.3574650898019805e-6,7.68649783107083e-6
17663,6357,1014,1275,9.068259386055017e-5,1.4486448541706085e-5,1.7043973451504883e-5
17504,1666,968,1462,2.3765487080647568e-5,1.3829272375119813e-5,1.9543756224392266e-5
17480,298,282,515,4.250969477810909e-6,4.028775629941929e-6,6.884428492176482e-6
17471,4093,2946,4107,5.8386637827785406e-5,4.2087847538329515e-5,5.490164624731808e-5
17425,23609,14303,21525,3.367823436296569e-4,2.0433892849311847e-4,2.8774237532834713e-4
17350,908,489,670,1.2952618408900354e-5,6.986068379580154e-6,8.956440950986879e-6
17349,111,112,81,1.5834148054933253e-6,1.600081101253532e-6,1.082793607507369e-6
17334,911,3354,4768,1.2995413403643417e-5,4.791671440718167e-5,6.37377767974708e-5
17297,5363,4321,6932,7.650318560234869e-5,6.173170034389743e-5,9.266574428692694e-5
17289,1811,1121,1845,2.5833911826562272e-5,1.601509745093937e-5,2.4663632171001183e-5
17225,813,747,826,1.1597443575370031e-5,1.0671969487824898e-5,1.1041821232112183e-5
17191,889,675,863,1.268158344219429e-5,9.643345922733342e-6,1.1536430657763697e-5
17188,266,385,291,3.7944895338849058e-6,5.5002787855590164e-6,3.890036293637585e-6
17186,341,381,512,4.864364402461477e-6,5.443133031942819e-6,6.844325025231765e-6
17069,406,269,480,5.791589288561172e-6,3.843051930689287e-6,6.4165547111547794e-6
17045,1762,652,1756,2.5134926912425578e-5,9.314757839440205e-6,2.347389598497457e-5
17011,5264,4469,3413,7.50909507758276e-5,6.384609322769675e-5,4.562437756077346e-5
17010,17539,12128,16485,2.501938042661931e-4,1.7326592496431104e-4,2.2036855086122195e-4
16857,5371,4854,6246,7.661730558833018e-5,6.934637201325575e-5,8.349541817890157e-5
16852,15900,11443,14659,2.2681347213823308e-4,1.634797146575372e-4,1.9595890731420398e-4
16817,442,366,430,6.305129225477926e-6,5.2288364558820785e-6,5.74816359540949e-6
16810,1081,601,1123,1.5420463105750313e-5,8.586149480833685e-6,1.5012064459639203e-5
16794,5123,15083,94689,7.307958602290365e-5,2.15482350448277e-4,0.0012657857271761144
16793,2810,2153,2801,4.00846450760022e-5,3.075870188391834e-5,3.7443270304051115e-5
16747,31405,21098,29409,4.4799226996862957e-4,3.0141527744863414e-4,3.931342864590644e-4
16688,115,86,110,1.6404747984840758e-6,1.2286337027482478e-6,1.470460454639637e-6
16594,6831,4510,5349,9.744420302995409e-5,6.443183720226276e-5,7.150448156243107e-5
16549,137,119,213,1.9543047599332034e-6,1.7000861700818779e-6,2.8473461530749335e-6
14835,294,238,269,4.193909484820159e-6,3.4001723401637557e-6,3.5959442027096575e-6
14816,97,90,104,1.3837048300256987e-6,1.2857794563644455e-6,1.3902535207502023e-6
14796,2067,1001,2016,2.94857513779703e-5,1.4300724842453442e-5,2.6949529786850073e-5
14778,6462,7383,7256,9.218041867655737e-5,1.0547677473709668e-4,9.699691871695641e-5
14740,1348,1036,1467,1.9229217637882906e-5,1.4800750186595172e-5,1.9610595335966794e-5
14739,77,144,86,1.0984048650719465e-6,2.057247130183113e-6,1.1496327190818979e-6
14729,2549,1614,2136,3.636148053335573e-5,2.3058311584135722e-5,2.8553668464638768e-5
14719,117,206,181,1.669004794979451e-6,2.943006311234175e-6,2.419575838997948e-6
14712,12624,8810,15233,1.8008133787880847e-4,1.2586352233967516e-4,2.036320373229599e-4
14709,2750,3851,5215,3.922874518114094e-5,5.5017074293994214e-5,6.97131933722337e-5
14703,26629,8135,27886,3.798626383376735e-4,1.1622017641694181e-4,3.727750930734629e-4
14702,15468,10701,13767,2.2065099289523204e-4,1.5287917736173256e-4,1.84034809809308e-4
14696,6281,6691,12883,8.95984539937259e-5,9.55905593614945e-5,1.7221765488293128e-4
14694,2993,1968,2819,4.269513975532903e-5,2.8115710779169206e-5,3.7683891105719424e-5
14689,18328,11028,18050,2.6144888788361863e-4,1.5755084271985671e-4,2.4128919278404952e-4
13146,146,93,107,2.082689744162392e-6,1.3286387715765935e-6,1.4303569876949196e-6
13139,3929,2142,3833,5.604717811516464e-5,3.0601551061473804e-5,5.1238862933033894e-5
10176,1805,1096,1475,2.5748321837076146e-5,1.5657936490838137e-5,1.971753791448604e-5
6485,8727,4335,8269,1.2449063970756982e-4,6.193171048155412e-5,1.1053852272195598e-4
6435,2962,1940,2844,4.2252924809650716e-5,2.7715690503855823e-5,3.801808666359207e-5
6422,790,608,430,1.1269348615673216e-5,8.686154549662032e-6,5.74816359540949e-6
6404,14238,10854,15888,2.0310504505057625e-4,1.5506500243755213e-4,2.1238796093922318e-4
5837,42527,40383,6993,6.066475804794113e-4,5.769292420707266e-4,9.348118144813619e-5
5244,309464,268974,133198,0.0044145034177224,0.0038426804832907818,0.0017805671967008215
4983,597,568,704,8.516203953869506e-6,8.114697013500056e-6,9.410946909693676e-6
4862,114490,116910,41344,0.001633199649377755,0.0016702275138174147,5.52679245787465e-4
4852,1402,858,1461,1.9999527543258036e-5,1.225776415067438e-5,1.953038840207736e-5
4850,4807,2867,5049,6.857184657663436e-5,4.095921890440961e-5,6.749413486795933e-5
4849,1204,599,1131,1.717505789021589e-5,8.557576604025587e-6,1.511900703815845e-5
4801,1575,1034,473,2.2467372240107994e-5,1.4772177309787074e-5,6.322979954950439e-6
4795,2029,1960,1931,2.894368144455817e-5,2.8001419271936812e-5,2.5813264890083082e-5
4766,14015,9205,13455,1.9992395044134194e-4,1.3150666550927468e-4,1.798640492470574e-4
4755,2437,1623,1805,3.476380072961472e-5,2.3186889529772166e-5,2.412891927840495e-5
4744,3162,2430,811,4.510592445918824e-5,3.471604532184003e-5,1.0841303897388596e-5
4735,5161,4088,4762,7.362165595631579e-5,5.840296019575392e-5,6.365756986358138e-5
4732,1003,880,1244,1.4307793242430678e-5,1.2572065795563467e-5,1.6629570959742802e-5
4729,33658,22026,31329,4.8013131102066974e-4,3.1467309228759197e-4,4.188005053036835e-4
4723,434,195,425,6.191009239496425e-6,2.785855488789632e-6,5.681324483834961e-6
4721,152,117,169,2.1682797336485174e-6,1.671513293273779e-6,2.2591619712190784e-6
4716,9189,6319,8479,1.310810688980015e-4,9.027600427518811e-5,1.133457654080862e-4
4713,12420,6569,9726,1.7717127823628018e-4,9.384761387620047e-5,1.3001543983477373e-4
4709,1119,766,1106,1.596253303916244e-5,1.0943411817501836e-5,1.4784811480285804e-5
4708,95,174,70,1.3551748335303233e-6,2.4858402823045945e-6,9.357475620434053e-7
4707,692,619,645,9.87137878739983e-6,8.843305372106575e-6,8.622245393114235e-6
4550,283,385,161,4.036994504095595e-6,5.5002787855590164e-6,2.152219392699832e-6
4546,1527,809,1246,2.1782652324218987e-5,1.155772866887596e-5,1.6656306604372616e-5
4541,37341,41698,92507,5.326692995669032e-4,5.957159085720516e-4,0.0012366171388849898
3772,1760,1512,1345,2.5106396915930204e-5,2.1601094866922683e-5,1.797972101354829e-5
3365,871,496,857,1.2424813473735912e-5,7.0860734484084995e-6,1.1456223723874262e-5
3246,99,225,191,1.4122348265210738e-6,3.2144486409111135e-6,2.5532540621470057e-6
3229,4093,2533,4107,5.8386637827785406e-5,3.6187548477457114e-5,5.490164624731808e-5
3204,3457,2400,609,4.9314098942256083e-5,3.4287452169718544e-5,8.141003789777627e-6
3194,5393,1409,3243,7.693113554977931e-5,2.0129591711305597e-5,4.335184776723948e-5
3182,9434,6689,4495,1.3457599346868495e-4,9.55619864846864e-5,6.008836130550153e-5
3178,2389,1472,3070,3.407908081372571e-5,2.102963733076071e-5,4.1039214506760774e-5
3175,20272,14062,17809,2.891800444771233e-4,2.0089589683774259e-4,2.380675476061572e-4
3166,2706,2227,2079,3.8601085258242684e-5,3.1815898325818e-5,2.779170259268914e-5
3161,17539,12128,3220,2.501938042661931e-4,1.7326592496431104e-4,4.3044387853996644e-5
2821,742,664,822,1.0584628699784211e-5,9.486195100288798e-6,1.098834994285256e-5
2394,5913,4469,5411,8.434893463857687e-5,6.384609322769675e-5,7.233328654595523e-5
2018,956,703,870,1.363733832478936e-5,1.0043366198046723e-5,1.1630005413968038e-5
2017,510,307,493,7.275149106320684e-6,4.385936590043164e-6,6.590336401248555e-6
1981,2558,1330,1930,3.648986551758492e-5,1.9000963077385694e-5,2.5799897067768174e-5
1970,7207,4005,3867,1.0280784237108465e-4,5.721718580821782e-5,5.169336889174069e-5
1967,1216,1019,702,1.734623786918814e-5,1.4557880733726333e-5,9.384211265063864e-6
1846,304,133,267,4.336559467297035e-6,1.9000963077385694e-6,3.569208558079846e-6
1771,212,365,319,3.0241796285097745e-6,5.214550017478028e-6,4.264335318454947e-6
1753,7221,510,6697,1.0300755234655227e-4,7.286083586065191e-6,8.952430604292408e-5
1746,122,170,172,1.740329786217889e-6,2.428694528688397e-6,2.2992654381637958e-6
1744,9855,6901,8075,1.4058155773096146e-4,9.859071142634487e-5,1.0794516519286425e-4
1717,280,171,160,3.994199509352532e-6,2.4429809670924463e-6,2.1388515703849263e-6
1715,5371,4854,6246,7.661730558833018e-5,6.934637201325575e-5,8.349541817890157e-5
1704,20142,17508,24683,2.8732559470492393e-4,2.501269635780968e-4,3.2995795819881963e-4
1684,6643,4176,5926,9.476238335938883e-5,5.9660166775310265e-5,7.921771503813172e-5
892,1059,4941,1240,1.5106633144301184e-5,7.058929215440806e-5,1.657609967048318e-5
592,1247,733,1154,1.7788452814866457e-5,1.0471959350168206e-5,1.5426466951401283e-5
309,219,120,250,3.124034616243588e-6,1.7143726084859273e-6,3.3419555787264476e-6
303,225,287,228,3.2096246057297133e-6,4.100207821962176e-6,3.0478634877985203e-6
168,3411,6738,4476,4.8657909022862454e-5,9.626202196648482e-5,5.983437268151832e-5
136,137,119,213,1.9543047599332034e-6,1.7000861700818779e-6,2.8473461530749335e-6
134,4124,3140,1944,5.882885277346373e-5,4.4859416588715095e-5,2.5987046580176857e-5
68,411322,356250,180045,0.005867507609235365,0.005089543681442596,0.002406809568687213
