BinBase name,F_PF_13_013,F_PF_14_014,F_PF_15_015,normF_PF_13_013,normF_PF_14_014,normF_PF_15_015
zymosterol,1049,1977,1347,1.5118819726638192e-5,2.9160513938349542e-5,1.7812977149256364e-5
xylose,1751238,2382274,2502165,0.02523989668297275,0.03513825704702464,0.03308909277555237
xylonic acid,3621,3966,2883,5.218803263122678e-5,5.849802644385143e-5,3.8125325257094355e-5
xylitol,16957,17757,19209,2.4439449580991785e-4,2.619136297436888e-4,2.5402336901266925e-4
vanillic acid,1116,1278,1090,1.6084464075241394e-5,1.8850347401725196e-5,1.4414361612983992e-5
valine,17808,21252,27241,2.566596202974003e-4,3.1346446242681055e-4,3.602400226599054e-4
uridine,653,2622,2614,9.41142924832673e-6,3.867418692278831e-5,3.45680195012295e-5
uric acid,267,479,462,3.84816479219485e-6,7.065192805497942e-6,6.109573454310646e-6
urea,9685,12922,11272,1.3958605248092553e-4,1.905979570618881e-4,1.4906301293720692e-4
UDP-glucuronic acid,9622,12655,12153,1.3867805854119415e-4,1.8665973894274832e-4,1.6071351989228847e-4
tyrosol,1133,1454,1474,1.6329478312946683e-5,2.1446326386626318e-5,1.949244863994349e-5
tryptophan,1112,1210,2827,1.602681366636956e-5,1.7847355521195217e-5,3.7384770898996094e-5
trehalose,22980,31860,33885,3.312015989686803e-4,4.699311957894873e-4,4.481015075742776e-4
trans-phytol,689,617,998,9.930282928173226e-6,9.100676327749958e-6,1.3197736596108279e-5
tocopherol alpha-,326,292,250,4.698508323054385e-6,4.306965134040499e-6,3.3060462415100897e-6
threose,220,178,162,3.1707724879508123e-6,2.6254787460931807e-6,2.1423179644985383e-6
threonine,4089,7111,5707,5.893313046923124e-5,1.0488640091836296e-4,7.547042360119233e-5
threonic acid,12059,15189,15481,1.738015701463584e-4,2.2403593637308606e-4,2.047236074592708e-4
tartaric acid,228,320,241,3.2860733056944783e-6,4.719961790729313e-6,3.1870285768157267e-6
sucrose,9280,15103,21966,1.3374894858265244e-4,2.2276744664182757e-4,2.9048244696404255e-4
succinic acid,19647,29426,21107,2.831643957762255e-4,4.3402998641875245e-4,2.7912287207821387e-4
succinate semialdehyde,463,531,496,6.6730348269146645e-6,7.832186596491455e-6,6.5591957431560185e-6
stigmasterol,1306,1602,2732,1.882285849665346e-5,2.3629308714838625e-5,3.612847332722226e-5
squalene,6024,5489,10935,8.682151576098042e-5,8.096209459160376e-5,1.4460646260365133e-4
spermidine,333,801,136,4.799396538580093e-6,1.1814654357419313e-5,1.7984891553814888e-6
sorbitol,6232152,3419267,2714468,0.08982152773785287,0.05043377997594265,0.03589662691639764
shikimic acid,6795,6889,7625,9.793363207102623e-5,1.016119274260445e-4,1.0083441036605773e-4
serine,7483,32803,12817,1.078495023969815e-4,4.8384033319154275e-4,1.6949437870973928e-4
salicylic acid,969,1475,1745,1.3965811549201532e-5,2.175607387914293e-5,2.3076202765740427e-5
saccharopine,125,113,82,1.8015752772447796e-6,1.666736507351289e-6,1.0843831672153094e-6
saccharic acid,2712,3497,3984,3.908697721510274e-5,5.158033244431378e-5,5.268515290470479e-5
ribulose MassBank,3749,11400,10563,5.403284571512543e-5,1.681486387947318e-4,1.3968706579628432e-4
ribose,47675,62647,65547,6.87120810741159e-4,9.240357696994353e-4,8.668056519690474e-4
ribonic acid,1503,1881,1932,2.166214113359123e-5,2.7744525401130745e-5,2.5549125354389973e-5
ribitol,13256,22652,23941,1.910534550012544e-4,3.3411429526125126e-4,3.1660021227197224e-4
resveratrol,78,89,77,1.1241829730007426e-6,1.3127393730465903e-6,1.0182622423851077e-6
raffinose,120946,170922,160273,0.001743146587853177,0.002521079091234487,0.0021194797970621863
quinic acid,1598761,1695740,1172472,0.02304230633458513,0.025011962521910396,0.015504986595503272
pyrophosphate,34160,35030,30681,4.923344917654534e-4,5.166883172788995e-4,4.0573121894308425e-4
putrescine,21018,32008,28485,3.0292407341704625e-4,4.721141781176996e-4,3.766909087576596e-4
propyleneglycol,83693,89541,93138,0.0012062339174275787,0.0013207190584490422,0.001231674139367067
proline,4511,17999,6326,6.50152486052096e-5,2.654831008479279e-4,8.365619409517132e-5
pipecolinic acid,945,3991,1275,1.3619909095970535e-5,5.886677345875216e-5,1.6860835831701456e-5
pinitol,141,1774,1968,2.0321769127321116e-6,2.6166288177355632e-5,2.6025196013167427e-5
phosphate,55407,77744,80455,7.985590510904121e-4,0.0011467147170576867,0.001063951801442777
phenylethylamine,3374,3585,4647,4.862811988339109e-5,5.287832193676434e-5,6.145278753718955e-5
phenylalanine,4795,4307,8589,6.910842763510975e-5,6.352773572709736e-5,1.1358252467332064e-4
pentono-gamma-lactone,499,668,552,7.191888506761161e-6,9.852920238147441e-6,7.2997501012542786e-6
pentitol,1166,2335,2174,1.6805094186139305e-5,3.444097119172796e-5,2.874937811617174e-5
palmitoleic acid,259,378,247,3.732863974451184e-6,5.575454865299002e-6,3.266373686611969e-6
oxoproline,43895,29886,31915,6.326411743572769e-4,4.4081493149292585e-4,4.2204986319117807e-4
oleic acid,3478,3823,4133,5.012703051405875e-5,5.638879351861927e-5,5.465555646464481e-5
oleamide NIST,892,1170,886,1.2856041178418748e-5,1.7257360297354053e-5,1.1716627879911759e-5
nicotinic acid MassBank,66034,382603,390063,9.517217748606543e-4,0.005643348565682524,0.0051582652604086005
N-acetylmannosamine,262,616,700,3.7761017811050585e-6,9.08592644715393e-6,9.256929476228251e-6
N-acetyl-D-galactosamine,1289,1586,2835,1.8577844258948167e-5,2.339331062530216e-5,3.749056437872442e-5
myristic acid,24070,28209,29785,3.469113353862548e-4,4.16079381733385e-4,3.938823492135121e-4
mucic acid,109310,130164,135374,0.001575441548445015,0.0019199034579015324,0.0017902108155927476
montanic acid,1089,3080,1586,1.5695323815356522e-5,4.5429632235769646e-5,2.0973557356140008e-5
methylmalonic acid,12012,18740,13773,1.7312417784211436e-4,2.7641276236958545e-4,1.8213669953727387e-4
methionine sulfoxide,466,291,442,6.716272633568539e-6,4.29221525344447e-6,5.8450897549898385e-6
methionine,106,114,116,1.5277358351035732e-6,1.681486387947318e-6,1.5340054560606816e-6
melezitose,232,297,256,3.343723714566311e-6,4.380714537020644e-6,3.385391351306332e-6
mannoheptulose,3166,5553,8032,4.563029862205578e-5,8.190608694974962e-5,1.0621665364723616e-4
mannitol,3195445,3248284,3113023,0.04605467769436356,0.047911801141991804,0.041167191955537856
maltose,2761,4913,3545,3.9793194723782695e-5,7.246616336829099e-5,4.687973570461307e-5
malonic acid,123,139,178,1.7727500728088632e-6,2.0502334028480457e-6,2.353904923955184e-6
malic acid,1220382,1410836,1180140,0.01758888031995631,0.020809662540579317,0.01560638964582287
maleic acid,1978,2670,3808,2.8508127187121395e-5,3.938218119139771e-5,5.0357696350681686e-5
lyxose,534929,729145,768584,0.007709718891850182,0.010754801687191642,0.010163896977939164
lysine,22969,32377,52704,3.310430603442828e-4,4.7755688405763436e-4,6.969674444501911e-4
loganin,255,454,321,3.6752135655793506e-6,6.6964457905972135e-6,4.244963374098955e-6
linolenic acid,1013,1903,1995,1.4599966046791695e-5,2.8069022774243386e-5,2.6382249007250518e-5
linoleic acid,10152,11850,15329,1.4631673771671203e-4,1.747860850629449e-4,2.0271353134443265e-4
lignoceric acid,7168,5160,4223,1.0330953269832464e-4,7.610938387551018e-5,5.5845733111588435e-5
levoglucosan,640,995,933,9.224065419493272e-6,1.467613119304896e-5,1.2338164573315654e-5
leucrose,852,6549,6526,1.227953708970042e-5,9.65969680233946e-5,8.630103108837939e-5
leucine,12085,22822,30356,1.7417629780402532e-4,3.366217749625762e-4,4.014333588291211e-4
lauric acid,5028,5217,3430,7.246656395189402e-5,7.695012706948384e-5,4.535895443351843e-5
lactic acid,13555,27536,27455,1.953628230644239e-4,4.0615271209225746e-4,3.6306999824263806e-4
kojic acid,92,102,138,1.325959404052158e-6,1.5044878207949686e-6,1.8249375253135696e-6
itaconic acid,9622,10800,10417,1.3867805854119415e-4,1.5929871043711432e-4,1.3775633479124242e-4
isothreonic acid,2086,2689,2820,3.0064688226660885e-5,3.9662428922722265e-5,3.729220160423381e-5
isomaltose,5464,9668,9694,7.875045851892381e-5,1.426018456024094e-4,1.2819524906079524e-4
isoleucine,7481,6745,18894,1.0782067719254558e-4,9.948794462021631e-5,2.4985775074836655e-4
isocitric acid,11537,16277,15859,1.6627819178858418e-4,2.4008380646156575e-4,2.0972234937643406e-4
indole-3-propionic acid,1140,1210,2429,1.6430366528472392e-5,1.7847355521195217e-5,3.2121545282512034e-5
homoserine,1356,1741,1607,1.954348860755137e-5,2.567954211768667e-5,2.1251265240426858e-5
histidine,1582,3944,4575,2.2800736708809932e-5,5.817352907073879e-5,6.050064621963464e-5
hexadecylglycerol NIST,2043,3379,3687,2.944494633128868e-5,4.9839846533982346e-5,4.875756996979081e-5
heptadecanoic acid,5022,6269,6773,7.238008833858626e-5,9.246700145650646e-5,8.956740477499135e-5
guanosine,124,121,189,1.7871626750268215e-6,1.7847355521195217e-6,2.499370958581628e-6
guanine,103,130,138,1.4844980284496985e-6,1.9174844774837835e-6,1.8249375253135696e-6
glycolic acid,2660,2327,2295,3.8337521899768915e-5,3.432297214695973e-5,3.0349504497062626e-5
glycine,8043,9738,6883,1.159205596390381e-4,1.4363433724413143e-4,9.10220651212558e-5
glycerol-alpha-phosphate,335,408,359,4.828221743016009e-6,6.0179512831798744e-6,4.747482402808489e-6
glycerol-3-galactoside,15477,20024,21862,2.2306384452733965e-4,2.953516090548868e-4,2.891071317275743e-4
glycerol,1557172,2170041,1637675,0.022442900620942466,0.032007845638487596,0.021656917114260144
glyceric acid,8746,11567,10259,1.2605261899826275e-4,1.7061186885426865e-4,1.3566691356660805e-4
glutaric acid,106,474,429,1.5277358351035732e-6,6.991443402517796e-6,5.673175350431314e-6
glutamine,3631,18643,20080,5.2332158653406364e-5,2.749820239517706e-4,2.655416341180904e-4
glutamic acid,3564,8337,5171,5.136651430480316e-5,1.2296975452909465e-4,6.83822604593947e-5
glucose,3740110,2994020,1382944,0.05390471768140778,0.04416143750212306,0.01828830725367572
gluconic acid lactone,4045495,4248682,7898360,0.058306110209738964,0.06266755219049813,0.10444937356837453
gluconic acid,77999,60100,68560,0.0011241685603985245,8.864678238213492e-4,9.06650121271727e-4
glucoheptulose,12059,10525,7038,1.738015701463584e-4,1.5524249327320634e-4,9.307181379099205e-5
galacturonic acid,2062623,2440350,2444741,0.029727764824611674,0.03599487111251962,0.032329707178062474
galactonic acid,67574,59856,60295,9.7391718227631e-4,8.828688529559181e-4,7.973522325274035e-4
galactinol,10562,14730,12970,1.522259046260749e-4,2.172657411795087e-4,1.7151767900954346e-4
fumaric acid,1985,2214,1976,2.86090154026471e-5,3.265623563960844e-5,2.613098949289575e-5
fucose,23655,28802,28826,3.4093010546580214e-4,4.2482606092683026e-4,3.812003558310794e-4
fructose,5705130,5407488,5425908,0.08222576929174008,0.07975980232446023,0.07175321100071812
flavin adenine,55,258,88,7.926931219877031e-7,3.8054691937755093e-6,1.1637282770115516e-6
ethanolamine,216551,191531,278647,0.0031210634229010743,0.0028250593804380504,0.003684879468232248
ethanol phosphate NIST,382,229,378,5.505614047260047e-6,3.377722656490665e-6,4.998741917163256e-6
erythrose major,429,372,448,6.183006351504084e-6,5.486955581722827e-6,5.924434864786081e-6
erythronic acid lactone,279,338,297,4.021116018810349e-6,4.985459641457838e-6,3.927582934913986e-6
erythritol,6116,6130,5742,8.814747516503259e-5,9.041676805365842e-5,7.593327007500374e-5
dihydroxyacetone,3924,3182,796,5.6555051103268125e-5,4.693412005656461e-5,1.0526451232968126e-5
digitoxose,12410,12303,16627,1.7886039352486174e-4,1.8146778097294608e-4,2.1987852343035305e-4
digalacturonic acid,288591,311414,300651,0.004159347286682786,0.004593319315931808,0.003975864434225
dehydroascorbic acid,26390,33411,33743,3.803485725319179e-4,4.928082605939285e-4,4.462236733090998e-4
dehydroabietic acid,1339,1724,321,1.929847436984608e-5,2.5428794147554176e-5,4.244963374098955e-6
conduritol-beta-epoxide,175,414,458,2.5222053881426914e-6,6.106450566756049e-6,6.056676714446485e-6
citric acid,678866,1058324,1038809,0.009784225617296437,0.015610152631911907,0.013737402360387419
citramalic acid,2389,2850,2777,3.443170669870223e-5,4.203715969868295e-5,3.672356165069408e-5
cis-p-coumaric acid HMDB,2199,215,160,3.1693312277290164e-5,3.1712243281462576e-6,2.1158695945664575e-6
cinnamic acid,469,296,319,6.759510440222414e-6,4.365964656424615e-6,4.218515004166875e-6
chlorogenic acid,169,246,1169,2.435729774834942e-6,3.6284706266231596e-6,1.545907222530118e-5
cerotinic acid,499,1225,587,7.191888506761161e-6,1.8068603730135655e-5,7.76259657506569e-6
cellobiose,18028,22842,32571,2.5983039278535113e-4,3.369167725744968e-4,4.3072492852890053e-4
catechin,208,281,172,2.9978212613353135e-6,4.144716447484179e-6,2.274559814158942e-6
caproic acid HMDB,5572,8544,14438,8.03070195584633e-5,1.2602297981247266e-4,1.909307825396907e-4
campesterol HMDB,1818,2022,2554,2.6202110832248077e-5,2.982425856517085e-5,3.377456840326708e-5
beta-sitosterol,16838,18062,19557,2.426793961459808e-4,2.664123433254777e-4,2.586253853808513e-4
beta-mannosylglycerate,276,437,530,3.977878212156474e-6,6.445697820464719e-6,7.008818032001391e-6
beta-gentiobiose,2255,4040,3983,3.250041800149583e-5,5.958951760795758e-5,5.267192871973875e-5
beta-alanine,1910,1706,1788,2.7528070236300233e-5,2.5163296296825653e-5,2.364484271928016e-5
benzoic acid,10437,11892,11380,1.5042432934883013e-4,1.754055800479781e-4,1.5049122491353928e-4
aspartic acid,15384,29579,22927,2.2172347252106953e-4,4.3628671814994487e-4,3.031908887164073e-4
asparagine,221847,376444,367806,0.0031973925642473813,0.00555250405109158,0.0048639345756194404
arbutin,309,450,482,4.4534940853490956e-6,6.637446268213097e-6,6.374057153631453e-6
arachidic acid,10641,14713,15436,1.533645002012936e-4,2.1701499320937623e-4,2.0412851913579897e-4
arabitol,185796,233433,121987,0.002677803841687769,0.003443108877172862,0.0016131786514523652
alpha-ketoglutarate,1113,1957,1379,1.604122626858752e-5,2.8865516326428958e-5,1.8236151068169655e-5
alanine,159416,267020,210824,0.0022975993951780305,0.003938513116751692,0.002787975571280493
adipic acid,1977,2205,2154,2.8493714584903436e-5,3.252348671424418e-5,2.8484894416850933e-5
adenosine,74,51,150,1.0665325641289096e-6,7.522439103974843e-7,1.983627744906054e-6
adenine,1260,2877,2305,1.815987879462738e-5,4.2435406474775736e-5,3.048174634672303e-5
aconitic acid,618,674,643,8.906988170698191e-6,9.941419521723616e-6,8.503150933163952e-6
6-deoxyhexitol NIST,545,722,707,7.854868208787239e-6,1.0649413790333013e-5,9.349498770990534e-6
6-deoxyglucose,58786,130176,128892,8.472592339848929e-4,0.0019200804564686847,0.001704491648642874
6-deoxyglucitol,10468,10202,8515,1.5087112001758684e-4,1.5047828184068892e-4,1.1260393498583366e-4
5-methyluridine NIST,105,160,167,1.513323232885615e-6,2.3599808953646567e-6,2.20843888932874e-6
5-hydroxynorvaline NIST,807,814,823,1.1630969989892297e-5,1.2006402805167691e-5,1.0883504227051216e-5
5-Hydroxymethyl-2-furancarboxaldehyde HMDB,243,134,215,3.502262338963852e-6,1.9764839998679e-6,2.843199767698677e-6
5'-deoxy-5'-methylthioadenosine,115,169,74,1.6574492550651975e-6,2.492729820728919e-6,9.785896874869866e-7
4-hydroxymandelic acid,1320,1581,307,1.9024634927704874e-5,2.3319561222322014e-5,4.059824784574391e-6
4-hydroxybutyric acid,287,464,381,4.136416836554014e-6,6.843944596557505e-6,5.038414472061377e-6
4-hydroxybenzoic acid,1502,2330,2015,2.1647728531373274e-5,3.436722178874781e-5,2.6646732706571325e-5
4-aminobutyric acid,22702,16012,26985,3.271948955520879e-4,2.3617508810361802e-4,3.568546313085991e-4
3-phenyllactic acid,546,657,390,7.869280811005198e-6,9.690671551591122e-6,5.15743213675574e-6
3-hydroxybutyric acid,4393,19649,17950,6.331456154349054e-5,2.898204038313759e-4,2.3737412014042446e-4
3-hydroxy-3-methylglutaric acid,204,216,209,2.9401708524634807e-6,3.185974208742287e-6,2.763854657902435e-6
3-dehydroshikimic acid,1128,1334,1288,1.6257415301856893e-5,1.9676340715102825e-5,1.7032750236259983e-5
"3,6-anhydro-D-galactose",1501,2770,3049,2.1633315929155315e-5,4.0857169251000624e-5,4.032053996145706e-5
"3,4-dihydroxycinnamic acid",1153,1402,1807,1.6617730357305847e-5,2.0679332595632804e-5,2.3896102233634928e-5
"3,4-dihydroxybenzoic acid",5174,6133,5442,7.457080387571592e-5,9.04610176954465e-5,7.196601458519164e-5
3-(4-hydroxyphenyl)propionic acid,1535,1387,1234,2.2123344404565896e-5,2.045808438669237e-5,1.6318644248093802e-5
2-monoolein,9397,13441,13703,1.3543522304215356e-4,1.982531450912272e-4,1.8121100658965105e-4
2-isopropylmalic acid,393,1076,380,5.664152671657587e-6,1.5870871521327317e-5,5.025190287095337e-6
2-hydroxyglutaric acid,5203,10762,4452,7.498876934003671e-5,1.5873821497446521e-4,5.8874071468811676e-5
2-deoxytetronic acid,491,510,371,7.0765876890174945e-6,7.522439103974844e-6,4.906172622400973e-6
2-deoxyerythritol,9941,10879,9990,1.4327567864872283e-4,1.6046395100420064e-4,1.321096078107432e-4
"2,3-dihydroxypyridine",682,918,895,9.829394712647517e-6,1.3540390387154719e-5,1.1835645544606122e-5
"2,3-dihydroxybutanoic acid NIST",115,185,162,1.6574492550651975e-6,2.7287279102653844e-6,2.1423179644985383e-6
1-monostearin,1047,3304,3151,1.5089994522202275e-5,4.873360548928016e-5,4.166940682799317e-5
1-monopalmitin,338,571,636,4.871459549669884e-6,8.422181820332619e-6,8.410581638401668e-6
1-methylinosine NIST,572,875,861,8.244008468672111e-6,1.2906145521525466e-5,1.138602325576075e-5
1-methyladenosine,3802,5476,5327,5.479671363267722e-5,8.077034614385537e-5,7.0445233314097e-5
1-kestose,123065,170036,159510,0.0017736868919530305,0.002508010697026405,0.0021093897439330976
1-deoxyerythritol,9941,10879,9990,1.4327567864872283e-4,1.6046395100420064e-4,1.321096078107432e-4
519282,1094,21335,22119,1.5767386826446312e-5,3.1468870251628097e-4,2.925057472638467e-4
519270,2473,3641,3818,3.5642365285010724e-5,5.370431525014197e-5,5.048993820034209e-5
519264,2272,3446,5225,3.2745432239201116e-5,5.08280885339163e-5,6.909636644756087e-5
519261,1409,3487,4125,2.030735652510316e-5,5.143283363835349e-5,5.454976298491648e-5
519249,346,2690,1131,4.9867603674135505e-6,3.9677178803318295e-5,1.4956553196591646e-5
519244,387124,22791,11777,0.005579464221024865,3.3616452866409933e-4,1.5574122634505732e-4
513995,1551,1869,3130,2.2353946040053226e-5,2.75675268339784e-5,4.139169894370632e-5
513551,486,1363,1242,7.004524677927704e-6,2.010408725238767e-5,1.6424437727822126e-5
511927,78,77,97,1.1241829730007426e-6,1.1357408058942412e-006,1.2827459417059148e-6
509528,175,414,458,2.5222053881426914e-6,6.106450566756049e-6,6.056676714446485e-6
486482,108,116,88,1.5565610395394898e-6,1.7109861491393762e-6,1.1637282770115516e-6
486432,1876,5663,2564,2.7038041760889656e-5,8.352857381531281e-5,3.390681025292748e-5
480022,11452,19105,18843,1.6505312060005774e-4,2.817964687871361e-4,2.491833173150985e-4
475884,756,410,923,1.0895927276776427e-5,6.047451044371933e-6,1.2205922723655251e-5
475793,28418,3152,3789,4.095773298299372e-4,4.649162363868374e-5,5.010643683632692e-5
474908,338,1689,1672,4.871459549669884e-6,2.4912548326693158e-5,2.211083726321948e-5
474901,3251,8823,8699,4.6855369810582233e-5,1.301381964987648e-4,1.1503718501958508e-4
472871,34671,156480,145972,4.996993314988301e-4,0.0023080613156666345,0.0019303607278628432
425117,1627,2344,2443,2.3449303808618052e-5,3.457372011709222e-5,3.2306683872036595e-5
418204,478,37274,31834,6.889223860184038e-6,5.497870493363889e-4,4.2097870420892877e-4
417918,2400,2591,2329,3.459024532309977e-5,3.821694062431141e-5,3.0799126785908e-5
414322,119,150,73,1.7150996639370302e-6,2.2124820894043656e-6,9.653655025209461e-7
408463,104929,157617,115450,0.00151229993812814,0.0023248319299043196,0.0015267321543293595
408457,317,478,275,4.568794903092761e-6,7.050442924901912e-6,3.636650865661099e-6
406896,1932,5287,1497,2.7845147485095316e-5,7.798261871120587e-5,1.9796604894162417e-5
404202,2539,4530,5836,3.659359703139597e-5,6.681695910001185e-5,7.717634346181153e-5
403831,226,795,659,3.2572481012585617e-6,1.1726155073843138e-5,8.714737892620597e-6
403585,6519,3300,5079,9.395575385886976e-5,4.867460596689605e-5,6.716563544251898e-5
403523,1717,3013,3567,2.4746438008234293e-5,4.4441390235835694e-5,4.717066777386596e-5
402069,382,427,398,5.505614047260047e-6,6.298199014504428e-6,5.263225616484063e-6
401267,4044,33134,32474,5.828456336942311e-5,4.887225436688284e-4,4.2944218258719464e-4
401125,676,870,599,9.742919099339768e-6,1.283239611854532e-5,7.921286794658174e-6
401121,155,113,167,2.233953343783527e-6,1.666736507351289e-6,2.20843888932874e-6
399830,166,192,214,2.3924919681810673e-6,2.831977074437588e-6,2.8299755827326366e-6
395982,1983,3551,3921,2.8580190198211185e-5,5.237682599649935e-5,5.185202925184425e-5
395904,1812,714,2043,2.6115635218940328e-5,1.053141474556478e-5,2.7017009885620455e-5
393358,2201,3523,3729,3.172213748172608e-5,5.1963829339810535e-5,4.93129857383645e-5
391872,3318,5493,5387,4.7821014159185436e-5,8.102109411398788e-5,7.123868441205941e-5
391843,1248,2051,2604,1.798692756801188e-5,3.0252005102455694e-5,3.4435777651569094e-5
391842,2850,4117,3437,4.1075916321180976e-5,6.0725258413851826e-5,4.545152372828072e-5
390218,7744,33613,39677,1.116111915758686e-4,4.957877364743263e-4,5.246959868975833e-4
390208,4233,3120,7567,6.100854518861722e-5,4.601962745961081e-5,1.000674076380274e-4
390198,295,342,398,4.25171765429768e-6,5.044459163841954e-6,5.263225616484063e-6
390194,3332,912,1675,4.802279059023685e-5,1.3451891103578544e-5,2.2150509818117603e-5
390185,2449,1508,3031,3.5296462831779726e-5,2.224281993881189e-5,4.008250463206833e-5
390140,115870,180365,182040,0.001669988218994821,0.0026603622137027897,0.002407330631217987
390135,591,3100,3140,8.517847910813319e-6,4.572462984769022e-5,4.152394079336673e-5
390126,4113,16522,16912,5.9279032922462234e-5,2.4369752720759287e-4,2.2364741614567456e-4
390122,5748,104016,123840,8.284363754882395e-5,0.0015342235800765633,0.001637683066194438
390121,9898627,9702278,17674788,0.1426649734549413,0.14310744200948008,0.23373466574755056
389994,80570,35523,84198,0.0011612233607008952,5.239600084127419e-4,0.0011134499257706662
389988,9883,13963,14689,1.4243974772008125e-4,2.059525827623544e-4,1.9425005296616683e-4
387768,126,107,54,1.815987879462738e-6,1.5782372237751141e-6,7.141059881661794e-7
386842,100,113,90,1.4412602217958238e-6,1.666736507351289e-6,1.1901766469436322e-6
386187,87,141,159,1.2538963929623667e-6,2.079733164040104e-6,2.102645409600417e-6
385941,5207,28385,27775,7.504641974890855e-5,4.1867536071828616e-4,3.67301737431771e-4
384976,1128,1578,1378,1.6257415301856893e-5,2.3275311580533926e-5,1.8222926883203615e-5
384941,278,263,206,4.00670341659239e-6,3.879218596755654e-6,2.724182103004314e-6
384919,115,83,76,1.6574492550651975e-6,1.2242400894704157e-6,1.0050380574190672e-6
384908,2679,3494,318,3.861136134191012e-5,5.1536082802525696e-5,4.205290819200834e-6
384907,259,455,333,3.732863974451184e-6,6.711195671193242e-6,4.403653593691439e-6
384906,7102,11400,7081,1.023583009519394e-4,1.681486387947318e-4,9.364045374453178e-5
384897,832,869,1045,1.1991285045341254e-5,1.2817646237949292e-5,1.3819273289512175e-5
384838,388,568,540,5.592089660567796e-6,8.377932178544532e-6,7.141059881661794e-6
382960,4360,6947,6887,6.283894567029791e-5,1.024674205006142e-4,9.107496186111996e-5
382944,1109,462,820,1.5983575859715686e-5,6.814444835365447e-6,1.0843831672153094e-5
382905,247,273,206,3.5599127478356846e-6,4.0267174027159454e-6,2.724182103004314e-6
382601,103,130,138,1.4844980284496985e-6,1.9174844774837835e-6,1.8249375253135696e-6
381214,1168,1734,1525,1.683391939057522e-5,2.5576292953514468e-5,2.0166882073211547e-5
380761,108,373,382,1.5565610395394898e-6,5.501705462318856e-6,5.051638657027418e-6
380017,9622,12655,12153,1.3867805854119415e-4,1.8665973894274832e-4,1.6071351989228847e-4
379842,58,96,119,8.359309286415778e-7,1.415988537218794e-6,1.5736780109588027e-6
379014,586,2567,2459,8.445784899723527e-6,3.7862943490006714e-5,3.251827083149324e-5
378986,1190,1985,1593,1.7150996639370302e-5,2.9278512983117773e-5,2.106612665090229e-5
378843,173,169,216,2.4933801837067752e-6,2.492729820728919e-6,2.8564239526647175e-6
378828,3261,3299,3244,4.6999495832761813e-5,4.865985608630002e-5,4.2899256029834924e-5
378287,11372,9204,11199,1.6390011242262107e-4,1.3575790100585187e-4,1.4809764743468597e-4
377751,1295,1369,1132,1.8664319872255917e-5,2.0192586535963843e-5,1.4969777381557686e-5
377697,3760,3912,3616,5.419138433952297e-5,5.770153289166586e-5,4.7818652837201936e-5
377474,1625,2200,4076,2.3420478604182137e-5,3.244973731126403e-5,5.39017779215805e-5
377073,142,254,208,2.0465895149500697e-6,3.7464696713913926e-6,2.750630472936395e-6
372460,1439,766,1919,2.0739734591641906e-5,1.1298408536558294e-5,2.537721094983145e-5
372445,633,310,254,9.123177203967565e-6,4.572462984769022e-6,3.358942981374251e-6
371546,16481,31352,38515,2.375340971541697e-4,4.624382564467045e-4,5.093294839670444e-4
371280,1148,1463,1284,1.6545667346216057e-5,2.157907531199058e-5,1.697985349639582e-5
371262,174,184,137,2.5077927859247333e-6,2.7139780296693555e-6,1.8117133403475292e-6
370223,289,986,123,4.16524204098993e-6,1.4543382267684698e-5,1.6265747508229642e-6
370160,8797,12605,12793,1.2678766171137862e-4,1.8592224491294687e-4,1.6917699827055432e-4
362287,1022,1146,1341,1.472967946675332e-5,1.6903363163049353e-5,1.773363203946012e-5
362282,1098,2420,2347,1.5825037235318146e-5,3.5694711042390434e-5,3.103716211529672e-5
362184,650,891,769,9.368191441672855e-6,1.3142143611061933e-5,1.0169398238885037e-5
362181,28833,46848,66133,4.155585597503899e-4,6.910024061627715e-4,8.74555024359147e-4
362105,291,187,736,4.194067245425847e-6,2.7582276714574425e-6,9.733000135005705e-6
362065,6063,8334,8796,8.73836072474808e-5,1.2292550488730657e-4,1.16319930961291e-4
362022,6985,11035,10578,1.0067202649243829e-4,1.6276493237718116e-4,1.3988542857077492e-4
360846,932,1145,1281,1.3432545267137078e-5,1.6888613282453326e-5,1.69401809414977e-5
360154,14667,30070,34261,2.1138963673079348e-4,4.435289095225952e-4,4.530738011215087e-4
360146,219367,269239,273460,0.003161649310746845,0.00397124310179428,0.0036162856208133967
357409,1838,1576,1417,2.649036287660724e-5,2.324581181934187e-5,1.873867009687919e-5
357337,45037,70373,79801,6.491003660901852e-4,0.0010379933471843562,0.0010553031844749868
357024,537,360,705,7.739567391043574e-6,5.309957014570478e-6,9.323050401058453e-6
356925,3209,3031,2353,4.625004051742799e-5,4.470688808656422e-5,3.1116507225092967e-5
351749,118,103,105,1.7006870617190722e-6,1.5192377013909979e-6,1.3885394214342377e-6
350283,401,931,829,5.7794534894012535e-6,1.3732138834903097e-5,1.0962849336847458e-5
348913,1148,1463,1284,1.6545667346216057e-5,2.157907531199058e-5,1.697985349639582e-5
347748,96,191,125,1.3836098129239908e-6,2.817227193841559e-6,1.6530231207550449e-6
347663,438,721,677,6.3127197714657084e-006,1.0634663909736984e-5,8.952773222009324e-6
347660,602,826,855,8.67638653521086e-6,1.218340137232004e-5,1.1306678145964507e-5
346561,305,880,502,4.395843676477262e-6,1.2979894924505612e-5,6.63854085295226e-6
346225,1838,1576,1417,2.649036287660724e-5,2.324581181934187e-5,1.873867009687919e-5
345140,5382,7248,8375,7.756862513705124e-5,1.0690713456001895e-4,1.10752549090588e-4
342554,11372,9204,11199,1.6390011242262107e-4,1.3575790100585187e-4,1.4809764743468597e-4
341252,473,843,941,6.817160849094246e-6,1.2434149342452535e-5,1.2443958053043978e-5
334782,1560,2372,2339,2.248365946001485e-5,3.4986716773781035e-5,3.09313686355684e-5
330511,1149,1336,1350,1.6560079948434016e-5,1.9705840476294883e-5,1.7852649704154484e-5
330432,1815,3118,2856,2.6158873025594202e-5,4.599012769841875e-5,3.7768272263011264e-5
330287,459,829,703,6.615384418042831e-6,1.2227651014108127e-5,9.296602031126373e-6
330286,1004,5648,3686,1.4470252626830071e-5,8.330732560637238e-5,4.8744345784824764e-5
329366,1285,2340,2360,1.8520193850076337e-5,3.4514720594708105e-5,3.120907651985525e-5
329362,44,111,68,6.341544975901625e-7,1.6372367461592306e-6,8.992445776907444e-7
329361,4307,9697,8948,6.207507775274613e-5,1.4302959213969424e-4,1.1833000707612914e-4
327365,1856,2222,133,2.674978971653049e-5,3.277423468437667e-5,1.7588166004833677e-6
324872,189,144,991,2.723981819194107e-6,2.1239828058281912e-6,1.3105167301345995e-5
324726,65094,55673,47954,9.381739287757736e-4,8.211701024227284e-4,6.341525658614994e-4
324718,279,84,104,4.021116018810349e-6,1.2389899700664448e-6,1.3753152364681974e-6
320865,1651,2068,2010,2.379520626184905e-5,3.050275307258819e-5,2.658061178174112e-5
318789,1133,1905,1857,1.6329478312946683e-5,2.8098522535435444e-5,2.4557311481936945e-5
253506,1812,1627,3753,2.6115635218940328e-5,2.3998055729739355e-5,4.963036617754947e-5
250808,3353,8071,9052,4.832545523681397e-5,1.190462862905509e-4,1.1970532231259733e-4
250761,182,159,110,2.6230936036683993e-6,2.345231014768628e-6,1.4546603462644394e-6
232333,575,572,639,8.287246275325986e-6,8.436931700928648e-6,8.45025419329979e-6
232329,233,230,254,3.3581363167842696e-6,3.392472537086694e-6,3.358942981374251e-6
232320,2836,435,221,4.0874139890129566e-5,6.41619805927266e-6,2.9225448774949193e-6
230854,5033,6804,5150,7.253862696298381e-5,1.0035818757538203e-4,6.810455257510785e-5
228439,167,115,106,2.406904570399026e-6,1.696236268543347e-6,1.401763606400278e-6
228300,4566,7523,8054,6.580794172719731e-5,1.1096335172392696e-4,1.0650758571648905e-4
228290,162,1206,180,2.3348415593092345e-6,1.77883559988111e-5,2.3803532938872645e-6
227260,185,278,194,2.666331410322274e-6,4.100466805696091e-6,2.5654918834118297e-6
223095,1546,1969,1847,2.2281883028963436e-5,2.9042514893581308e-5,2.4425069632276542e-5
217691,4228,4986,4296,6.093648217752743e-5,7.354290465180112e-5,5.681109861410938e-5
214730,4511,16654,2295,6.50152486052096e-5,2.4564451144626874e-4,3.0349504497062626e-5
213020,8797,12605,12793,1.2678766171137862e-4,1.8592224491294687e-4,1.6917699827055432e-4
213019,1976,2796,2842,2.8479301982685477e-5,4.124066614649738e-5,3.75831336734867e-5
210804,3470,9333,15062,5.001172969631508e-5,1.3766063560273964e-4,1.9918267395849988e-4
210803,1753,3983,3411,2.526529168808079e-5,5.874877441398392e-5,4.510769491916366e-5
210797,273,426,462,3.934640405502599e-6,6.283449133908399e-6,6.109573454310646e-6
210790,1152,5750,5899,1.660331775508789e-5,8.481181342716735e-5,7.800946711467207e-5
210694,4382852,5044901,5003755,0.0631683024561827,0.07441168736878782,0.06617058164474927
210345,2505,2990,634,3.610356855598538e-5,4.4102142982127026e-5,8.384133268469588e-6
210305,26310,29104,26975,3.7919556435448126e-4,4.292805248668311e-4,3.567223894589387e-4
210297,211210,328134,333193,0.0030440857144549594,0.0048399373194974145,0.0044062058613898855
210289,3318,5493,5387,4.7821014159185436e-5,8.102109411398788e-5,7.123868441205941e-5
210283,5800,6889,7625,8.359309286415778e-5,1.016119274260445e-4,1.0083441036605773e-4
210272,4725,19160,19682,6.809954547985268e-5,2.8260771221991763e-4,2.6027840850160637e-4
210267,877,773,294,1.2639852145149375e-5,1.1401657700730498e-5,3.887910380015865e-6
210261,9957,12701,11954,1.4350628028421018e-4,1.8733823345016567e-4,1.5808190708404646e-4
209679,22905,72094,26433,3.3012065380233344e-4,0.0010633778916901222,3.495548812073448e-4
208616,1554,2681,8277,2.23971838467071e-5,3.9544429877954034e-5,1.0945657896391605e-4
208244,1737,2712,1719,2.503469005259346e-5,4.000167617643093e-5,2.2732373956623377e-5
205795,312,174,224,4.49673189200297e-6,2.5664792237090644e-6,2.9622174323930406e-6
204855,2460,1632,1475,3.5455001456177266e-5,2.4071805132719498e-5,1.950567282490953e-5
204582,149,181,97,2.1474777304757776e-6,2.669728387881268e-6,1.2827459417059148e-6
203815,1045,1609,1705,1.506116931776636e-5,2.373255787901083e-5,2.2547235367098813e-5
196521,147,239,234,2.118652526039861e-6,3.525221462450956e-6,3.094459282053444e-6
196436,232,702,663,3.343723714566311e-6,1.0354416178412431e-5,8.767634632484759e-6
196278,938,1122,1545,1.3519020880444828e-5,1.6549366028744657e-5,2.0431365772532354e-5
190001,374,260,506,5.390313229516381e-6,3.834968954967567e-6,6.691437592816422e-6
189936,5058,5964,5996,7.289894201843276e-5,8.796828787471758e-5,7.9292213056378e-5
189286,521,1677,1334,7.508965755556242e-6,2.4735549759540808e-5,1.764106274469784e-5
188945,4341,5349,5479,6.25651062281567e-5,7.889711130815968e-5,7.245530942893512e-5
187301,929,1065,1044,1.3389307460483204e-5,1.5708622834770998e-5,1.3806049104546135e-5
187055,2177,3816,3661,3.1376235028495085e-5,5.6285544354447065e-5,4.8413741160673753e-5
171968,36303,38907,5796,5.232206983185379e-4,5.738736043497044e-4,7.664737606316992e-5
171596,114,124,117,1.6430366528472392e-6,1.828985193907609e-6,1.547229641026722e-6
171564,67211,58702,75318,9.686854076711911e-4,8.658474907481006e-4,9.960191632722277e-4
171297,108349,132326,125806,0.001561591037713557,0.0019517926997501473,0.0016636818138376734
170725,40038,49653,49172,5.770517676026119e-4,7.323758212346332e-4,6.502596231501366e-4
168874,3750,13568,10604,5.404725831734339e-5,2.001263799269229e-4,1.4022925737989196e-4
168871,1235,851,1056,1.7799563739178423e-5,1.2552148387220769e-5,1.396473932413862e-5
168860,666,872,785,9.598793077160186e-6,1.286189587973738e-5,1.0380985198341682e-5
168835,155,175,231,2.233953343783527e-6,2.5812291043050933e-6,3.054786727155323e-6
168800,23148,27693,21535,3.3362291614129726e-4,4.08468443345834e-4,2.8478282324367914e-4
168759,4561,3706,3861,6.573587871610752e-5,5.466305748888386e-5,5.105857815388183e-5
167348,458409,295776,483971,0.006606866570132017,0.004362660683171105,0.0064001220221995185
163872,1535,2639,2289,2.2123344404565896e-5,3.8924934892920805e-5,3.0270159387266382e-5
161846,96928,91218,95546,0.0013969847077822562,0.001345454608208583,0.0012635179767652922
160822,5172,5304,5032,7.454197867128e-5,7.823336668133838e-5,6.654409874911509e-5
160463,2578590,575930,519628,0.03716419195320493,0.008494898731671042,0.006871656785533619
146868,583,694,543,8.402547093069652e-6,1.0236417133644198e-5,7.180732436559915e-6
146430,7347,14675,13802,1.0588938849533917e-4,2.1645449774672712e-4,1.8252020090128905e-4
146262,498,485,543,7.177475904543202e-6,7.153692089074116e-6,7.180732436559915e-6
138111,279,195,395,4.021116018810349e-6,2.8762267162256754e-6,5.223553061585942e-6
136141,770,1109,1122,1.1097703707827843e-5,1.6357617580996277e-5,1.4837535531897282e-5
135888,5989,3784,7205,8.631707468335189e-5,5.5813548175374135e-5,9.528025268032078e-5
135773,476,1076,1049,6.860398655748121e-6,1.5870871521327317e-5,1.3872170029376336e-5
135765,1233,1049,1180,1.7770738534742508e-5,1.5472624745234533e-5,1.5604538259927625e-5
135618,570,1349,1325,8.215183264236196e-6,1.9897588924043263e-5,1.7522045080003477e-5
135617,451,888,854,6.500083600299165e-6,1.3097893969273845e-5,1.1293453960998467e-5
135613,3458,6371,6485,4.9838778469699584e-5,9.397148927730143e-5,8.575883950477173e-5
135609,34232,314943,284220,4.933721991251464e-4,0.0046453716445551945,0.0037585778510479907
135193,983,1766,1540,1.4167587980252948e-5,2.6048289132587398e-5,2.0365244847702154e-5
135163,285,357,261,4.107591632118098e-6,5.26570737278239e-6,3.4515122761365336e-6
135128,75,49,96,1.0809451663468679e-6,7.227441492054262e-7,1.2695217567398744e-6
134941,555,1017,765,7.998994230966822e-6,1.5000628566161599e-5,1.0116501499020875e-5
134750,277,317,411,3.9922908143744316e-6,4.675712148941226e-6,5.435140021042587e-6
134464,2201,3491,3506,3.172213748172608e-5,5.1491833160737604e-5,4.63639924909375e-5
134365,1850,2423,4150,2.666331410322274e-5,3.573896068417852e-5,5.488036760906749e-5
134132,197,195,395,2.839282636937773e-6,2.8762267162256754e-6,5.223553061585942e-6
133780,198,300,302,2.853695239155731e-6,4.424964178808731e-6,3.993703859744189e-6
133675,1865,2436,2363,2.6879503136492113e-5,3.59307091319269e-5,3.124874907475337e-5
133610,161,157,99,2.3204289570912764e-6,2.3157312535765693e-6,1.3091943116379955e-6
133584,508,1638,1497,7.321601926722785e-6,2.4160304416295674e-5,1.9796604894162417e-5
133018,4876,6532,8131,7.027584841476437e-5,9.634622005326211e-5,1.0752584795887416e-4
133012,485,505,468,6.990112075709745e-6,7.448689700994698e-6,6.188918564106888e-6
133010,768,12575,12240,1.1068878503391926e-5,1.85479748495066e-4,1.61864023984334e-4
132978,1242,1733,9556,1.790045195470413e-5,2.5561543072918437e-5,1.2637031153548168e-4
131663,3242,5700,6257,4.6725656390620606e-5,8.40743193973659e-5,8.274372533251453e-5
131662,1796,6590,6898,2.5885033583452995e-5,9.72017131278318e-5,9.12204278957464e-5
131597,108,224,341,1.5565610395394898e-6,3.3039732535105194e-6,4.509447073419763e-6
131464,7633,10058,10660,1.1001139272967522e-4,1.4835429903486074e-4,1.4096981173799023e-4
131450,1260,2877,2305,1.815987879462738e-5,4.2435406474775736e-5,3.048174634672303e-5
131202,916,1246,131,1.3201943631649746e-5,1.8378351222652266e-5,1.732368230551287e-6
131168,28416,18681,44988,4.095485046255013e-4,2.755425194144197e-4,5.949296332522237e-4
131166,1401,2130,2798,2.019205570735949e-5,3.1417245669541995e-5,3.700126953498092e-5
130638,197,195,395,2.839282636937773e-6,2.8762267162256754e-6,5.223553061585942e-6
130597,825,1238,1089,1.1890396829815547e-5,1.826035217788403e-5,1.4401137428017952e-5
130558,250,195,300,3.6031505544895593e-6,2.8762267162256754e-6,3.967255489812108e-6
128297,5739,632,1473,8.271392412886232e-5,9.321924536690394e-6,1.947922445497745e-5
128051,4429,4644,6310,6.383341522333703e-5,6.849844548795916e-5,8.344460713571466e-5
128047,905,1952,1631,1.3043405007252204e-5,2.8791766923448812e-5,2.1568645679611825e-5
127640,77488,91834,92208,0.001116803720665148,0.0013545405346557368,0.0012193756473486495
127380,4382522,5044901,5003755,0.06316354629745077,0.07441168736878782,0.06617058164474927
127358,2707,3176,4056,3.901491420401295e-5,4.6845620772988436e-5,5.3637294222259696e-5
127344,324,291,239,4.669683118618469e-6,4.29221525344447e-6,3.160580206883646e-6
127277,35331,23769,21318,5.092116489626825e-4,3.505899118870158e-4,2.819131751060484e-4
126690,102,93,74,1.4700854262317404e-6,1.3717388954307068e-6,9.785896874869866e-7
126585,666,858,821,9.598793077160186e-6,1.2655397551392973e-5,1.0857055857119134e-5
126582,1051,1526,1424,1.5147644931074109e-5,2.2508317789540416e-5,1.8831239391641472e-5
125960,71439,112864,51277,0.0010296218898487185,0.0016647305235902288,6.780965325036515e-4
125884,979,1439,2033,1.4109937571381114e-5,2.1225078177685883e-5,2.688476803596005e-5
125816,1467,2006,1966,2.1143287453744734e-5,2.9588260475634384e-5,2.5998747643235347e-5
125811,115787,43449,43976,0.0016687919730107306,6.408675620168686e-4,5.815467580665908e-4
125810,401,409,491,5.7794534894012535e-6,6.032701163775904e-6,6.493074818325816e-6
125802,3891,6274,6508,5.607943523007551e-5,9.25407508594866e-5,8.606299575899066e-5
125785,324,291,239,4.669683118618469e-6,4.29221525344447e-6,3.160580206883646e-6
125241,240,309,251,3.459024532309977e-6,4.5577131041729935e-6,3.31927042647613e-6
125070,430,595,573,6.197418953722042e-6,8.776178954637318e-6,7.5774579855411256e-006
124960,5544,5424,6562,7.990346669636047e-5,8.000335235286187e-5,8.677710174715684e-5
124615,2754,9133,4023,3.9692306508256986e-5,1.3471065948353383e-4,5.3200896118380366e-5
124607,671,3435,908,9.670856088249978e-6,5.0665839847359975e-5,1.2007559949164646e-5
124605,14505,53457,8137,2.0905479517148424e-4,7.884843670219278e-4,1.076051930686704e-4
124602,1912,3177,2915,2.7556895440736152e-5,4.686037065358447e-5,3.854849917600765e-5
124356,1328,1068,1723,1.913993574544854e-5,1.5752872476559082e-5,2.278527069648754e-5
123962,56518,5736,4955,8.145714521545637e-4,8.460531509882295e-5,6.552583650672998e-5
121482,749,924,1329,1.079503906125072e-5,1.3628889670730894e-5,1.7574941819867637e-5
120954,317,489,498,4.568794903092761e-6,7.212691611458233e-6,6.5856441130880986e-6
120744,4954,6338,5275,7.140003138776511e-5,9.348474321763247e-5,6.975757569586289e-5
120466,2600481,575930,519628,0.037479698228358255,0.008494898731671042,0.006871656785533619
119025,270,692,768,3.8914025988487245e-6,1.020691737245214e-5,1.0156174053918995e-5
118964,535,755,873,7.710742186607657e-6,1.1136159850001974e-5,1.1544713475353234e-5
117982,8873,7956,10410,1.2788301947994345e-4,1.1735005002200757e-4,1.3766376549648014e-4
113563,70,71,281,1.0088821552570766e-6,1.0472415223180666e-6,3.715995975457341e-6
111826,6239,9369,2612,8.992022523784145e-5,1.3819163130419668e-4,3.454157113129742e-5
111821,7615,6093,3513,1.0975196588975198e-4,8.987102247160534e-5,4.6456561785699785e-5
111776,276,601,204,3.977878212156474e-6,8.864678238213491e-6,2.697733733072233e-6
111399,17090,24657,27410,2.4631137190490627e-4,3.6368780585628965e-4,3.624749099191662e-4
110889,7503,17465,11458,1.0813775444134066e-4,2.576066646096483e-4,1.5152271134089042e-4
110873,3057,7332,4203,4.4059324980298334e-5,1.081461245300854e-4,5.558124941226763e-5
110842,1407,7745,6552,2.027853132066724e-5,1.1423782521624542e-4,8.664485989749643e-5
110801,1917,3678,4738,2.7628958451825942e-5,5.4250060832195046e-5,6.265618836909923e-5
110604,154035,27544,23059,0.0022200451826431974,4.0627071113702565e-4,3.049364811319246e-4
110368,1865,2909,2363,2.6879503136492113e-5,4.2907402653848666e-5,3.124874907475337e-5
110134,579,784,765,8.34489668419782e-6,1.1563906387286819e-5,1.0116501499020875e-5
110022,96,387,93,1.3836098129239908e-6,5.7082037906632635e-6,1.2298492018417533e-6
109990,2092,6668,7090,3.0151163839968634e-5,9.835220381432208e-5,9.375947140922614e-5
109714,1917,3678,4738,2.7628958451825942e-5,5.4250060832195046e-5,6.265618836909923e-5
109532,2104,2972,3079,3.0324115066584133e-5,4.38366451313985e-5,4.0717265510438264e-5
109395,1917,3678,4738,2.7628958451825942e-5,5.4250060832195046e-5,6.265618836909923e-5
108950,3612,4529,4867,5.2058319211265156e-005,6.680220921941581e-5,6.436210822971843e-5
108834,353,856,1038,5.087648582939258e-6,1.2625897790200913e-5,1.3726703994749893e-5
108829,264,367,414,3.8049269855409747e-6,5.413206178742681e-6,5.474812575940709e-6
108825,4853,16366,13688,6.994435856375133e-5,2.4139654583461232e-4,1.8101264381516043e-4
108314,4246452,4235823,4111702,0.061202423513653195,0.06247788347591379,0.05437390777323808
107237,4260,5281,5054,6.13976854485021e-5,7.78941194276297e-5,6.683503081836798e-5
106482,307,77,177,4.424668880913179e-6,1.1357408058942412e-006,2.3406807389891436e-6
106387,9392,13275,14446,1.3536316003106376e-4,1.9580466491228636e-4,1.9103657601941902e-4
106385,669,1687,3725,9.642030883814061e-6,2.48830485655011e-5,4.9260088998500334e-5
106384,2614,14272,19781,3.767454219774283e-5,2.105102958665274e-4,2.6158760281324434e-4
105630,27136,31887,40423,3.911003737865147e-4,4.7032944256558007e-4,5.345612288822494e-4
105516,457,751,732,6.586559213606914e-6,1.1077160327617858e-5,9.680103395141543e-6
105081,241,570,351,3.473437134527935e-6,8.40743193973659e-6,4.641688923080166e-6
104922,7114,11383,11876,1.025312521785549e-4,1.678978908245993e-4,1.5705042065669532e-4
104366,198,331,220,2.853695239155731e-6,4.882210477285634e-6,2.909320692528879e-6
104365,499,227,1025,7.191888506761161e-6,3.3482228952986068e-6,1.3554789590191368e-5
104288,10100,11774,17768,1.455672824013782e-4,1.736650941376467e-4,2.349673184766051e-4
103129,73538,21880,67868,0.0010598739419042129,3.227273874411168e-4,8.974989852752271e-4
102809,1852,2907,2585,2.6692139307658658e-5,4.2877902892656605e-5,3.418451813721433e-5
102715,1609,2613,2889,2.3189876968694804e-5,3.854143799742405e-5,3.8204670366890595e-5
102679,296,465,506,4.266130256515638e-6,6.8586944771535335e-6,6.691437592816422e-6
102223,4964,15362,7896,7.154415740994469e-5,2.2658766571619912e-4,1.0441816449185467e-4
100947,2177,3816,3661,3.1376235028495085e-5,5.6285544354447065e-5,4.8413741160673753e-5
100916,4296,6818,6941,6.19165391283486e-5,1.0056468590372644e-4,9.178906784928614e-5
100897,49119,47888,53372,7.079326083438907e-4,7.063422819826418e-4,7.05801200007506e-4
100896,200,131,259,2.8825204435916475e-6,1.9322343580798128e-6,3.425063906204453e-6
100879,8444,12135,12123,1.2170001312843937e-4,1.789898010328132e-4,1.6031679434330728e-4
100877,623,1164,1059,8.979051181787983e-6,1.716886101377788e-5,1.400441187903674e-5
100876,32981,51705,57747,4.753420337504806e-4,7.626425762176849e-4,7.636570092339326e-4
100865,14563,461343,501654,2.098907261001258e-4,0.006804754163813855,0.00663396528495401
100343,1603,2267,1802,2.3103401355387055e-5,3.3437979311197984e-5,2.3829981308804728e-5
100017,906,1888,1819,1.3057817609470164e-5,2.7847774565302952e-5,2.4054792453227415e-5
97828,386742,269554,463849,0.005573958606977605,0.003975889314182029,0.0061340249723128544
89252,1328,766,1752,1.913993574544854e-5,1.1298408536558294e-5,2.316877206050271e-5
89241,5945,49447,51563,8.568292018576172e-5,7.293373458318512e-4,6.818786494039391e-4
89209,1000,492,1295,1.4412602217958237e-5,7.256941253246319e-6,1.7125319531022263e-5
88847,212849,334179,340943,0.003067707969490193,0.004929100347700411,0.004508693294876698
87951,1761,1672,1423,2.5380592505824458e-5,2.4661800356560662e-5,1.8818015206675432e-5
87822,2293,7542,7835,3.304809688577824e-5,1.1124359945525152e-4,1.0361148920892621e-4
85117,345,463,474,4.972347765195592e-6,6.829194715961476e-6,6.26826367390313e-6
85067,1176,2103,1725,1.694922020831889e-5,3.101899889344921e-5,2.281171906641962e-5
84910,106011,115849,123260,0.0015278943737279708,0.0017087589171693757,0.0016300130389141348
84326,3391,23513,25144,4.887313412109638e-5,3.4681394245443233e-4,3.3250890678611876e-4
84216,778,447,791,1.121300452557151e-5,6.59319662642501e-6,1.0460330308137924e-5
84181,9622,12655,12153,1.3867805854119415e-4,1.8665973894274832e-4,1.6071351989228847e-4
84151,13808,4390,4087,1.9900921142556734e-4,6.475197581656777e-5,5.404724395620695e-5
84116,2286,2886,2413,3.294720867025253e-5,4.256815540014e-5,3.190995832305539e-5
84105,6481,1988,6621,9.340807497458734e-5,2.932276262490586e-5,8.755732866015321e-5
84063,11964,52353,4796,1.7243237293565236e-4,7.722004988439117e-4,6.342319109712957e-5
66305,184,165,249,2.651918808104316e-6,2.4337302983448022e-6,3.2928220565440493e-6
62639,1761,1946,2048,2.5380592505824458e-5,2.870326763987264e-5,2.7083130810450655e-5
62566,1254,1246,1228,1.807340318131963e-5,1.8378351222652266e-5,1.6239299138297562e-5
46351,636837,651021,650204,0.00917847835867787,0.009602482015507464,0.008598417961659305
43762,2182,829,1529,3.1448298039584875e-5,1.2227651014108127e-5,2.021977881307571e-5
42357,2972,6179,6510,4.283425379177188e-5,9.113951220286385e-5,8.608944412892273e-5
42187,1838,767,1678,2.649036287660724e-5,1.1313158417154323e-5,2.2190182373015723e-5
42007,709,920,1124,1.0218534972532391e-5,1.3569890148346777e-5,1.4863983901829364e-5
41805,143,188,270,2.061002117168028e-6,2.7729775520534718e-6,3.570529940830897e-6
41682,399,856,828,5.7506282849653365e-6,1.2625897790200913e-5,1.0949625151881418e-5
37755,14154,20714,20895,2.0399597179298089e-4,3.055290266661469e-4,2.763193448654133e-4
34444,5232,9573,8566,7.54067348043575e-5,1.4120060694578662e-4,1.1327836841910171e-4
34183,199,172,212,2.8681078413736894e-6,2.536979462517006e-6,2.803527212800556e-6
34113,1596,1290,1480,2.3002513139861346e-5,1.9027345968877545e-5,1.9571793749739733e-5
34078,282,325,346,4.064353825464223e-6,4.793711193709459e-6,4.5755679982499645e-6
34033,131,79,68,1.8880508905525292e-6,1.1652405670862993e-6,8.992445776907444e-7
34029,137,271,434,1.9745265038602784e-6,3.997217641523888e-6,5.739296275261516e-6
34012,15676,4177,1585,2.2593195236871334e-4,6.161025124961358e-5,2.0960333171173968e-5
33993,973,1911,6441,1.4023461958073365e-5,2.818702181901162e-5,8.517697536626596e-5
31601,149,181,144,2.1474777304757776e-6,2.669728387881268e-6,1.9042826351098118e-6
31362,7643,12174,4815,1.1015551875185482e-4,1.7956504637605831e-4,6.367445061148432e-5
26868,4837,18860,9605,6.971375692826399e-5,2.781827480411089e-4,1.2701829659881765e-4
26755,387,697,449,5.577677058349838e-6,1.0280666775432287e-5,5.937659049752121e-6
26641,5336,17985,12485,7.690564543502515e-5,2.6527660251958343e-4,1.6510394930101388e-4
25326,15348,18295,18994,2.2120461884122302e-4,2.698490655043525e-4,2.5118016924497057e-4
22885,982,527,2779,1.4153175378034989e-5,7.773187074107338e-6,3.675001002062616e-5
22803,808,658,724,1.1645382592110256e-5,9.705421432187151e-6,9.57430991541322e-6
22735,381,2206,1508,5.491201445042088e-6,3.253823659484021e-5,1.994207092878886e-5
21709,115787,43449,43976,0.0016687919730107306,6.408675620168686e-4,5.815467580665908e-4
21704,9528,19543,21691,1.373232739327061e-4,2.882569164881968e-4,2.868457960983814e-4
20330,9781,13041,4370,1.4096966229384952e-4,1.9235319285281556e-4,5.778968830159637e-5
20281,11306,20125,5956,1.6294888067623585e-4,2.968413469950857e-4,7.876324565773637e-5
18488,474,879,376,6.831573451312205e-6,1.2965145043909584e-5,4.972293547231175e-6
18388,611,962,938,8.806099955172484e-6,1.4189385133379999e-5,1.2404285498145856e-5
18382,2494,5200,4998,3.5945029931587843e-5,7.669937909935135e-5,6.609447646026971e-5
18361,1796,3939,3188,2.5885033583452995e-5,5.8099779667758646e-5,4.215870167173666e-5
18321,698,1240,1237,1.005999634813485e-5,1.828985193907609e-5,1.6358316802991926e-5
18318,1574,2006,2247,2.2685435891066267e-5,2.9588260475634384e-5,2.9714743618692688e-5
18305,196582,14720,12653,0.0028332581692106663,2.1711824237354843e-4,1.6732561237530865e-4
18226,2494,4805,1881,3.5945029931587843e-5,7.087317626391985e-5,2.4874691921121916e-5
18176,776,1079,956,1.1184179321135592e-5,1.5915121163115405e-5,1.2642320827534583e-5
18173,13385,17814,13059,1.9291268068737102e-4,2.627543729376625e-4,1.7269463147152105e-4
18164,9170,13686,14153,1.3216356233867704e-4,2.0186686583725433e-4,1.871618898243692e-4
18157,254,433,464,3.6608009633613925e-6,6.3866982980806025e-6,6.136021824242726e-6
18023,713,747,621,1.0276185381404224e-5,1.1018160805233741e-5,8.212218863911063e-6
17962,5791,9369,3101,8.346337944419615e-5,1.3819163130419668e-4,4.100819757969115e-5
17948,895,1559,1350,1.2899278985072623e-5,2.2995063849209376e-5,1.7852649704154484e-5
17872,3612,4529,4867,5.2058319211265156e-005,6.680220921941581e-5,6.436210822971843e-5
17775,5477,5921,6441,7.893782234775727e-5,8.733404300908833e-5,8.517697536626596e-5
17710,254,189,373,3.6608009633613925e-6,2.787727432649501e-6,4.932620992333054e-6
17702,393,538,536,5.664152671657587e-6,7.935435760663658e-6,7.0881631417976325e-6
17663,3907,6778,7075,5.6310036865562836e-5,9.997469067988528e-5,9.356110863473555e-5
17504,795,1457,1640,1.1458018763276798e-5,2.1490576028414406e-5,2.168766334430619e-5
17480,244,318,271,3.51667494118181e-6,4.690462029537256e-6,3.583754125796937e-6
17471,3093,3728,4339,4.457817866014483e-5,5.4987554861996505e-5,5.737973856764912e-5
17425,11636,22504,21704,1.6770503940816204e-4,3.3193131293303896e-4,2.8701771050293994e-4
17350,562,886,746,8.09988244649253e-6,1.3068394208081787e-5,9.865241984666108e-6
17349,71,79,112,1.0232947574750349e-6,1.1652405670862993e-6,1.4811087161965203e-6
17334,4426,5527,5708,6.379017741668316e-5,8.152259005425286e-5,7.548364778615837e-5
17297,3303,6022,5247,4.760482512591606e-5,8.882378094928727e-5,6.938729851681376e-5
17289,830,1983,1938,1.1962459840905337e-5,2.9249013221925715e-5,2.5628470464186217e-5
17225,333,1053,821,4.799396538580093e-6,1.5531624267618648e-5,1.0857055857119134e-5
17191,666,916,917,9.598793077160186e-6,1.351089062596266e-5,1.212657761385901e-5
17188,212,358,344,3.0554716702071463e-6,5.28045725337842e-6,4.549119628317884e-6
17186,299,406,709,4.309368063169513e-6,5.988451521987817e-6,9.375947140922614e-6
17069,329,475,476,4.74174612970826e-6,7.0061932831138245e-6,6.294712043835211e-6
17045,1308,1532,1641,1.8851683701089375e-5,2.259681707311659e-5,2.170088752927223e-5
17011,4231,5956,6137,6.0979719984181304e-5,8.785028882994935e-5,8.115682313658969e-5
17010,12796,16934,17505,1.844236579809936e-4,2.4977447801315686e-4,2.3148935783053647e-4
16857,3977,5531,5391,5.731891902081991e-5,8.158158957663699e-5,7.129158115192357e-5
16852,4964,15362,15252,7.154415740994469e-5,2.2658766571619912e-4,2.0169526910204756e-4
16817,228,326,358,3.2860733056944783e-6,4.808461074305488e-6,4.734258217842449e-6
16810,737,1140,990,1.0622087834635221e-5,1.681486387947318e-5,1.3091943116379955e-5
16794,15469,53905,62798,2.2294854370959598e-4,7.950923135289489e-4,8.304523674974025e-4
16793,2090,2773,307,3.012233863553272e-5,4.090141889278871e-5,4.059824784574391e-6
16747,28111,30753,32532,4.05152660949024e-4,4.536030779696831e-4,4.3020918531522494e-4
16688,81,126,105,1.1674207796546173e-6,1.8584849550996672e-6,1.3885394214342377e-6
16594,4854,5333,4965,6.995877116596928e-5,7.866111321862322e-5,6.565807835639039e-5
16549,294,201,255,4.237305052079722e-6,2.9647259998018502e-6,3.3721671663402915e-6
14835,246,317,377,3.5455001456177265e-6,4.675712148941226e-6,4.985517732197215e-6
14816,256,88,54,3.6896261677973087e-6,1.2979894924505613e-6,7.141059881661794e-7
14796,1190,1985,2305,1.7150996639370302e-5,2.9278512983117773e-5,3.048174634672303e-5
14778,5952,6724,6441,8.578380840128743e-5,9.917819712769971e-5,8.517697536626596e-5
14740,995,1388,1619,1.4340539206868447e-5,2.0472834267288397e-5,2.1409955460019342e-5
14739,80,166,91,1.153008177436659e-6,2.4484801789408315e-6,1.2034008319096727e-6
14729,1560,2372,2339,2.248365946001485e-5,3.4986716773781035e-5,3.09313686355684e-5
14719,88,675,221,1.268308995180325e-6,9.956169402319645e-6,2.9225448774949193e-6
14712,11191,16155,16881,1.6129143142117064e-4,2.382843210288502e-4,2.232374664117273e-4
14709,3345,5160,5143,4.8210154419070305e-5,7.610938387551018e-5,6.801198328034557e-5
14703,19634,25553,13010,2.8297703194739206e-4,3.769036988703317e-4,1.7204664640818506e-4
14702,10390,14655,15090,1.497469370445861e-4,2.1615950013480654e-4,1.9955295113754901e-4
14696,5547,12806,10383,7.994670450301434e-5,1.8888697091274873e-4,1.3730671250239705e-4
14694,2642,2769,3767,3.8078095059845666e-5,4.084241937040459e-5,4.9815504767074035e-5
14689,8606,19034,7874,1.240348546877486e-4,2.8074922726481797e-4,1.0412723242260178e-4
13146,83,59,128,1.1962459840905337e-6,8.702429551657172e-7,1.692695675653166e-6
13139,2352,4057,3617,3.389844041663778e-5,5.984026557809008e-5,4.783187702216798e-5
10176,906,1888,1819,1.3057817609470164e-5,2.7847774565302952e-5,2.4054792453227415e-5
6485,6063,8241,8796,8.73836072474808e-5,1.2155376599187585e-4,1.16319930961291e-4
6435,1905,3094,2913,2.7456007225210443e-5,4.563613056411405e-5,3.852205080607557e-5
6422,619,875,788,8.921400772916149e-6,1.2906145521525466e-5,1.0420657753239802e-5
6404,3448,16510,17728,4.9694652447520004e-5,2.4352052864044053e-4,2.3443835107796347e-4
5837,9173,38855,38540,1.322068001453309e-4,5.731066105587109e-4,5.096600885911955e-4
5244,104778,154882,116647,0.0015101236351932282,0.0022844910064741797,0.0015425615037337097
4983,561,437,601,8.085469844274572e-6,6.445697820464719e-6,7.947735164590256e-6
4862,55837,89541,93138,8.047564700441342e-4,0.0013207190584490422,0.001231674139367067
4852,1940,1394,1455,2.796044830283898e-5,2.0561333550864573e-5,1.9241189125588723e-5
4850,5799,4739,4098,8.357868026193981e-5,6.989968414458193e-5,5.419270999083339e-5
4849,467,1286,4573,6.730685235786497e-6,1.896834644649343e-5,6.047419784970256e-5
4801,1148,1463,1284,1.6545667346216057e-5,2.157907531199058e-5,1.697985349639582e-5
4795,1619,1805,2941,2.3334002990874388e-5,2.6623534475832535e-5,3.8892327985124696e-5
4766,52183,17622,15548,7.520928215397147e-4,2.599223958632249e-4,2.056096278519955e-4
4755,1737,2712,2499,2.503469005259346e-5,4.000167617643093e-5,3.3047238230134855e-5
4744,2592,2359,2836,3.735746494894775e-5,3.479496832603266e-5,3.750378856369046e-5
4735,4276,5305,5124,6.162828708398942e-5,7.824811656193441e-5,6.77607237659908e-5
4732,1022,1146,1341,1.472967946675332e-5,1.6903363163049353e-5,1.773363203946012e-5
4729,22677,36013,35551,3.2683458049663895e-4,5.311874499047962e-4,4.701329997277008e-4
4723,345,528,339,4.972347765195592e-6,7.787936954703368e-6,4.482998703487682e-6
4721,151,135,121,2.176302934911694e-6,1.991233880463929e-6,1.6001263808908835e-6
4716,6783,6743,9084,9.776068084441073e-5,9.945844485902426e-5,1.2012849623151062e-4
4713,5819,10692,9197,8.386693230629899e-5,1.5770572333274318e-4,1.2162282913267319e-4
4709,932,1145,1281,1.3432545267137078e-5,1.6888613282453326e-5,1.69401809414977e-5
4708,58,105,99,8.359309286415778e-7,1.548737462583056e-6,1.3091943116379955e-6
4707,517,688,444,7.451315346684409e-6,1.0147917850068024e-5,5.871538124921919e-6
4550,209,190,145,3.0122338635532716e-6,2.80247731324553e-6,1.9175068200758523e-6
4546,2548,1505,1959,3.672331045135759e-5,2.2198570297023805e-5,2.5906178348473064e-5
4541,17138,75803,63452,2.4700317681136826e-4,0.0011180851988207942,8.391009844651929e-4
3772,1418,1864,1612,2.0437069945064783e-5,2.7493777430998253e-5,2.131738616525706e-5
3365,303,1136,807,4.367018472041346e-6,1.6755864357089065e-5,1.067191726759457e-5
3246,196,166,307,2.8248700347198147e-6,2.4484801789408315e-6,4.059824784574391e-6
3229,2701,3960,3941,3.89284385907052e-5,5.840952716027525e-5,5.211651295116506e-5
3204,1961,1508,3570,2.8263112949416103e-5,2.224281993881189e-5,4.721034032876408e-5
3194,51909,4425,3956,7.481437685319942e-4,6.526822163742879e-5,5.231487572565566e-5
3182,1016,10316,10045,1.464320385344557e-5,1.5215976822863624e-4,1.328369379838754e-4
3178,3825,4374,3870,5.512820348369026e-5,6.451597772703131e-5,5.117759581857619e-5
3175,13711,19116,19940,1.976111890104254e-4,2.819587174736924e-4,2.6369024822284475e-4
3166,2117,2868,2831,3.051147889541759e-5,4.2302657549411475e-5,3.7437667638860254e-5
3161,11047,16934,17505,1.5921601670178465e-4,2.4977447801315686e-4,2.3148935783053647e-4
2821,610,711,760,8.791687352954525e-6,1.0487165103776694e-5,1.0050380574190673e-5
2394,4231,5956,6662,6.0979719984181304e-5,8.785028882994935e-5,8.809952024376087e-5
2018,480,831,778,6.918049064619954e-6,1.2257150775300187e-5,1.0288415903579399e-5
2017,338,279,431,4.871459549669884e-6,4.11521668629212e-6,5.699623720363395e-6
1981,1371,2250,1635,1.9759677640820744e-5,3.3187231341065485e-5,2.162154241947599e-5
1970,3443,3878,2567,4.9622589436430214e-5,5.720003695140087e-5,3.39464828078256e-5
1967,901,958,1309,1.2985754598380372e-5,1.4130385610995883e-5,1.731045812054683e-5
1846,278,263,206,4.00670341659239e-6,3.879218596755654e-6,2.724182103004314e-6
1771,243,258,298,3.502262338963852e-6,3.8054691937755093e-6,3.940807119880027e-6
1753,7820,631,6785,1.1270654934443342e-4,9.307174656094365e-6,8.972609499458384e-5
1746,93,186,121,1.340372006270116e-6,2.7434777908614136e-6,1.6001263808908835e-6
1744,8818,10416,11617,1.2709032635795575e-4,1.5363475628823916e-4,1.5362535675049086e-4
1717,217,198,194,3.1275346812969376e-6,2.920476358013763e-6,2.5654918834118297e-6
1715,3977,5531,5391,5.731891902081991e-5,8.158158957663699e-5,7.129158115192357e-5
1704,29264,15835,27098,4.2177039130632986e-4,2.3356435923812087e-4,3.5834896420976165e-4
1684,6221,6301,6418,8.966079839791819e-5,9.29389976355794e-5,8.487281911204703e-5
892,2539,4239,5589,3.659359703139597e-5,6.252474384656738e-5,7.390996977519957e-5
592,3055,912,1343,4.4030499775862415e-5,1.3451891103578544e-5,1.77600804093922e-5
309,185,298,633,2.666331410322274e-6,4.3954644176166735e-6,8.370909083503548e-6
303,186,187,183,2.680744012540232e-6,2.7582276714574425e-6,2.4200258487853858e-6
168,1271,4275,2538,1.831841741902492e-5,6.305573954802442e-5,3.356298144381043e-5
136,57,201,255,8.215183264236196e-7,2.9647259998018502e-6,3.3721671663402915e-6
134,1003,3897,2341,1.4455840024612112e-5,5.7480284682725424e-5,3.095781700550048e-5
68,142803,210051,156364,0.00205816283453109,0.0030982271690765096,0.0020677864580299346
