BinBase name,F_SACT_1_001,F_SACT_2_002,F_SACT_3_003,normF_SACT_1_001,normF_SACT_2_002,normF_SACT_3_003
zymosterol,5483,3091,5519,5.588856006636499e-5,3.3867463369067765e-5,5.531105986984773e-5
xylose,6890227,7111596,6408953,0.07023251241298374,0.07792032255762174,0.06423011108643599
xylonic acid,1967,2052,1902,2.0049753355925576e-5,2.2483349994605968e-5,1.9061720578447252e-5
xylitol,39001,39704,33128,3.975396190312422e-4,4.350287174394909e-4,3.320066663106207e-4
vanillic acid,370,420,732,3.7714330156036927e-6,4.601855262053853e-6,7.336056500222602e-6
valine,110777,191730,68179,0.0011291568518095412,0.002100746927127584,6.832855138369902e-4
uridine,3303,2606,2858,3.366768446091621e-5,2.855341622121986e-5,2.864269054321885e-5
uric acid,1410,1369,1301,1.437221770811137e-5,1.4999856794646965e-5,1.3038537577581428e-5
urea,15699,13749,10808,1.6002088354584424e-4,1.5064501904280578e-4,1.0831707466448892e-4
UDP-glucuronic acid,5586,79514,15628,5.6938445473411424e-5,8.712188554927383e-4,1.5662280189273064e-4
tyrosol,19970,19763,18986,2.0355545222055604e-4,2.1653920367611977e-4,1.9027645999074636e-4
tryptophan,34090,27630,32719,3.4748149054575643e-4,3.027363354536856e-4,3.279076948507969e-4
trehalose,965143,1068808,969747,0.009837762635077824,0.011710713616488701,0.00971874150672318
trans-phytol,8127,11564,6276,8.283901653462489e-5,1.2670441488188275e-4,6.289766474781017e-5
tocopherol alpha-,608,543,642,6.1973818202352565e-6,5.949541445941053e-6,6.434082340359167e-6
threose,2482,2729,2652,2.5299180391157743e-5,2.990110240510706e-5,2.6578171910642543e-5
threonine,18836,38696,11521,1.9199651968084095e-4,4.239842648105617e-4,1.1546271439762923e-4
threonic acid,49326,51900,47448,5.027829862909939e-4,5.686578288109404e-4,4.755207770800028e-4
tartaric acid,3344,3336,3162,3.4085600011293915e-5,3.655187893859918e-5,3.1689358816535337e-5
sucrose,10369,11349,7772,1.056918619967424e-4,1.243487032596409e-4,7.789047967176238e-5
succinic acid,141578,141207,133505,0.001443113360765242,0.0015471766094972343,0.0013379784468063095
succinate semialdehyde,680,1590,2482,6.931282298947327e-6,1.742130920634673e-5,2.487444294201161e-5
stigmasterol,141,111,101,1.437221770811137e-6,1.2162046049713756e-6,1.0122154460689656e-6
squalene,3607,2287,3148,3.676637537103384e-5,2.505819758170753e-5,3.1549051725001024e-5
spermidine,503,787,464,5.127110288780155e-6,8.623000217229482e-6,4.650177890851486e-6
sorbitol,596551,633582,540284,0.0060806814510578336,0.006942030144387153,0.005414691188751733
shikimic acid,17486,17190,16799,1.7823588570498963e-4,1.883473617969184e-4,1.6835848790606488e-4
serine,25698,96226,13471,2.6194131252698294e-4,0.0010543288677295098,1.35005487861337e-4
salicylic acid,11486,7251,10417,1.1707751247898381e-4,7.944774405988688e-5,1.0439849803663777e-4
saccharopine,379,335,334,3.863170575442701e-6,3.670527411400097e-6,3.3473263266043022e-6
saccharic acid,6857,8141,7013,6.989382753512032e-5,8.919929449614386e-5,7.028383092358075e-5
ribulose MassBank,32960,33829,32110,3.3596333025485867e-4,3.706575277619519e-4,3.218043363690543e-4
ribose,214766,220486,220666,0.002189123197376061,0.002415820617402871,0.0022115003328936076
ribonic acid,64856,67785,65086,6.610812423243056e-4,7.42706568900763e-4,6.522876685430168e-4
ribitol,6919,297224,4232,7.052579739178905e-5,0.003256623400973082,4.241282938380062e-5
resveratrol,151,151,142,1.53915239285448e-6,1.65447653469079e-6,1.423114785562308e-6
raffinose,479,659,398,4.882476795876132e-6,7.220530042127356e-6,3.9887301736183e-6
quinic acid,251805,260783,230225,0.0025666640283623994,0.0028573467162004524,0.002307300010606214
pyrophosphate,407252,393172,446571,0.004151144968839554,0.004307906278791042,0.004475505583826376
putrescine,106031,139782,115830,0.0010807805785877705,0.0015315631720009802,0.0011608407437442405
propyleneglycol,134781,74291,104995,0.0013738311169623819,8.139914982696258e-4,0.0010522530768317926
proline,36903,167595,19967,3.761545745265488e-4,0.001836304601533132,2.001079783332578e-4
pipecolinic acid,42724,104480,17392,4.354883896179788e-4,0.001144766280427111,1.7430149542605397e-4
pinitol,7010,7735,6642,7.145336605238347e-5,8.475083440949179e-5,6.656569299792148e-5
phosphate,249252,220594,247136,0.002540641140554734,0.0024170039516131134,0.002476780955244553
phenylethylamine,6784,10345,9317,6.914973399420392e-5,1.133480778236836e-4,9.337436941608468e-5
phenylalanine,44332,46776,38213,4.5187883364254834e-4,5.125151946138834e-4,3.8296820634290475e-4
pentono-gamma-lactone,48509,49378,45989,4.944552544700528e-4,5.410247836421313e-4,4.608987737551055e-4
pentitol,7128,5903,3985,7.265614739249491e-5,6.467798002834261e-5,3.993741141173097e-5
palmitoleic acid,2033,845,1470,2.072249546141164e-5,9.258494515322632e-6,1.4732244611102767e-5
oxoproline,400812,419291,380722,0.004085501648243641,0.004594086892099576,0.0038155711787947397
oleic acid,51655,20336,42290,5.265226281648885e-4,2.2281744906935038e-4,4.238276357847184e-4
oleamide NIST,2536,3134,1083,2.5849605750191797e-5,3.433860569351613e-5,1.0853755723689998e-5
nicotinic acid MassBank,1770777,164032,201857,0.018049640111004486,0.0017972655293933754,0.0020229977554172595
N-acetylmannosamine,5281,3244,3903,5.382956150108946e-5,3.554385350024452e-5,3.9115612732744284e-5
N-acetyl-D-galactosamine,4067,7056,2796,4.1455183985027614e-5,7.731116840250473e-5,2.8021330566424038e-5
myristic acid,11138,7325,10184,1.1353032683187548e-4,8.02585471298678e-5,1.0206338715610243e-4
mucic acid,83510,85096,72376,8.512226246839578e-4,9.323797032850826e-4,7.25347575491955e-4
montanic acid,1742,1494,1770,1.7756314359950357e-5,1.6369456575020133e-5,1.773882514398088e-5
methylmalonic acid,19704,43742,19079,2.0084409767420313e-4,4.7927226874466583e-4,1.9120849995593855e-4
methionine sulfoxide,6097,10227,8290,6.214710025982625e-5,1.1205517563101132e-4,8.308184205853192e-5
methionine,1864,5968,875,1.8999867948879142e-5,6.539017191413666e-5,8.769193220894503e-6
melezitose,291,419,270,2.9661811014612823e-6,4.590898463810868e-6,2.705922479590304e-6
mannoheptulose,10720,12617,11950,1.0926962683046374e-4,1.3824192343174635e-4,1.1976212455964494e-4
mannitol,1735345,1806156,1633984,0.017688479530980513,0.019789686887357473,0.016375681618114382
maltose,10725,10842,9031,1.0932059214148541e-4,1.1879360655044732e-4,9.050809597474087e-5
malonic acid,2432,3397,3734,2.4789527280941026e-5,3.7220243631421284e-5,3.742190569922295e-5
malic acid,917637,932413,875776,0.009353531021998717,0.010216261120136712,0.00877697024253955
maleic acid,3820,3993,1834,3.893749762055704e-5,4.375049538424056e-5,1.838022899099488e-5
lyxose,2268409,2376565,2150964,0.023122034041871773,0.026039543216340513,0.021556821631072143
lysine,229577,269738,208180,0.0023400926416844567,0.0029554648444663862,0.0020863664511152204
loganin,804,884,419,8.19522201228478e-6,9.685809646799062e-6,4.199190810919768e-6
linolenic acid,2041,1541,83,2.0804039959046315e-5,1.6884426092440448e-5,8.318206140962787e-7
linoleic acid,19307,8364,16796,1.967974519790824e-4,9.164266050432959e-5,1.683284221007361e-4
lignoceric acid,1209,10073,10682,1.2323412205040174e-5,1.1036782870159158e-4,1.0705431084068011e-4
levoglucosan,3011,3038,3538,3.069131029725059e-5,3.328675306218954e-5,3.5457606417742576e-5
leucrose,4571,4921,3893,4.6592487336012105e-5,5.391840415373098e-5,3.9015393381648347e-5
leucine,200556,312781,167515,0.002044279783452471,0.0034270783112392055,0.001678824459883592
lauric acid,8854,4428,10663,9.024937275717592e-5,4.8516702619939194e-5,1.0686389407359783e-4
lactic acid,84603,70213,80176,8.623636416732951e-4,7.693096750347314e-4,8.03518669346786e-4
kojic acid,109293,128836,121166,0.001114030347498309,0.0014116300584332624,0.0012143177894890324
itaconic acid,32656,32330,22699,3.3286463934474104e-4,3.5423328719571683e-4,2.2748790505266783e-4
isothreonic acid,10726,9928,9866,1.0933078520368975e-4,1.087790929563587e-4,9.887641179125163e-5
isomaltose,3149,3586,2712,3.209795288144872e-5,3.929107849934552e-5,2.7179488017218164e-5
isoleucine,93314,126224,77117,9.511554065352513e-4,0.0013830109014225846,7.728615698465388e-4
isocitric acid,118271,82088,116739,0.0012055436599688225,8.994216541701826e-4,0.001169950682758861
indole-3-propionic acid,34762,6247,31588,3.5433122834706906e-4,6.844711862392957e-5,3.165728862418464e-4
homoserine,13258,25677,12162,1.351396187050642e-4,2.813377084851352e-4,1.218867748028788e-4
histidine,18826,22803,15389,1.918945890587976e-4,2.4984787033479526e-4,1.5422755940153773e-4
hexadecylglycerol NIST,3608,2638,2456,3.677656843323817e-5,2.890403376499539e-5,2.4613872629162173e-5
heptadecanoic acid,8617,7080,8973,8.78336170147487e-5,7.757413156033638e-5,8.992682373838443e-5
guanosine,2003,2190,1927,2.041670359528161e-5,2.3995388152137947e-5,1.9312268956187095e-5
guanine,4715,2162,5251,4.806028829343625e-5,2.3688597801334358e-5,5.262518126047662e-5
glycolic acid,29000,23607,32376,2.9559880392569484e-4,2.586571361221555e-4,3.2447017110820626e-4
glycine,23896,30709,23640,2.4357341443477252e-4,3.364723172438376e-4,2.3691854599079551e-4
glycerol-alpha-phosphate,4194,3555,4517,4.274970288497807e-5,3.8951417753812974e-5,4.5269080890034826e-005
glycerol-3-galactoside,99247,104623,88044,0.0010116308445935667,0.0011463331025758578,8.823712547890694e-4
glycerol,3414468,2126005,1393085,0.03480388471870894,0.0232942078485781,0.013961407472148366
glyceric acid,109765,107047,109426,0.001118841472858755,0.0011728923815168544,0.0010966602713024024
glutaric acid,1907,2048,1312,1.943816962366552e-5,2.2439522801634025e-5,1.3148778863786959e-5
glutamine,4969,5546,4405,5.064932609333716e-5,6.076640305559683e-5,4.4146624157760334e-5
glutamic acid,20228,56739,19621,2.061852622692743e-4,6.216777755087466e-4,1.9664038878533836e-4
glucose,3514403,2984825,3603040,0.03582252839009909,0.03270412531561879,0.036109433077270554
gluconic acid lactone,2580676,5344471,5545729,0.026304990997232634,0.058558290462486236,0.05557893617339207
gluconic acid,709933,793005,725746,0.007236391229909665,0.008688795790678609,0.007273379318047203
glucoheptulose,28517,2941,4039,2.9067555488100134e-4,3.222394363261996e-5,4.047859590764903e-5
galacturonic acid,3249485,2713107,3576751,0.03312220273705126,0.029726966010631295,0.035845966425174444
galactonic acid,582900,639112,600520,0.005941535958906466,0.007002621238670862,0.00601837247201322
galactinol,15486,17874,15030,1.5784976129632104e-4,1.958418117951204e-4,1.506296846971936e-4
fumaric acid,1696,3511,2749,1.728743349855098e-5,3.846931863112162e-5,2.7550299616273132e-5
fucose,155043,164428,161670,0.0015803629433466036,0.0018016044214975975,0.0016202462491680166
fructose,6012273,6330282,5922875,0.06128347267843962,0.06935962269520188,0.059358668912234895
flavin adenine,36520,38191,34771,3.722506317022888e-4,4.1845108169785407e-4,3.484727056956832e-4
ethanolamine,30482,323399,360985,3.1070492211251826e-4,0.003543417594983224,0.0036177682455366886
ethanol phosphate NIST,1018,936,744,1.0376537324012321e-5,1.0255563155434301e-5,7.456319721537727e-6
erythrose major,2345,2176,2342,2.3902730869163942e-5,2.3841992976736153e-5,2.347137202666849e-5
erythronic acid lactone,7557,7531,7246,7.702897107815434e-5,8.251564756792278e-5,7.261894180411609e-5
erythritol,39599,40949,37328,4.036350702294341e-4,4.486699312520077e-4,3.7409879377091435e-4
dihydroxyacetone,37824,49692,60027,3.855423848167407e-4,5.444652182904288e-4,6.015866988235822e-4
digitoxose,24455,23644,22752,2.492713362069954e-4,2.5906253765714597e-4,2.280190676134763e-4
digalacturonic acid,71644,111470,96423,7.302717485673268e-4,0.0012213543001455785,9.663450490723552e-4
dehydroascorbic acid,84388,34294,28871,8.601721332993633e-4,3.757524389449401e-4,2.8934328854908026e-4
dehydroabietic acid,5078,2109,4146,5.17603698736096e-5,2.3107887494456134e-5,4.1550942964375556e-5
conduritol-beta-epoxide,76437,72715,62444,7.791270957127012e-4,7.967235842386808e-4,6.258097159834702e-4
citric acid,4370139,3378055,5590254,0.04454509866858731,0.03701266708870793,0.05602516283414673
citramalic acid,9872,9892,7124,1.0062591008118825e-4,1.0838464821961123e-4,7.139626572074565e-5
cis-p-coumaric acid HMDB,4359,3813,3414,4.4431558148693234e-5,4.177827170050319e-5,3.421488646415296e-5
cinnamic acid,9545,6560,9951,9.729277874037094e-5,7.187659647398399e-5,9.97282762755671e-5
chlorogenic acid,204,125,330,2.079384689684198e-6,1.3695997803731706e-6,3.3072385861659273e-6
cerotinic acid,889,792,255,9.061632299653196e-6,8.677784208444408e-6,2.5555934529463985e-6
cellobiose,31183,38139,30164,3.178502587177566e-4,4.178813281892188e-4,3.0230165064578496e-4
catechin,40092,32424,36505,4.086602498961709e-4,3.552632262305575e-4,3.658507411757187e-4
caproic acid HMDB,9065,3806,11202,9.240010888229047e-5,4.17015741128023e-5,1.1226571709766884e-4
campesterol HMDB,1232,690,1345,1.2557852635739863e-5,7.560190787659902e-6,1.3479502722403553e-5
beta-sitosterol,37509,19816,36476,3.823315702223754e-4,2.1711991398299797e-4,3.655601050575405e-4
beta-mannosylglycerate,16955,19475,13869,1.7282336967448813e-4,2.1338364578214e-4,1.3899421803495528e-4
beta-gentiobiose,5418,4955,3822,5.522601102308326e-5,5.429093529399248e-5,3.830383598886719e-5
beta-alanine,4872,6567,7048,4.966059905951673e-5,7.19532940616849e-5,7.063459865241653e-5
benzoic acid,41223,6662,36836,4.20188603249273e-4,7.29941898947685e-5,3.6916800169699423e-4
aspartic acid,92826,157518,68732,9.461811921795361e-4,0.0017258929456385687,6.888276439525955e-4
asparagine,96474,124330,77429,9.833654831009476e-4,0.0013622587255503703,7.75988413600732e-4
arbutin,851,874,816,8.674295935888493e-6,9.576241664369208e-6,8.1778990494284745e-006
arachidic acid,25718,13080,23716,2.621451737710696e-4,1.4331492101824858e-4,2.3768021305912464e-4
arabitol,364101,338570,441173,0.0037113041416603244,0.003709643181127555,0.00442140717810479
alpha-ketoglutarate,23334,25019,23497,2.3784491347593665e-4,2.741281352412508e-4,2.354854092701236e-4
alanine,442713,541605,248780,0.004512601147667453,0.005934256712392089,0.0024932570165647253
adipic acid,9346,10989,10271,9.52643593617084e-5,1.2040425589216617e-4,1.0293529551063708e-4
adenosine,1975,2691,2499,2.013129785356025e-5,2.9484744071873615e-5,2.5044815838874704e-5
adenine,55030,39902,45243,5.609242131045168e-4,4.37198163491602e-4,4.5342241016334864e-4
aconitic acid,9022,23525,19157,9.19618072075041e-5,2.577586786662307e-4,1.9199021089448686e-4
6-deoxyhexitol NIST,301,6788,5634,3.0681117235046256e-6,7.437474647338465e-5,5.646358240745101e-5
6-deoxyglucose,623480,675953,637859,0.0063551704231583515,0.0074062806427406865,0.00639258150707034
6-deoxyglucitol,44122,8545,43270,4.497382905796382e-4,9.362584098630994e-5,4.3364913219212024e-4
5-methyluridine NIST,1074,233,964,1.0947348807455042e-5,2.55293399061559e-6,9.661145445648345e-6
5-hydroxynorvaline NIST,2732,5684,2210,2.7847445942241318e-5,6.22784412131288e-5,2.214847659220212e-5
5-Hydroxymethyl-2-furancarboxaldehyde HMDB,50832,49395,51841,5.181337379707214e-4,5.412110492122621e-4,5.19547138016448e-4
5'-deoxy-5'-methylthioadenosine,2584,1766,2328,2.6338872735999843e-5,1.9349705697112153e-5,2.3331064935134178e-5
4-hydroxymandelic acid,779,952,1081,7.940395457176424e-6,1.0430871927322066e-5,1.083371185347081e-5
4-hydroxybutyric acid,1695,2869,2593,1.7277240436346645e-5,3.143505415912501e-5,2.5986877739176512e-5
4-hydroxybenzoic acid,43651,27504,42330,4.449373582813967e-4,3.013557788750695e-4,4.242285131891021e-4
4-aminobutyric acid,65401,73161,73051,6.666364612256679e-4,8.016103162550522e-4,7.321123816909307e-4
3-phenyllactic acid,3368,3235,3508,3.4330233504197936e-5,3.544524231605765e-5,3.5156948364454764e-5
3-hydroxybutyric acid,135925,24565,133635,0.0013854919801241402,2.6915374883893547e-4,0.0013392812983705567
3-hydroxy-3-methylglutaric acid,2510,1717,2265,2.5584586132879104e-5,1.881282258320587e-5,2.2699683023229773e-5
3-dehydroshikimic acid,1463,1542,1391,1.4912450004941087e-5,1.6895382890683433e-5,1.3940511737444863e-5
"3,6-anhydro-D-galactose",203588,208395,195700,0.002075185148056012,0.002283341969846935,0.001961292700947491
"3,4-dihydroxycinnamic acid",5093,3069,4011,5.191326580667461e-5,3.362641380772208e-5,4.019798172458041e-5
"3,4-dihydroxybenzoic acid",47613,46671,57323,4.853222707349692e-4,5.1136473079837e-4,5.744873862872407e-4
3-(4-hydroxyphenyl)propionic acid,2278,2449,2073,2.3219795701473544e-5,2.6833198897071158e-5,2.0775471482187778e-5
2-monoolein,25485,29370,24875,2.5977019027745974e-4,3.218011643964802e-4,2.492956358511438e-4
2-isopropylmalic acid,13657,13796,13076,1.392066505245936e-4,1.511599885602261e-4,1.3104682349304747e-4
2-hydroxyglutaric acid,9207,8285,7571,9.384752371530594e-5,9.077707344313375e-5,7.587607071473404e-5
2-deoxytetronic acid,2803,2841,2820,2.8571153358749055e-5,3.1128263808321424e-5,2.8261857009054288e-5
2-deoxyerythritol,35124,73246,58411,3.580211168650381e-4,8.02541644105706e-4,5.853912516864787e-4
"2,3-dihydroxypyridine",2055,1302,1280,2.0946742829906994e-5,1.4265751312366944e-5,1.282807694027996e-5
"2,3-dihydroxybutanoic acid NIST",1305,1181,1025,1.3301946176656266e-5,1.2939978724965716e-5,1.0272483487333563e-5
1-monostearin,7538,6575,8049,7.683530289627198e-5,7.204094844762878e-5,8.066655569711985e-5
1-monopalmitin,1932,1594,914,1.9692996178773874e-5,1.7465136399318672e-5,9.16004869016866e-6
1-methylinosine NIST,2359,2477,2140,2.4045433740024624e-5,2.7139989247874747e-5,2.144694113453056e-5
1-methyladenosine,7426,8034,6682,7.569367992938654e-5,8.802691708414442e-5,6.696657040230523e-5
1-kestose,479,270,225,4.882476795876132e-6,2.9583355256060484e-6,2.2549353996585867e-6
1-deoxyerythritol,71530,43818,28346,7.291097394760327e-4,4.801049854111327e-4,2.8408177261654354e-4
519282,3499,4990,3550,3.566552465296573e-5,5.467442323249697e-5,3.55778696390577e-5
519270,12683,11027,8979,1.2927860793757198e-4,1.2082061422539961e-4,8.9986955349042e-5
519264,14465,3159,9757,1.4744264478569572e-4,3.461252564959077e-5,9.778402086430591e-5
519261,16314,17846,14985,1.6628961680150984e-4,1.9553502144431683e-4,1.501786976172619e-4
519249,12023,12602,10399,1.2255118688271133e-4,1.3807757145810156e-4,1.0421810320466508e-4
519244,105746,65367,62820,0.0010778755558595353,7.162130307492243e-4,6.295779635846774e-4
513995,23552,9517,20506,2.4006700103648153e-4,1.0427584887849171e-4,2.055098013573288e-4
513551,303,308,343,3.0884978479132943e-6,3.3746938588394923e-6,3.4375237425906455e-6
511927,232,260,218,2.3647904314055584e-6,2.848767543176195e-6,2.1847818538914306e-6
509528,75483,72149,61865,7.694029143697663e-4,7.905220364331511e-4,6.200070155550154e-4
486482,1586,903,865,1.6166196656074208e-5,9.893988813415784e-6,8.668973869798566e-6
486432,4245,2161,3850,4.3269549057399124e-5,2.3677641003091373e-5,3.8584450171935816e-5
480022,1697,1695,1539,1.7297626560755313e-5,1.8571773021860193e-5,1.5423758133664735e-5
475884,339,867,1222,3.455448087269329e-6,9.499544076668311e-6,1.2246804703923524e-5
475793,15303,14905,15670,1.5598443091292786e-4,1.6331107781169686e-4,1.5704372316733357e-4
474908,3625,743,1079,3.6949850490711855e-5,8.140901094538126e-6,1.0813667983251623e-5
474901,35878,10258,4980,3.6570668576710617e-4,1.1239483637654388e-4,4.990923684577672e-5
472871,295663,62095,178118,0.0030137113505200935,6.803623868981763e-4,0.001785087037850614
425117,4658,4855,3651,4.747928374778919e-5,5.3195255469693944e-5,3.659008508512667e-5
418204,68696,22529,17023,7.002226011889493e-4,2.468457076162173e-4,1.7060340137061388e-4
417918,2308,2666,3167,2.3525587567603573e-5,2.9210824115798983e-5,3.1739468492083305e-5
414322,451,383,428,4.597071054154771e-6,4.196453727063394e-6,4.289388226906112e-6
408463,435080,175260,469296,0.004434797503861769,0.001920288460065615,0.004703254059191894
408457,1437,1330,1764,1.4647430387628394e-5,1.4572541663170535e-5,1.767869353332332e-5
406896,6211,10720,3520,6.330910935112036e-5,1.1745687716480311e-4,3.527721158576989e-5
404202,3216,10186,6973,3.278088804913912e-5,1.1160594690304893e-4,6.9882953519197e-5
403831,4019,3700,2834,4.096591699921957e-5,4.0540153499045846e-5,2.84021641005886e-5
403585,3808,3394,3464,3.881518087410503e-5,3.718737323669233e-5,3.471598321963264e-5
403523,4604,5117,876,4.692885838875514e-5,5.606593660935611e-5,8.779215156004097e-6
402069,1613,2142,1302,1.644140933559123e-5,2.346946183647465e-5,1.3048559512691022e-5
401267,101524,5813,23885,0.0010348404472328358,6.369186818647392e-5,2.3937392009264598e-4
401125,1276,438,553,1.3006347372730572e-5,4.79907763042759e-6,5.542130115605327e-6
401121,1561,1751,1410,1.591137010096585e-5,1.9185353723467373e-5,1.4130928504527144e-5
399830,2785,2188,2679,2.8387678239071037e-5,2.397347455565198e-5,2.6848764158601574e-5
395982,8038,7846,2400,8.193183399843914e-5,8.596703901446317e-5,2.4052644263024924e-5
395904,6443,1567,3959,6.567389978252592e-5,1.7169302846758065e-5,3.9676841098881533e-5
393358,10208,9992,9334,1.0405077898184457e-4,1.0948032804390976e-4,9.354474231294777e-5
391872,2551,1437,2934,2.600250168325681e-5,1.574491907516997e-5,2.940435761154797e-5
391843,931,1061,953,9.489740912235237e-6,1.1625162935807471e-5,9.550904159442813e-6
391842,5933,3986,4820,6.0475438058315424e-5,4.367379779653966e-5,4.830572722824172e-5
390218,41347,40974,32568,4.214525429626105e-4,4.489438512080823e-4,3.2639438264924826e-4
390208,32396,8730,32428,3.302144431716141e-4,9.565284866126223e-5,3.2499131173390513e-4
390198,519,758,860,5.290199284049504e-6,8.305253068182906e-6,8.618864194250599e-6
390194,1356,1720,2927,1.3821792349077316e-5,1.8845692977934828e-5,2.9334204065780815e-5
390185,2463,483,1691,2.5105512209275392e-5,5.292133551361931e-6,1.694709227032298e-5
390140,268039,246324,272815,0.0027321382001875625,0.002698922370405127,0.0027341342269238105
390135,6647,2432,1669,6.775328447221012e-5,2.6646933326940407e-5,1.6726609697911917e-5
390126,23115,21682,25797,2.3561263285318745e-4,2.3756529950440868e-4,2.5853586002218916e-4
390122,95374,113501,110763,9.721531146761799e-4,0.0012436075573770819,0.001110059598543929
390121,18209222,16006290,22934891,0.18560773253853272,0.1753776901487142,0.229851989347605
389994,69177,0,101509,7.051254641092341e-4,0,0.0010173166110397488
389988,12608,12396,5647,1.2851412827224692e-4,1.3582047102004657e-4,5.659386756387573e-5
387768,523,531,476,5.330971532866841e-6,5.8180598670252285e-6,4.77044111216661e-6
386842,97,137,145,9.887270338204275e-7,1.5010813592889949e-6,1.4531805908910893e-6
386187,400,453,362,4.077224881733722e-6,4.9634296040723705e-6,3.627940509672926e-6
385941,31722,32161,34015,3.233443192458928e-4,3.523815882926523e-4,3.4089612275283034e-4
384976,5834,5846,6220,5.946632490008633e-5,6.405344252849244e-5,6.233643638167294e-5
384941,6706,8646,6455,6.835467514226584e-5,9.473247760885146e-5,6.469159113242745e-5
384919,470,426,379,4.790739236037123e-6,4.667596051511766e-6,3.7983134065360197e-6
384908,546,3482,3135,5.56541196356653e-6,3.815157148207504e-5,3.1418766568576306e-5
384907,269,496,365,2.741933732965928e-6,5.434571928520741e-6,3.6580063150017073e-6
384906,33481,33829,33840,3.412739156633168e-4,3.706575277619519e-4,3.3914228410865144e-4
384897,686,849,716,6.992440672173333e-6,9.302321708294575e-6,7.175705538469103e-6
384838,1379,1541,1400,1.4056232779777005e-5,1.6884426092440448e-5,1.4030709153431207e-5
382960,51899,50421,40881,5.290097353427461e-4,5.524527242095651e-4,4.097067292153008e-4
382944,859,682,114,8.755840433523168e-6,7.472536401716018e-6,1.142500602493684e-6
382905,3310,4340,3835,3.373903589634655e-5,4.7552504374556485e-5,3.843412114529191e-5
382601,5403,4402,5598,5.5073115090018244e-5,4.8231825865621576e-5,5.610279274350564e-5
381214,5379,6052,5435,5.482848159711422e-5,6.631054296654742e-5,5.446921732064186e-5
380761,857,945,644,8.735454309114498e-6,1.035417433962117e-5,6.454126210578355e-6
380017,75256,2519,73216,7.670890892493824e-4,2.7600174774080133e-5,7.337660009840137e-4
379842,2521,2057,2482,2.569670981712678e-5,2.2538133985820895e-5,2.487444294201161e-5
379014,2316,2533,1909,2.3607132065238248e-5,2.7753569949481928e-5,1.9131874124214408e-5
378986,4404,3605,4451,4.4890245947888275e-5,3.949925766596224e-5,4.460763317280164e-5
378843,627,645,552,6.391050002117609e-6,7.0671348667255605e-6,5.532108180495733e-6
378828,43005,53148,50293,4.383526400973967e-4,5.823319130181862e-4,5.040331824667969e-4
378287,32486,28188,36344,3.311318187700042e-4,3.0885022887327146e-4,3.642372096230741e-4
377751,2992,1066,3570,3.0497642115368238e-5,1.16799469270224e-5,3.5778308341249576e-5
377697,17248,17075,18387,1.7580993690035807e-4,1.870873299989751e-4,1.842733208600997e-4
377474,7285,9483,5635,7.425645815857541e-5,1.0390331773823021e-4,5.647360434256061e-5
377073,2324,1531,1771,2.3688676562872923e-5,1.6774858110010592e-5,1.7748847079090475e-5
372460,718,665,648,7.31861866271203e-6,7.286270831585267e-6,6.49421395101673e-6
372445,3086,3170,2807,3.145578996257566e-5,3.4733050430263604e-5,2.813157185262957e-5
371546,49952,48693,31760,5.091638432309072e-4,5.335193768456864e-4,3.182966590806965e-4
371280,9529,8325,9023,9.712968974510158e-5,9.121534537285316e-5,9.042792049386412e-5
371262,884,604,757,9.010666988631525e-6,6.61790613876316e-6,7.5866048779624456e-6
370223,12203,7957,8571,1.2438593807949152e-4,8.718324361943454e-5,8.589800582432777e-5
370160,5977,5988,1441,6.092393279530614e-5,6.560930787899636e-5,1.4441608492924548e-5
362287,4432,4694,3872,4.517565168960964e-5,5.1431210952573304e-5,3.880493274434688e-5
362282,1338,1535,1224,1.3638317229399298e-5,1.6818685302982534e-5,1.2266848574142712e-5
362184,955,1087,793,9.73437440513926e-6,1.191003969012509e-5,7.947394541907818e-6
362181,31556,36828,25503,3.216522709199733e-4,4.03516965692665e-4,2.555894110999686e-4
362105,626,666,633,6.380856939913274e-6,7.297227629828253e-6,6.343884924372824e-6
362065,8456,5023,4256,8.619253399985088e-5,5.5035997574515483e-005,4.265335582643087e-5
362022,2020,1931,1746,2.0589985652755295e-5,2.115757740720474e-5,1.7498298701350632e-5
360846,1842,2024,1815,1.877562058038379e-5,2.217655964380238e-5,1.81898122239126e-5
360154,38724,61373,40659,3.947161408006416e-4,6.724515785667408e-4,4.0748185962097104e-4
360146,297188,350411,360985,0.003029255770381703,0.0038393826291227445,0.0036177682455366886
357409,6865,2814,1993,6.997537203275499e-5,3.0832430255760814e-5,1.9973716673420282e-5
357337,129429,36340,71695,0.0013192778480447846,3.9817004815008813e-4,7.185226376823216e-4
357024,1403,1355,1201,1.4300866272681028e-5,1.4846461619245168e-5,1.2036344066622056e-5
356925,2337,2450,3375,2.3821186371529267e-5,2.6844155695314144e-5,3.38240309948788e-5
351749,570,248,535,5.810045456470553e-6,2.7172859642603704e-6,5.36173528363264e-6
350283,1074,1053,964,1.0947348807455042e-5,1.1537508549863589e-5,9.661145445648345e-6
348913,9529,7534,8074,9.712968974510158e-5,8.254851796265174e-5,8.091710407485969e-5
347748,110,168,147,1.1212368424767734e-6,1.8407421048215413e-6,1.4732244611102767e-6
347663,687,10694,676,7.002633734377667e-6,1.1717200041048548e-4,6.774828134085354e-6
347660,676,222,246,6.890510050129989e-6,2.432409209942751e-6,2.465396036960055e-6
346561,1561,819,2215,1.591137010096585e-5,8.973617761005013e-6,2.219858626775009e-5
346225,6926,2814,1993,7.059714882721939e-5,3.0832430255760814e-5,1.9973716673420282e-5
345140,26572,27871,26344,2.7085004889357115e-4,3.053769238302451e-4,2.6401785852713693e-4
342554,32486,28188,36344,3.311318187700042e-4,3.0885022887327146e-4,3.642372096230741e-4
341252,1356,439,544,1.3821792349077316e-5,4.810034428670575e-6,5.451932699618983e-6
334782,1036,2865,2026,1.0560012443690339e-5,3.139122696615307e-5,2.0304440532036876e-5
330511,1670,3176,2212,1.7022413881238286e-5,3.479879121972152e-5,2.2168520462421308e-5
330432,1129,1302,770,1.150796722869343e-5,1.4265751312366944e-5,7.716890034387164e-6
330287,12101,13408,10613,1.233462457346494e-4,1.4690875084194776e-4,1.0636279731811814e-4
330286,6917,9538,6845,7.050541126738038e-5,1.0450594164159441e-4,6.860014582516901e-5
329366,12306,13432,11200,1.2543582348653793e-4,1.4717171399977942e-4,1.1224567322744965e-4
329362,896,938,734,9.132983735083536e-6,1.0277476751920272e-5,7.3561003704417896e-6
329361,75086,81409,71781,7.653562686746456e-4,8.919819881631955e-4,7.193845241017467e-4
327365,12195,11980,11243,1.2430439358185685e-4,1.3126244295096466e-4,1.1267661643716218e-4
324872,2369,2779,3612,2.4147364362067967e-5,3.0448942317256327e-5,3.619922961585251e-5
324726,285403,315209,319760,0.0029091305323036233,0.003453681417373174,0.0032046139706436876
324718,21588,19974,22696,2.2004782686716896e-4,2.1885108810538968e-4,2.2745783924733905e-4
320865,6313,7113,5939,6.434880169596247e-5,7.79357059023549e-5,5.95202726158771e-5
318789,5029,3491,4825,5.1260909825597214e-5,3.8250182666261906e-5,4.835583690378969e-5
253506,6443,1567,4270,6.567389978252592e-5,1.7169302846758065e-5,4.279366291796518e-5
250808,5495,3103,2898,5.6010876812817e-5,3.3998944947983585e-5,2.9043567947602596e-5
250761,7192,7944,7111,7.330850337357231e-5,8.704080524227574e-5,7.126598056432093e-5
232333,1290,1886,1206,1.3149050243591252e-5,2.0664521486270396e-5,1.2086453742170024e-5
232329,975,1188,924,9.938235649225946e-6,1.3016676312666613e-5,9.260268041264597e-6
232320,5886,6684,4802,5.9996364134711715e-5,7.323523945611417e-5,4.8125332396269035e-5
230854,15783,16997,1753,1.6087710077100832e-4,1.8623269973602223e-4,1.7568452247117788e-5
228439,1129,1075,884,1.150796722869343e-5,1.1778558111209267e-5,8.859390636880847e-6
228300,8145,8917,7119,8.30224916543029e-5,9.77017699327005e-5,7.134615604519768e-5
228290,4700,4665,3836,4.790739236037123e-5,5.111346380352672e-5,3.8444143080401503e-5
227260,986,929,780,1.0050359333473625e-5,1.0178865567733404e-5,7.8171093854831e-6
223095,4167,4885,4383,4.247449020546104e-5,5.3523959416983504e-5,4.392614158534927e-5
217691,29963,28569,32122,3.0541472282846874e-4,3.130247690038489e-4,3.2192459959036945e-4
214730,1289,827,1229,1.3138857181386918e-5,9.061272146948896e-6,1.231695824969068e-5
213020,5977,5988,4917,6.092393279530614e-5,6.560930787899636e-5,4.9277854933872316e-5
213019,607,586,525,6.1871887580309225e-6,6.420683770389424e-6,5.261515932536702e-6
210804,34596,5920,14500,3.526391800211496e-4,6.486424559847336e-5,1.4531805908910892e-4
210803,4473,2551,4253,4.5593567239987344e-5,2.7950792317855664e-5,4.2623290021102086e-5
210797,2160,2279,1757,2.2017014361362098e-5,2.4970543195763644e-5,1.7608539987556163e-5
210790,19725,12021,8763,2.0105815198049416e-4,1.3171167167892706e-4,8.782221736536976e-5
210694,4671716,4701903,4741766,0.04761909178898384,0.051517802529087615,0.04752167115687777
210345,5130,5158,4907,5.229040910823498e-5,5.651516533731851e-5,4.917763558277638e-5
210305,11623,15733,9498,1.1847396200097762e-4,1.7238330675688874e-4,9.518833967092115e-5
210297,20925,25471,18451,2.1328982662569533e-4,2.790806080470802e-4,1.849147247071137e-4
210289,2551,2851,2237,2.600250168325681e-5,3.123783179075127e-5,2.2419068840161148e-5
210283,17486,17190,16917,1.7823588570498963e-4,1.883473617969184e-4,1.6954107624899694e-4
210272,14825,18085,17064,1.5111214717925605e-4,1.9815369622439033e-4,1.7101430071010722e-4
210267,312,363,297,3.1802354077523028e-6,3.9773177622036876e-6,2.9765147275493347e-6
210261,1212,1314,1004,1.2353991391653177e-5,1.439723289128277e-5,1.0062022850032094e-5
209679,27533,28810,22218,2.806455816719364e-4,3.1566535738040833e-4,2.2266735426495324e-4
208616,40466,18883,16735,4.1247245516059193e-4,2.0689722122229265e-4,1.6771708405905088e-4
208244,2341,3247,2348,2.3861958620346607e-5,3.557672389497348e-5,2.3531503637326053e-5
205795,5691,6533,6083,5.800871700486652e-5,7.158076292142339e-5,6.096343127165859e-5
204855,7542,1888,1768,7.687607514508932e-5,2.0686435082756367e-5,1.7718781273761694e-5
204582,6513,6466,6121,6.638741413682932e-5,7.084665743914337e-5,6.134426480582316e-5
203815,5593,5770,4400,5.700979690884176e-5,6.322072586202555e-5,4.4096514482212366e-5
196521,1783,3266,2479,1.8174229910328066e-5,3.5784903061590203e-5,2.484437713668283e-5
196436,603,542,540,6.146416509213585e-6,5.938584647698068e-6,5.411844959180608e-6
196278,728,1068,615,7.420549284755374e-6,1.1701860523508369e-5,6.163490092400137e-6
190001,149,200,135,1.5187662684458112e-6,2.1913596485970727e-6,1.352961239795152e-6
189936,31043,32096,28454,3.164232300091498e-4,3.516693964068583e-4,2.8516414160837967e-4
189286,1964,1998,2530,2.0019174169312574e-5,2.1891682889484758e-5,2.535549582727211e-5
188945,1515,1633,1520,1.544248923956647e-5,1.7892451530795102e-5,1.5233341366582452e-5
187301,9192,9175,8699,9.369462778224092e-5,1.0052862387939072e-4,8.718081351835576e-5
187055,1709,1685,1223,1.7419943307207327e-5,1.846220503943034e-5,1.2256826639033118e-5
171968,14598,14689,16073,1.4879832205887217e-4,1.6094440939121203e-4,1.6108256301649985e-4
171596,104,141,110,1.0600784692507677e-6,1.5449085522609365e-6,1.102412862055309e-6
171564,1331173,1407098,1291623,0.01356872919373031,0.015417288894108221,0.012944561892058767
171297,110404,107757,128890,0.0011253548396073245,0.001180671708269374,0.0012917272162755345
170725,12173,12075,9620,1.2408014621336148e-4,1.3230333878404827e-4,9.641101575429157e-5
168874,31143,11289,13727,3.174425362295832e-4,1.2369129536506177e-4,1.37571103249393e-4
168871,320,309,336,3.2617799053869773e-6,3.385650657082478e-6,3.3673701968234897e-6
168860,3000,1256,1179,3.057918661300291e-5,1.3761738593189617e-5,1.1815861494210995e-5
168835,1408,1597,1069,1.43518315837027e-5,1.749800679404763e-5,1.0713448632155686e-5
168800,12811,6575,12308,1.3058331989972678e-4,7.204094844762878e-5,1.233499773288795e-4
168759,8684,9760,5854,8.85165521824391e-5,1.0693835085153715e-4,5.866840813156163e-5
167348,423503,393674,365411,0.0043167924227221904,0.00431340659150902,0.0036621253303317503
163872,10802,11016,9966,1.1010545793121915e-4,1.2070008944472678e-4,9.9878605302211e-5
161846,125583,126546,39739,0.001280075330806915,0.001386538990456826,3.982616793201448e-4
160822,4856,8607,8570,4.949751006424738e-5,9.430516247737503e-5,8.588798388921817e-5
160463,610133,599726,687305,0.006219123621917102,0.006571076783072641,0.006888126110499311
146868,201,262,334,2.048805503071195e-6,2.8706811396621657e-6,3.3473263266043022e-6
146430,24936,31341,27454,2.541741991272802e-4,3.4339701373340434e-4,2.75142206498786e-4
146262,667,682,782,6.798772490290981e-6,7.472536401716018e-6,7.837153255702287e-6
138111,3054,3256,3025,3.112961197203696e-5,3.567533507916035e-5,3.0316353706521e-5
136141,30299,26846,22779,3.088395917291251e-4,2.941462056311851e-4,2.2828965986143533e-4
135888,14494,6823,13508,1.4773824358962142e-4,7.475823441188914e-5,1.3537629946039196e-4
135773,2084,2257,1551,2.124234163383269e-5,2.472949363441797e-5,1.554402135497986e-5
135765,1567,1312,1003,1.5972528474191856e-5,1.4375319294796798e-5,1.00520009149225e-5
135618,14348,7272,4130,1.462500565077886e-4,7.967783682298957e-5,4.1390592002622056e-5
135617,2399,3104,2665,2.4453156228197996e-5,3.400990174622657e-5,2.670845706706726e-5
135613,6316,3714,3420,6.437938088257547e-5,4.0693548674447644e-5,3.427501807481052e-5
135609,1496598,105680,134811,0.015254916508882312,0.0011579144383186933,0.001351067094059439
135193,926,1089,694,9.438775601213566e-6,1.1931953286611062e-5,6.955222966058041e-6
135163,635,295,419,6.472594499752283e-6,3.2322554816806826e-6,4.199190810919768e-6
135128,3309,1784,2601,3.372884283414221e-5,1.954692806548589e-5,2.6067053220053262e-5
134941,5946,6789,5905,6.060794786697177e-5,7.438570327162765e-5,5.917952682215091e-5
134750,1155,1900,1520,1.1772986846006122e-5,2.0817916661672194e-5,1.5233341366582452e-5
134464,10208,9992,9334,1.0405077898184457e-4,1.0948032804390976e-4,9.354474231294777e-5
134365,1805,1813,1616,1.839847727882342e-5,1.9864675214532468e-5,1.619544713710345e-5
134132,1115,1410,1083,1.1365264357832749e-5,1.5449085522609364e-5,1.0853755723689998e-5
133780,1242,261,362,1.2659783257783206e-5,2.85972434141918e-6,3.627940509672926e-6
133675,2926,6193,2365,2.9824900009882174e-5,6.785545151880836e-5,2.3701876534189147e-5
133610,1548,1220,788,1.5778860292309504e-5,1.3367293856442144e-5,7.89728486635985e-6
133584,29098,12134,7538,2.965977240217196e-4,1.3294978988038442e-4,7.554534685611746e-5
133018,8562,8930,6181,8.727299859351032e-5,9.78442083098593e-5,6.194558091239878e-5
133012,563,1020,568,5.738694021040213e-6,1.1175934207845072e-5,5.692459142249232e-6
133010,31039,12719,9905,3.1638245776033244e-4,1.3935951685253086e-4,9.926726726052579e-5
132978,9433,7382,9766,9.61511557734855e-5,8.088308462971797e-5,9.787421828029226e-5
131663,15563,16056,13729,1.5863462708605477e-4,1.7592235258937302e-4,1.3759114711961218e-4
131662,7698,8279,2947,7.846619284896548e-5,9.071133265367584e-5,2.953464276797269e-5
131597,893,835,626,9.102404548470534e-6,9.14892653289278e-6,6.273731378605668e-6
131464,32117,32161,30657,3.2737057881660484e-4,3.523815882926523e-4,3.072424646548146e-4
131450,50827,39902,47779,5.180827726596997e-4,4.37198163491602e-4,4.788380376012783e-4
131202,1540,1684,1203,1.569731579467483e-5,1.8451248241187355e-5,1.2056387936841243e-5
131168,2354,8563,7283,2.399446842900295e-5,9.382306335468368e-5,7.298975340317106e-5
131166,4159,10370,8603,4.239294570782637e-5,1.1362199777975823e-4,8.621870774783476e-5
130638,1115,3529,3025,1.1365264357832749e-5,3.866654099949535e-5,3.0316353706521e-5
130597,13150,14174,10091,1.340387679869961e-4,1.5530165829607455e-4,1.0113134719091022e-4
130558,4178,5326,3762,4.258661388970872e-5,5.835590744214005e-5,3.7702519882291573e-005
128297,2982,1696,2250,3.0395711493324895e-5,1.8582729820103178e-5,2.2549353996585866e-5
128051,9589,9954,7547,9.774127347736164e-5,1.0906396971067632e-4,7.56355442721038e-5
128047,6998,7390,5700,7.133104930593146e-5,8.097073901566185e-5,5.71250301246842e-5
127640,8923,92937,5972,9.0952694049275e-5,0.0010182919583083309,5.985099647449369e-5
127380,4656768,3592597,4660921,0.047466725895153446,0.03936336049735449,0.04671144781294267
127358,4415,4802,4037,4.5002369632135955e-5,5.261454516281572e-5,4.0458552037429845e-5
127344,1794,1960,1810,1.8286353594575743e-5,2.1475324556251314e-5,1.813970254836463e-5
127277,214839,84748,70498,0.0021898672909169774,9.285667374965237e-4,7.06526381356138e-4
126690,635,715,613,6.472594499752283e-6,7.834110743734536e-6,6.14344622218095e-6
126585,24666,25686,22178,2.514220723321099e-4,2.814363196693221e-4,2.222664768605695e-4
126582,572,1140,1210,5.830431580879222e-6,1.2490749997003315e-5,1.21265414826084e-5
125960,9284,7028,8111,9.463238950503968e-5,7.700437805170115e-5,8.128791567391466e-5
125884,559,606,608,5.697921772222876e-6,6.639819735249131e-6,6.093336546632981e-6
125816,3094,3687,2751,3.1537334460210334e-5,4.039771512188704e-5,2.757034348649232e-5
125811,15358,18677,18594,1.5654504933416624e-4,2.0464012078423767e-4,1.863478614277856e-4
125810,346,492,323,3.526799522699669e-6,5.3907447355487995e-6,3.237085040398771e-6
125802,2591,4102,3737,2.641022417143018e-5,4.4944786392725964e-5,3.745197150455173e-5
125785,1794,1331,1922,1.8286353594575743e-5,1.458349846141352e-5,1.9262159280639127e-5
125241,339,256,371,3.455448087269329e-6,2.804940350204253e-6,3.7181379256592697e-6
125070,1638,1179,1596,1.669623589069959e-5,1.2918065128479745e-5,1.5995008434911574e-5
124960,18716,8920,16577,1.9077335221632084e-4,9.773464032742945e-5,1.6613361831173507e-4
124615,35501,8085,13826,3.6186390131607215e-4,8.858571379453667e-5,1.3856327482524274e-4
124607,710,787,637,7.237074165077356e-6,8.623000217229482e-6,6.3839726648111985e-6
124605,12661,3230,1315,1.2905436056907663e-4,3.539045832484273e-5,1.317884466911574e-5
124602,265,266,255,2.7011614841485904e-6,2.914508332634107e-6,2.5555934529463985e-6
124356,815,362,945,8.307345696532457e-6,3.966360963960702e-6,9.470728678566064e-6
123962,16736,17983,15748,1.705910890517389e-4,1.970361028036058e-4,1.5782543410588188e-4
121482,284,343,216,2.894829666030942e-6,3.75818179734398e-6,2.164737983672243e-6
120954,5846,6351,5031,5.9588641646538344e-5,6.958662564120006e-5,5.0420355536366e-5
120744,13293,5312,12577,1.354963758822159e-4,5.8202512266738254e-5,1.260458778733602e-4
120466,610133,599726,687305,0.006219123621917102,0.006571076783072641,0.006888126110499311
119025,2012,1765,1094,2.050844115512062e-5,1.9338748898869168e-5,1.0963997009895529e-5
118964,1089,980,675,1.1100244740520056e-5,1.0737662278125657e-5,6.764806198975761e-6
117982,194521,183186,174330,0.001982764653049313,0.002007132042939517,0.001747123947655473
113563,379,251,289,3.863170575442701e-6,2.7501563589893267e-6,2.896339246672585e-6
111826,1520,1580,1799,1.5493454550588144e-5,1.7311741223916878e-5,1.80294612621591e-5
111821,34233,37314,32131,3.489390984409762e-4,4.088419696387559e-4,3.220147970063558e-4
111776,1632,1595,1107,1.6635077517473583e-5,1.7476093197561657e-5,1.1094282166320248e-5
111399,76718,24127,29165,7.819913461921191e-4,2.643546712085079e-4,2.922897374713008e-4
110889,14147,8797,16386,1.442012510047174e-4,9.638695414354225e-5,1.642194287058027e-4
110873,8378,7385,9278,8.53974751479128e-5,8.091595502444692e-5,9.298351394681053e-5
110842,24056,4818,5848,2.4520430438746603e-4,5.2789853934703485e-5,5.860827652090407e-5
110801,28086,12695,8022,2.8628234507093326e-4,1.390965536946992e-4,8.039596344916082e-5
110604,720136,719738,11847,0.007340391043580488,0.0078860240538098,1.1872986524335679e-4
110368,3243,2981,2772,3.3056100728656146e-5,3.2662215562339375e-5,2.778080412379379e-5
110134,5043,5254,3931,5.1403612696457896e-5,5.7567017968645106e-5,3.939622691581291e-5
110022,863,1226,1262,8.796612682340504e-6,1.3433034645900057e-5,1.2647682108307274e-5
109990,17930,11144,14408,1.8276160532371407e-4,1.221025596198289e-4,1.443960410590263e-4
109714,28310,12695,8022,2.885655910047042e-4,1.390965536946992e-4,8.039596344916082e-5
109532,229,306,261,2.3342112447925558e-6,3.3527802623535216e-6,2.6157250636039605e-6
109395,28310,12565,8022,2.885655910047042e-4,1.376721699231111e-4,8.039596344916082e-5
108950,3247,3040,2645,3.309687297747349e-5,3.330866665867551e-5,2.6508018364875387e-5
108834,4838,2373,1797,4.931403494456936e-5,2.600048223060427e-5,1.8009417391939913e-5
108829,11690,1160,6745,1.1915689716866802e-4,1.2709885961863023e-5,6.759795231420964e-5
108825,91352,41520,31852,9.311566184903473e-4,4.5492626304875235e-4,3.1921867711077914e-4
108314,4007956,3991667,4520742,0.0408533448202349,0.04373588997218266,0.045306582971214926
107237,13009,6204,27928,1.3260154621618495e-4,6.79759762994812e-5,2.7989260374073336e-4
106482,1895,1972,1763,1.9315852877213505e-5,2.160680613516714e-5,1.7668671598213725e-5
106387,7550,2449,6325,7.6957619642724e-5,2.6833198897071158e-5,6.338873956818027e-5
106385,3367,3516,1686,3.43200404419936e-5,3.8524102622336545e-5,1.689698259477501e-5
106384,21441,18338,13030,2.185494467231318e-4,2.009257661798656e-4,1.3058581447800615e-4
105630,107413,122359,101211,0.0010948673905541606,0.0013406628762134463,0.00101433007437709
105516,328,239,253,3.343324403021652e-6,2.618674780073502e-6,2.535549582727211e-6
105081,5411,5328,3996,5.515465958765292e-5,5.837782103862602e-5,4.00476526979365e-5
104922,12184,12021,12449,1.2419226989760916e-4,1.3171167167892706e-4,1.2476307017933222e-4
104366,3683,4445,3669,3.7541048098563244e-5,4.870296819006995e-5,3.6770479917099356e-5
104365,10810,13676,12378,1.1018700242885382e-4,1.4984517277106784e-4,1.2405151278655106e-4
104288,512,552,578,5.218847848619164e-6,6.048152630127921e-6,5.79267849334517e-6
103129,58257,50528,55390,5.938172248379036e-4,5.536251016215645e-4,5.55114985720396e-4
102809,827,733,784,8.42966244298447e-6,8.031333112108272e-6,7.857197125921475e-6
102715,1654,2426,2138,1.685932488596894e-5,2.6581192537482494e-5,2.142689726431137e-5
102679,687,531,349,7.002633734377667e-6,5.8180598670252285e-6,3.497655353248208e-6
102223,34698,38538,32555,3.536788723659917e-4,4.2225309068816996e-4,3.2626409749282354e-4
100947,2003,2431,2153,2.041670359528161e-5,2.663597652869742e-5,2.1577226290955277e-5
100916,1871,1978,1602,1.9071219384309483e-5,2.167254692462505e-5,1.6055140045569137e-5
100897,31689,33426,31143,3.2300794819314975e-4,3.662419380700288e-4,3.121131251180772e-4
100896,3155,3599,3576,3.215911125467473e-5,3.9433516876504325e-5,3.583843995190714e-5
100879,14852,16223,2581,1.5138735985877308e-4,1.7775213789595156e-4,2.5866614517861387e-5
100877,913,1071,564,9.30626579255722e-6,1.1734730918237325e-5,5.652371401810857e-6
100876,60457,66803,56112,6.16241961687439e-4,7.319469930261514e-4,5.623508228695227e-4
100865,2010800,1954188,1562910,0.020496209480475418,0.021411643644863084,0.01566338260213512
100343,417,385,403,4.2505069392074046e-6,4.2183673235493655e-6,4.0388398491662686e-6
100017,7319,9086,5967,7.460302227352277e-5,9.955346883576502e-5,5.980088679894572e-5
97828,549878,135023,404700,0.005604940658794939,0.001479419769162613,0.004055877138852578
89252,718,665,648,7.31861866271203e-6,7.286270831585267e-6,6.49421395101673e-6
89241,16794,16023,16119,1.711822866595903e-4,1.755607782473545e-4,1.6154357203154116e-4
89209,535,301,436,5.453288279318852e-6,3.2979962711385946e-6,4.369563707782861e-6
88847,7084,5711,6157,7.220765265550421e-5,6.257427476568942e-5,6.170505446976853e-5
87951,633,763,573,6.452208375343614e-6,8.360037059397834e-6,5.742568817797201e-6
87822,8008,8823,7450,8.162604213230911e-5,9.667183089785987e-5,7.466341656647321e-5
85117,2004,2244,2159,2.0426896657485945e-5,2.4587055257259157e-5,2.163735790161284e-5
85067,4757,2251,2523,4.8488396906018286e-5,2.4663752844960056e-5,2.5285342281504954e-5
84910,962343,1052374,944385,0.009809222060905688,0.01153064959416348,0.009464565188473665
84326,9946,13394,11891,1.0138019668430898e-4,1.4675535566654598e-4,1.1917083038817891e-4
84216,2016,347,1650,2.0549213403937956e-5,3.8020089903159217e-6,1.6536192930829636e-5
84181,14553,14861,14612,1.4833963425967713e-4,1.628289786890055e-4,1.4644051582138342e-4
84151,4964,5422,5570,5.059836078231549e-5,5.9407760073466645e-5,5.5822178560437014e-5
84116,36085,38869,33476,3.6781664964340334e-4,4.2587979090659813e-4,3.354942997287593e-4
84105,12714,13254,10874,1.2959459286590634e-4,1.4522140391252803e-4,1.0897852238172209e-4
84063,4010,1146,921,4.087417943938056e-5,1.2556490786461228e-5,9.230202235935815e-6
66305,3863,3814,3585,3.9375799295343415e-5,4.178922849874618e-5,3.592863736789348e-5
62639,596,468,573,6.075065073783245e-6,5.1277815777171504e-6,5.742568817797201e-6
62566,13676,14422,14546,1.3940031870647595e-4,1.5801894426033494e-4,1.4577906810415024e-4
46351,1088881,1128813,1185155,0.011099031766117741,0.012368176295059038,0.011877546504810543
43762,1482,2444,795,1.5106118186823439e-5,2.677841490585623e-5,7.967438412127006e-6
42357,2223,7472,6501,2.2659177280235157e-5,8.186919647158664e-5,6.515260014746877e-5
42187,2849,1671,2268,2.9040034220148433e-5,1.8308809864028543e-5,2.2729748828558554e-5
42007,2615,3210,4003,2.6654857664334205e-5,3.517132235998302e-5,4.011780624370366e-5
41805,682,713,918,6.9516684233559954e-6,7.812197147248565e-6,9.200136430607034e-6
41682,4098,3663,2757,4.177116891336198e-5,4.0134751964055394e-5,2.7630475097149882e-5
37755,385471,399924,352531,0.003929129880966949,0.004381886580527679,0.0035330428061201833
34444,74814,81930,71273,7.625837557550667e-4,8.976904800477909e-4,7.142933810660731e-4
34183,119022,88315,114575,0.0012131986496842775,9.676496368292525e-4,0.0011482632151817004
34113,36428,38701,35315,3.7131286997949003e-4,4.240390488017766e-4,3.539246383953022e-4
34078,180,518,365,1.8347511967801747e-6,5.675621489866419e-6,3.6580063150017073e-6
34033,642,611,390,6.543945935182623e-6,6.694603726464058e-6,3.90855469274155e-6
34029,848,1865,1711,8.64371674927549e-6,2.0434428723167706e-5,1.7147530972514854e-5
34012,4241,10934,1812,4.322877680858178e-5,1.1980163198880198e-4,1.815974641858382e-5
33993,1296,20652,21054,1.3210208616817257e-5,2.2627979731413376e-4,2.1100182179738616e-4
31601,2331,2419,2252,2.3760027998303264e-5,2.6504494949781598e-5,2.2569397866805054e-5
31362,2791,2828,3066,2.8448836612297044e-5,3.098582543116261e-5,3.0727253046014344e-5
26868,43469,21494,16614,4.430822209602079e-4,2.3550542143472742e-4,1.6650442991079004e-4
26755,7611,7560,7498,7.757939643718839e-5,8.283339471696935e-5,7.514446945173371e-5
26641,37375,14733,10305,3.8096569988699464e-4,1.6142650851390337e-4,1.0327604130436327e-4
25326,30573,9205,19678,3.116324907731127e-4,1.0085732782668029e-4,1.972116390865852e-4
22885,15430,5961,13154,1.572789498128783e-4,6.531347432643576e-5,1.3182853443159578e-4
22803,1634,1048,2222,1.6655463641882254e-5,1.1482724558648663e-5,2.2268739813517242e-5
22735,4342,825,1832,4.425827609121955e-5,9.039358550462926e-6,1.8360185120775694e-5
21709,15358,13141,18594,1.5654504933416624e-4,1.4398328571107067e-4,1.863478614277856e-4
21704,13612,13772,12381,1.3874796272539855e-4,1.5089702540239445e-4,1.2408157859187984e-4
20330,1840,1409,2309,1.875523445597512e-5,1.5438128724366378e-5,2.3140648168051897e-5
20281,1219,1043,1015,1.2425342827083516e-5,1.1427940567433735e-5,1.0172264136237625e-5
18488,1097,1171,899,1.1181789238154731e-5,1.2830410742535862e-5,9.009719663524753e-6
18388,15587,16735,14452,1.588792605789588e-4,1.8336201859636009e-4,1.4483700620384843e-4
18382,2541,3079,2522,2.5900571061213466e-5,3.373598179015194e-5,2.527532034639536e-5
18361,8054,9181,8181,8.209492299370849e-5,1.0059436466884863e-4,8.198945113158622e-5
18321,2011,2354,2045,2.0498248092916286e-5,2.5792303063987547e-5,2.0494857299119157e-5
18318,9919,11149,9944,1.0110498400479197e-4,1.2215734361104382e-4,9.965812272979994e-5
18305,6072,5156,5056,6.189227370471789e-5,5.649325174083254e-5,5.0670903914105845e-5
18226,8774,10782,9939,8.943392778082918e-5,1.181361986558682e-4,9.960801305425197e-5
18176,2653,3129,2590,2.704219402809891e-5,3.42838217023012e-5,2.595681193384773e-5
18173,85948,92068,85706,8.760733103381248e-4,0.0010087705006351765,8.589399705028393e-4
18164,2331,2092,3386,2.3760027998303264e-5,2.2921621924325383e-5,3.3934272281084334e-5
18157,654,760,616,6.666262681634635e-6,8.327166664668877e-6,6.173512027509731e-6
18023,1196,770,580,1.2190902396383827e-5,8.436734647098731e-6,5.812722363564357e-6
17962,1520,1580,1799,1.5493454550588144e-5,1.7311741223916878e-5,1.80294612621591e-5
17948,7724,5807,7090,7.873121246627816e-5,6.362612739701601e-5,7.105551992701946e-5
17872,3247,3036,2645,3.309687297747349e-5,3.326483946570357e-5,2.6508018364875387e-5
17775,7273,9084,7946,7.413414141212339e-5,9.953155523927905e-5,7.963429638083169e-5
17710,1921,1689,1444,1.9580872494526198e-5,1.850603223240228e-5,1.447167429825333e-5
17702,201,349,341,2.048805503071195e-6,3.823922586801892e-6,3.417479872371458e-6
17663,2643,2143,1684,2.6940263406055566e-5,2.3480418634717636e-5,1.6876938724555823e-5
17504,519,489,564,5.290199284049504e-6,5.357874340819844e-6,5.652371401810857e-6
17480,2025,2214,1717,2.0640950963776965e-5,2.4258351309969597e-5,1.7207662583172417e-5
17471,4077,3960,3470,4.155711460707096e-5,4.338892104222204e-5,3.47761148302902e-5
17425,32337,38079,29293,3.296130525015584e-4,4.172239202946397e-4,2.935725451653288e-4
17350,207,164,220,2.109963876297201e-6,1.7969149118495998e-6,2.204825724110618e-6
17349,31008,33648,30944,3.160664728319981e-4,3.6867434727997153e-4,3.10118760031268e-4
17334,919,886,840,9.367424165783225e-6,9.707723243285033e-6,8.418425492058724e-6
17297,3341,1154,2631,3.405502082468091e-5,1.2644145172405111e-5,2.6367711273341074e-5
17289,3912,4267,2815,3.98752593433558e-5,4.6752658102818553e-5,2.821174733350632e-5
17225,536,368,424,5.463481341523187e-6,4.0321017534186145e-6,4.249300486467737e-6
17191,24278,25994,22416,2.4746716419682825e-4,2.8481101352816155e-4,2.246516974166528e-4
17188,1129,1256,982,1.150796722869343e-5,1.3761738593189617e-5,9.841540277621032e-6
17186,3613,4755,4580,3.682753374425984e-5,5.209957564539541e-5,4.590046280193923e-5
17069,618,817,496,6.2993124422786e-6,8.951704164519044e-6,4.970879814358485e-6
17045,27040,26643,27132,2.756204020051996e-4,2.919219755878591e-4,2.719151433934968e-4
17011,2733,3458,2519,2.785763900444565e-5,3.788860832424339e-5,2.524525454106658e-5
17010,25762,106045,61573,2.6259366850806036e-4,0.001161913669677383,6.17080610503014e-4
16857,7718,4621,6716,7.867005409305216e-5,5.063136468083537e-5,6.730731619603142e-5
16852,42339,35188,32555,4.3156406066931013e-4,3.85547816574169e-4,3.2626409749282354e-4
16817,2191,2340,2259,2.233299928969646e-5,2.5638907888585753e-5,2.263955141257221e-5
16810,5909,6101,5101,6.02308045654114e-5,6.684742608045371e-5,5.112189099403756e-5
16794,6433,35275,45771,6.557196916048258e-5,3.8650105802130876e-4,4.5871399190121413e-4
16793,2169,4629,3691,2.2108751921201107e-5,5.071901906677925e-5,3.699096248951042e-5
16747,22397,20902,16470,2.282940141904754e-4,2.2901899687488008e-4,1.6506127125500854e-4
16688,12738,13533,11771,1.2983922635881036e-4,1.4827835062232095e-4,1.1796819817502766e-4
16594,101648,103085,91716,0.0010361043869461734,0.0011294815468781464,9.191718005114976e-4
16549,204,228,259,2.079384689684198e-6,2.498149999400663e-6,2.595681193384773e-6
14835,5122,5597,5956,5.2208864610600304e-5,6.132519976598908e-5,5.969064551274019e-5
14816,89,104,92,9.071825361857531e-7,1.139507017270478e-6,9.220180300826221e-7
14796,4118,1710,4451,4.1975030157448665e-5,1.8736124995504972e-5,4.460763317280164e-5
14778,21136,22608,21641,2.1544056275080986e-4,2.4771129467741313e-4,2.1688469770671768e-4
14740,989,1057,871,1.0080938520086626e-5,1.1581335742835531e-5,8.729105480456128e-6
14739,431,484,355,4.393209810068085e-6,5.303090349604917e-6,3.5577869639057703e-6
14729,2728,2689,2372,2.7806673693423982e-5,2.9462830475387647e-5,2.3772030079956303e-5
14719,5099,5272,5462,5.197442417990062e-5,5.7764240337018846e-5,5.473980956860089e-5
14712,2809,3106,2478,2.8632311731975062e-5,3.403181534271254e-5,2.4834355201573236e-5
14709,2595,3082,2531,2.645099642024752e-5,3.3768852184880895e-5,2.5365517762381704e-5
14703,12749,4193,11777,1.2995135004305805e-4,4.5941855032837636e-5,1.1802832978568523e-4
14702,4334,4335,3619,4.417673159358487e-5,4.749772038334156e-5,3.626938316161967e-5
14696,11282,11327,10166,1.1499812778929962e-4,1.2410765369829524e-4,1.0188299232412975e-4
14694,6799,6905,5761,6.930262992726894e-5,7.565669186781394e-5,5.773636816636941e-5
14689,24759,30108,31064,2.5237002711711305e-4,3.2988728149980335e-4,3.113213922444193e-4
13146,824,846,852,8.399083256371466e-6,9.269451313565618e-6,8.538688713373849e-6
13139,5139,5659,736,5.238214666807399e-5,6.200452125705417e-5,7.376144240660977e-6
10176,7319,7999,5967,7.460302227352277e-5,8.764342914563994e-5,5.980088679894572e-5
6485,8456,8900,7851,8.619253399985088e-5,9.751550436256974e-5,7.868221254542029e-5
6435,2454,2664,2420,2.5013774649436383e-5,2.918891051931301e-5,2.42530829652168e-5
6422,2465,1872,1973,2.512589833368406e-5,2.0511126310868602e-5,1.9773277971228407e-5
6404,102886,72873,61573,0.0010487233979551392,7.984547583610725e-4,6.17080610503014e-4
5837,50386,43390,24137,5.135876322275882e-4,4.7541547576313497e-4,2.418994477402636e-4
5244,432984,169664,464050,0.004413432845481484,0.001858974217097869,0.004650678987606965
4983,766,427,850,7.807885648520077e-6,4.67855284975475e-6,8.518644843154662e-6
4862,194907,74291,94289,0.001986699175060186,8.139914982696258e-4,9.449582395484822e-4
4852,421,416,452,4.291279188024742e-6,4.558028069081912e-6,4.529914669536361e-6
4850,5045,5535,5440,5.1423998820866563e-5,6.064587827492399e-5,5.451932699618983e-5
4849,11064,7883,9555,1.1277604022875474e-4,8.637244054945363e-5,9.575958997216798e-5
4801,8399,8325,9023,8.561152945420382e-5,9.121534537285316e-5,9.042792049386412e-5
4795,9715,2679,8640,9.902559931510776e-5,2.935326249295779e-5,8.658951934688973e-5
4766,136295,138437,149194,0.001389263413139744,0.0015168262783641648,0.0014952125867407253
4755,2341,3247,2348,2.3861958620346607e-5,3.557672389497348e-5,2.3531503637326053e-5
4744,40828,52721,49180,4.1616234367856096e-4,5.776533601684314e-4,4.928787686898191e-4
4735,29637,31318,27431,3.020917845498558e-4,3.4314500737381564e-4,2.749117019912653e-4
4732,4346,4422,2613,4.4299048340036886e-5,4.845096183048128e-5,2.6187316441368387e-5
4729,1643,2336,1598,1.6747201201721263e-5,2.559508069561381e-5,1.6015052305130762e-5
4723,3844,4104,4052,3.918213111346106e-5,4.4966699989211935e-5,4.060888106407375e-5
4721,5226,4253,2814,5.3268943079851075e-5,4.6599262927416756e-5,2.8201725398396725e-5
4716,7375,12111,5010,7.51738337569655e-5,1.3269778352079575e-4,5.020989489906453e-5
4713,21452,24132,20272,2.186615704073795e-4,2.644094551997228e-4,2.0316466854168388e-4
4709,1023,2024,1815,1.0427502635033992e-5,2.217655964380238e-5,1.81898122239126e-5
4708,743,684,641,7.573445217820388e-6,7.4944499982019895e-6,6.4240604052495735e-6
4707,822,780,262,8.378697131962798e-6,8.546302629528585e-6,2.6257469987135542e-6
4550,748,576,525,7.6244105288420595e-6,6.31111578795957e-6,5.261515932536702e-6
4546,5142,7013,6002,5.241272585468699e-5,7.684002607805636e-5,6.01516545277815e-5
4541,32858,39224,43462,3.349236379100166e-4,4.2976945428285795e-4,4.355733437331622e-4
3772,14480,6755,15067,1.475955407187607e-4,7.401317213136614e-5,1.5100049629624858e-4
3365,1551,1592,1316,1.5809439478922506e-5,1.74432228028327e-5,1.3188866604225334e-5
3246,476,496,440,4.8518976092631284e-6,5.434571928520741e-6,4.409651448221236e-6
3229,1798,1491,1766,1.832712584339308e-5,1.633658618029118e-5,1.7698737403542507e-5
3204,1034,482,1934,1.053962631928167e-5,5.281176753118946e-6,1.938242250195425e-5
3194,3344,3509,3303,3.4085600011293915e-5,3.8447405034635646e-5,3.3102451666988054e-5
3182,13328,14553,11729,1.358531330593676e-4,1.59454284830166e-4,1.1754727690042473e-4
3178,7314,5344,4798,7.45520569625011e-5,5.8553129810513785e-5,4.808524465583066e-5
3175,7185,7308,8644,7.323715193814198e-5,8.007228155973705e-5,8.662960708732811e-5
3166,8684,9760,1345,8.85165521824391e-5,1.0693835085153715e-4,1.3479502722403553e-5
3161,19011,106045,61573,1.9378030556659945e-4,0.001161913669677383,6.17080610503014e-4
2821,2065,2043,2073,2.1048673451950336e-5,2.23847388104191e-5,2.0775471482187778e-5
2394,1847,1886,2519,1.882658589140546e-5,2.0664521486270396e-5,2.524525454106658e-5
2018,7685,9367,6426,7.833368304030912e-5,1.026323291420439e-4,6.440095501424923e-5
2017,4148,4690,4029,4.228082202357869e-5,5.138738375960136e-5,4.0378376556553095e-5
1981,22069,20069,20222,2.2495068978745377e-4,2.1989198393847329e-4,2.026635717862042e-4
1970,379593,395468,363051,0.0038692150613298714,0.004333063087556936,0.003638473563473109
1967,7404,6810,6126,7.546943256089119e-5,7.461579603473034e-5,6.139437448137113e-5
1846,6709,7571,6669,6.838525432887884e-5,8.29539194976422e-5,6.683628524588051e-5
1771,1139,875,1120,1.1609897850736772e-5,9.587198462612194e-6,1.1224567322744965e-5
1753,4980,5647,267,5.076144977758484e-5,6.187303967813836e-5,2.675856674261523e-6
1746,1998,2059,1930,2.036573828425994e-5,2.2560047582306867e-005,1.9342334761515877e-5
1744,23873,22391,21497,2.4333897400407285e-4,2.453336694586853e-4,2.1544153905093618e-4
1717,1376,1710,1491,1.4025653593164002e-5,1.8736124995504972e-5,1.4942705248404235e-5
1715,7205,6375,4848,7.3441013182228655e-005,6.98495887990317e-5,4.858634141131035e-5
1704,4503,4083,5516,4.589935910611737e-5,4.4736607226109245e-5,5.528099406451895e-5
1684,4239,3941,3428,4.320839068417311e-5,4.3180741875605324e-5,3.435519355568727e-5
892,4665,9940,4986,4.755063518321953e-5,1.0891057453527453e-4,4.9969368456434284e-5
592,1356,1720,3169,1.3821792349077316e-5,1.8845692977934828e-5,3.175951236230249e-5
309,2653,2300,2645,2.704219402809891e-5,2.5200635958866338e-5,2.6508018364875387e-5
303,2452,3426,4482,2.4993388525027715e-5,3.753799078046786e-5,4.4918313161199046e-5
168,1779,1534,5682,1.8133457661510727e-5,1.680772850473955e-5,5.694463529271151e-5
136,204,228,259,2.079384689684198e-6,2.498149999400663e-6,2.595681193384773e-6
134,16206,6575,18305,1.6518876608344172e-4,7.204094844762878e-5,1.8345152218111302e-4
68,567688,233241,611760,0.005786479096654132,0.0025555745789921495,0.006131019022645053
