BinBase name,F_SAT_4_004,F_SAT_5_005,F_SAT_6_006,normF_SAT_4_004,normF_SAT_5_005,normF_SAT_6_006
zymosterol,5556,3443,2199,5.3936351843015626e-5,3.246986441987905e-5,1.8221273125076362e-5
xylose,6782117,7212294,4807192,0.06583920963867848,0.06801690628414381,0.03983317798848662
xylonic acid,4194,3229,3658,4.071437358344268e-5,3.0451696837580437e-5,3.031078539860361e-5
xylitol,50720,38114,42924,4.923779275517913e-4,3.594413048211647e-4,3.556752740431004e-4
vanillic acid,541,371,557,5.251901790329635e-6,3.498785855293386e-6,4.615392965287646e-6
valine,291046,72600,95954,0.002825406669996819,6.846680676396221e-4,7.950905145264108e-4
uridine,3797,3040,2864,3.686039019941151e-5,2.866929649620456e-5,2.3731571728157662e-5
uric acid,2999,1984,2439,2.9113592364507534e-5,1.871048823962824e-5,2.0209952320173372e-5
urea,18531,13765,20475,1.7989462491053323e-4,1.2981344285205784e-4,1.6965919383171374e-4
UDP-glucuronic acid,13174,13634,14475,1.278901186428884e-4,1.285780225096227e-4,1.1994221395428847e-4
tyrosol,28570,21667,26294,2.773508949162989e-4,2.0433475236291586e-4,2.1787637814950334e-4
tryptophan,62726,37831,51841,6.089293746769256e-4,3.5677241965391935e-4,4.2956299230426727e-4
trehalose,1232134,1037594,1063640,0.011961269427959362,0.009785226983119368,0.008813494746137436
trans-phytol,8456,5468,6041,8.208887530319297e-5,5.1567010934620576e-5,5.0056712573254346e-5
tocopherol alpha-,187,260,304,1.8153523748459183e-6,2.4519793055964427e-6,2.5189936471228806e-6
threose,522,434,491,5.067454222831921e-6,4.0929193024186775e-6,4.068506186635968e-6
threonine,52305,15701,17642,5.077647377877848e-4,1.4807125798911442e-4,1.4618449316625612e-4
threonic acid,62339,47011,51894,6.051724689599984e-4,4.4334615052074757e-4,4.3000215895985116e-4
tartaric acid,2936,1988,2881,2.850200306175196e-5,1.874821099817588e-5,2.3872436504477035e-5
sucrose,143,889,102,1.3882106395880552e-6,8.383883087212453e-6,8.451886579162296e-7
succinic acid,172891,137720,136177,0.0016783854943288005,0.001298794576795162,0.001128384861461357
succinate semialdehyde,1660,1578,2016,1.6114892739273926e-5,1.4881628247043025e-5,1.6704905238814892e-5
stigmasterol,124,119,192,1.2037630720903415e-6,1.122252066792218e-6,1.5909433560776088e-6
squalene,2782,3094,3460,2.7007006988349438e-5,2.917855373659767e-5,2.8670125062648573e-5
spermidine,486,341,401,4.717974621257306e-6,3.2158651661861038e-6,3.322751488474589e-6
sorbitol,153248,1315664,1495978,0.0014876958328362956,0.012407618850454763,0.012395918020511817
shikimic acid,16579,11953,16982,1.6094506429182074e-4,1.12725033229978e-4,1.4071562537973934e-4
serine,120690,17890,21914,0.0011716303642788977,1.687150376043091e-4,1.815829828389829e-4
salicylic acid,3906,3234,3535,3.791853677084576e-5,3.0498850285764986e-5,2.9291587311116388e-5
saccharopine,150,135,124,1.456165006560897e-6,1.2731431009827685e-6,1.0274842508001223e-6
saccharic acid,13408,8871,7670,1.3016173605312337e-4,8.365964776902324e-5,6.355487260997531e-5
ribulose MassBank,42668,29383,36604,4.1421098999960235e-4,2.771019536013088e-4,3.033067219055458e-4
ribose,343072,251950,269524,0.0033304629408724006,0.002376062254019322,0.002233319880747195
ribonic acid,29606,23811,26044,2.8740814122827946e-4,2.245541509444496e-4,2.158048373212773e-4
ribitol,9078,7544,7431,8.812710619706548e-5,7.114512262084448e-5,6.15744795781912e-5
resveratrol,283,252,461,2.7472979790448922e-6,2.3765337885011676e-6,3.819921287248842e-6
raffinose,522,559,559,5.067454222831921e-6,5.271755507032352e-6,4.631965291913454e-6
quinic acid,233520,175388,190142,0.0022669576822140045,0.001654029794038265,0.0015755476646422326
pyrophosphate,55728,34638,42927,5.409944232375044e-4,3.266602276432676e-4,3.557001325330391e-4
putrescine,153016,120916,122682,0.0014854436309594814,0.0011403212681365365,0.0010165630875537146
propyleneglycol,52990,227097,230988,5.144145579844129e-4,0.002141681324473213,0.001914004291321118
proline,216516,21047,22494,0.002101886817070261,1.9848772478803204e-4,1.8638895756046734e-4
pipecolinic acid,123106,18684,21989,0.0011950843286512387,1.7620300517601515e-4,1.8220444508745072e-4
pinitol,4860,3617,4135,4.7179746212573066e-5,3.4110804416701283e-005,3.426328529885892e-5
phosphate,213899,209188,241544,0.0020764815915891286,0.0019727871037658025,0.002001473031252135
phenylethylamine,12736,9780,15912,1.2363811682373056e-4,9.223214464897389e-5,1.318494306349318e-4
phenylalanine,72118,50053,56908,7.001047196210585e-4,4.7203430839622596e-4,4.715489818107529e-4
pentono-gamma-lactone,10117,6978,7831,9.82134758091773e-5,6.580735228635376e-5,6.488894490335289e-5
pentitol,8648,6257,8186,8.395276651159092e-5,5.9007825058142086e-5,6.783053287943388e-5
palmitoleic acid,2590,898,1350,2.514311577995149e-5,8.468759293944638e-6,1.1186320472420686e-5
oxoproline,127239,95032,116453,0.0012352065284653465,8.962172975747737e-4,9.649485762776342e-4
oleic acid,52268,27818,31737,5.074055504194997e-4,2.623429243195456e-4,2.6297796506164097e-4
oleamide NIST,5567,4016,6764,5.404313727683009e-5,3.7873649581828134e-5,5.604760864848409e-5
nicotinic acid MassBank,1320372,1471743,950468,0.012817863346952165,0.013879551458293945,0.00787573307168944
N-acetylmannosamine,3014,319,2369,2.9259208865163624e-5,3.0083899941740972e-6,1.9629920888270077e-5
N-acetyl-D-galactosamine,5636,3400,4478,5.47129731798481e-5,3.206434476549194e-5,3.710543931518506e-5
myristic acid,11948,7490,9561,1.1598839665593065e-4,7.063586538045137e-5,7.922400743467717e-5
mucic acid,318450,302185,279134,0.0030914383089287846,0.0028498129479294656,0.0023129499101842044
montanic acid,1695,1690,2182,1.6454664574138137e-5,1.593786548637688e-5,1.808040834875699e-5
methylmalonic acid,61828,21964,24936,6.002118001709809e-4,2.0713566718507797e-4,2.0662376837057942e-4
methionine sulfoxide,16580,11618,10932,1.6095477205853117e-4,1.0956575220161336e-4,9.058433733666885e-5
methionine,7874,673,1190,7.64389550777367e-5,6.346854125640023e-6,9.860534342356012e-6
melezitose,661,369,655,6.416833795578353e-6,3.479924476019567e-6,5.427436969952259e-6
mannoheptulose,6361,17455,12722,6.175110404489244e-5,1.646126876122535e-4,1.0541656966676738e-4
mannitol,1534858,1194295,1350922,0.014900043397600302,0.011263025479912706,0.011193960314995184
maltose,13713,10156,11732,1.3312260489979722e-4,9.577808395245182e-5,9.721326798699221e-5
malonic acid,889,334,1078,8.630204605550917e-6,3.1498503387277383e-6,8.932484051310741e-6
malic acid,1149629,905541,984207,0.011160330135517317,0.008539876124496571,0.008155299935703516
maleic acid,7996,4480,4213,7.762330261640622e-5,4.2249489573354094e-5,3.490960603726544e-5
lyxose,499002,2436741,416750,0.004844195004026005,0.022980148096532236,0.0034532585606528304
lysine,408364,275959,327012,0.003964302444928227,0.00260248368151188,0.002709674837279432
loganin,727,582,749,7.057546398465148e-6,5.488661368681268e-6,6.206336321365255e-6
linolenic acid,4057,2059,2793,3.9384409544117065e-5,1.9417789962396445e-5,2.3143254132941465e-5
linoleic acid,21992,12681,16028,2.1349320549524832e-4,1.1959057528564804e-4,1.3281062557922872e-4
lignoceric acid,7861,795,23142,7.631275411050142e-5,7.4973982613429695e-6,1.9175839138722928e-4
levoglucosan,1588,1501,2042,1.5415933536124696e-5,1.4155465145001003e-5,1.6920345484950402e-5
leucrose,4844,4173,4106,4.702442194520657e-5,3.9354267854822906e-5,3.402298656278469e-5
leucine,459449,204833,204579,0.004460223707329318,0.0019317164503970623,0.0016951750043906308
lauric acid,7256,4806,6585,7.04395552507058e-5,4.532389439498655e-5,5.4564385415474236e-5
lactic acid,107709,84863,83669,0.0010456138446111177,8.00316614657042e-4,6.932949982273825e-4
kojic acid,831,467,557,8.06715413634737e-6,4.4041320604366876e-6,4.615392965287646e-6
itaconic acid,7655,17032,23102,7.431295416815778e-5,1.6062350589584083e-4,1.914269448547131e-4
isothreonic acid,9354,7021,7627,9.080644980913754e-5,6.621287194074086e-5,6.319856758752043e-5
isomaltose,4256,3778,2449,4.1316255119487854e-5,3.5629145448243694e-5,2.0292813953302415e-5
isoleucine,175448,84966,105707,0.0017032082538073084,8.012879756896437e-4,8.759054653171655e-4
isocitric acid,162452,132033,163558,0.0015770461176388723,0.0012451622448300583,0.0013552682991319872
indole-3-propionic acid,63517,37014,3921,6.166082181448566e-4,3.490675462205644e-4,3.249004634989741e-5
homoserine,2926,1916,3656,2.8404925394647898e-5,1.80692013443184e-5,3.0294213071977798e-5
histidine,10319,19695,6337,1.0017444468467932e-4,1.8573743239893055e-4,5.250941691387399e-5
hexadecylglycerol NIST,4056,3407,3799,3.937470177740665e-5,3.213035959295031e-5,3.1479134425723104e-5
heptadecanoic acid,9777,7059,7928,9.491283512763927e-5,6.657123814694342e-5,6.56927027447046e-5
guanosine,153,173,280,1.485288306692115e-6,1.6315093071853255e-6,2.3201257276131793e-6
guanine,3790,2887,4251,3.6792435832438664e-5,2.7226400981757424e-5,3.52244802431558e-5
glycolic acid,7247,9466,9498,7.035218535031215e-5,8.927090810298433e-5,7.870197914596421e-5
glycine,37648,22336,29486,3.6547800111336436e-4,2.1064388373000825e-4,2.443258114442936e-4
glycerol-alpha-phosphate,6369,4234,5975,6.18287661785757e-5,3.992953992267438e-5,4.9509825794602665e-5
glycerol-3-galactoside,149910,110949,117850,0.0014552913075569604,0.0010463255845254604,9.765243464257613e-4
glycerol,1888300,2821058,4021005,0.01833117587925961,0.026604522445720345,0.0333187041120044
glyceric acid,88217,73301,81806,8.563900558918844e-4,6.912789810750957e-4,6.77857875975442e-4
glutaric acid,1475,726,1330,1.431895589784882e-5,6.8466806763962215e-6,1.1020597206162603e-5
glutamine,120307,75921,92696,0.0011679122896288124,7.159873879237982e-4,7.680941944529688e-4
glutamic acid,89754,26580,29356,8.713108933257784e-4,2.5066773054905174e-4,2.4324861021361605e-4
glucose,2166536,3395458,3351698,0.02103222605769613,0.032021510573161105,0.02777271700353442
gluconic acid lactone,4798725,4100222,6283839,0.046584902807392935,0.03866792112442791,0.05206891618599669
gluconic acid,1115846,778081,818268,0.010832372652739671,0.0073378404233761,0.006780302281723504
glucoheptulose,4190,15649,2338,4.067554251660106e-5,1.4758086212799513e-4,1.9373049825570047e-5
galacturonic acid,4702692,3285642,6534647,0.04565263684689252,0.03098586995999426,0.05414715223417957
galactonic acid,866882,635697,678318,0.008415488221450157,0.005995061110114392,0.005620653726082559
galactinol,15770,19287,17384,1.5309148102310232e-4,1.8188971102707152e-4,1.440466630315268e-4
fumaric acid,1690,1379,1468,1.6406125740586107e-5,1.3004921009298056e-5,1.2164087743343384e-5
fucose,111363,87342,112249,0.0010810860241709413,8.236952942669404e-4,9.301135457101849e-4
fructose,4351518,5785090,6879198,0.042243521580132413,0.05455738831158818,0.05700215808980403
flavin adenine,1871,1756,1998,1.816323151516959e-5,1.65602910024129e-5,1.6555754299182617e-5
ethanolamine,450543,354195,428306,0.004373766337006441,0.0033403031159451235,0.0035490134638967515
ethanol phosphate NIST,1525,1421,1280,1.480434423336912e-5,1.340100997404825e-5,1.0606289040517391e-5
erythrose major,2382,1455,2120,2.3123900304187045e-5,1.372165342170317e-5,1.756666622335693e-5
erythronic acid lactone,2516,1823,2011,2.4424741043381445e-5,1.7192147208085827e-5,1.666347442225037e-5
erythritol,51850,40473,42886,5.033477039345501e-4,3.81688301674634e-4,3.5536039983721004e-4
dihydroxyacetone,87851,46263,92967,8.528370132758758e-4,4.3629199467233934e-4,7.703397447107659e-4
digitoxose,28258,25558,25092,2.743220717026522e-4,2.4102956574013033e-4,2.0791640984739248e-4
digalacturonic acid,75546,88837,82314,7.333829439043302e-4,8.3779417527412e-4,6.820672469383973e-4
dehydroascorbic acid,26458,68243,15622,2.5684809162392145e-4,6.435785528916078e-4,1.294464432741896e-4
dehydroabietic acid,2143,1238,3138,2.0803744060400014e-5,1.1675193770493831e-5,2.6001980475893418e-5
conduritol-beta-epoxide,107227,79078,90418,0.0010409347010567021,7.457600751075212e-4,7.49218314426173e-4
citric acid,5764814,4845782,693665,0.05596346944088234,0.04569906609012209,0.0057478214744457
citramalic acid,13678,10506,11464,1.32782833064933e-4,9.907882532537011e-5,9.499257621913389e-5
cis-p-coumaric acid HMDB,1628,976,2003,1.5804244204540937e-5,9.20435308562357e-6,1.6597185115747137e-5
cinnamic acid,5707,4514,5932,5.540222461628693e-5,4.257013302100901e-5,4.9153520772147785e-5
chlorogenic acid,164,166,349,1.5920737405065808e-6,1.5654944797269597e-6,2.89187099620357e-6
cerotinic acid,802,574,571,7.785628901745596e-6,5.413215851585993e-6,4.731399251668305e-6
cellobiose,46599,36070,47253,4.523722209382083e-4,3.401649752033219e-4,3.9154607502466275e-4
catechin,2688,1142,2458,2.6094476917571276e-5,1.076984756535053e-5,2.0367389423118552e-5
caproic acid HMDB,5027,7343,11858,4.8800943253210864e-5,6.924955400382568e-5,9.825732456441815e-5
campesterol HMDB,1166,882,1159,1.1319255984333373e-5,8.317868259754086e-6,9.603663279655982e-6
beta-sitosterol,36132,28938,29699,3.507610267803889e-4,2.7290529671288407e-4,2.460907642299422e-4
beta-mannosylglycerate,20572,12914,15037,1.9970817676647184e-4,1.2178792597104793e-4,1.2459903773614063e-4
beta-gentiobiose,6300,5303,4392,6.115893027555768e-5,5.001094714453053e-5,3.63928292702753e-5
beta-alanine,7082,6031,7755,6.875040384309516e-5,5.687648920020057e-5,6.425919649157217e-5
benzoic acid,19059,19971,30317,1.8502032573362758e-4,1.8834030273871753e-4,2.51211613157317e-4
aspartic acid,137742,51793,58754,0.0013371672022247406,4.884437083644483e-4,4.8684523928637405e-4
asparagine,162104,92033,106145,0.001573667814823651,8.679346593536824e-4,8.795348048482175e-4
arbutin,889,873,1020,8.630204605550917e-6,8.232992053021903e-6,8.451886579162296e-6
arachidic acid,28309,16374,23560,2.748171678048829e-4,1.5441811211475444e-4,1.9522200765202324e-4
arabitol,435873,319966,461590,0.004231353399364786,0.0030175000403633518,0.0038248101236034553
alpha-ketoglutarate,32664,22645,27492,3.1709449182870095e-4,2.1355796682781327e-4,2.278032017983626e-4
alanine,786677,263790,330120,0.007636876792442045,0.0024877216193203294,0.0027354282328559383
adipic acid,12266,8693,12415,1.1907546646983976e-4,8.198098501365338e-5,1.0287271752970579e-4
adenosine,109,67,294,1.058146571434252e-6,6.318562056729294e-7,2.4361320139938384e-6
adenine,31441,27688,42920,3.052218931418744e-4,2.6111693466674736e-4,3.556421293898488e-4
aconitic acid,11141,9506,13079,1.0815422892063303e-4,8.964813568846072e-5,1.0837472996947419e-4
6-deoxyhexitol NIST,303,2276,2346,2.941453313253012e-6,2.1464249613605786e-5,1.9439339132073282e-5
6-deoxyglucose,441531,320325,346241,0.004286279943412263,0.0030208856579430022,0.0028690094716232674
6-deoxyglucitol,9117,8166,9524,8.850570909877133e-5,7.701101157500212e-5,7.891741939209972e-5
5-methyluridine NIST,103,91,228,9.99899971171816e-7,8.58192756958755e-7,1.8892452353421604e-6
5-hydroxynorvaline NIST,5932,2122,2649,5.758647212612827e-5,2.0011923409521738e-5,2.1950046615883257e-5
5-Hydroxymethyl-2-furancarboxaldehyde HMDB,83,91,177,8.057446369636964e-7,8.58192756958755e-7,1.4666509063840455e-6
5'-deoxy-5'-methylthioadenosine,465,360,434,4.514111520338781e-6,3.3950482692873824e-6,3.596194877800428e-6
4-hydroxymandelic acid,424,428,561,4.116093085212136e-6,4.036335164597222e-6,4.648537618539263e-6
4-hydroxybutyric acid,5801,4672,4989,5.631475468706509e-5,4.4060181983640697e-5,4.1339668768079115e-5
4-hydroxybenzoic acid,33741,24316,37098,3.275497565758082e-4,2.2931664921108886e-4,3.074000865821205e-4
4-aminobutyric acid,99399,71957,84810,9.64942303247644e-4,6.786041342030894e-4,7.027495105674062e-4
3-phenyllactic acid,4695,3494,4093,4.557796470535608e-5,3.295082959136143e-5,3.391526643971694e-5
3-hydroxybutyric acid,24092,88415,113525,2.338795155871009e-4,8.338144242473442e-4,9.406866900974507e-4
3-hydroxy-3-methylglutaric acid,2103,2510,2274,2.0415433391983776e-5,2.367103098864258e-5,1.8842735373544177e-5
3-dehydroshikimic acid,2434,2094,2383,2.3628704173128155e-5,1.9747864099688276e-5,1.9745927174650737e-5
"3,6-anhydro-D-galactose",5525,3988,4343,5.363541107499304e-5,3.760959027199467e-5,3.5986807267942994e-5
"3,4-dihydroxycinnamic acid",8832,5763,5852,8.573899558630561e-5,5.434906437750885e-5,4.849062770711545e-5
"3,4-dihydroxybenzoic acid",55427,39721,53747,5.380723854576723e-4,3.745964230676781e-4,4.4535641957866266e-4
3-(4-hydroxyphenyl)propionic acid,2439,1767,2568,2.3677243006680185e-5,1.6664028588418903e-5,2.1278867387538018e-5
2-monoolein,35226,29281,32626,3.4196579014076104e-4,2.76140023258344e-4,2.7034436424681283e-4
2-isopropylmalic acid,18624,12803,13884,1.8079744721460097e-4,1.20741119421351e-4,1.1504509143636208e-4
2-hydroxyglutaric acid,27061,20422,22686,2.6270187495029625e-4,1.9259354376496368e-4,1.8797990091654496e-4
2-deoxytetronic acid,1154,570,1244,1.1202762783808502e-5,5.375493093038355e-6,1.030798716125284e-5
2-deoxyerythritol,34110,18727,87514,3.31131922491948e-4,1.7660852483040226e-4,7.251552961654992e-4
"2,3-dihydroxypyridine",2446,2524,2947,2.374519737365303e-5,2.3803060643559316e-5,2.4419323283128713e-5
"2,3-dihydroxybutanoic acid NIST",1414,972,1272,1.3726782128514056e-5,9.166630327075933e-6,1.0539999734014157e-5
1-monostearin,4221,1301,3706,4.0976483284623646e-5,1.2269327217619124e-5,3.070852123762301e-5
1-monopalmitin,1000,720,896,9.70776671040598e-6,6.790096538574765e-6,7.424402328362174e-6
1-methylinosine NIST,2046,2103,2262,1.9862090689490637e-5,1.9832740306420457e-5,1.8743301413789327e-5
1-methyladenosine,6631,6039,5912,6.437220105670206e-5,5.695193471729584e-5,4.89877975058897e-5
1-kestose,522,559,559,5.067454222831921e-6,5.271755507032352e-6,4.631965291913454e-6
1-deoxyerythritol,56124,46102,52940,5.448386988548252e-4,4.3477365364079693e-4,4.3866948578514896e-4
519282,5486,5678,3221,5.325680817328721e-5,5.354745575837155e-5,2.6689732030864468e-5
519270,12497,14003,17447,1.2131796057994354e-4,1.3205794698564226e-4,1.445686913202398e-4
519264,13592,22754,24147,1.319479651278381e-4,2.145859119982364e-4,2.00085985516698e-4
519261,43008,32379,36992,4.175116306811404e-4,3.053562997534893e-4,3.065217532709526e-4
519249,41169,34407,34266,3.996590477007038e-4,3.244817383371416e-4,2.839336720799757e-4
519244,146961,110347,36027,0.0014266631035279732,0.001040648309364041,2.9852560567400005e-4
513995,29516,16578,19622,2.8653444222434294e-4,1.5634197280068395e-4,1.6259109652580646e-4
513551,580,216,205,5.630504692035469e-6,2.0370289615724296e-6,1.6986634791453635e-6
511927,806,611,1205,7.82445996858722e-6,5.76215136815164e-6,9.984826792049576e-6
509528,106072,79147,89749,0.0010297222305061832,7.46410792692468e-4,7.436748711698401e-4
486482,2168,1534,447,2.1046438228160165e-5,1.4466677903019013e-5,3.703915000868183e-6
486432,3685,3837,5414,3.577312032784604e-5,3.618555613682135e-5,4.4861288176063405e-5
480022,1739,1527,1600,1.6881806309396e-5,1.4400663075560648e-5,1.3257861300646739e-5
475884,451,883,975,4.378202786393097e-6,8.327298949390996e-6,8.079009230081607e-6
475793,4972,12247,13306,4.8267016084138535e-5,1.1549765598322936e-4,1.1025568904150344e-4
474908,5098,5024,4372,4.9490194689649685e-5,4.73797847358328e-5,3.6227106004017214e-5
474901,23082,31045,28211,2.2407467120959083e-4,2.927757597778522e-4,2.3376095322034073e-4
472871,85027,204357,193276,8.254222800856893e-4,0.0019272274421298934,0.0016015165004648745
425117,5536,2601,3769,5.3742196508807505e-5,2.4529223745601336e-5,3.123054952633597e-5
418204,68695,50011,35216,6.668750341713389e-4,4.716382194314758e-4,2.918055272272347e-4
417918,5265,726,5714,5.111139173028749e-5,6.8466806763962215e-6,4.7347137169934664e-5
414322,545,376,436,5.290732857171259e-6,3.5459393034779326e-6,3.6127672044262363e-6
408463,146944,414611,627226,0.0014264980714938963,0.003910067661048642,0.005197297070099657
408457,4497,1567,1428,4.3655826896695696e-5,1.4777890661037023e-5,1.1832641210827215e-5
406896,8705,6326,7769,8.450610921408406e-5,5.965854264308883e-5,6.437520277795283e-5
404202,2588,4556,2320,2.512370024653068e-5,4.29662219857592e-5,1.9223898885937772e-5
403831,4239,3201,5156,4.115122308541095e-5,3.0187637527746975e-5,4.2723458041334114e-5
403585,1778,1650,2632,1.7260409211101833e-5,1.55606379009005e-5,2.1809181839563884e-5
403523,4492,4149,4483,4.360728806314366e-5,3.912793130353708e-5,3.7146870131749585e-5
402069,3288,2056,2024,3.191913694381487e-5,1.9389497893485718e-5,1.6771194545318124e-5
401267,101539,74227,56270,9.85716924007913e-4,7.000117996788737e-4,4.6626240961712e-4
401125,2334,1080,1493,2.2657927502087557e-5,1.0185144807862148e-5,1.2371241826165989e-5
401121,703,715,755,6.824559997415404e-6,6.742943090390218e-6,6.25605330124268e-6
399830,1809,1607,1601,1.756134997912442e-5,1.5155118246513399e-5,1.3266147463959644e-5
395982,6567,4910,6142,6.375090398723608e-5,4.630468611722513e-5,5.089361506785767e-5
395904,3624,11387,5885,3.518094655851127e-5,1.0738726289548729e-4,4.8764071096441284e-5
393358,5400,3820,4164,5.2421940236192294e-5,3.602523441299389e-5,3.450358403493314e-5
391872,8589,7319,8099,8.338000827567697e-5,6.902321745253987e-5,6.710963667121122e-5
391843,1184,950,1158,1.149399578512068e-5,8.959155155063925e-6,9.595377116343077e-6
391842,2789,4070,6475,2.707496135532228e-5,3.838290682222124e-5,5.365290745105477e-5
390218,44534,36891,35617,4.3232568268121994e-4,3.479075713952245e-4,2.9512827871570934e-4
390208,18759,41595,46214,1.8210799572050579e-4,3.922695354472463e-4,3.8293675134255524e-4
390198,2178,694,984,2.1143515895264226e-5,6.54489860801512e-6,8.153584699897745e-6
390194,2018,2287,3350,1.959027322159927e-5,2.1567987199611786e-5,2.775864709822911e-5
390185,1635,4458,4397,1.5872198571513778e-5,4.2042014401342086e-5,3.643426008683982e-5
390140,206314,224054,301415,0.0020028481810906995,0.0021129837359080976,0.002497573914959023
390135,6886,7274,7617,6.684768156785559e-5,6.859883641887894e-5,6.311570595439139e-5
390126,22454,23129,31927,2.1797819371545589e-4,2.181224206120774e-4,2.6455233609109277e-4
390122,19340,72126,95160,1.8774820817925165e-4,6.80197920751727e-4,7.885113008559648e-4
390121,20291722,25356870,34390702,0.19698730332841266,0.23913277113345874,0.2849669732174215
389994,6003,126496,147011,5.82757235625671e-5,0.001192944516310491,0.0012181571547933612
389988,6835,12010,5717,6.635258546562488e-5,1.1326258253928184e-4,4.737199565987338e-5
387768,1627,945,1388,1.579453643783053e-5,8.912001706879379e-6,1.1501194678311046e-5
386842,110,104,115,1.067854338144658e-6,9.80791722238577e-7,9.529087809839844e-7
386187,374,258,356,3.6307047496918366e-6,2.433117926322624e-6,2.9498741393938993e-6
385941,27787,28003,41171,2.69749713582051e-4,2.640876019023738e-4,3.411496297555793e-4
384976,8250,6136,5904,8.008907536084934e-5,5.786671161207605e-5,4.8921508199386464e-5
384941,14117,9576,11377,1.3704454265080123e-4,9.030828396304437e-5,9.427168001091122e-5
384919,607,535,476,5.89261439321643e-6,5.045418955746527e-6,3.944213736942405e-6
384908,3655,2205,2887,3.548188732653386e-5,2.0794670649385216e-5,2.392215348435446e-5
384907,484,347,418,4.698559087836495e-6,3.27244930400756e-6,3.4636162647939607e-6
384906,42849,30120,37082,4.1596809577418585e-4,2.84052371863711e-4,3.07267507969114e-4
384897,513,487,575,4.980084322438268e-6,4.592745853174875e-6,4.764543904919922e-6
384838,1052,814,941,1.021257057934709e-5,7.676581364444249e-6,7.797279677442863e-6
382960,55344,39153,44217,5.372666408207086e-4,3.6923979135391354e-4,3.6638928320668554e-4
382944,120,2397,592,1.1649320052487177e-6,2.2605363059671822e-5,4.905408681239294e-6
382905,4973,3683,2218,4.827672385084894e-5,3.473322993273731e-5,1.8378710228021542e-5
382601,3751,2676,4251,3.6413832930732834e-5,2.523652546836954e-5,3.52244802431558e-5
381214,8626,7119,7346,8.373919564396199e-5,6.713707952515799e-5,6.087015569659434e-5
380761,1338,705,806,1.2988991858523202e-5,6.648636194021124e-6,6.678647630200795e-6
380017,22767,17398,24199,2.2101672469581295e-4,1.6407513830294968e-4,2.0051686600896902e-4
379842,1836,1323,1909,1.782345968030538e-5,1.247680238963113e-5,1.5818285764334142e-5
379014,2660,2394,2172,2.582265944967991e-5,2.257707099076109e-5,1.799754671562795e-5
378986,6532,4870,5645,6.341113215237187e-5,4.592745853174875e-5,4.6775391901344274e-5
378843,562,345,389,5.455764891248161e-6,3.2535879247337413e-6,3.2233175287197385e-6
378828,67542,42256,51471,6.556819791542407e-4,3.985032212972434e-4,4.264971118784927e-4
378287,32084,37133,55747,3.114639871366655e-4,3.5018979828735656e-4,4.619287462044711e-4
377751,1336,2395,5597,1.296957632510239e-5,2.2586501680398003e-5,4.6377656062324875e-5
377697,17754,16059,19774,1.7235169017654778e-4,1.5144744487912798e-4,1.638505933493679e-4
377474,11053,8806,6373,1.072999454501173e-4,8.304665294262414e-5,5.280771879313854e-5
377073,3167,2551,2988,3.074449717185574e-5,2.4057689263755867e-5,2.4759055978957785e-5
372460,235,203,411,2.2813251769454056e-6,1.9144299962926073e-6,3.405613121603631e-6
372445,5874,4005,5236,5.702342165692473e-5,3.776991199582213e-5,4.3386351106366455e-5
371546,52442,41164,42040,5.090947018271104e-4,3.8820490821373833e-4,3.483503056744931e-4
371280,16603,13114,14963,1.611780506928705e-4,1.236740638984298e-4,1.2398586165098574e-4
371262,980,778,598,9.51361137619786e-6,7.33707653751551e-6,4.955125661116719e-6
370223,13923,8272,8576,1.3516123590898247e-4,7.801066467651452e-5,7.106213657146652e-5
370160,9195,7880,8678,8.926291490218299e-5,7.431383433884604e-5,7.190732522938275e-5
362287,5125,4208,4543,4.975230439083065e-5,3.968434199211474e-5,3.7644039930523834e-5
362282,2196,1145,1877,2.1318255696051533e-5,1.0798139634261258e-5,1.5553128538321207e-5
362184,981,801,955,9.523319142908266e-6,7.553982399164425e-6,7.913285963823522e-6
362181,2818,3056,4956,2.735648658992405e-5,2.882018753039511e-5,4.1066225378753274e-5
362105,2012,1462,1646,1.9532026621336834e-5,1.3787668249161536e-5,1.3639024813040333e-5
362065,4112,4567,624,3.9918336713189394e-5,4.306995957176521e-5,5.170565907252228e-6
362022,2876,1750,2583,2.79195370591276e-5,1.650370686459144e-5,2.140315983723158e-5
360846,2569,2223,2369,2.4939252679032963e-5,2.0964423062849585e-5,1.9629920888270077e-5
360154,23991,35797,62593,2.3289903114934987e-4,3.3759039693244565e-4,5.186558202446134e-4
360146,450543,354195,242512,0.004373766337006441,0.0033403031159451235,0.002009494037339026
357409,3403,3561,4695,3.303553011551155e-5,3.358268579703436e-5,3.8903536754085274e-5
357337,96279,141550,149266,9.346540711111774e-4,0.0013349141181045248,0.0012368424530639602
357024,1387,1293,1727,1.3464672427333094e-5,1.2193881700523849e-5,1.4310204041385574e-5
356925,3139,2044,2118,3.0472679703964373e-5,1.9276329617842806e-5,1.7550093896731122e-5
351749,466,474,587,4.523819287049187e-6,4.470146887895053e-6,4.863977864674772e-6
350283,884,740,772,8.581665771998886e-6,6.9787103313129525e-6,6.396918077562052e-6
348913,16603,12698,13081,1.611780506928705e-4,1.1975089700947551e-4,1.083913022961e-4
347748,148,84,103,1.436749473140085e-6,7.921779295003893e-7,8.534748212291338e-7
347663,181,164,103,1.7571057745834825e-6,1.546633100453141e-6,8.534748212291338e-7
347660,477,436,385,4.630604720863653e-6,4.111780681692497e-6,3.1901728754681216e-6
346561,1778,2749,2791,1.7260409211101833e-5,2.5924965811863927e-5,2.3126681806315655e-5
346225,3403,3561,4695,3.303553011551155e-5,3.358268579703436e-5,3.8903536754085274e-5
345140,26666,17900,22803,2.588673070996859e-4,1.688093445006782e-4,1.8894938202415474e-4
342554,32084,37133,55747,3.114639871366655e-4,3.5018979828735656e-4,4.619287462044711e-4
341252,1792,1575,1792,1.7396317945047515e-5,1.4853336178132298e-5,1.4848804656724348e-5
334782,2171,1825,1922,2.1075561528291385e-5,1.7211008587359646e-5,1.5926005887401894e-5
330511,1502,3769,3776,1.4581065599029782e-5,3.554426924151151e-5,3.12885526695263e-5
330432,1767,667,768,1.7153623777287368e-5,6.290269987818567e-6,6.363773424310435e-6
330287,7919,6054,5598,7.687580457970496e-5,5.709339506184948e-5,4.638594222563778e-5
330286,14021,12055,11728,1.3611259704660226e-4,1.1368696357294276e-4,9.71801233337406e-5
329366,17598,11645,15650,1.7083727856972443e-4,1.0982038082180991e-4,1.296784558469509e-4
329362,107,97,128,1.03873103801344e-6,9.147768947802114e-7,1.0606289040517392e-6
329361,107313,88420,94659,0.001041769568993797,8.338615776955288e-4,7.843599330361998e-4
327365,513,421,485,4.980084322438268e-6,3.970320337138855e-6,4.018789206758543e-6
324872,4942,3399,3902,4.7975783082826354e-5,3.2054914075855035e-5,3.233260924695223e-5
324726,813180,740692,846559,0.007894161733567936,0.006985236368541694,0.007014726128008877
324718,4386,2690,3680,4.257826479184063e-5,2.5368555123286276e-5,3.04930809914875e-5
320865,12755,8591,9677,1.2382256439122827e-4,8.101905467068862e-5,8.018520237897406e-5
318789,4643,4857,5783,4.507316083641497e-5,4.580485956646894e-5,4.791888243852506e-5
253506,3624,11557,9825,3.518094655851127e-5,1.0899048013376189e-4,8.141155454928388e-5
250808,5068,6014,3952,4.919896168833751e-5,5.6716167476373106e-5,3.274691741259744e-5
250761,955,805,1045,9.270917208437711e-6,7.591705157712064e-6,8.6590406619849e-6
232333,2459,1597,1870,2.3871398340888306e-5,1.5060811350144305e-5,1.5495125395130877e-5
232329,2617,1634,1544,2.540522548113245e-5,1.540974686670995e-5,1.2793836155124104e-5
232320,7935,6139,6743,7.703112884707146e-5,5.789500368098678e-5,5.58735992189131e-5
230854,18969,17700,13683,1.8414662672969103e-4,1.669232065732963e-4,1.1337957261046833e-4
228439,1872,1305,1560,1.8172939281879995e-5,1.230704997616676e-5,1.292641476813057e-5
228300,10506,3796,4367,1.0198979705952524e-4,3.579889786170806e-5,3.6185675187452694e-5
228290,6589,5405,5428,6.396447485486501e-5,5.097287748749528e-5,4.4977294462444066e-5
227260,1701,1166,1477,1.6512911174400573e-5,1.0996184116636355e-5,1.2238663213159521e-5
223095,4103,4004,3627,3.983096681279574e-5,3.776048130618522e-5,3.0053914335903575e-5
217691,26235,27083,28475,2.546832596475009e-4,2.5541136743641716e-4,2.3594850033494745e-4
214730,1160,933,1270,1.1261009384070938e-5,8.798833431236466e-6,1.0523427407388348e-5
213020,9528,7880,8641,9.249560121674818e-5,7.431383433884604e-5,7.16007371868053e-5
213019,675,466,382,6.552742529524037e-6,4.394701370799778e-6,3.165314385529409e-6
210804,15500,35144,32955,1.504703840112927e-4,3.314321565995438e-4,2.730705119767583e-4
210803,8560,4891,7068,8.30984830410752e-5,4.612550301412385e-5,5.856660229560697e-5
210797,3086,2442,2917,2.9958168068312855e-5,2.3029744093332742e-5,2.4170738383741588e-5
210790,7057,7786,17652,6.8507709675335e-5,7.342734951297656e-5,1.4626735479938516e-4
210694,4622617,4557003,5184621,0.04487528742755676,0.04297568096746503,0.04296061632151275
210345,6802,4802,5060,6.603222916418148e-5,4.5286171636438914e-5,4.1927986363295315e-5
210305,13195,2891,4643,1.280939817438069e-4,2.7264123740305063e-5,3.847265626181425e-5
210297,29973,24922,27622,2.9097089161099845e-4,2.3503164713105596e-4,2.2888040302904014e-4
210289,8589,7319,8099,8.338000827567697e-5,6.902321745253987e-5,6.710963667121122e-5
210283,17617,13620,17431,1.7102172613722214e-4,1.2844599285470596e-4,1.4443611270723331e-4
210272,21732,14304,17028,2.1096918615054277e-4,1.34896584566352e-4,1.410967888921329e-4
210267,626,204,303,6.0770619607141435e-6,1.9238606859295165e-6,2.510707483809976e-6
210261,1458,1283,1119,1.4153923863771919e-5,1.2099574804154754e-5,9.272216747139814e-6
209679,27731,25448,22707,2.6920607864626823e-4,2.399921898800703e-4,1.8815391034611594e-4
208616,25447,33752,30076,2.47033539479701e-4,3.183046366249659e-4,2.4921464779890706e-4
208244,2999,3099,3475,2.9113592364507534e-5,2.9225707184782216e-5,2.8794417512342135e-5
205795,4459,2632,3884,4.3286931761700265e-5,2.482157512434553e-5,3.218345830731996e-5
204855,2411,9311,1860,2.3405425538788818e-5,8.780915120926338e-5,1.5412263762001834e-5
204582,8010,6390,6970,7.77592113503519e-5,6.026210677985104e-5,5.7754558290942356e-5
203815,7178,4441,2279,6.968234944729413e-5,4.1881692677514625e-5,1.88841661901087e-5
196521,1914,1354,1642,1.8580665483717047e-5,1.276915376837532e-5,1.3605880159788717e-5
196436,604,535,513,5.863491093085212e-6,5.045418955746527e-6,4.25080177951986e-6
196278,850,776,866,8.251601703845084e-6,7.318215158241691e-6,7.175817428975048e-6
190001,167,145,165,1.6211970406377988e-6,1.3674499973518624e-6,1.367216946629195e-6
189936,21314,14817,15873,2.0691133966559307e-4,1.397345283500865e-4,1.3152627026572855e-4
189286,1784,1227,1779,1.731865581136427e-5,1.1571456184487829e-5,1.4741084533656593e-5
188945,4678,3652,3658,4.5412932671279175e-5,3.4440878553993114e-5,3.031078539860361e-5
187301,19438,11728,14100,1.8869956931687144e-4,1.1060312806167339e-4,1.168349027119494e-4
187055,1836,2192,2136,1.782345968030538e-5,2.0672071684105396e-5,1.7699244836363397e-5
171968,17158,15737,22448,1.665658612171458e-4,1.4841076281604316e-4,1.8600779404807376e-4
171596,168,279,358,1.6309048073482048e-6,2.6311624086977213e-6,2.966446466019708e-6
171564,1456986,1147264,1283986,0.014144080188327567,0.010819490715599222,0.010639317687482627
171297,103472,114433,161427,0.0010044820370591276,0.001079182107220453,0.0013376104851121882
170725,22560,18278,17665,2.1900721698675892e-4,1.7237414518342993e-4,1.463750749224529e-4
168874,39141,28742,32690,3.7997169681200046e-4,2.710568815440498e-4,2.708746786988387e-4
168871,17109,1312,4400,1.6609018064833592e-4,1.2373064803625128e-5,3.6459118576778534e-5
168860,4364,2299,2869,4.23646939242117e-5,2.16811554752547e-5,2.3773002544722185e-5
168835,3189,1664,1899,3.0958068039484675e-5,1.5692667555817232e-5,1.57354241312051e-5
168800,29277,22196,23617,2.842142859805559e-4,2.0932358718084095e-4,1.9569431896085878e-4
168759,14021,12055,9918,1.3611259704660226e-4,1.1368696357294276e-4,8.218216773738398e-5
167348,358220,414960,170354,0.0034775161910016303,0.003913358971731923,0.0014115810650064842
163872,15731,14065,15649,1.5271287812139648e-4,1.3264264974313064e-4,1.2967016968363801e-4
161846,120714,97761,44149,0.0011718633506799475,9.219536495938994e-4,3.6582582410140806e-4
160822,32504,25805,29182,3.15541249155036e-4,2.4335894608044695e-4,2.418068177971707e-4
160463,565549,632208,853083,0.005490217755303391,0.005962157433971215,0.007068785057462264
146868,239,221,306,2.320156243787029e-6,2.0841824097569763e-6,2.535565973748689e-6
146430,61900,55688,59621,6.009107593741302e-4,5.251762445002105e-4,4.94029342878662e-4
146262,1207,1009,1137,1.1717274419460019e-5,9.51556584364158e-6,9.421367686772088e-6
138111,2880,1799,2047,2.7958368125969224e-5,1.6965810656800003e-5,1.6961776301514922e-5
136141,8085,7710,7519,7.848729385363235e-5,7.271061710057144e-5,6.230366194972677e-5
135888,19485,11386,13966,1.8915583435226053e-4,1.0737783220585037e-4,1.1572455682802022e-4
135773,2984,2364,2626,2.8967975863851447e-5,2.229415030165381e-5,2.175946485968646e-5
135765,3664,2170,2448,3.5569257226927514e-5,2.046459651209339e-5,2.0284527789989513e-5
135618,7710,8481,5756,7.48468813372301e-5,7.998167881062859e-5,4.7695156029076645e-5
135617,632,7803,6802,6.13530856097658e-6,7.358767123680401e-5,5.636248285437445e-5
135613,5644,6440,3759,5.479063531353135e-5,6.073364126169651e-5,3.1147687893206934e-5
135609,1338413,1293169,834697,0.012993001166174599,0.012195475487072486,0.006916435658791207
135193,942,917,1003,9.144716241202433e-6,8.647942397045915e-6,8.311021802842925e-6
135163,274,425,338,2.6599280786512385e-6,4.008043095686493e-6,2.8007231997616238e-6
135128,2787,1745,2537,2.7055545821901468e-5,1.6456553416406895e-5,2.1021996324837984e-5
134941,7023,3013,6813,6.81776456071812e-5,2.841466787600801e-5,5.6453630650816396e-5
134750,1202,1282,1751,1.1668735585907988e-5,1.2090144114517845e-5,1.4509071960895275e-5
134464,5400,3820,4164,5.2421940236192294e-5,3.602523441299389e-5,3.450358403493314e-5
134365,2124,2177,2173,2.0619296492902302e-5,2.0530611339551754e-5,1.800583287894085e-5
134132,2880,1799,2047,2.7958368125969224e-5,1.6965810656800003e-5,1.6961776301514922e-5
133780,653,1345,617,6.339171661895105e-6,1.2684277561643138e-5,5.112562764061899e-6
133675,3602,2928,6900,3.496737569088234e-5,2.761305925687071e-5,5.717452685903906e-5
133610,2051,1799,1511,1.9910629523042667e-5,1.6965810656800003e-5,1.2520392765798264e-5
133584,16347,20522,15846,1.5869286241500656e-4,1.935366127286546e-4,1.3130254385628013e-4
133018,14236,12478,12280,1.3819976688933953e-4,1.1767614528935543e-4,1.0175408548246372e-4
133012,1372,1157,1045,1.3319055926677005e-5,1.091130790990417e-5,8.6590406619849e-6
133010,36675,26754,21665,3.5603234410413933e-4,2.5230867054587395e-4,1.7951972817406976e-4
132978,8378,8549,10208,8.133166949978131e-5,8.062296570593842e-5,8.45851550981262e-5
131663,6421,5414,5796,6.23335700475168e-5,5.105775369422747e-5,4.8026602561592816e-5
131662,7415,6210,7947,7.198309015766034e-5,5.8564582645207346e-5,6.585013984764978e-5
131597,949,782,342,9.212670608175276e-6,7.374799296063147e-6,2.8338678530132407e-6
131464,33600,22661,26805,3.2618096146964096e-4,2.137088578620038e-4,2.221106076023974e-4
131450,31441,27688,38526,3.052218931418744e-4,2.6111693466674736e-4,3.192327277929477e-4
131202,1699,1430,1784,1.6493495640979762e-5,1.3485886180780435e-5,1.4782515350221114e-5
131168,8877,10328,9097,8.617584508827389e-5,9.740016257000024e-5,7.537922765748962e-5
131166,13705,8905,10797,1.3304494276611395e-4,8.398029121667816e-5,8.946570528942678e-5
130638,2742,1542,2047,2.66186963199332e-5,1.4542123420114288e-5,1.6961776301514922e-5
130597,14110,9217,13980,1.369765882838284e-4,8.692266638339389e-5,1.1584056311440088e-4
130558,8438,6047,6813,8.191413550240566e-5,5.7027380234391114e-5,5.6453630650816396e-5
128297,3620,2539,2608,3.514211549166965e-5,2.3944520988112955e-5,2.1610313920054185e-5
128051,11992,8338,8278,1.1641553839118851e-4,7.863309019255054e-5,6.859285990422107e-5
128047,10957,7907,9582,1.0636799984591833e-4,7.456846295904258e-5,7.939801686424816e-5
127640,58880,46305,53250,5.715933039087041e-4,4.3668808363708957e-4,4.412381964121493e-4
127380,4622617,4552074,5184621,0.04487528742755676,0.0429291970982447,0.04296061632151275
127358,4801,3880,3789,4.660698797665911e-5,3.6591075791208456e-5,3.139627279259406e-5
127344,717,1699,2239,6.960468731361088e-6,1.6022741693109063e-5,1.855271965759253e-5
127277,149875,140921,106960,0.0014549515357220964,0.0013289822143229088,8.862880279482345e-4
126690,1004,706,828,9.746597777247605e-6,6.658066883658033e-6,6.860943223084688e-6
126585,9024,7169,6153,8.760288679470357e-5,6.760861400700345e-5,5.0984762864299615e-5
126582,5276,5248,8064,5.1218177164101955e-5,4.949225921450051e-5,6.681962095525957e-5
125960,9142,7606,7738,8.874840326653147e-5,7.172982537833286e-5,6.41183317152528e-5
125884,2808,2662,4195,2.7259408922819994e-5,2.510449581345281e-5,3.476045509763317e-5
125816,4154,3673,3817,4.032606291502644e-5,3.463892303636821e-5,3.162828536535538e-5
125811,42588,37496,41678,4.1343436866276987e-4,3.536131386255547e-4,3.4535071455522176e-4
125810,148,180,286,1.436749473140085e-6,1.6975241346436912e-6,2.3698427074906046e-6
125802,4844,4173,4106,4.702442194520657e-5,3.9354267854822906e-5,3.402298656278469e-5
125785,871,941,2239,8.455464804763608e-6,8.87427894833174e-6,1.855271965759253e-5
125241,566,482,548,5.4945959580897845e-6,4.545592404990329e-6,4.540817495471508e-6
125070,10077,8474,9069,9.782516514076106e-5,7.991566398317021e-5,7.51472150847283e-5
124960,35016,19931,22159,3.399271591315758e-4,1.8796307515324116e-4,1.8361309285064444e-4
124615,76868,33705,34629,7.462166114954869e-4,3.178613942120312e-4,2.8694154936256e-4
124607,483,553,563,4.6888513211260885e-6,5.215171369210895e-6,4.665109945165071e-6
124605,4909,1167,1481,4.7655426781382956e-5,1.1005614806273265e-5,1.2271807866411137e-5
124602,199,227,307,1.93184557537079e-6,2.1407665475784327e-6,2.543852137061593e-6
124356,567,1117,1302,5.504303724800191e-6,1.0534080324427795e-5,1.0788584633401284e-5
123962,4588,5951,6017,4.453923366734264e-5,5.612203402924781e-5,4.9857844653744646e-5
121482,209,157,117,2.02892324247485e-6,1.480618272994775e-6,9.694811076097927e-7
120954,11039,8888,9819,1.0716403671617161e-4,8.381996949285071e-5,8.136183756940646e-5
120744,3710,13918,19329,3.601581449560619e-5,1.3125633836650496e-4,1.6016325067512552e-4
120466,613952,632208,853083,0.005960102787387172,0.005962157433971215,0.007068785057462264
119025,2471,1349,1722,2.3987891541413177e-5,1.2722000320190774e-5,1.4268773224821053e-5
118964,1227,813,703,1.1911429753668138e-5,7.667150674807339e-6,5.825172808971661e-6
117982,218763,216271,276820,0.0021237001688685433,0.002039584678464032,0.002293775728278144
113563,921,654,806,8.940853140283909e-6,6.167671022538745e-6,6.678647630200795e-6
111826,2082,1771,2753,2.021157029106525e-5,1.670175134696654e-5,2.2811807600425295e-5
111821,91504,9836,56111,8.882994850689888e-4,9.276026326864081e-5,4.649449096503682e-4
111776,2783,1924,2490,2.7016714755059843e-5,1.8144646861413678e-5,2.0632546649131487e-5
111399,81483,73001,73625,7.910179548640105e-4,6.884497741840228e-4,6.100687739125727e-4
110889,33728,14941,23721,3.274235556085729e-4,1.4090393386506327e-4,1.9655607994540082e-4
110873,21230,25671,23498,2.0609588726191896e-4,2.4209523366910108e-4,1.9470826552662318e-4
110842,25799,22010,18803,2.504506733617639e-4,2.075694789083758e-4,1.558047287725379e-4
110801,15149,18404,17255,1.470629578959402e-4,1.735624120776805e-4,1.4297774796416217e-4
110604,12240,5233,6666,1.188230645353692e-4,4.9350798869946865e-5,5.5235564643819476e-005
110368,3602,4053,4782,3.496737569088234e-5,3.822258509839378e-5,3.962443296230794e-5
110134,10572,6919,7584,1.0263050966241203e-4,6.525094159777611e-5,6.284226256506555e-5
110022,1487,1178,1312,1.4435449098373693e-5,1.1109352392279268e-5,1.0871446266530326e-5
109990,18227,17673,21994,1.769434638305698e-4,1.6666857795309974e-4,1.8224587590401524e-4
109714,16712,18572,16949,1.6223619726430475e-4,1.751467679366813e-4,1.404421819904135e-4
109532,463,690,468,4.4946959869179685e-6,6.507175849467483e-6,3.877924430439171e-6
109395,16712,18572,17255,1.6223619726430475e-4,1.751467679366813e-4,1.4297774796416217e-4
108950,3478,2674,3167,3.3763612618792e-5,2.5217664089095722e-5,2.624227921196764e-5
108834,4761,4760,3617,4.6218677308242874e-5,4.489008267168872e-5,2.9971052702774536e-5
108829,19135,9283,926,1.8575811600361845e-4,8.754509189942992e-5,7.672987227749301e-6
108825,35964,75560,51540,3.491301219730407e-4,7.12582908964874e-4,4.270688571470831e-4
108314,3550971,4120610,5601624,0.03447199806341703,0.03886019402474523,0.046415971281483746
107237,19932,18426,20539,1.93495206071812e-4,1.7376988724969252e-4,1.7018950828373962e-4
106482,2663,1696,1852,2.5851782749811125e-5,1.5994449624198336e-5,1.5345974455498602e-5
106387,5348,1290,13478,5.191713636725118e-5,1.216558963161312e-5,1.1168090913132297e-4
106385,4613,3760,4378,4.4781927835102786e-5,3.5459393034779324e-5,3.627682298389464e-5
106384,19377,17793,18337,1.881073955475367e-4,1.6780026070952888e-4,1.5194337666872454e-4
105630,279404,223351,232662,0.0027123888499542724,0.0021063539610933503,0.0019278753287069199
105516,158,257,290,1.533827140244145e-6,2.4236872366857147e-6,2.4029873607422215e-6
105081,767,953,2713,7.445857066881387e-6,8.987447223974654e-6,2.2480361067909128e-5
104922,13439,10514,11266,1.3046267682114598e-4,9.915427084246538e-5,9.335191588317885e-5
104366,4126,3553,4144,4.0054245447135076e-5,3.350724027993908e-5,3.4337860768675053e-5
104365,17023,12890,14779,1.65255312711241e-4,1.2156158941976211e-4,1.2246120760141135e-4
104288,563,442,779,5.465472657958567e-6,4.168364819513953e-6,6.454921220752381e-6
103129,62851,44521,48646,6.101428455157263e-4,4.198637333248432e-4,4.030887005195383e-4
102809,1031,818,855,1.0008707478428566e-5,7.714304122991885e-6,7.0846696325331014e-6
102715,2900,2340,2502,2.8152523460177342e-5,2.2067813750367987e-5,2.0731980608886337e-5
102679,556,543,1792,5.397518290985725e-6,5.120864472841802e-6,1.4848804656724348e-5
102223,42437,34541,39894,4.119684958894986e-4,3.257454507484874e-4,3.3056819920500064e-4
100947,1721,2001,2753,1.6707066508608694e-5,1.88708099634557e-5,2.2811807600425295e-5
100916,2651,2268,2501,2.5735289549286254e-5,2.138880409651051e-5,2.0723694445573435e-5
100897,27798,37951,42269,2.698564990158654e-4,3.5790410241034847e-4,3.5024783707314814e-4
100896,3085,2872,3682,2.994846030160245e-5,2.7084940637203786e-5,3.0509653318113308e-5
100879,15150,7316,5984,1.4707266566265062e-4,6.899492538362914e-5,4.9584401264418806e-5
100877,444,977,715,4.310248419420256e-6,9.21378377526048e-6,5.924606768726512e-6
100876,61114,53289,61176,5.932804547397511e-4,5.025520200612648e-4,5.06914326830228e-4
100865,3676064,2723679,2910798,0.03568637172452185,0.025686171319567744,0.024119347598874956
100343,532,413,460,5.164531889935982e-6,3.89487482004358e-6,3.8116351239359376e-6
100017,6732,6146,7272,6.535268549445306e-5,5.7961018508445146e-5,6.025697961143943e-5
97828,197871,119641,857511,0.0019208855067547417,0.001128297138849477,0.007105476188611804
89252,235,203,411,2.2813251769454056e-6,1.9144299962926073e-6,3.405613121603631e-6
89241,12203,11797,15937,1.1846387716708417e-4,1.1125384564662014e-4,1.3205658471775444e-4
89209,453,558,407,4.397618319813909e-6,5.2623248173954425e-6,3.3724684683520145e-6
88847,12564,6914,15241,1.2196838094954073e-4,6.520378814959156e-5,1.262894150519731e-4
87951,2212,1702,1210,2.147357996341803e-5,1.605103376201979e-5,1.0026257608614096e-5
87822,13166,9260,1628,1.2781245650920513e-4,8.732818603778101e-5,1.3489873873408058e-5
85117,3463,876,3580,3.361799611813591e-5,8.26128412193263e-6,2.9664464660197078e-5
85067,5336,4597,4682,5.180064316672631e-5,4.335288026087249e-5,3.879581663101752e-5
84910,3502368,2675774,2868300,0.03400017147799117,0.0252343941325116,0.023767202230403153
84326,7663,6471,10658,7.439061630184103e-5,6.1025992640440696e-5,8.831392858893309e-5
84216,810,2274,2199,7.863291035428844e-6,2.1445388234331967e-5,1.8221273125076362e-5
84181,22767,17398,24199,2.2101672469581295e-4,1.6407513830294968e-4,2.0051686600896902e-4
84151,3731,2804,2766,3.6219677596524714e-005,2.6443653741893946e-5,2.291952772349305e-5
84116,21988,38638,38514,2.134543744284067e-4,3.643829861909052e-4,3.1913329383319284e-4
84105,2785,13423,5709,2.7036130288480654e-5,1.265881469962348e-4,4.7305706353370145e-5
84063,1755,609,1185,1.7037130576762496e-5,5.743289988877822e-6,9.819103525791491e-6
66305,8042,5045,5250,7.806985988508489e-5,4.75778292182079e-5,4.3502357392747115e-5
62639,2212,1702,1218,2.147357996341803e-5,1.605103376201979e-5,1.009254691511733e-5
62566,2737,2347,2904,2.657015748638117e-5,2.2133828577826352e-5,2.4063018260673833e-5
46351,1301396,1234911,1562085,0.012633648765855501,0.011646062370205419,0.012943691418637975
43762,1032,2023,273,1.0018415245138972e-5,1.9078285135467706e-5,2.26212258442285e-6
42357,8351,2139,3163,8.106955979860034e-5,2.0172245133349196e-5,2.6209134558716023e-5
42187,1714,2501,3838,1.663911214163585e-5,2.3586154781910397e-5,3.180229479492636e-5
42007,3956,3610,3434,3.8403925106366056e-5,3.4044789589242915e-5,2.8454684816513063e-5
41805,310,373,534,3.009407680225854e-6,3.5176472345672046e-6,4.424811209090849e-6
41682,5645,4395,4432,5.480034308024176e-5,4.144788095421679e-5,3.672427580279147e-5
37755,563528,390102,423553,0.005470598358781662,0.003678930888737629,0.0035096293296705177
34444,108674,89149,97307,0.0010549818394866594,8.407365504408357e-4,8.063016934887701e-4
34183,1856,1207,1655,1.80176150145135e-5,1.138284239174964e-5,1.3713600282856472e-5
34113,5589,4231,4510,5.425670814445902e-5,3.990124785376365e-5,3.737059654119799e-5
34078,582,522,678,5.6499202254562804e-6,4.9228199904667046e-6,5.6180187261490556e-6
34033,563,300,298,5.465472657958567e-6,2.8292068910728186e-6,2.4692766672454553e-6
34029,2928,1478,2476,2.842434092806871e-5,1.3938559283352086e-5,2.051654036275083e-5
34012,14597,11953,12977,1.417042706717961e-4,1.12725033229978e-4,1.0752954131155796e-4
33993,29831,20148,25023,2.895923887381208e-4,1.900095348044505e-4,2.073446645788021e-4
31601,766,240,303,7.436149300170981e-6,2.263365512858255e-6,2.510707483809976e-6
31362,3626,3144,3921,3.520036209193208e-5,2.965008821844314e-5,3.249004634989741e-5
26868,72950,31019,39992,7.081815815241163e-4,2.9253056184729253e-4,3.3138024320966523e-4
26755,8009,8500,9860,7.774950358364149e-5,8.016086191372986e-5,8.170157026523553e-5
26641,49991,47217,37170,4.8530096561990536e-4,4.4528887258595093e-4,3.0799669034064955e-4
25326,26031,10457,14898,2.5270287523857806e-4,9.861672153316155e-5,1.2344726103564695e-4
22885,14459,6631,9013,1.4036459886576007e-4,6.25349029823462e-5,7.468318993920566e-5
22803,1119,1131,1896,1.0862990948944292e-5,1.0666109979344526e-5,1.5710565641266387e-5
22735,1603,3590,2779,1.5561550036780786e-5,3.385617579650473e-5,2.3027247846560805e-5
21709,43007,37496,8103,4.1750192291443e-4,3.536131386255547e-4,6.714278132446283e-5
21704,18815,16528,17774,1.8265163065628851e-4,1.5587043831883848e-4,1.4727826672355945e-4
20330,1502,1418,1732,1.4581065599029782e-5,1.3372717905137523e-5,1.4351634857950095e-5
20281,1112,999,1502,1.079503658197145e-5,9.421258947272486e-6,1.2445817295982126e-5
18488,1637,195,1013,1.589161410493459e-5,1.8389844791973322e-6,8.393883435971967e-6
18388,2264,1651,1566,2.1978383832359138e-5,1.5570068590537413e-5,1.2976131748007997e-5
18382,1217,901,1102,1.1814352086564077e-5,8.497051362855365e-6,9.131351970820442e-6
18361,11341,8961,9034,1.1009578226271422e-4,8.450840983634509e-5,7.485719936877665e-5
18321,3097,2538,1992,3.006495350212732e-5,2.3935090298476047e-5,1.650603731930519e-5
18318,19326,16117,16182,1.8761229944530599e-4,1.5199442487806873e-4,1.3408669472941595e-4
18305,6607,2270,2716,6.41392146556523e-5,2.1407665475784328e-5,2.250521955784784e-5
18226,10117,6148,10298,9.82134758091773e-5,5.797987988771896e-5,8.533090979628758e-5
18176,5007,3886,3763,4.860678791900274e-5,3.664765992902991e-5,3.118083254645855e-5
18173,109135,92905,46732,0.0010594571199401567,8.761582207170674e-4,3.8722898393863964e-4
18164,1568,1205,1343,1.5221778201916577e-5,1.1363981012475821e-5,1.1128317329230356e-5
18157,2935,1606,2055,2.8492295295041553e-5,1.514568755687649e-5,1.7028065608018157e-5
18023,1034,650,817,1.0037830778559784e-5,6.129948263991107e-6,6.769795426642741e-6
17962,2082,1771,2753,2.021157029106525e-5,1.670175134696654e-5,2.2811807600425295e-5
17948,6477,8495,12691,6.287720498329954e-5,8.011370846554531e-5,1.0515969860406735e-4
17872,3309,2082,3167,3.2123000044733386e-5,1.963469582404536e-5,2.624227921196764e-5
17775,17419,10074,11971,1.6909958832856176e-4,9.500476740222525e-5,9.919366101877632e-5
17710,2735,1787,2729,2.6550741952960355e-5,1.685264238115709e-5,2.2612939680915595e-5
17702,339,324,445,3.2909329148276273e-6,3.055543442358644e-6,3.6873426742423745e-6
17663,2712,1242,2171,2.632746331862102e-5,1.171291652904147e-5,1.7989260552315045e-5
17504,647,609,834,6.28092506163267e-6,5.743289988877822e-6,6.9106602029621126e-6
17480,2253,2087,2230,2.1871598398544672e-5,1.9681849272229907e-5,1.8478144187776392e-5
17471,7327,5012,6213,7.112880668714461e-5,4.726661646018989e-5,5.148193266307387e-5
17425,44415,11242,39163,4.3117045844268164e-4,1.0601981289813542e-4,3.2451101382326766e-4
17350,248,354,278,2.407526144180683e-6,3.338464131465926e-6,2.303553400987371e-6
17349,2256,1386,1655,2.190072169867589e-5,1.3070935836756423e-5,1.3713600282856472e-5
17334,5895,3994,5098,5.7227284757843254e-5,3.7666174409816127e-5,4.2242860569185675e-5
17297,4578,3144,3911,4.444215600023858e-5,2.965008821844314e-5,3.2407184716768374e-5
17289,1167,2184,2351,1.1328963751043779e-5,2.059662616701012e-5,1.9480769948637802e-5
17225,558,448,641,5.416933824406537e-6,4.224948957335409e-6,5.3114306835716e-6
17191,8212,6709,7767,7.972018022585391e-5,6.327049677402514e-5,6.435863045132702e-5
17188,1347,1188,1170,1.3076361758916856e-5,1.1203659288648361e-5,9.694811076097929e-6
17186,5244,5268,5325,5.090752862936896e-5,4.9680873007238696e-5,4.412381964121493e-5
17069,711,565,891,6.902222131098652e-6,5.328339644853808e-6,7.382971511797653e-6
17045,39010,31165,35356,3.7869997937293727e-4,2.939074425342813e-4,2.929655900910413e-4
17011,4940,3828,3818,4.795636754940554e-5,3.6100679930089163e-5,3.1636571528668284e-5
17010,35903,23868,26836,3.4853794820370593e-4,2.2509170025375346e-4,2.2236747866509742e-4
16857,2554,7029,7518,2.4793636178376873e-5,6.628831745783614e-5,6.229537578641387e-5
16852,42437,34541,39894,4.119684958894986e-4,3.257454507484874e-4,3.3056819920500064e-4
16817,1509,2084,2915,1.4649019966002625e-5,1.965355720331918e-5,2.4154166057115777e-5
16810,1024,6263,7223,9.940753111455724e-6,5.906440919596355e-5,5.985095760910712e-5
16794,53048,28588,42873,5.149776084536165e-4,2.696045553399658e-4,3.552526797141423e-4
16793,5506,3761,4550,5.345096350749533e-5,3.546882372441624e-5,3.7702043073714164e-5
16747,19277,22794,24027,1.8713661887649608e-4,2.1496313958371276e-4,1.990916459191495e-4
16688,1417,1004,1293,1.3755905428645274e-5,9.468412395457034e-6,1.0714009163585146e-5
16594,125086,95542,102917,0.0012143057067378425,9.010269492895974e-4,8.527870696741627e-4
16549,4450,1797,1763,4.319956186130661e-5,1.6946949277526184e-5,1.4608505920650125e-5
14835,1611,1282,1378,1.5639212170464036e-5,1.2090144114517845e-5,1.1418333045182004e-5
14816,3018,2184,2973,2.929803993200525e-5,2.059662616701012e-5,2.4634763529264223e-5
14796,6532,4870,5645,6.341113215237187e-5,4.592745853174875e-5,4.6775391901344274e-5
14778,29134,22541,25838,2.8282607534096786e-4,2.125771751055747e-4,2.1409788767881902e-4
14740,1426,748,956,1.3843275329038929e-5,7.054155848408228e-6,7.921572127136427e-6
14739,1054,719,838,1.0231986112767903e-5,6.780665848937855e-6,6.9438048562137294e-6
14729,2070,1193,1781,2.009507709054038e-5,1.1250812736832909e-5,1.4757656860282402e-5
14719,731,768,753,7.096377465306772e-6,7.242769641146415e-6,6.239480974616872e-6
14712,2894,2641,3161,2.8094276859914906e-5,2.4906451331077714e-5,2.6192562232090216e-5
14709,4277,3335,3608,4.152011822040638e-5,3.1451349939092834e-5,2.9896477232958395e-5
14703,14705,13514,19144,1.4275270947651994e-4,1.2744633975319357e-4,1.5863031046223824e-4
14702,4077,4716,4732,3.957856487832518e-5,4.447513232766471e-5,3.921012479666273e-5
14696,9159,7667,5565,8.891343530060838e-5,7.230509744618433e-5,4.611249883631194e-5
14694,10728,7396,8124,1.0414492126923536e-4,6.974938055458189e-5,6.731679075403382e-5
14689,42380,43193,45997,4.1141515318700544e-4,4.073397774870275e-4,3.81138653903655e-4
13146,1455,1210,1183,1.4124800563640701e-5,1.1411134460660369e-5,9.802531199165682e-6
13139,1145,5184,1033,1.1115392883414847e-5,4.8888695077738303e-5,8.559606702230051e-6
10176,7518,668,7272,7.298299012883215e-5,6.2997006774554765e-6,6.025697961143943e-5
6485,10599,8198,9283,1.0289261936359298e-4,7.731279364338323e-5,7.69204540336898e-5
6435,6343,4878,5208,6.157636424410513e-5,4.600290404884403e-5,4.3154338533605134e-5
6422,2429,1944,2560,2.3580165339576128e-5,1.8333260654151866e-5,2.1212578081034782e-5
6404,35903,23868,26836,3.4853794820370593e-4,2.2509170025375346e-4,2.2236747866509742e-4
5837,50398,34994,132788,4.892520266710406e-4,3.300175531540074e-4,0.0011003030539939245
5244,144344,285499,623954,0.001401257878046841,0.0026924524606479956,0.005170184743739835
4983,574,706,1479,5.5722580917730325e-6,6.658066883658033e-6,1.225523553978533e-5
4862,52990,207158,230795,5.144145579844129e-4,0.0019536428038028765,0.0019124050618017276
4852,28533,12784,6885,2.7699170754801386e-4,1.2056193631824971e-4,5.70502344093455e-5
4850,7412,4417,6280,7.195396685752913e-5,4.16553561262288e-5,5.203710560503845e-5
4849,17554,10884,11932,1.7041013683446657e-4,1.0264362600812186e-4,9.887050064957306e-5
4801,14819,13114,14963,1.4385939488150622e-4,1.236740638984298e-4,1.2398586165098574e-4
4795,3318,9116,9900,3.221036994512704e-5,8.597016673006605e-5,8.20330167977517e-5
4766,149644,140855,185651,0.0014527090416119924,0.001328359788806873,0.00153833450520398
4755,2999,3099,3475,2.9113592364507534e-5,2.9225707184782216e-5,2.8794417512342135e-5
4744,68186,41890,48833,6.619337809157422e-4,3.9505158889013457e-4,4.046382130590514e-4
4735,27945,22037,25451,2.712835407222951e-4,2.0782410752857234e-4,2.108911424767251e-4
4732,4823,4198,3760,4.682055884428804e-5,3.9590035095745644e-5,3.115597405651984e-5
4729,820,734,844,7.960368702532904e-6,6.922126193491497e-6,6.993521836091155e-6
4723,418,539,847,4.0578464849497e-6,5.083141714294164e-6,7.018380326029868e-6
4721,552,736,801,5.358687224144101e-6,6.940987572765315e-6,6.637216813636274e-6
4716,14559,11588,13177,1.4133537553680066e-4,1.0928283151250608e-4,1.091867739741388e-4
4713,32533,25571,26678,3.1582277438963775e-4,2.4115216470541016e-4,2.2105826486165856e-4
4709,2569,2223,1742,2.4939252679032963e-5,2.0964423062849585e-5,1.4434496491079138e-5
4708,1637,1244,1217,1.589161410493459e-5,1.1731777908315288e-5,1.0084260751804426e-5
4707,228,761,886,2.2133708099725634e-6,7.17675481368805e-6,7.341540695233132e-6
4550,590,309,531,5.7275823591395284e-6,2.9140830978050033e-6,4.399952719152137e-6
4546,6986,4004,3952,6.781845823889618e-5,3.776048130618522e-5,3.274691741259744e-5
4541,53048,37644,42873,5.149776084536165e-4,3.550088806918173e-4,3.552526797141423e-4
3772,15156,9956,11194,1.4713091226291303e-4,9.389194602506994e-5,9.275531212464975e-5
3365,650,1581,1635,6.3100483617638875e-6,1.4909920315953754e-5,1.3547877016598386e-5
3246,3859,3725,4031,3.746227173545668e-5,3.51293188974875e-5,3.340152431431688e-5
3229,7327,5823,6213,7.112880668714461e-5,5.491490575572341e-5,5.148193266307387e-5
3204,1635,3851,4541,1.5872198571513778e-5,3.631758579173808e-5,3.762746760389803e-5
3194,7744,5898,6944,7.517694540538392e-5,5.562220747849161e-5,5.7539118044806846e-5
3182,15482,12617,13578,1.5029564421050539e-4,1.1898701114888584e-4,1.1250952546261339e-4
3178,6994,7143,5774,6.789612037257943e-5,6.736341607644382e-5,4.784430696870892e-5
3175,10999,9127,10574,1.0677572604775537e-4,8.607390431607206e-5,8.761789087064914e-5
3166,2313,1246,1364,2.245406440116903e-5,1.1750639287589106e-5,1.1302326758801345e-5
3161,12242,23868,26836,1.1884248006879002e-4,2.2509170025375346e-4,2.2236747866509742e-4
2821,1827,1364,1525,1.7736089779911727e-5,1.2863460664744415e-5,1.2636399052178924e-5
2394,3935,1915,2974,3.820006200544753e-5,1.8059770654681493e-5,2.4643049692577128e-5
2018,14050,5524,8563,1.36394122281204e-4,5.20951295542875e-5,7.095441644839877e-5
2017,8866,5991,7339,8.606905965445942e-5,5.649926161472419e-5,6.081215255340401e-5
1981,15667,12911,14073,1.520915810519305e-4,1.217596339021372e-4,1.1661117630250097e-4
1970,486649,343849,390894,0.00472427496185236,0.0032427332009616586,0.0032390115220343792
1967,13462,7592,9370,1.306859554554853e-4,7.159779572341613e-5,7.764135024191247e-5
1846,14117,10054,11810,1.3704454265080123e-4,9.481615360948706e-5,9.785958872539874e-5
1771,2214,1198,1350,2.149299549683884e-5,1.1297966185017455e-5,1.1186320472420686e-5
1753,11669,8198,9896,1.1327992974372738e-4,7.731279364338323e-5,8.199987214450008e-5
1746,1127,685,835,1.094065308262754e-5,6.4600224012829355e-6,6.918946366275017e-6
1744,15463,18510,17170,1.5011119664300768e-4,1.7456206517919292e-4,1.4227342408256531e-4
1717,785,410,507,7.6205968676686945e-6,3.866582751132852e-6,4.2010847996424354e-6
1715,6933,6880,6325,6.730394660324466e-5,6.488314470193664e-5,5.240998295411914e-5
1704,4423,7377,11937,4.293745216012565e-5,6.957019745148061e-5,9.891193146613758e-5
1684,6167,4610,4028,5.986779730307368e-5,4.347547922615231e-5,3.337666582437816e-5
892,2588,5800,9478,2.512370024653068e-5,5.4697999894074495e-5,7.853625587970612e-5
592,2018,3417,3937,1.959027322159927e-5,3.2224666489319404e-5,3.2622624962903884e-5
309,3090,2144,2466,2.999699913515448e-5,2.0219398581533742e-5,2.0433678729621787e-5
303,4568,3727,4106,4.434507833313452e-5,3.5148180276761316e-5,3.402298656278469e-5
168,2705,915,4770,2.6259508951648177e-5,8.629081017772096e-6,3.952499900255309e-5
136,4245,1937,1445,4.120946968567339e-5,1.82672458266935e-5,1.1973505987146586e-5
134,8114,7105,10537,7.876881908823413e-5,6.700504987024125e-5,8.731130282807168e-5
68,195086,551283,816764,0.0018938493764662611,0.005198978875104322,0.006767839892100896
