BinBase name,F_SAC_7_007,F_SAC_8_008,F_SAC_9_009,normF_SAC_7_007,normF_SAC_8_008,normF_SAC_9_009
zymosterol,6063,4624,6933,5.986917237964023e-5,4.456648052450584e-5,6.680475230487959e-5
xylose,7932664,6581889,6095668,0.07833119387197202,0.06343677074674724,0.05873641870370413
xylonic acid,2219,1849,2167,2.1911544369193742e-5,1.782080936198341e-5,2.088070074205597e-5
xylitol,43615,38501,44248,4.306768849312236e-4,3.7107570646064e-4,4.263632886176708e-4
vanillic acid,875,809,857,8.640198883751477e-6,7.79720647584888e-6,8.257849808925689e-6
valine,79387,188365,218846,7.839079643250039e-4,0.001815476882352626,0.0021087484239021605
uridine,3277,2999,3409,3.235877913377553e-5,2.8904601014920635e-5,3.2848319718352014e-5
uric acid,1000,1428,1697,9.874513010001686e-6,1.3763177809038567e-5,1.635189162864282e-5
urea,8796,14574,15425,8.685621643597484e-5,1.4046537352165834e-4,1.486316607965913e-4
UDP-glucuronic acid,87687,8014,89017,8.65866422308018e-4,7.723957070142513e-5,8.577468103163805e-4
tyrosol,22457,20209,22254,2.2175193866560787e-4,1.947759526210507e-4,2.1443429363807734e-4
tryptophan,40660,34815,37554,4.014976989866686e-4,3.355497446930516e-4,3.618614839257822e-4
trehalose,1145851,986344,1051479,0.011314720607023442,0.009506462081847576,0.010131803569707555
trans-phytol,5659,8081,11725,5.5879869123599544e-5,7.788532204120495e-5,1.1297933373355158e-4
tocopherol alpha-,530,698,530,5.233491895300894e-6,6.727379629347984e-6,5.106954957678664e-6
threose,2933,2540,2560,2.896194665833495e-5,2.448072243344395e-5,2.4667556021995057e-5
threonine,14265,37274,46027,1.4085992808767406e-4,3.592497826709409e-4,4.4350531290014315e-4
threonic acid,54488,48017,55713,5.380424648889719e-4,4.6279167286877095e-4,5.368373236927385e-4
tartaric acid,3431,3372,3563,3.3879454137315785e-5,3.2499604742351575e-5,3.433222738530015e-5
sucrose,10107,9014,10377,9.980170299208704e-5,8.687765039963141e-5,9.999032376571981e-5
succinic acid,159054,136228,157147,0.0015705807922928082,0.0013129763211272452,0.0015142314164798662
succinate semialdehyde,2623,2478,2593,2.5900847625234425e-5,2.3883161492155164e-5,2.4985536236341086e-5
stigmasterol,101,128,148,9.973258140101703e-7,1.2336742013704037e-006,1.4260930825215892e-6
squalene,2808,2873,4399,2.7727632532084738e-5,2.769020297294664e-5,4.238772614873291e-5
spermidine,479,684,651,4.729891731790808e-6,6.592446513573096e-6,6.2728824102807745e-6
sorbitol,647942,546890,647981,0.006398111708726513,0.0052709694061520325,0.006243792038550148
shikimic acid,19254,17143,18356,1.9012387349457249e-4,1.6522560026635026e-4,1.7687408528896143e-4
serine,13837,91889,136542,1.3663363651939334e-4,8.856335053884769e-4,0.0013156864977950191
salicylic acid,12554,12147,13456,1.2396463632756118e-4,1.1707375409411168e-4,1.2965884134061152e-4
saccharopine,410,379,374,4.048550334100692e-6,3.65283220562018e-6,3.6037757625883403e-6
saccharic acid,7557,6824,7529,7.462169481658274e-5,6.577025586055966e-5,7.25476676912503e-5
ribulose MassBank,39195,33812,36364,3.870315374270161e-4,3.2588275075575075e-4,3.5039492468118293e-4
ribose,247263,215669,241654,0.002441601710392047,0.00207863501043245,0.0023285209308356227
ribonic acid,74580,63619,56651,7.364411802859258e-4,6.131649923201854e-4,5.458756703914226e-4
ribitol,8035,11486,7413,7.934171203536356e-5,1.1070298341359734e-4,7.142991905900366e-5
resveratrol,147,128,157,1.451553412470248e-6,1.2336742013704037e-006,1.5128149591614156e-6
raffinose,476,482,504,4.700268192760803e-6,4.645554414535427e-6,4.856425091830277e-6
quinic acid,282083,249819,276193,0.002785432253400306,0.0024077754321261947,0.002661330586087063
pyrophosphate,549982,360197,439078,0.005430804414266748,0.0034716073930548073,0.004230852016806854
putrescine,122276,112152,121472,0.0012074159528109663,0.0010809299143132308,0.0011704755332436654
propyleneglycol,236898,86354,70401,0.0023392523830433796,8.322867342589051e-4,6.783674263689352e-4
proline,22463,152861,241535,2.218111857436679e-4,0.0014732865007475102,0.0023273742749111625
pipecolinic acid,19957,106228,127155,1.9706565614060367e-4,0.0010238339301810568,0.0012252355804596802
pinitol,7415,6998,7696,7.321951396916251e-5,6.744728172804755e-5,7.415684029112264e-5
phosphate,304628,220797,255999,0.003008053149210794,0.002128059083124852,0.0024667459664354345
phenylethylamine,10066,7841,10262,9.939684795867698e-5,7.557218291363544e-5,9.888221089754425e-5
phenylalanine,46328,41097,50848,4.5746643872735817e-4,3.960961613571835e-4,4.899593314868768e-4
pentono-gamma-lactone,48367,46366,53264,4.776005707547516e-4,4.468792032870324e-4,5.132393374826347e-4
pentitol,4895,3224,6181,4.8335741183958254e-5,3.107316894701705e-5,5.9558657723418536e-5
palmitoleic acid,1411,1837,2242,1.393293785711238e-5,1.7705152405604935e-5,2.160338304738786e-5
oxoproline,449282,408956,468534,0.0044364409541595776,0.003941550521059647,0.004514683083284935
oleic acid,44797,31220,54077,4.4234855930904554e-4,3.0090084817800005e-4,5.210732136724323e-4
oleamide NIST,4600,4939,4370,4.542275984600776e-5,4.760247562944082e-5,4.210828899067125e-5
nicotinic acid MassBank,524622,889619,823942,0.005180386764333105,0.008574218823038573,0.007939310720263536
N-acetylmannosamine,4382,3996,2615,4.327011600982739e-5,3.8513766474032296e-5,2.5197523045905107e-5
N-acetyl-D-galactosamine,2989,3855,4260,2.951491938689504e-5,3.715479723658521e-5,4.104835494285115e-5
myristic acid,11278,9242,11548,1.1136475772679903e-4,8.907513257082244e-5,1.1127380349296833e-4
mucic acid,72359,85617,89082,7.14509886890712e-4,8.25183469521327e-4,8.583731349810015e-4
montanic acid,2480,1793,2422,2.4488792264804183e-5,1.728107689888386e-5,2.3337820580184386e-5
methylmalonic acid,27570,44587,47088,2.722403236857465e-4,4.297330595039234e-4,4.5372885857957156e-4
methionine sulfoxide,9150,9334,10795,9.035179404151543e-5,8.996183590305741e-5,1.040180731474362e-4
methionine,834,5136,6895,8.235343850341407e-6,4.950117732998745e-5,6.643859327017809e-5
melezitose,287,486,425,2.8339852338704843e-6,4.684106733328252e-6,4.095199730214023e-6
mannoheptulose,3411,16549,17489,3.3681963877115755e-5,1.5950058092561572e-4,1.6851987783932484e-4
mannitol,1865381,1580755,1733423,0.018419728953109955,0.015235442673338068,0.016702855063404194
maltose,11631,9603,10677,1.1485046081932962e-4,9.25544793418749e-5,1.0288105298704736e-4
malonic acid,3797,2892,3132,3.749352589897641e-5,2.7873326487212563e-5,3.017921307065958e-5
malic acid,1053566,870299,1007645,0.010403451173895437,0.008388011123269227,0.009709429487415317
maleic acid,4248,2961,3969,4.1946931266487165e-5,2.8538353986388796e-5,3.824434759816343e-5
lyxose,2215961,2138912,390133,0.021881535724156347,0.02061500432344979,0.003759229544347265
lysine,265348,235838,268646,0.0026201822781779277,0.0022730254398655725,0.0025886094746425327
loganin,717,820,747,7.080025828171209e-6,7.90322535252915e-6,7.1979157611055895e-6
linolenic acid,3669,2510,3089,3.622958823369619e-5,2.4191580042497763e-5,2.976487521560263e-5
linoleic acid,23904,15383,22612,2.3604035899108032e-4,1.4826257999750721e-4,2.1788389717552822e-4
lignoceric acid,10623,10929,9486,1.0489695170524791e-4,1.0533457302169644e-4,9.140485797837699e-5
levoglucosan,3755,2924,2784,3.707879635255633e-5,2.8181745037555162e-5,2.6825967173919625e-5
leucrose,4929,4762,4919,4.8671474626298315e-5,4.5896535522858306e-5,4.739832346570066e-5
leucine,192867,274948,374094,0.0019044677006999954,0.0026499707368624202,0.003604681524411023
lauric acid,10139,5048,5176,1.0011768740840711e-4,4.86530263165453e-5,4.9874714831971255e-5
lactic acid,98794,89485,84254,9.755426383101066e-4,8.62463561793989e-4,8.118516660457701e-4
kojic acid,147753,133904,138059,0.0014589889207667793,0.0012905774239086137,0.0013303039518908655
itaconic acid,40939,42419,26950,4.0425268811645907e-4,4.088377027182122e-4,2.596838417159245e-4
isothreonic acid,11737,9638,11262,1.158971591983898e-4,9.289181213131213e-5,1.0851797496863608e-4
isomaltose,3459,3655,3679,3.4155940501595834e-5,3.5227181296943956e-5,3.5449976017546805e-5
isoleucine,87502,123208,145544,8.640396374011676e-4,0.0011874885234565995,0.0014024276459629877
isocitric acid,133365,119737,130097,0.001316914427578875,0.0011540347488241253,0.0012535839983568325
indole-3-propionic acid,37557,33806,39485,3.7085708511663335e-4,3.258249222775615e-4,3.8046814434706047e-4
homoserine,14818,23030,31527,1.46320533782205e-4,2.2196497544969064e-4,3.037867338693118e-4
histidine,18755,19665,23288,1.8519649150258163e-4,1.895328372652265e-4,2.2439767368758628e-4
hexadecylglycerol NIST,3071,3288,3315,3.032462945371518e-5,3.169000604770225e-5,3.194255789566938e-5
heptadecanoic acid,10561,7070,11569,1.0428473189862781e-4,6.81412234663184e-5,1.1147615453846125e-4
guanosine,2480,2235,2403,2.4488792264804183e-5,2.1541108125491036e-5,2.3154741062833642e-5
guanine,5706,5326,5905,5.634397123506962e-5,5.133241247264665e-5,5.689918683979719e-5
glycolic acid,38972,26802,27450,3.848295210257857e-4,2.583198120713247e-4,2.645017237514704e-4
glycine,28256,29359,2922,2.790142396106077e-4,2.8296438185963817e-4,2.8155702615730297e-5
glycerol-alpha-phosphate,6276,4609,4559,6.197244365077059e-5,4.442190932903275e-5,4.3929448400107605e-5
glycerol-3-galactoside,103033,91804,104201,0.001017400698959504,8.848142686141294e-4,0.0010040562519718387
glycerol,2942866,2616743,185007,0.029059368603691623,0.025220377583723395,0.0017826838035004842
glyceric acid,130261,95247,124522,0.0012862639391958298,9.179981770150536e-4,0.0011998646136604956
glutaric acid,1686,1128,1931,1.6648428934862845e-5,1.0871753899576684e-5,1.8606660421278304e-5
glutamine,5308,5296,5836,5.2413915057088954e-5,5.104327008170046e-5,5.623431911889186e-5
glutamic acid,23187,37894,62040,2.289603331629091e-4,3.652253920838288e-4,5.978028029705365e-4
glucose,4677259,2047855,2173237,0.04618565484664748,0.01973738970037022,0.020940799002567373
gluconic acid lactone,2280365,5575680,5644554,0.022517493860052498,0.05373884821169479,0.05438959063053762
gluconic acid,952113,670938,834566,0.009401652205491736,0.006466553916555125,0.008041681077754815
glucoheptulose,36110,1826,3348,3.565686647911609e-4,1.7599133528924668e-5,3.226053811001541e-5
galacturonic acid,3581095,3375526,3677790,0.03536156916755199,0.03253358861136745,0.03543831674302078
galactonic acid,767265,560683,675614,0.007576368224618944,0.005403907439429392,0.006510057107126628
galactinol,18928,15704,16881,1.8690478225331193e-4,1.5135640358063143e-4,1.62661333284101e-4
fumaric acid,2073,1892,1949,2.0469865469733498e-5,1.823524678900628e-5,1.8780104174557957e-5
fucose,162913,127771,185388,0.0016086865379984047,0.0012314670811195145,0.0017863550296115702
fructose,6600195,7534864,7187253,0.06517371139604808,0.07262161974714536,0.06925467422724689
flavin adenine,41505,32328,42746,4.0984166248012e-4,3.1157984048361265e-4,4.1189037098289093e-4
ethanolamine,244784,320040,356764,0.0024171227926402528,0.003084571026613938,0.003437693733059002
ethanol phosphate NIST,1227,976,1000,1.211602746327207e-5,9.406765785449329e-6,9.635764071091819e-6
erythrose major,3386,2757,2838,3.3435101051865715e-5,2.6572185727954713e-5,2.7346298433758583e-5
erythronic acid lactone,8562,7830,8787,8.454558039163445e-5,7.546616403695517e-5,8.466945889268382e-5
erythritol,44060,39149,8884,4.350710432206743e-4,3.7732118210507767e-4,8.560412800757972e-5
dihydroxyacetone,68244,53750,55139,6.738762658545551e-4,5.180467837785876e-4,5.313063951159318e-4
digitoxose,29656,20667,23309,2.9283855782461003e-4,1.991901931228292e-4,2.2460002473307923e-4
digalacturonic acid,82594,82316,99281,8.155755275480794e-4,7.933681684375481e-4,9.56648292742067e-4
dehydroascorbic acid,48685,58331,64102,4.8074066589193215e-4,5.621988268760705e-4,6.176717484851278e-4
dehydroabietic acid,4110,3565,4187,4.058424847110693e-5,3.435975412410539e-5,4.0344944165661444e-5
conduritol-beta-epoxide,67219,64143,85820,6.637548900193034e-4,6.182153460820454e-4,8.269412725810999e-4
citric acid,1281448,2934799,5540025,0.012653674947640641,0.028285826660216094,0.05338237384795046
citramalic acid,10525,9644,10678,1.0392924943026775e-4,9.294964060950137e-5,1.0289068875111845e-4
cis-p-coumaric acid HMDB,4020,4772,3205,3.969554230020678e-5,4.599291631984037e-5,3.088262384784928e-5
cinnamic acid,11311,11686,12814,1.1169061665612908e-4,1.1263059935323859e-4,1.2347268080697057e-4
chlorogenic acid,231,276,173,2.2810125053103895e-6,2.6601099967049334e-6,1.6669871842988847e-6
cerotinic acid,882,755,555,8.709320474821487e-6,7.276750172145742e-6,5.3478490594559596e-006
cellobiose,32505,34586,38346,3.2097104539010484e-4,3.333426244421624e-4,3.694930090700869e-4
catechin,43978,40367,42602,4.342613331538542e-4,3.890603631774929e-4,4.105028209566537e-4
caproic acid HMDB,7834,9091,10224,7.735693492035322e-5,8.76197825363933e-5,9.851605186284276e-5
campesterol HMDB,988,1063,1216,9.756018853881666e-6,1.0245278719193276e-5,1.1717089110447652e-5
beta-sitosterol,33689,32466,45095,3.326624687939468e-4,3.129098954819651e-4,4.345247807858856e-4
beta-mannosylglycerate,16974,15903,18017,1.6760998383176864e-4,1.5327438144057448e-4,1.736075612688613e-4
beta-gentiobiose,4354,4492,5741,4.2993629645547344e-5,4.329425400434261e-5,5.5318921532138136e-5
beta-alanine,6613,5296,5912,6.530015453514115e-5,5.104327008170046e-5,5.6966637188294834e-5
benzoic acid,33691,28725,23148,3.326822178199668e-4,2.768538393309754e-4,2.2304866671763344e-4
aspartic acid,83152,141484,177029,8.210855058076602e-4,0.0013636340680210173,0.0017058096777413138
asparagine,98474,115171,130502,9.723827941469062e-4,0.0011100272769221154,0.0012574864828056246
arbutin,1041,939,931,1.0279368043411756e-5,9.050156836615697e-6,8.970896350186483e-6
arachidic acid,22682,20858,28745,2.2397370409285827e-4,2.010310663451866e-4,2.7698003822353433e-4
arabitol,501374,332963,392539,0.004950824085876586,0.003209123930553858,0.0037824131927023117
alpha-ketoglutarate,26193,24410,26678,2.586431192709742e-4,2.352655254332153e-4,2.5706291388858754e-4
alanine,318168,573020,622657,0.003141754055366217,0.005522812428666163,0.005999775949213819
adipic acid,10599,11535,11025,1.0465996339300788e-4,1.1117524931880945e-4,1.0623429888378731e-4
adenosine,2767,1452,2733,2.732277749867467e-5,1.399449172179552e-5,2.6334543206293944e-5
adenine,48935,49066,57898,4.8320929414443257e-4,4.7290201847218936e-4,5.578914681880742e-4
aconitic acid,20314,14158,18020,2.0059085728517428e-4,1.3645593236720453e-4,1.7363646856107459e-4
6-deoxyhexitol NIST,6846,5915,288,6.760091606647154e-5,5.700924141489015e-5,2.775100052474444e-6
6-deoxyglucose,726591,619551,707140,0.007174732282450136,0.0059712819151033995,0.006813834205231869
6-deoxyglucitol,50953,4646,9335,5.03136061398616e-4,4.4778518277866374e-5,8.994985760364213e-5
5-methyluridine NIST,153,191,186,1.5108004905302582e-6,1.8408732223573995e-6,1.7922521172230784e-6
5-hydroxynorvaline NIST,2030,4636,5340,2.0045261410303423e-5,4.468213748088431e-5,5.145498013963032e-5
5-Hydroxymethyl-2-furancarboxaldehyde HMDB,58952,54246,56637,5.821222909656195e-4,5.228272713088979e-4,5.457407696944274e-4
5'-deoxy-5'-methylthioadenosine,2287,2262,2487,2.2583011253873857e-5,2.1801336277342605e-5,2.3964145244805356e-5
4-hydroxymandelic acid,1078,766,1180,1.0644725024781819e-5,7.382769048826011e-6,1.1370201603888346e-5
4-hydroxybutyric acid,3036,2487,3069,2.9979021498365122e-5,2.396990420943902e-5,2.9572159934180795e-5
4-hydroxybenzoic acid,45209,46712,47211,4.4641685866916625e-4,4.5021397886261177e-4,4.549140575603159e-4
4-aminobutyric acid,80316,65669,75213,7.930813869112955e-4,6.329230557015082e-4,7.24734723079029e-4
3-phenyllactic acid,3900,3596,4073,3.851060073900658e-5,3.465853459474978e-5,3.924646706155698e-5
3-hydroxybutyric acid,133668,107951,23957,0.0013199064050209055,0.001040440341501066,2.3084399985114673e-4
3-hydroxy-3-methylglutaric acid,1903,2513,2545,1.879119825803321e-5,2.4220494281592383e-5,2.452301956092868e-5
3-dehydroshikimic acid,1617,1400,1659,1.5967087537172726e-5,1.3493311577488791e-5,1.5985732593941328e-5
"3,6-anhydro-D-galactose",227837,188526,220855,0.0022497794206597544,0.0018170286131840372,0.002128106673920984
"3,4-dihydroxycinnamic acid",5809,6153,8061,5.73610460750998e-5,5.930310438306324e-5,7.767389417707116e-5
"3,4-dihydroxybenzoic acid",67127,49591,66607,6.628464348223832e-4,4.7796201031374765e-4,6.418093374832128e-4
3-(4-hydroxyphenyl)propionic acid,2495,2333,2446,2.463690995995421e-5,2.2485639935915252e-5,2.356907891789059e-5
2-monoolein,26092,24808,27114,2.57645793456964e-4,2.3910148115310138e-4,2.612641070235836e-4
2-isopropylmalic acid,15707,12714,14956,1.550989758480965e-4,1.2253854528299465e-4,1.4411248744724926e-4
2-hydroxyglutaric acid,8599,8917,1762,8.49109373730045e-5,8.59427566689054e-5,1.6978216293263786e-5
2-deoxytetronic acid,3437,3078,3190,3.3938701215375796e-5,2.966600931107893e-5,3.0738087386782905e-5
2-deoxyerythritol,73913,38334,46968,7.298548801082547e-4,3.6946614715103955e-4,4.5257256689104056e-4
"2,3-dihydroxypyridine",2098,2059,1598,2.0716728294983538e-5,1.984480609860673e-5,1.5397950985604726e-5
"2,3-dihydroxybutanoic acid NIST",1048,979,1351,1.0348489634481768e-5,9.435680024543949e-6,1.3017917260045048e-5
1-monostearin,4793,6440,2909,4.7328540856938085e-5,6.206923325644845e-5,2.8030437682806103e-5
1-monopalmitin,1230,1734,1348,1.2145651002302075e-5,1.6712430196689688e-5,1.2989009967831772e-5
1-methylinosine NIST,2973,2056,2696,2.9356927178735015e-5,1.981589185951211e-5,2.5978019935663544e-5
1-methyladenosine,8054,6842,7810,7.952932778255359e-5,6.594374129512736e-5,7.525531739522711e-5
1-kestose,476,482,504,4.700268192760803e-6,4.645554414535427e-6,4.856425091830277e-6
1-deoxyerythritol,50999,45143,49582,5.03590288997076e-4,4.350918318161261e-4,4.777604541728746e-4
519282,5215,3584,5966,5.14955853471588e-5,3.454287763837131e-5,5.748696844813379e-5
519270,9097,9153,9312,8.982844485198535e-5,8.821734347768209e-5,8.972823503000702e-5
519264,14711,1582,5017,1.4526396089013482e-4,1.5247442082562335e-5,4.834262834466766e-5
519261,19085,16184,19543,1.884550807958822e-4,1.5598268183577045e-4,1.8831173724134743e-4
519249,12782,12790,12083,1.2621602529384155e-4,1.2327103934005833e-4,1.1642893727100246e-4
519244,93074,87740,90663,9.19060423892897e-4,8.45645112720619e-4,8.736072779773976e-4
513995,24259,15839,25460,2.3954581110963093e-4,1.5265754433988927e-4,2.453265532499977e-4
513551,369,164,312,3.6436953006906226e-6,1.58064507050583e-6,3.0063583901806477e-6
511927,166,207,343,1.63916915966028e-6,1.9950824975287e-6,3.305067076384494e-6
509528,65912,61530,85270,6.508489015152312e-4,5.930310438306324e-4,8.216416023419994e-4
486482,1199,1311,1458,1.1839541098992022e-5,1.2635522484348433e-5,1.4048944015651872e-5
486432,2154,2753,3439,2.1269701023543633e-5,2.653363340916189e-5,3.3137392640484766e-5
480022,1414,4642,1856,1.3962561396142385e-5,4.473996595907355e-5,1.7883978115946417e-5
475884,1065,555,989,1.0516356355651797e-5,5.349134232504486e-6,9.529770666309809e-6
475793,13729,10283,13705,1.3556718911431317e-4,9.910837353665518e-5,1.3205814659431338e-4
474908,3116,3581,2529,3.076898253916526e-5,3.451396339927669e-5,2.436884733579121e-5
474901,17011,18741,22059,1.679753408131387e-4,1.806272516240839e-4,2.1255531964421443e-4
472871,258141,232205,264686,0.0025490166629148453,0.0022380102963219894,0.0025504518489210095
425117,4025,4364,4637,3.974491486525679e-5,4.206057980297221e-5,4.468103799765277e-5
418204,29201,42241,48713,2.8834565440505924e-4,4.071221245319315e-4,4.693869751950958e-4
417918,3091,753,709,3.052211971391522e-5,7.257474012749329e-6,6.8317567264041e-6
414322,503,360,456,4.966880044030849e-6,3.469708691354261e-6,4.39390841641787e-6
408463,286254,263784,127480,0.002826618847165023,0.0025423712151116454,0.001228367203782785
408457,2220,1339,1810,2.1921418882203743e-5,1.2905388715898209e-5,1.7440732968676194e-5
406896,5679,8724,11727,5.607735938379958e-5,8.408260728715158e-5,1.1299860526169377e-4
404202,5895,4082,2640,5.821025419395994e-5,3.9342641328078036e-5,2.5438417147682404e-5
403831,3220,3995,3981,3.1795931892205434e-5,3.850412839433409e-5,3.8359976767016536e-5
403585,4615,4039,4095,4.557087754115779e-5,3.892820390105516e-5,3.9458453871121e-5
403523,6016,5029,5618,5.9405070268170146e-5,4.8469902802279386e-5,5.4133722551393844e-5
402069,5490,3854,1808,5.421107642490926e-5,3.7145159156887e-5,1.742146144053401e-5
401267,48592,65304,31937,4.7982233618200197e-4,6.29405156611663e-4,3.077373971384594e-4
401125,882,1027,827,8.709320474821487e-6,9.89830785005785e-6,7.968776886792935e-6
401121,1421,1438,1708,1.4031682987212398e-5,1.385955860602063e-5,1.6457885033424828e-005
399830,3209,2559,3583,3.168731224909541e-5,2.466384594770987e-5,3.452494266672199e-5
395982,9582,10105,8938,9.461758366183617e-5,9.739279535037446e-5,8.612445926741868e-5
395904,7291,3204,3193,7.19950743559223e-5,3.088040735305292e-5,3.076699467899618e-5
393358,10739,6880,8993,1.0604239521440811e-4,6.63099883236592e-5,8.665442629132873e-5
391872,3400,3358,2998,3.357334423400573e-5,3.236467162657669e-5,2.8888020685133275e-5
391843,952,871,995,9.400536385521606e-6,8.39476741713767e-6,9.58758525073636e-6
391842,6600,5350,5248,6.517178586601113e-5,5.1563726385403596e-5,5.0568489845089866e-5
390218,37201,36671,43792,3.6734175848507274e-4,3.534380206129225e-4,4.21969380201253e-4
390208,41493,10872,8491,4.09723168324e-4,1.0478520247889867e-4,8.181727272764063e-5
390198,790,583,559,7.800865277901333e-6,5.619000464054262e-6,5.386392115740327e-6
390194,3243,1543,1753,3.202304569143547e-5,1.487155697433229e-5,1.689149441662396e-5
390185,2955,597,503,2.9179185944554984e-5,5.7539335798291496e-6,4.846789327759185e-6
390140,253850,224811,264571,0.002506645127588928,0.002166746335033452,0.0025493437360528336
390135,2236,3562,4132,2.2079411090363773e-5,3.433083988501077e-5,3.98149771417514e-5
390126,24122,23756,22186,2.3819300282726068e-4,2.2896222131058838e-4,2.137790616812431e-4
390122,201224,15164,129476,0.0019869890059245796,1.4615184054360004e-4,0.0012476001888686843
390121,14661116,26297938,25427388,0.14477138068314388,0.2534616223424875,0.24501231171211127
389994,160364,0,0,0.0015835164043359105,0,0
389988,12750,12514,13321,1.259000408775215e-4,1.2061092934335338e-4,1.2835801319101414e-4
387768,251,571,595,2.4785027655104236e-6,5.503343507675786e-6,5.733279622299633e-6
386842,132,147,120,1.3034357173202227e-6,1.4167977156363231e-6,1.1562916885310183e-6
386187,471,401,330,4.650895627710795e-6,3.864869958980718e-6,3.1798021434603004e-6
385941,38981,30830,33063,3.849183916428758e-4,2.9714199709569963e-4,3.185872674825088e-4
384976,7198,6265,6643,7.107674464599215e-5,6.038256930926234e-5,6.401038072426295e-5
384941,7936,6412,8452,7.836413524737338e-5,6.179936702489867e-5,8.144147792886805e-5
384919,397,435,416,3.92018166497067e-6,4.192564668719732e-6,4.008477853574197e-6
384908,389,3101,3444,3.841185560890656e-6,2.9887685144137673e-5,3.3185571460840225e-5
384907,438,454,429,4.325036698380739e-6,4.375688182985652e-6,4.133742786498391e-6
384906,39452,26770,36814,3.8956928727058653e-4,2.580113935209821e-4,3.5473101851317423e-4
384897,765,571,637,7.55400245265129e-6,5.503343507675786e-6,6.137981713285489e-6
384838,1753,1031,1655,1.7310021306532956e-5,9.936860168850675e-6,1.594718953765696e-5
382960,50443,44374,53927,4.981000597635151e-4,4.2768014852820547e-4,5.196278490617685e-4
382944,789,264,431,7.79099076489133e-6,2.5444530403264578e-6,4.1530143146405745e-6
382905,4249,3054,4077,4.1956805779497165e-5,2.943469539832198e-5,3.9285010117841346e-5
382601,5706,5326,5979,5.634397123506962e-5,5.133241247264665e-5,5.7612233381057986e-5
381214,5621,5745,5248,5.550463762921948e-5,5.537076786619508e-5,5.0568489845089866e-5
380761,1050,901,814,1.0368238660501771e-5,8.683909808083858e-6,7.84351195386874e-6
380017,87687,74830,16342,8.65866422308018e-4,7.21217503816776e-4,1.574676564497825e-4
379842,2684,2416,2782,2.6503192918844528e-5,2.3285600550866372e-5,2.6806695645777443e-5
379014,2312,2315,2333,2.28298740791239e-5,2.231215450134754e-5,2.2480237577857213e-5
378986,4529,4408,4420,4.472166942229764e-5,4.2484655309693284e-5,4.259007719422584e-5
378843,721,426,609,7.1195238802112166e-6,4.105821951435875e-6,5.868180319294918e-6
378828,64558,45776,59273,6.374788108996889e-4,4.411927362650907e-4,5.711406437858254e-4
378287,35708,27385,28723,3.5259911056114026e-4,2.63938812535379e-4,2.7676805141397035e-4
377751,2455,1126,758,2.424192943955414e-5,1.0852477740180271e-5,7.303909165887599e-6
377697,18210,20891,19979,1.798148819121307e-4,2.0134912297522739e-4,1.9251293037634345e-4
377474,6825,4526,10222,6.739355129326151e-5,4.362194871408163e-5,9.849678033470058e-5
377073,2380,2468,2532,2.3501340963804016e-5,2.37867806951731e-5,2.4397754628004487e-5
372460,904,722,941,8.926559761041525e-6,6.958693542104934e-6,9.067253990897402e-6
372445,2546,2959,3454,2.5140510123464293e-5,2.851907782699238e-5,3.328192910155114e-5
371546,34528,43717,51857,3.4094718520933824e-4,4.2134793016648396e-4,4.996818174346085e-4
371280,11426,9090,11427,1.1282618565227927e-4,8.761014445669508e-5,1.1010787604036622e-4
371262,901,817,1249,8.89693622201152e-6,7.87431111343453e-6,1.2035069324793682e-5
370223,10250,9491,12570,1.0121375835251729e-4,9.147501441567581e-5,1.2112155437362416e-4
370160,7462,5967,6420,7.368361608063259e-5,5.7510421559196876e-5,6.186160533640948e-5
362287,5017,3607,4588,4.9540431771178466e-5,3.476455347143005e-5,4.420888555816927e-5
362282,1072,1323,1491,1.0585477946721808e-5,1.275117944072691e-5,1.4366924229997902e-5
362184,938,605,923,9.262293203381583e-6,5.8310382174147994e-6,8.89381023761775e-6
362181,31576,30449,32060,3.1179762280381324e-4,2.9346988873068305e-4,3.0892259611920374e-4
362105,888,818,655,8.768567552881497e-6,7.883949193132738e-6,6.311425466565141e-6
362065,4552,4613,9193,4.494878322152768e-5,4.446046164782557e-5,8.85815791055471e-5
362022,1833,1741,2120,1.809998234733309e-5,1.6779896754577133e-5,2.0427819830714657e-5
360846,2132,1711,459,2.1052461737323595e-5,1.6490754363630945e-5,4.4228157086311455e-6
360154,48042,46633,44367,4.7439135402650105e-4,4.4945257056645344e-4,4.275099445421307e-4
360146,386606,320040,356764,0.0038175459767447123,0.003084571026613938,0.003437693733059002
357409,36216,2745,2821,3.576153631702211e-4,2.645652877157624e-5,2.718249044455002e-5
357337,90496,77610,69734,8.936039293531127e-4,7.480113653777894e-4,6.719403717335169e-4
357024,1685,825,1799,1.663855442185284e-5,7.951415751020181e-6,1.7334739563894182e-5
356925,3860,2676,2536,3.811562021860651e-5,2.5791501272400007e-5,2.4436297684288855e-5
351749,539,402,295,5.3223625123909095e-6,3.8745080386789245e-6,2.8425504009720865e-6
350283,1531,1053,1252,1.5117879418312583e-5,1.0148897922211213e-5,1.2063976617006959e-5
348913,5055,9090,10597,4.991566326555853e-5,8.761014445669508e-5,1.0211019186136001e-4
347748,139,166,151,1.3725573083902346e-6,1.5999212299022425e-6,1.4550003747348647e-6
347663,266,9767,314,2.6266204606604486e-6,9.413512441238074e-5,3.025629918322831e-6
347660,405,372,357,3.999177769050683e-6,3.585365647732736e-6,3.4399677733797795e-6
346561,2847,1860,2060,2.8112738539474803e-5,1.7926828238663682e-5,1.984967398644915e-5
346225,36786,2745,2821,3.6324383558592203e-4,2.645652877157624e-5,2.718249044455002e-5
345140,31151,26210,29882,3.076009547745625e-4,2.526140688899866e-4,2.8793590197236573e-4
342554,35708,27385,28723,3.5259911056114026e-4,2.63938812535379e-4,2.7676805141397035e-4
341252,1236,1198,1325,1.2204898080362085e-5,1.1546419478451123e-5,1.276738739419666e-5
334782,2657,2437,2772,2.6236581067574483e-5,2.3488000224528705e-5,2.6710338005066522e-5
330511,3420,2863,3405,3.377083449420577e-5,2.759382217596458e-5,3.280977666206764e-5
330432,6507,958,876,6.425345615608098e-5,9.233280350881617e-6,8.440929326276434e-6
330287,11364,10524,12744,1.1221396584565917e-4,1.0143115074392289e-4,1.2279817732199414e-4
330286,7262,7933,4859,7.170871347863225e-5,7.645888624587042e-5,4.682017762143515e-5
329366,12672,10425,13032,1.2512982886274138e-4,1.0047698085380048e-4,1.2557327737446858e-4
329362,909,901,1021,8.975932326091533e-6,8.683909808083858e-6,9.838115116584747e-6
329361,79016,75375,82410,7.802445199982933e-4,0.00072647025725229835,7.940833170986769e-4
327365,13585,12470,13428,1.3414525924087292e-4,1.2018685383663232e-4,1.2938903994662095e-4
324872,3177,810,1179,3.137132783277536e-5,7.806844555547087e-6,1.1360565839817255e-5
324726,462594,308547,358533,0.00456789047134872,0.002973800576642453,0.0034547393997007634
324718,28099,23754,24762,2.774639410680374e-4,2.2894294515119198e-4,2.3860078992837564e-4
320865,6207,6596,7352,6.129110225308047e-5,6.357277368936863e-5,7.084213745066706e-5
318789,5721,5465,5292,5.649208893021965e-5,5.267210555069732e-5,5.0992463464217907e-5
253506,4875,3204,3193,4.8138250923758224e-5,3.088040735305292e-5,3.076699467899618e-5
250808,3617,3631,1867,3.57161135571761e-5,3.4995867384187004e-5,1.7989971520728425e-5
250761,8167,7032,7854,8.064514775268377e-5,6.777497643778656e-5,7.567929101435514e-5
232333,1621,1391,1645,1.6006585589212736e-5,1.3406568860204935e-5,1.5850831896946043e-5
232329,911,1202,1377,8.995681352111538e-6,1.1584971797243948e-5,1.3268447125893435e-5
232320,6383,5886,7271,6.302901654284077e-5,5.6729737103642167e-5,7.006164056090862e-5
230854,13974,17338,18314,1.3798644480176358e-4,1.6710502580750047e-4,1.7646938319797558e-4
228439,1142,1220,1356,1.1276693857421926e-5,1.1758457231811662e-5,1.3066096080400507e-5
228300,4057,4322,8703,4.0060899281576844e-5,4.1655780455647544e-5,8.38600547107121e-5
228290,4815,4423,5015,4.754578014315812e-5,4.262922650516638e-5,4.8323356816525475e-5
227260,1090,1016,886,1.0763219180901839e-5,9.792288973377581e-6,8.537286966987352e-6
223095,5341,4192,4940,5.273977398641901e-5,4.040283009488073e-5,4.760067451119359e-5
217691,30260,35043,34451,2.9880276368265106e-4,3.377472268642427e-4,3.3196170801318424e-4
214730,1080,962,947,1.0664474050801822e-5,9.271832669674442e-6,9.125068575323952e-6
213020,6789,7259,6420,6.703806882490146e-5,6.996282052927939e-5,6.186160533640948e-5
213019,498,363,514,4.91750747898084e-6,3.49862293044888e-6,4.9527827325411955e-6
210804,20055,16786,17121,1.9803335841558383e-4,1.617848058140906e-4,1.6497391666116305e-4
210803,4557,4197,3284,4.499815578657769e-5,4.045102049337176e-5,3.164384920946553e-5
210797,2165,2025,2354,2.1378320666653652e-5,1.9517111388867717e-5,2.2682588623350142e-5
210790,10994,19222,12331,1.0856039603195855e-4,1.8526316795892112e-4,1.1881860676063322e-4
210694,5036821,4687953,4957166,0.049736154493549706,0.04518286463544523,0.04776608203723795
210345,5435,5105,5477,5.366797820935917e-5,4.920239685934306e-5,5.277507981736989e-5
210305,8669,11362,2816,8.560215328370463e-5,1.0950786153101975e-4,2.7134311624194563e-5
210297,20678,19332,23116,2.041851800208149e-4,1.8632335672572381e-4,2.227403222673585e-4
210289,3400,3358,2686,3.357334423400573e-5,3.236467162657669e-5,2.5881662294952626e-5
210283,19254,17143,18356,1.9012387349457249e-4,1.6522560026635026e-4,1.7687408528896143e-4
210272,16712,16249,18309,1.650228614231482e-4,1.5660915701615384e-4,1.7642120437762012e-4
210267,616,337,405,6.082700014161039e-6,3.2480328582955163e-6,3.9024844487921865e-6
210261,1255,1061,1206,1.2392513827552117e-5,1.0226002559796864e-5,1.1620731469736734e-5
209679,23870,27400,29421,2.3570462554874027e-4,2.640833837308521e-4,2.834938147355924e-4
208616,23209,30502,34936,2.2917757244912915e-4,2.9398070695468793e-4,3.366350535876638e-4
208244,2367,1836,2652,2.3372972294673992e-5,1.769551432590673e-5,2.5554046316535506e-5
205795,867,6326,5286,8.561202779671462e-6,6.097049217085293e-5,5.093464887979136e-5
204855,18038,2281,5113,1.7811646567441044e-4,2.1984459791608526e-5,4.9267661695492474e-5
204582,7112,6430,7021,7.0227536527132e-5,6.197285245946639e-5,6.765269954313567e-5
203815,5265,5299,5697,5.198931099765888e-5,5.107218432079508e-5,5.4894947913010096e-5
196521,3647,3034,3506,3.601234894747615e-5,2.9241933804357854e-5,3.378298883324792e-5
196436,481,624,651,4.749640757810811e-6,6.014161731680719e-6,6.2728824102807745e-6
196278,626,749,927,6.181445144261056e-6,7.218921693956504e-6,8.932353293902117e-6
190001,182,209,180,1.797161367820307e-6,2.0143586569251125e-6,1.7344375327965274e-6
189936,20710,28493,33377,2.0450116443713494e-4,2.7461780484099155e-4,3.2161289740083163e-4
189286,1647,2137,1636,1.6263322927472777e-5,2.059657631506682e-5,1.5764110020306217e-5
188945,357,1487,1842,3.525201144570602e-6,1.4331824511232739e-5,1.774907741895113e-5
187301,6582,8956,9401,6.49940446318311e-5,8.631864177713545e-5,9.05858180323342e-5
187055,1763,1613,688,1.7408766436632974e-5,1.554622255320673e-5,6.629405680911172e-6
171968,16905,14807,15665,1.669286424340785e-4,1.427110460913404e-4,1.5094424417365335e-4
171596,131,118,58,1.293561204310221e-6,1.137293404388341e-6,5.588743161233255e-7
171564,1483041,1254077,1429445,0.014644307648865911,0.012086894073687437,0.013773794772601846
171297,125491,123903,118650,0.0012391625121381217,0.0011941869888468528,0.0011432834070350443
170725,13258,11711,13681,1.3091629348660236e-4,1.1287155134569375e-4,1.318268882566072e-4
168874,17292,19318,20171,1.7075007896894917e-4,1.8618842360994893e-4,1.943629970779931e-4
168871,392,302,398,3.870809099920662e-6,2.9107000688582965e-6,3.835034100294544e-6
168860,3573,2023,2974,3.5281634984736026e-5,1.9497835229471306e-5,2.865676234742707e-5
168835,1352,1331,1395,1.335034158952228e-5,1.2828284078312558e-5,1.3441890879173087e-5
168800,14085,10310,14711,1.3908251574587375e-4,9.936860168850675e-5,1.4175172524983175e-4
168759,8448,5468,10629,8.341988590849425e-5,5.270101978979194e-5,1.0241853631163495e-4
167348,457714,447773,352227,0.004519702847859912,0.004315671860704921,0.0033939762714684583
163872,11899,10793,11441,1.1749683030601008e-4,1.0402379418274038e-4,1.102427767373615e-4
161846,110140,105842,137476,0.0010875788629215858,0.0010201136314175491,0.001324686301437419
160822,8615,6352,2984,8.506892958116453e-5,6.122108224300628e-5,2.875311998813799e-5
160463,3417738,642105,817707,0.033748498345777145,0.006188659164616744,0.007879231731280278
146868,251,301,287,2.4785027655104236e-6,2.90106198916009e-6,2.765464288403352e-6
146430,31294,25394,27509,3.090130101349928e-4,2.447493958562503e-4,2.6507023383166487e-4
146262,763,659,689,7.534253426631287e-6,6.351494521117938e-6,6.639041444982264e-6
138111,3213,3288,3064,3.172681030113542e-5,3.169000604770225e-5,2.9523981113825333e-5
136141,29520,30024,33862,2.914956240552498e-4,2.8937370485894535e-4,3.2628624297531116e-4
135888,21279,10351,15943,2.101197623398259e-4,9.976376295613321e-5,1.5362298658541686e-4
135773,1720,1905,2150,1.6984162377202903e-5,1.8360541825082963e-5,2.0716892752847413e-5
135765,1332,994,1433,1.3152851329322248e-5,9.580251220017043e-6,1.3808049913874577e-5
135618,5786,12745,13475,5.713393227586976e-5,1.2283732575363903e-4,1.2984192085796226e-4
135617,5470,6892,5039,5.4013586164709225e-5,6.642564528003768e-5,4.855461515423168e-5
135613,3911,4305,4264,3.86192203821166e-5,4.1491933100778034e-5,4.108689799913552e-5
135609,423808,733020,670551,0.004184897609742795,0.007064905180379167,0.006461271233634691
135193,1299,1180,1130,1.2826992399992191e-5,1.137293404388341e-5,1.0888413400333756e-5
135163,1215,495,538,1.199753330715205e-5,4.770849450612109e-6,5.184041070247399e-6
135128,1673,2134,4053,1.652006026573282e-5,2.0567662075972203e-5,3.905375178013515e-5
134941,5022,5408,6473,4.958980433622847e-5,5.212273500789956e-5,6.237230083217734e-5
134750,1751,1626,1555,1.7290272280512954e-5,1.567151758928341e-5,1.498361313054778e-5
134464,10739,9115,10877,1.0604239521440811e-4,8.785109644915024e-5,1.0480820580126572e-4
134365,4088,1596,2164,4.0367009184886895e-5,1.5382375198337222e-5,2.0851793449842698e-5
134132,1283,1219,3277,1.2669000191832165e-5,1.1748819152113455e-5,3.157639886096789e-5
133780,576,1189,1645,5.687719493760972e-6,1.1459676761167267e-5,1.5850831896946043e-5
133675,3070,3099,3267,3.031475494070518e-5,2.9868408984741262e-5,3.1480041220256975e-5
133610,1249,1620,2092,1.2333266749492107e-5,1.5613689111094174e-5,2.0158018436724087e-5
133584,11306,20121,2620,1.1164124409107907e-4,1.9392780160760857e-4,2.5245701866260565e-5
133018,7284,7924,9206,7.192595276485228e-5,7.637214352858656e-5,8.870684403847129e-5
133012,636,1363,1072,6.280190274361073e-6,1.313670262865516e-5,1.032953908421043e-5
133010,18930,20812,23348,1.8692453127933193e-4,2.005877146790691e-4,2.249758195318518e-4
132978,8527,7676,8043,8.419997243628438e-5,7.39818997634314e-5,7.75004504237915e-5
131663,15790,11909,11727,1.5591856042792665e-4,1.1477989112593859e-4,1.1299860526169377e-4
131662,3753,3590,9470,3.705904732653633e-5,3.460070611656055e-5,9.125068575323953e-5
131597,922,774,810,9.104300995221555e-6,7.4598736864116605e-6,7.804968897584373e-6
131464,35549,31211,34900,3.5102906299254997e-4,3.008141054607162e-4,3.362881660811045e-4
131450,48935,48304,63476,4.8320929414443257e-4,4.6555780174215613e-4,6.116397601766243e-4
131202,1818,1350,1409,1.7951864652183065e-5,1.3011407592578478e-5,1.3576791576168374e-5
131168,8587,7202,8800,8.479244321688448e-5,6.941344998648162e-5,8.479472382560801e-5
131166,8330,5874,8010,8.225469337331405e-5,5.661408014726369e-5,7.718247020944547e-5
130638,842,3379,3277,8.31433995442142e-6,3.256707130023902e-5,3.157639886096789e-5
130597,12725,12143,15351,1.2565317805227148e-4,1.1703520177531886e-4,1.4791861425533052e-4
130558,3976,4226,2823,3.9261063727766705e-5,4.073052480461974e-5,2.7201761972692207e-5
128297,3654,3071,3334,3.6081470538546165e-5,2.9598542753191488e-5,3.212563741302013e-5
128051,8202,9364,10551,8.099075570803384e-5,9.025097829400361e-5,1.0166694671408978e-4
128047,6659,6247,7077,6.575438213360123e-5,6.020908387469463e-5,6.819230233111681e-5
127640,101316,85668,99459,0.001000446160121331,8.256750115859356e-4,9.583634587467212e-4
127380,5036821,4687953,4957166,0.049736154493549706,0.04518286463544523,0.04776608203723795
127358,4621,766,4964,4.563012461921779e-5,7.382769048826011e-6,4.7831932848899794e-5
127344,1072,1689,1270,1.0585477946721808e-5,1.6278716610270407e-5,1.2237420370286611e-5
127277,1104179,64894,60068,0.010903229900870653,6.254535439353983e-4,5.788010762223434e-4
126690,519,765,710,5.124872252190876e-6,7.373130969127804e-6,6.841392490475192e-6
126585,24928,23581,25364,2.4615186031332206e-4,2.272755573634023e-4,2.444015198991729e-4
126582,1584,1049,1502,1.5641228607842673e-5,1.0110345603418388e-5,1.4472917634779913e-5
125960,20708,8353,9358,2.0448141541111494e-4,8.050687971911706e-5,9.017148017727724e-5
125884,615,605,809,6.072825501151038e-6,5.8310382174147994e-6,7.795333133513282e-6
125816,3474,2155,3249,3.430405819674586e-5,2.0770061749634532e-5,3.130659746697732e-5
125811,47977,15736,21775,4.7374951068085094e-4,1.5166482213097403e-4,2.0981876264802437e-4
125810,392,645,358,3.870809099920662e-6,6.2165614053430504e-6,3.4496035374508714e-6
125802,4706,4315,3121,4.646945822506794e-5,4.1588313897760096e-005,3.0073219665877568e-5
125785,2224,1776,2015,2.1960916934243753e-5,1.7117229544014353e-5,1.9416064603250014e-5
125241,365,262,490,3.6041972486506157e-6,2.5251768809300455e-6,4.721524394834991e-6
125070,1707,1245,1756,1.685579370807288e-5,1.1999409224266818e-5,1.6920401708837236e-5
124960,22093,13799,20909,2.1815761592996726e-4,1.3299586175554847e-4,2.0147419096245886e-4
124615,42341,15804,9393,4.1809675535648143e-4,1.5232021155045205e-4,9.050873191976546e-5
124607,507,587,887,5.006378096070855e-6,5.657552782847086e-6,8.546922731058444e-6
124605,1705,1835,3991,1.6836044682052877e-5,1.7685876246208524e-5,3.8456334407727454e-5
124602,551,295,248,5.440856668510929e-6,2.8432335109708526e-6,2.3896694896307714e-6
124356,1027,430,457,1.0141124861271733e-5,4.1443742702287e-6,4.403544180488962e-6
123962,34476,15651,20028,3.4043371053281814e-4,1.508455853566265e-4,1.9298508281582696e-4
121482,347,213,336,3.4264560144705853e-6,2.0529109757179375e-6,3.2376167278868515e-6
120954,5738,5867,6484,5.665995565138968e-5,5.6546613589376245e-5,6.247829423695936e-5
120744,9847,5374,3808,9.723432960948661e-5,5.179504029816055e-5,3.669298958271765e-5
120466,3167817,642105,877681,0.03128065017980451,0.006188659164616744,0.008457127045679939
119025,2164,2173,1535,2.136844615364365e-5,2.0943547184202248e-5,1.4790897849125943e-5
118964,797,667,1041,7.869986868971344e-6,6.428599158703589e-6,1.0030830398006583e-5
117982,196850,155211,169231,0.001943797886018832,0.001495935988038295,0.0016306699895149398
113563,241,271,293,2.3797576354104063e-6,2.6119195982139017e-6,2.823278872829903e-6
111826,1514,3232,2305,1.4950012697142555e-5,3.11502735846027e-5,2.2210436183866643e-5
111821,40341,30381,40137,3.9834772933647805e-4,2.92814499311205e-4,3.8675066252141235e-4
111776,1696,1577,1667,1.674717406496286e-5,1.5199251684071304e-5,1.6062818706510063e-5
111399,47311,70050,50938,4.671730850161898e-4,6.751474828593499e-4,4.908265502532751e-4
110889,16365,14399,14409,1.6159640540867762e-4,1.3877870957447222e-4,1.3884172450036203e-4
110873,14368,15537,16957,1.4187700292770425e-4,1.4974684427103096e-4,1.6339365135350397e-4
110842,11750,16006,14293,1.1602552786751982e-4,1.542671036494897e-4,1.3772397586811537e-4
110801,10640,18396,22799,1.0506481842641795e-4,1.7730211412820274e-4,2.196857850568224e-4
110604,167666,788488,39545,0.0016556200983349428,0.007599510185079273,3.81046290191326e-4
110368,3070,2561,3267,3.031475494070518e-5,2.4683122107106284e-5,3.1480041220256975e-5
110134,4298,3731,5842,4.244065691698725e-5,3.5959675354007634e-5,5.629213370331841e-5
110022,312,977,1434,3.080848059120526e-6,9.416403865147536e-6,1.381768567794567e-5
109990,12057,17426,17866,1.1905700336159034e-4,1.6795317682094264e-4,1.7215256089412643e-4
109714,10640,18396,22799,1.0506481842641795e-4,1.7730211412820274e-4,2.196857850568224e-4
109532,296,329,360,2.9228558509604995e-6,3.170928220709866e-6,3.468875065593055e-6
109395,10321,18396,21788,1.0191484877622742e-4,1.7730211412820274e-4,2.0994402758094856e-4
108950,3464,2651,3503,3.4205313066645845e-5,2.555054927994485e-5,3.375408154103464e-5
108834,2698,4094,4719,2.6641436100984553e-5,3.945829828445651e-5,4.54711706514823e-5
108829,11061,9955,12365,1.0922198840362865e-4,9.594708339564352e-5,1.1914622273905035e-4
108825,37193,3443,72758,3.6726276238099274e-4,3.318390840092422e-5,7.010789222844986e-4
108314,4540308,4474464,4317404,0.04483333041541474,0.043125240638754864,0.0416014863435881
107237,32793,10753,11146,3.2381490513698534e-4,1.0363827099481213e-4,1.0740022633638942e-4
106482,1925,1633,2731,1.9008437544253248e-5,1.5738984147170856e-5,2.6315271678151758e-5
106387,4578,4870,1618,4.5205520559787725e-5,4.693744813026459e-5,1.5590666267026564e-5
106385,4357,3635,3653,4.302325318457735e-5,3.5034419702979826e-5,3.519944615169842e-5
106384,18232,19329,18913,1.8003212119835075e-4,1.862944424866292e-4,1.8224120587655957e-4
105630,106141,105801,93053,0.001048090685394589,0.0010197184701499227,8.966367541073071e-4
105516,286,273,311,2.8241107208604823e-6,2.6311957576103144e-6,2.996722626109556e-6
105081,5986,5539,5761,5.9108834877870095e-5,5.3385323448364586e-005,5.551163681355997e-5
104922,11888,12881,14211,1.1738821066290006e-4,1.241481045925951e-4,1.3693384321428586e-4
104366,4054,3148,4028,4.003127574254684e-5,3.034067488995337e-5,3.881285767835785e-5
104365,11836,811,13911,1.1687473598637996e-4,7.816482635245293e-6,1.340431139929583e-4
104288,376,544,712,3.712816891760634e-6,5.243115355824216e-6,6.860664018617375e-6
103129,53571,52944,66342,5.289875364588004e-4,5.102784915418332e-4,6.392558600043735e-4
102809,709,803,685,7.001029724091196e-6,7.739377997659644e-6,6.600498388697896e-6
102715,2545,2160,2441,2.5130635610454292e-5,2.0818252148125567e-5,2.3520900097535133e-5
102679,435,556,616,4.295413159350734e-6,5.358772312202691e-6,5.935630667792561e-6
102223,33451,30255,37317,3.303123346975664e-4,2.91600101269231e-4,3.5957780784093345e-4
100947,1945,2133,2297,1.920592780445328e-5,2.0558023996273995e-5,2.2133350071297908e-5
100916,1332,1652,1499,1.3152851329322248e-5,1.5922107661436774e-5,1.4444010342566638e-5
100897,30745,33154,35505,3.035919024925019e-4,3.19540894314331e-4,3.4211780334411504e-4
100896,3715,3372,3120,3.668381583215627e-5,3.2499604742351575e-5,3.0063583901806477e-5
100879,15058,11085,16053,1.486904169046054e-4,1.0683811345461661e-4,1.5468292063323697e-4
100877,850,804,1049,8.393336058501433e-6,7.749016077357849e-6,1.0107916510575319e-5
100876,65769,55922,63835,6.494368461548009e-4,5.389806928830916e-4,6.150989994781463e-4
100865,1948676,1681130,2042860,0.01924222651427805,0.016202864923045523,0.019684516990270635
100343,465,341,386,4.591648549650785e-6,3.2865851770883416e-6,3.7194049314414424e-6
100017,7533,7220,8122,7.438470650434271e-5,6.958693542104934e-5,7.826167578540775e-5
97828,513689,255965,106228,0.0050724287135947566,0.0024670110699513705,0.0010235879457439418
89252,904,722,941,8.926559761041525e-6,6.958693542104934e-6,9.067253990897402e-6
89241,16032,14901,15667,1.5830819257634706e-4,1.4361702558297177e-4,1.5096351570179553e-4
89209,494,421,455,4.878009426940833e-6,4.057631552944844e-6,4.384272652346778e-6
88847,1979,6318,4818,1.954166124679334e-5,6.089338753326728e-5,4.642511129452038e-5
87951,822,780,891,8.116849694221387e-6,7.5177021646008986e-6,8.585465787342812e-6
87822,8016,7881,8924,7.915409628817353e-5,7.59577061015637e-5,8.59895585704234e-5
85117,1046,2078,2753,1.0328740608461765e-5,2.002792961287265e-5,2.652725848771578e-5
85067,3446,4938,4417,3.402757183246581e-5,4.759283754974261e-5,4.2561169902012565e-5
84910,1216515,896383,1044769,0.012012493194362203,0.008639410794117239,0.010067147592790529
84326,11806,11397,12400,1.1657850059607991e-4,1.0984519432045697e-4,1.1948347448153857e-4
84216,1745,776,647,1.7231025202452943e-5,7.479149845808073e-6,6.234339353996407e-6
84181,18523,14451,15926,1.8290560448426126e-4,1.3927988971877895e-4,1.5345917859620832e-4
84151,6386,5917,6740,6.305864008187077e-5,5.702851757428656e-5,6.494504983915886e-5
84116,42216,34106,39183,4.168624412302312e-4,3.287163461870234e-4,3.7755814359759075e-4
84105,17615,13704,14573,1.7393954667117972e-4,1.3208024418421887e-4,1.4042198980802108e-4
84063,801,1157,1729,7.909484921011352e-6,1.1151258210824665e-5,1.6660236078917757e-5
66305,4061,4067,4415,4.0100397333616854e-5,3.9198070132604944e-5,4.254189837387038e-5
62639,822,600,501,8.116849694221387e-6,5.782847818923768e-6,4.8275177996170015e-6
62566,20336,11486,12382,2.008080965713943e-4,1.1070298341359734e-4,1.1931003072825891e-4
46351,1248747,1135742,1196792,0.012330768497700576,0.010946371912600197,0.01153200535417012
43762,1551,1627,1277,1.5315369678512616e-5,1.568115566898162e-5,1.2304870718784254e-5
42357,12383,6690,7445,1.2227609460285088e-4,6.447875318100002e-5,7.173826350927859e-5
42187,9280,3314,3383,9.163548073281566e-5,3.1940596119855616e-5,3.2597789852503626e-5
42007,3214,2734,3098,3.173668481414542e-5,2.635050989489597e-5,2.9851597092242456e-5
41805,1285,798,989,1.2688749217852168e-5,7.691187599168611e-6,9.529770666309809e-6
41682,2955,4147,4434,2.9179185944554984e-5,3.9969116508461444e-5,4.272497789122113e-5
37755,439724,374408,414106,0.004342060358809982,0.0036085741436460168,0.003990227716423549
34444,79106,72486,82555,7.811332261691934e-4,6.986258450041804e-4,7.954805028889851e-4
34183,144821,114732,121617,0.0014300368486214543,0.001105796159934603,0.0011718727190339739
34113,40222,30259,40685,3.9717266228828785e-4,2.916386535880238e-4,3.9203106123237067e-4
34078,417,423,535,4.1176719251707035e-6,4.076907712341257e-6,5.155133778034123e-6
34033,573,573,716,5.658095954730966e-6,5.522619667072198e-6,6.899207074901743e-6
34029,2099,1933,2444,2.0726602807993542e-5,1.863040805663274e-5,2.3549807389748406e-5
34012,6173,10176,2272,6.095536881074041e-5,9.807709900894711e-5,2.1892455969520614e-5
33993,26064,17244,25258,2.57369307092684e-4,1.661990463158691e-4,2.433801289076372e-4
31601,2472,2274,2729,2.440979616072417e-5,2.191699323372108e-5,2.6296000150009576e-5
31362,3264,3929,3326,3.22304104646455e-5,3.786801513425248e-5,3.204855130045139e-5
26868,20740,45449,42742,2.04797399827435e-4,4.380410842037772e-4,4.1185182792660653e-4
26755,7902,7161,9076,7.802840180503333e-5,6.901828871885517e-5,8.745419470922935e-5
26641,20899,26038,22874,2.0636744739602525e-4,2.5095631918189515e-4,2.2040846736215427e-4
25326,22744,22365,20083,2.2458592389947837e-4,2.1555565245038347e-4,1.93515049839737e-4
22885,11398,6903,16692,1.1254969928799923e-4,6.653166415671795e-5,1.6084017387466465e-4
22803,3853,2090,739,3.80464986275365e-5,2.0143586569251125e-5,7.120829648536854e-6
22735,2003,4958,3484,1.9778649559033378e-5,4.778559914370674e-5,3.35710020236839e-5
21709,26025,4586,10604,2.569842010852939e-4,4.4200233495974e-5,1.0217764220985765e-4
21704,9652,13364,1961,9.530879957253628e-5,1.2880329708682872e-4,1.8895733343411056e-5
20330,1831,1200,1828,1.808023332131309e-5,1.1565695637847535e-5,1.7614176721955847e-5
20281,1102,1028,1271,1.0881713337021858e-5,9.907945929756055e-6,1.2247056134357702e-5
18488,1051,1232,1425,1.0378113173511772e-5,1.1874114188190137e-5,1.3730963801305843e-5
18388,8308,15122,16134,8.203745408709402e-5,1.4574704119627537e-4,1.5546341752299542e-4
18382,2076,2207,2680,2.0499489008763504e-5,2.127124189394126e-5,2.5823847710526077e-5
18361,8838,5931,9114,8.727094598239491e-5,5.7163450690061444e-5,8.782035374393085e-5
18321,1874,2024,2201,1.850483738074316e-5,1.950747330916951e-5,2.1208316720473095e-5
18318,10612,834,9482,1.047883320621379e-4,8.038158468304037e-6,9.136631492209263e-5
18305,100802,6890,25771,9.9537066043419e-4,6.640636912064127e-5,2.483232758761073e-4
18226,11279,7980,11337,1.1137463223980903e-4,7.691187599168611e-5,1.0924065727396795e-4
18176,3323,2487,3398,3.2813006732235604e-5,2.396990420943902e-5,3.274232631357e-5
18173,100031,88078,96427,9.877574109034787e-4,8.489027836586127e-4,9.291478220831709e-4
18164,1432,2147,1047,1.4140302630322415e-5,2.0692957112048885e-5,1.0088644982433135e-5
18157,1731,622,947,1.709278202031292e-5,5.994885572284306e-6,9.125068575323952e-6
18023,720,1014,1567,7.109649367201215e-6,9.773012813981168e-6,1.509924229940088e-5
17962,1514,3232,2305,1.4950012697142555e-5,3.11502735846027e-5,2.2210436183866643e-5
17948,7001,5757,5530,6.913146558302182e-5,5.548642482257355e-5,5.328577531313776e-5
17872,2766,2412,2586,2.7312902985664664e-5,2.3247048232073547e-5,2.4918085887843445e-5
17775,8643,8093,9649,8.534541594544458e-5,7.800097899758343e-5,9.297548752196496e-5
17710,1832,1743,2035,1.809010783432309e-5,1.6799172913973548e-5,1.9608779884671853e-5
17702,370,328,323,3.6535698137006243e-6,3.16129014101166e-6,3.1123517949626575e-6
17663,5538,2282,3538,5.468505304938934e-5,2.199409787130673e-5,3.409133328352286e-5
17504,1022,263,687,1.0091752296221724e-5,2.534814960628252e-6,6.61976991684008e-6
17480,1931,1905,1844,1.9067684622313256e-5,1.8360541825082963e-5,1.7768348947093314e-5
17471,4096,3842,3255,4.044600528896691e-5,3.702950220050853e-5,3.1364412051403875e-5
17425,31406,32247,34356,3.10118955592113e-4,3.1079915602805794e-4,3.3104631042643053e-4
17350,271,279,248,2.6759930257104572e-6,2.689024235799552e-6,2.3896694896307714e-6
17349,36437,33397,36938,3.597976305454315e-4,3.2188294768099515e-4,3.5592585325798965e-4
17334,1069,909,959,1.0555854407691803e-5,8.761014445669509e-6,9.240697744177055e-6
17297,2325,2709,2274,2.295824274825392e-5,2.6109557902440812e-5,2.1911727497662796e-5
17289,3892,3270,3703,3.8431604634926564e-5,3.151652061313453e-5,3.568123435525301e-5
17225,459,734,523,4.532401471590774e-6,7.0743504984834095e-6,5.039504609181022e-6
17191,24402,24080,25445,2.4095786647006115e-4,2.3208495913280722e-4,2.4518201678893134e-4
17188,1304,1429,1126,1.28763649650422e-5,1.3772815888736774e-5,1.0849870344049388e-5
17186,3660,4894,3531,3.6140717616606176e-5,4.716876204302153e-5,3.402388293502521e-5
17069,792,753,817,7.820614303921336e-6,7.257474012749329e-6,7.872419246082016e-6
17045,33997,26471,30243,0.00033570381880102733,2.5512960769121846e-4,2.914144128020299e-4
17011,2711,3064,3411,2.6769804770114573e-5,2.9531076195304043e-5,3.2867591246494196e-5
17010,72683,63857,26688,7.177092291059526e-4,6.154588552883584e-4,2.5715927152929847e-4
16857,1688,7254,694,1.6668177960882847e-5,6.991463013078835e-5,6.6872202653377224e-6
16852,36598,33658,37317,3.613874271400417e-4,3.24398486482227e-4,3.5957780784093345e-4
16817,2830,2695,2689,2.7944871818304773e-5,2.5974624786665925e-5,2.5910569587165903e-5
16810,5974,5817,6240,5.899034072175008e-5,5.606470960446593e-5,6.012716780361295e-5
16794,73692,34858,33474,7.276726127330443e-4,3.359641821200745e-4,3.2254756651572757e-4
16793,4753,4087,4615,4.693356033653802e-5,3.939083172656907e-5,4.4469051188088745e-5
16747,21068,16947,19775,2.0803624009471555e-4,1.6333653664550184e-4,1.9054723450584072e-4
16688,13969,12603,13659,1.3793707223671358e-4,1.2146871843649375e-4,1.3161490144704315e-4
16594,107006,104348,94682,0.0010566321391482405,0.001005714340348429,9.123334137791157e-4
16549,295,297,318,2.9129813379504974e-6,2.8625096703672653e-6,3.0641729746071984e-6
14835,6738,5619,6328,6.653446866139136e-5,5.415636982422109e-5,6.0975115041869034e-5
14816,131,173,171,1.293561204310221e-6,1.6673877877896865e-6,1.647715656156701e-6
14796,4828,4408,4822,4.7674148812288146e-5,4.2484655309693284e-5,4.6463654350804754e-5
14778,25667,22158,25685,2.534491254277133e-4,2.1356056995285475e-4,2.4749460016599336e-4
14740,986,1113,965,9.736269827861663e-6,1.072718270410359e-5,9.298512328603607e-6
14739,443,483,461,4.374409263430747e-6,4.655192494233634e-6,4.4420872367733284e-6
14729,2657,2437,2716,2.6236581067574483e-5,2.3488000224528705e-5,2.6170735217085382e-5
14719,5632,4506,5551,5.56132572723295e-5,4.34291871201175e-5,5.348812635863069e-5
14712,3557,2154,2616,3.5123642776576e-5,2.0760423669936327e-5,2.52071588099762e-5
14709,3036,2607,2918,2.9979021498365122e-5,2.5126473773223774e-5,2.811715955944593e-5
14703,9290,2045,14318,9.173422586291568e-5,1.9709872982831844e-5,1.3796486996989267e-4
14702,4471,3949,4215,4.4148947667717545e-5,3.80607767282166e-5,4.061474555965202e-5
14696,11460,10196,12024,1.1316191909461934e-4,9.826986060291123e-5,1.1586042719080804e-4
14694,7234,6676,7073,7.14322271143522e-5,6.434382006522512e-5,6.815375927483244e-5
14689,39992,29568,32626,3.9490152429598745e-4,2.849787405165633e-4,3.143764385834417e-4
13146,1006,381,1078,9.933760088061698e-6,3.6721083650165927e-6,1.0387353668636981e-5
13139,733,4642,5513,7.238018036331236e-6,4.473996595907355e-5,5.31219673239292e-5
10176,7533,7220,7949,7.438470650434271e-5,6.958693542104934e-5,7.659468860110888e-5
6485,2738,8793,9193,2.7036416621384618e-5,8.474763478632783e-5,8.85815791055471e-5
6435,2485,3129,2824,2.453816482985419e-5,3.015755137568745e-5,2.7211397736763298e-5
6422,1968,1945,2441,1.943304160368332e-5,1.8746065013011216e-5,2.3520900097535133e-5
6404,72683,63857,73090,7.177092291059526e-4,6.154588552883584e-4,7.042779959561011e-4
5837,28757,43233,37240,2.839613706286185e-4,4.166830995925521e-4,3.5883585400745937e-4
5244,286254,261978,126879,0.002826618847165023,0.002524964843176685,0.001222576109576059
4983,1354,404,327,1.3370090615542284e-5,3.893784198075337e-6,3.150894851247025e-6
4862,235273,86354,72866,0.0023232062994021268,8.322867342589051e-4,7.021195848041765e-4
4852,491,381,457,4.848385887910828e-6,3.6721083650165927e-6,4.403544180488962e-6
4850,6910,5026,5718,6.823288489911166e-5,4.8440988563184766e-5,5.5097298958503025e-5
4849,13000,10736,8642,1.2836866913002194e-4,1.0347442363994262e-4,8.32722731023755e-5
4801,11426,9090,11427,1.1282618565227927e-4,8.761014445669508e-5,1.1010787604036622e-4
4795,10430,9023,10556,1.029911706943176e-4,8.696439311691527e-5,1.0171512553444525e-4
4766,327532,147370,178262,0.0032342189951918726,0.0014203638051246594,0.00171769057484097
4755,2367,1836,2652,2.3372972294673992e-5,1.769551432590673e-5,2.5554046316535506e-5
4744,63556,45161,58857,6.275845488636672e-4,4.352653172506938e-4,5.671321659322513e-4
4735,29841,28098,29996,2.9466534273146034e-4,2.7081076336020005e-4,2.890343790764702e-4
4732,4004,4008,1246,3.9537550092046754e-5,3.862942343041077e-5,1.2006162032580407e-5
4729,1938,1634,1948,1.913680621338327e-5,1.574862222686906e-5,1.8770468410486866e-5
4723,4952,4025,4446,4.889858842552835e-5,3.879327078528028e-5,4.284060706007423e-5
4721,3223,3453,4259,3.182555543123544e-5,3.3280289197906284e-5,4.103871917878006e-5
4716,12733,11093,7795,1.2573217415635149e-4,1.0691521809220226e-4,7.511078093416073e-5
4713,22626,21780,24268,2.2342073136429817e-4,2.0991737582693278e-4,2.3384072247725627e-4
4709,1197,1703,1889,1.1819792072972019e-5,1.6413649726045294e-5,1.8201958330292446e-5
4708,646,546,778,6.378935404461089e-6,5.262391515220629e-6,7.496624447309435e-6
4707,219,378,370,2.1625183491903694e-6,3.643194125921974e-6,3.565232706303973e-6
4550,323,1659,607,3.1894677022305446e-6,1.598957421932422e-5,5.848908791152735e-6
4546,4992,3986,4547,4.929356894592842e-5,3.8417385677050235e-5,4.3813819231254505e-5
4541,73702,34858,33474,7.277713578631443e-4,3.359641821200745e-4,3.2254756651572757e-4
3772,15016,12386,17360,1.4827568735818533e-4,1.1937725514198299e-4,1.6727686427415398e-4
3365,1671,1430,1707,1.650031123971282e-5,1.378245396843498e-5,1.6448249269353736e-5
3246,476,311,471,4.700268192760803e-6,2.997442786142153e-6,4.538444877484247e-6
3229,2141,1713,2383,2.1141332354413613e-5,1.651003052302736e-5,2.2962025781411807e-5
3204,2955,597,503,2.9179185944554984e-5,5.7539335798291496e-6,4.846789327759185e-6
3194,28440,4355,8910,2.80831150004448e-4,4.197383708568835e-5,8.58546578734281e-5
3182,13985,585,14315,1.380950644448736e-4,5.6382766234506735e-6,1.379359626776794e-4
3178,4657,5597,4548,4.5985607087577855e-5,5.394433207086055e-5,4.382345499532559e-5
3175,10217,9022,2253,1.0088789942318724e-4,8.695475503721706e-5,2.170937645216987e-5
3166,2029,1585,1984,2.0035386897293422e-5,1.5276356321656955e-5,1.911735591704617e-5
3161,72683,14094,73090,7.177092291059526e-4,1.3583909526651932e-4,7.042779959561011e-4
2821,1557,2090,1776,1.5374616756572628e-5,2.0143586569251125e-5,1.711311699025907e-5
2394,2711,1364,3411,2.6769804770114573e-5,1.3146340708353367e-5,3.2867591246494196e-5
2018,7111,6037,9055,7.0217662014122e-5,5.8185087138071314e-5,8.725184366373643e-5
2017,4271,3426,4544,4.21740450657172e-5,3.302006104605472e-5,4.378491193904123e-5
1981,23294,20883,22374,2.300169060549793e-4,2.0127201833764174e-4,2.1559058532660838e-4
1970,199626,375249,426806,0.0019712095341345966,0.0036166797686722086,0.004112601920126415
1967,7321,6353,7667,7.229130974622235e-5,6.12307203227045e-5,7.387740313306097e-5
1846,7936,7382,7205,7.836413524737338e-5,7.114830433215876e-5,6.942568013221656e-5
1771,1044,1107,1101,1.0308991582441762e-5,1.0669354225914352e-5,1.0608976242272093e-5
1753,5530,5344,5366,5.460605694530933e-5,5.150589790721436e-5,5.17055100054787e-5
1746,2205,1761,2161,2.177330118705372e-5,1.697265834854126e-5,2.082288615762942e-5
1744,24344,11842,17442,2.4038514471548108e-4,1.1413413978615877e-4,1.6806699692798352e-4
1717,1749,1616,1908,1.727052325449295e-5,1.557513679230135e-5,1.8385037847643193e-5
1715,7971,7051,6552,7.870974320272345e-5,6.795809995205248e-5,6.31335261937936e-5
1704,5097,5389,5891,5.03303928119786e-5,5.193961149363364e-5,5.676428614280191e-5
1684,4557,3599,4172,4.499815578657769e-5,3.46874488338444e-5,4.020040770459507e-5
892,5895,4315,3338,5.821025419395994e-5,4.1588313897760096e-005,3.216418046930449e-5
592,3334,1543,1753,3.2921626375345626e-5,1.487155697433229e-5,1.689149441662396e-5
309,3218,2971,2444,3.1776182866185426e-5,2.8634734783370857e-5,2.3549807389748406e-5
303,3279,4652,2100,3.237852815979553e-5,4.4836346756055614e-5,2.023510454929282e-5
168,3727,2010,4569,3.6802309988276284e-5,1.9372540193394624e-5,4.402580604081852e-5
136,295,297,318,2.9129813379504974e-6,2.8625096703672653e-6,3.0641729746071984e-6
134,6746,11434,40372,6.661346476547138e-5,1.1020180326929061e-4,3.890150670781189e-4
68,352922,349983,169608,0.0034849328805158153,0.0033731640470173285,0.0016343026725697412
