BinBase name,F_SF_10_010,F_SF_11_011,F_SF_12_012,normF_SF_10_010,normF_SF_11_011,normF_SF_12_012
zymosterol,7168,4984,3415,7.052081273032897e-5,5.911390463055559e-5,3.515771250518242e-5
xylose,4969188,6309778,5839132,0.048888277953375824,0.07483860652728286,0.060114355530252066
xylonic acid,2902,3207,2660,2.8550697341436195e-5,3.8037378039765604e-5,2.738492394254326e-5
xylitol,35478,41040,34560,3.490426051962348e-4,4.867645758503213e-4,3.557981095692838e-4
vanillic acid,580,449,345,5.706204155076842e-6,5.325470140272765e-6,3.5518040451794827e-6
valine,215204,88952,176104,0.002117237860326132,0.0010550361245379577,0.0018130055060066308
uridine,3511,2550,1530,3.454221170426688e-5,3.0244874961460022e-5,1.5751478809056838e-5
uric acid,2801,2142,1852,2.7557030755810747e-5,2.540569496762642e-5,1.9066495917891022e-5
urea,26043,9196,35624,2.562184048459762e-4,1.0907132162572014e-4,3.6675207914630114e-4
UDP-glucuronic acid,29724,13110,16788,2.9243312466466215e-4,1.5549423950774152e-4,1.7283387336369032e-4
tyrosol,24286,23149,17175,2.3893254156930375e-4,2.74564160973662e-4,1.768180709448047e-4
tryptophan,58455,45997,38130,5.750968342845117e-4,5.455582406283438e-4,3.925515601237498e-4
trehalose,884670,1006833,799818,0.008703633844606602,0.011941779683165364,0.008234193645818445
trans-phytol,10650,13301,4224,1.04777714226842e-4,1.5775963994603127e-4,4.348643561402358e-5
tocopherol alpha-,347,257,258,3.4138842100201104e-6,3.04820896670401e-6,2.6561317207429175e-6
threose,404,416,344,3.9746663425018e-6,4.934065876065635e-6,3.541508960990557e-6
threonine,41701,16280,33646,4.102662404669989e-4,1.93092770342184e-4,3.4638840262060547e-4
threonic acid,47599,47568,38524,4.682924337543148e-4,5.64191455751659e-4,3.9660782329418667e-4
tartaric acid,1090,2539,2073,1.0723728498334064e-5,3.011440687339098e-5,2.1341709523643677e-5
sucrose,766,791,1297,7.536124797911828e-6,9.38184160569211e-6,1.335272419303707e-5
succinic acid,138404,140171,108125,0.0013616577239297502,0.00166253112479326,0.0011131559779276278
succinate semialdehyde,1762,935,1259,1.7335054691802403e-5,1.1089787485868676e-5,1.296151099385788e-5
stigmasterol,154,160,170,1.5150955860031613e-6,1.897717644640629e-6,1.7501643121174262e-6
squalene,3551,3020,690,3.4935743025306664e-5,3.581942054259187e-5,7.103608090358965e-6
spermidine,256,436,310,2.5186004546546058e-6,5.171280581645714e-6,3.1914760985670714e-6
sorbitol,1262441,1307419,1119731,0.01242025186161959,0.01550695065774004,0.01152772491395034
shikimic acid,13022,13515,13715,1.281141215645011e-4,1.6029783729573811e-4,1.411970796511206e-4
serine,105753,21150,79373,0.0010404279448480022,2.508545511509331e-4,8.171517173276263e-4
salicylic acid,4816,3232,3305,4.738117105318977e-5,3.8333896421740704e-5,3.4025253244400555e-5
saccharopine,131,165,126,1.2888150764052865e-6,1.9570213210356485e-6,1.2971806078046808e-6
saccharic acid,5860,9223,8117,5.765233853232809e-5,1.0939156147825325e-4,8.356519836151264e-5
ribulose MassBank,33187,32205,24579,3.265030987836813e-4,3.819749796603216e-4,2.5304287427961304e-4
ribose,242618,240865,200180,0.0023869445512007467,0.002856836002977282,0.002060869952939214
ribonic acid,22617,20945,18868,2.2251244719891883e-4,2.4842310041873735e-4,1.9424764847665647e-4
ribitol,2206,8471,6215,2.1703252355343987e-5,1.004722885484423e-4,6.398394823417532e-5
resveratrol,314,217,349,3.08922087016229e-6,2.573779555543853e-6,3.5929843819351868e-6
raffinose,608,612,431,5.981676079804689e-6,7.258769990750406e-6,4.437181285427122e-6
quinic acid,164787,178635,139715,0.0016212211450045645,0.002118742446564867,0.0014383776874558013
pyrophosphate,42392,36695,33284,4.170644940379611e-4,4.3522968106304925e-4,3.426615821442142e-4
putrescine,86153,107431,112705,8.475975975385089e-4,0.0012742106517586714,0.001160307463512909
propyleneglycol,103138,194413,81433,0.0010147008347350262,0.0023058811277969914,8.38359590756814e-4
proline,194993,25296,136289,0.0019183963220877562,3.0002915961768343e-4,0.0014031067290245407
pipecolinic acid,116247,19754,87736,0.001143670886922789,2.3429696470144364e-4,9.032495063996148e-4
pinitol,3543,2799,2747,3.4857036761098704e-5,3.3198198045932e-5,2.8280596266979825e-5
phosphate,181821,223620,152590,0.0017888064580693559,0.002652297623090859,0.001570926896388224
phenylethylamine,10618,10407,8427,1.0446288917001018e-4,1.234346720485939e-4,8.675667446007971e-5
phenylalanine,55322,54754,42024,5.442734935640708e-4,6.494226994665812e-4,4.326406179554278e-4
pentono-gamma-lactone,6885,7191,5621,6.77365786339725e-5,8.529054739131727e-5,5.786866822595325e-5
pentitol,6148,2992,5546,6.048576404381452e-5,3.548731995477976e-5,5.70965369117838e-5
palmitoleic acid,3446,1692,1153,3.390272330757723e-5,2.006836409207465e-5,1.1870232069831722e-5
oxoproline,104967,103814,88627,0.0010326950543895702,0.001231310372254514,9.124224264119479e-4
oleic acid,101471,47304,35813,9.983004169306935e-4,5.61060221638002e-4,3.6869785005800817e-4
oleamide NIST,5634,2346,2788,5.542888656845332e-5,2.7825284964543223e-5,2.870269471872579e-5
nicotinic acid MassBank,1006079,1299866,668862,0.009898089948509575,0.015417366524177724,0.006885990600773447
N-acetylmannosamine,4707,4264,3863,4.630879820335637e-5,5.057417522967276e-5,3.976991022182128e-5
N-acetyl-D-galactosamine,2901,3216,2845,2.85408590584102e-5,3.814412465727664e-5,2.9289514517494575e-5
myristic acid,14591,9649,8831,1.4355038763228653e-4,1.1444423470710892e-4,9.091588847240583e-5
mucic acid,263956,104928,211903,0.0025968738344094187,0.0012445232313553244,0.002181559224885994
montanic acid,2517,1853,1568,2.476295837642829e-5,2.1977942471994283e-5,1.6142692008236025e-5
methylmalonic acid,49295,13057,39574,4.8497816176640155e-4,1.5486562053795432e-4,4.07417661692559e-4
methionine sulfoxide,11905,11255,8900,1.1712475942446517e-4,1.3349257556518923e-4,9.162624928144173e-5
methionine,4901,1670,4382,4.821742511039931e-5,1.9807427915936564e-005,4.5113058915873895e-5
melezitose,455,586,463,4.476418776827522e-6,6.9503908734963035e-6,4.7666239794727554e-6
mannoheptulose,12533,12860,11686,1.2330320116478975e-4,1.5252905568799056e-4,1.2030835383178967e-4
mannitol,1132119,1219000,986948,0.011138107141105929,0.014458236305105792,0.010160712750092175
maltose,9352,9929,8537,9.200762285910106e-5,1.1776524058523002e-4,8.788913372086158e-5
malonic acid,1102,564,972,1.0841787894645999e-5,6.6894546973582165e-6,1.0006821831636109e-5
malic acid,883901,915790,725416,0.008696068204959613,0.01086194276115901,0.00746821879199397
maleic acid,5158,3501,5576,5.074586384807991e-5,4.152443421179276e-5,5.740538943745158e-5
lyxose,366041,371667,1973658,0.0036012149571180724,0.004408243898941554,0.020318975270147383
lysine,282173,293530,250700,0.002776097836293961,0.0034814816264460238,0.0025809776061637576
loganin,781,716,390,7.683699043301747e-6,8.492286459766814e-6,4.015082833681155e-6
linolenic acid,8888,3903,258,8.74426595350396e-5,4.629244979395234e-5,2.6561317207429175e-6
linoleic acid,46063,22431,17470,4.5318083102638716e-4,2.660481530433372e-4,1.7985512078053787e-4
lignoceric acid,15051,20956,19664,1.4807599782424403e-4,2.4855356850680635e-4,2.024425354910416e-4
levoglucosan,1693,1551,1397,1.665621316300878e-5,1.8396000417735096e-5,1.4382232611929675e-5
leucrose,2976,3597,3011,2.9278730285359793e-5,4.2663064798577136e-5,3.09984984928563e-5
leucine,380378,226603,283093,0.0037422664208617566,0.002687678196428128,0.0029144662682956384
lauric acid,390,6790,4895,3.836930380137876e-6,8.053439254443669e-5,5.039443710479295e-5
lactic acid,87289,85000,86149,8.587738870560386e-4,0.0010081624987153342,8.869112077917892e-4
kojic acid,737,569,451,7.250814590157986e-6,6.748758373753237e-6,4.643082969205643e-6
itaconic acid,13050,19014,2938,1.2838959348922892e-4,2.2552002059498074e-4,3.0246957347064695e-5
isothreonic acid,6407,6681,5281,6.303387934754711e-5,7.924157239902526e-5,5.43683396017184e-5
isomaltose,2930,3450,2983,2.8826169266164044e-5,4.091953671256356e-5,3.071023613556637e-5
isoleucine,143023,90640,80994,0.0014071007532268191,0.0010750570456889163,8.338400487978754e-4
isocitric acid,148473,145411,123568,0.0014607193957184895,0.0017246813776552407,0.0012721429630572125
indole-3-propionic acid,57983,47720,36128,5.704531646962423e-4,5.659942875140676e-4,3.719408015775199e-4
homoserine,4468,2482,2572,4.3957448560143666e-5,2.9438344962487756e-5,2.6478956533917767e-5
histidine,3852,20797,16285,3.789706621613102e-5,2.4666771159744476e-4,1.6765544601666051e-4
hexadecylglycerol NIST,3122,3329,2470,3.0715119607155e-5,3.948438774380409e-5,2.542885794664731e-5
heptadecanoic acid,15790,9123,8817,1.55346488980454e-4,1.0820548795035286e-4,9.077175729376086e-5
guanosine,145,110,110,1.4265510387692104e-6,1.3046808806904323e-6,1.1324592607818641e-6
guanine,4305,3607,2218,4.235380842690655e-5,4.278167215136718e-5,2.283449673103795e-5
glycolic acid,7402,8981,4711,7.282297095841168e-5,1.065212635407343e-4,4.850014161403056e-5
glycine,28403,25455,25972,2.794367527873233e-4,3.0191501652704507e-4,2.6738392655478705e-4
glycerol-alpha-phosphate,3873,4544,3477,3.810367015967691e-5,5.389518110779386e-5,3.579600772489583e-5
glycerol-3-galactoside,104703,107622,82235,0.0010300977476707077,0.001276476052196961,8.466162482763327e-4
glycerol,5164241,2008978,4518781,0.050807264572445145,0.023827956239342758,0.046521230826319385
glyceric acid,70924,60427,55442,6.977703853356378e-4,7.167086507043705e-4,5.707800576024374e-4
glutaric acid,602,1076,500,5.922646381648722e-6,1.2762151160208229e-5,5.1475420944630186e-6
glutamine,85454,81294,69016,8.407206377033386e-4,9.642066137713455e-4,7.105255303829194e-4
glutamic acid,68999,33172,54674,6.788316905105982e-4,3.934443106751184e-4,5.628734329453422e-4
glucose,2820777,3595886,3038656,0.02775160247921584,0.042649851939476326,0.031283219341185234
gluconic acid lactone,5547893,5093220,4596150,0.05458174153193401,0.0604093341377284,0.04731775119493241
gluconic acid,732341,753384,611496,0.007204978029539877,0.008935688187437098,0.006295402801191516
glucoheptulose,7041,15112,15339,6.927135078602766e-5,1.792394315363074e-4,1.5791629637393648e-4
galacturonic acid,5513825,3929360,3524331,0.05424657090580442,0.046605098775906885,0.03628328435464189
galactonic acid,607242,570609,479240,0.005974218661270985,0.006767842296817154,0.004933816146700914
galactinol,12416,9389,14120,1.2215212205074838e-4,1.1136044353456791e-4,1.4536658874763565e-4
fumaric acid,1524,1288,1162,1.49935433316157e-5,1.5276627039357063e-5,1.1962887827532055e-5
fucose,82269,89810,69851,8.09385706265546e-4,0.0010652126354073431,7.191219256806726e-4
fructose,6621724,7299016,6507877,0.06514639483202077,0.08657169657321416,0.06699914160617541
flavin adenine,1489,1091,1476,1.4649203425705891e-5,1.2940062189393288e-5,1.5195544262854831e-5
ethanolamine,287859,153526,281754,0.002832038313579766,0.0018209312444443574,0.0029006811505666668
ethanol phosphate NIST,740,756,552,7.28032943923597e-6,8.966715870926972e-6,5.6828864722871724e-6
erythrose major,1521,1720,1546,1.4964028482537717e-5,2.040046467988676e-5,1.5916200156079653e-5
erythronic acid lactone,2098,1779,1598,2.0640717788536574e-5,2.1100248061347994e-5,1.6451544533903807e-5
erythritol,37699,38333,32162,3.708934317969687e-4,4.546575654500577e-4,3.311104976842392e-4
dihydroxyacetone,64112,79493,72388,6.307520013625629e-4,9.428454295338594e-4,7.45240554267978e-4
digitoxose,20491,22143,18924,2.015962574856544e-4,2.62632261282984e-4,1.9482417319123633e-4
digalacturonic acid,97768,79403,56488,9.618692548854355e-4,9.417779633587491e-4,5.815487156640539e-4
dehydroascorbic acid,17066,6019,36807,1.6790013812162307e-4,7.138976564432466e-5,3.7893116374180066e-4
dehydroabietic acid,3809,1477,1377,3.747402004601326e-5,1.7518306007088806e-5,1.4176330928151154e-5
conduritol-beta-epoxide,68922,75447,52443,6.780741427175966e-4,8.948568945950096e-4,5.399051001198482e-4
citric acid,2847083,5785759,6121660,0.028010408352497653,0.0686233558871145,0.06302300507598096
citramalic acid,10164,10709,8485,9.999630867620864e-5,1.270166141028531e-4,8.735378934303743e-5
cis-p-coumaric acid HMDB,2098,1673,1622,2.0640717788536574e-5,1.9843010121773577e-5,1.6698626554438034e-5
cinnamic acid,7225,6086,5227,7.108159486281065e-5,7.218443490801792e-5,5.3812405055516396e-5
chlorogenic acid,239,183,116,2.3513496432126985e-6,2.1705145560577195e-6,1.1942297659154203e-6
cerotinic acid,1907,1176,1025,1.8761605730571613e-5,1.3948224688108623e-5,1.0552461293649188e-5
cellobiose,35189,37068,34303,3.461993414017224e-4,4.3965373532211773e-4,3.531522729327298e-4
catechin,4087,5190,5349,4.0209062727239744e-5,6.15572160980304e-5,5.506840532656537e-5
caproic acid HMDB,7840,3525,8064,7.71321389237973e-5,4.180909185848886e-5,8.301955889949957e-5
campesterol HMDB,2176,1293,984,2.1408103864564148e-5,1.5335930715752082e-5,1.013036284190322e-5
beta-sitosterol,69045,39506,30972,6.79284251529794e-4,4.685702079323293e-4,3.188593474994172e-4
beta-mannosylglycerate,10694,7774,10298,1.0521059867998576e-4,9.220535605897656e-5,1.0601877697756033e-4
beta-gentiobiose,4578,5001,4319,4.5039659693003065e-5,5.931553713029866e-5,4.4464468611971553e-5
beta-alanine,5520,6413,5551,5.430732230348994e-5,7.606289534425221e-5,5.7148012332728435e-5
benzoic acid,25921,20119,18234,2.5501813431680483e-4,2.386261330782801e-4,1.8772056510087736e-4
aspartic acid,100415,57313,76113,9.879111900552432e-4,6.797743210455523e-4,7.835897428717275e-4
asparagine,123790,90341,99828,0.0012178810557878657,0.0010715106858404941,0.0010277376644121084
arbutin,786,848,755,7.73289045843172e-6,1.0057903516595334e-5,7.772788562639159e-6
arachidic acid,46774,24944,22147,4.6017585025786927e-4,2.9585418079947404e-4,2.2800522953214496e-4
arabitol,231730,281655,246062,0.002279825325613718,0.003340635395007852,0.0025332290056955184
alpha-ketoglutarate,25257,24464,20561,2.4848551438754444e-4,2.9016102786555214e-4,2.1167722600850825e-4
alanine,344208,324665,444945,0.0033864157238115335,0.003850765619357811,0.004580746234441695
adipic acid,11230,10471,8379,1.1048391838191885e-4,1.2419375910645015e-4,8.626251041901126e-5
adenosine,215,158,88,2.115230850588829e-6,1.8739961740826211e-6,9.059674086254913e-7
adenine,49555,33673,25472,4.8753611535316013e-4,3.9938653904989934e-4,2.6223638446032404e-4
aconitic acid,11656,10502,6877,1.1467502695099253e-4,1.2456144190009928e-4,7.079929396724436e-5
6-deoxyhexitol NIST,249,2125,132,2.449732473472644e-6,2.5204062467883352e-5,1.358951112938237e-6
6-deoxyglucose,298759,316631,254271,0.002939275598563107,0.0037554764721262936,0.0026177413518024125
6-deoxyglucitol,18867,7802,6499,1.8561888585143924e-4,9.253745664678867e-5,6.690775214383032e-5
5-methyluridine NIST,97,120,619,9.543134535214717e-7,1.4232882334804716e-6,6.372657112945217e-6
5-hydroxynorvaline NIST,4074,2447,916,4.008116504790181e-5,2.9023219227722618e-5,9.43029711705625e-6
5-Hydroxymethyl-2-furancarboxaldehyde HMDB,89,159,107,8.756071893135153e-7,1.885856909361625e-6,1.101574008215086e-6
5'-deoxy-5'-methylthioadenosine,365,350,293,3.5909733044880123e-6,4.151257347651376e-6,3.016459667355329e-6
4-hydroxymandelic acid,476,453,417,4.683022720373408e-6,5.372913081388781e-6,4.2930501067821575e-6
4-hydroxybutyric acid,4364,4675,4117,4.2934267125440236e-5,5.5448937429343374e-5,4.2384861605808496e-5
4-hydroxybenzoic acid,37193,29509,18490,3.659152605858154e-4,3.4999843734812697e-4,1.9035610665324242e-4
4-aminobutyric acid,69387,72710,59273,6.826489443246841e-4,8.623940621363758e-4,6.10220525130213e-4
3-phenyllactic acid,3537,3789,2560,3.479800706294274e-5,4.4940325972145896e-5,2.6355415523650655e-5
3-hydroxybutyric acid,31097,91679,15274,3.0594108725935263e-4,0.0010873803496438013,1.5724711590165628e-4
3-hydroxy-3-methylglutaric acid,2433,2414,1881,2.393654260224475e-5,2.863181496351549e-5,1.9365053359369876e-5
3-dehydroshikimic acid,2008,1946,1641,1.9755272316197064e-5,2.308099085294165e-5,1.6894233154027627e-5
"3,6-anhydro-D-galactose",3811,3741,3265,3.749369661206525e-5,4.4371010678753704e-5,3.361344987684351e-5
"3,4-dihydroxycinnamic acid",6999,6368,4476,6.885814289893589e-5,7.552916225669703e-5,4.608079682963294e-5
"3,4-dihydroxybenzoic acid",45922,41672,31359,4.5179363311972193e-4,4.942605605466518e-4,3.228435450805316e-4
3-(4-hydroxyphenyl)propionic acid,2737,2151,1946,2.6927380642147093e-5,2.5512441585137453e-5,2.003423383165007e-5
2-monoolein,31118,28084,22476,3.061476912028985e-4,3.330968895755464e-4,2.3139231223030161e-4
2-isopropylmalic acid,12230,12685,11557,1.203222014079134e-4,1.5045342701416485e-4,1.1898028797141821e-4
2-hydroxyglutaric acid,20358,18644,16826,2.0028776584319713e-4,2.2113154854174928e-4,1.732250865628695e-4
2-deoxytetronic acid,1096,1063,524,1.078275819649003e-5,1.2607961601581178e-5,5.394624114997243e-6
2-deoxyerythritol,42605,30928,57671,4.19160048322498e-4,3.668288207090336e-4,5.937278002595535e-4
"2,3-dihydroxypyridine",1362,2568,1544,1.3399741481404583e-5,3.0458368196482095e-5,1.58956099877018e-5
"2,3-dihydroxybutanoic acid NIST",989,646,948,9.730061912708614e-6,7.662034990236539e-6,9.759739811101883e-6
1-monostearin,1290,3574,3757,1.2691385103532975e-5,4.239026788716005e-5,3.8678631297795125e-5
1-monopalmitin,885,724,808,8.70688047800518e-6,8.587172341998846e-6,8.318428024652238e-6
1-methylinosine NIST,1833,2082,1780,1.803357278664802e-5,2.4694050850886183e-5,1.8325249856288347e-5
1-methyladenosine,5172,5500,5014,5.0883599810443834e-5,6.523404403452161e-5,5.161955212327515e-5
1-kestose,608,612,431,5.981676079804689e-6,7.258769990750406e-6,4.437181285427122e-6
1-deoxyerythritol,45229,44410,17830,4.449757029827077e-4,5.267352537405645e-4,1.8356135108855124e-4
519282,3577,3833,3457,3.519153838398252e-5,4.546219832442206e-5,3.559010604111731e-5
519270,10752,8447,11782,1.0578121909549344e-4,1.001876309017462e-4,1.2129668191392657e-4
519264,6639,19850,5905,6.531636100957785e-5,2.35435595288228e-4,6.079247213560825e-5
519261,30118,33032,28316,2.96309408176904e-4,3.917838077360578e-4,2.9151560389362966e-4
519249,28725,31359,24968,2.8260467992169354e-4,3.7194079761428427e-4,2.570476620291053e-4
519244,100886,108339,75773,9.925450213604866e-4,0.0012849801993920068,7.800894142474926e-4
513995,19282,22127,18329,1.89701773307227e-4,2.6244248951851995e-4,1.8869859809882532e-4
513551,172,220,224,1.6921846804710634e-6,2.6093617613808646e-6,2.3060988583194323e-6
511927,787,724,838,7.742728741457713e-6,8.587172341998846e-6,8.62728055032002e-6
509528,7901,76857,61064,7.773227418838297e-5,9.115805313384051e-4,6.286590209125796e-4
486482,1620,1205,1028,1.5938018502111178e-5,1.4292186011199736e-5,1.0583346546215965e-5
486432,3573,2982,2609,3.515218525187854e-5,3.536871260198972e-5,2.685987464890803e-5
480022,1432,1693,1423,1.4088421293224202e-5,2.0080224827353655e-5,1.4649904800841751e-5
475884,2113,770,698,2.0788292033926492e-5,9.132766164833027e-6,7.1859687638703736e-6
475793,14298,19249,6642,1.4066777070567013e-4,2.2830729338554667e-4,6.837994918284673e-5
474908,3983,4997,2308,3.918588129253631e-5,5.926809418918264e-5,2.3761054308041295e-5
474901,26595,29423,17886,2.6164913707632515e-4,3.4897841411413264e-4,1.841378758031311e-4
472871,160633,184769,131874,0.0015803529173145832,0.002191496196766277,0.0013576539323304322
425117,1245,3689,3646,1.224866236736322e-5,4.37542524442455e-5,3.753587695282433e-5
418204,36808,43865,22859,3.6212752162080754e-4,5.202711530135075e-4,2.353353294746603e-4
417918,3569,1193,843,3.5112832119774566e-5,1.414985718785169e-5,8.67875597126465e-6
414322,463,352,372,4.555125041035478e-6,4.174978818209384e-6,3.829771318280486e-6
408463,266537,606528,172336,0.0026222664428995103,0.0071938680473036965,0.0017742136287827576
408457,3551,1788,2766,3.4935743025306664e-5,2.1206994678859027e-5,2.847620286656942e-5
406896,6592,7189,5960,6.48539617073561e-5,8.526682592075925e-5,6.135870176599918e-5
404202,10647,4395,7878,1.0474819937776402e-4,5.212793155122227e-5,8.110467324035932e-5
403831,4020,4560,2582,3.954989776449811e-5,5.4084952872257924e-5,2.6581907375807027e-5
403585,2627,1903,1555,2.5845169509287694e-5,2.257097923594448e-5,1.600885591377999e-5
403523,3341,3766,2837,3.286970358984781e-5,4.4667529060728805e-5,2.9207153843983166e-5
402069,2370,2362,1720,2.3316730771607095e-5,2.8015056729007283e-5,1.7707544804952784e-5
401267,62383,70184,37812,6.137416100106183e-4,8.324338448216119e-4,3.892777233516713e-4
401125,1267,1457,940,1.24651045939351e-5,1.7281091301508728e-5,9.677379137590474e-6
401121,842,730,768,8.283834307887415e-6,8.658336753672869e-6,7.906624657095196e-6
399830,1404,1518,1268,1.3812949368496354e-5,1.8004596153527967e-5,1.3054166751558216e-5
395982,6157,5791,4436,6.0574308591048466e-5,6.868551800071177e-5,4.56689934620759e-5
395904,3958,9549,2637,3.893992421688645e-5,1.1325816117920854e-4,2.714813700619796e-5
393358,3484,3242,3018,3.427657806256503e-5,3.845250377453074e-5,3.107056408217878e-5
391872,6389,4650,5757,6.285679025307921e-5,5.515241904736828e-5,5.9268799675647196e-5
391843,1260,1011,857,1.2396236612753138e-5,1.1991203367072974e-5,8.822887149909613e-6
391842,5273,3083,4594,5.1877266396069285e-5,3.656664686516912e-5,4.7295616763926213e-5
390218,32267,36407,26280,3.174518783997663e-4,4.318137893026961e-4,2.7055481248497627e-4
390208,13980,41980,11694,1.3753919670340386e-4,4.97913667012585e-4,1.2039071450530108e-4
390198,1297,891,1178,1.2760253084714937e-5,1.0567915133592502e-5,1.2127609174554871e-5
390194,1082,3094,1056,1.0645022234126108e-5,3.669711495323816e-5,1.0871608903505896e-5
390185,662,3934,774,6.5129433632083945e-6,4.6660132587601465e-5,7.968395162228752e-6
390140,258864,241138,209368,0.0025467772972410543,0.0028600739837084496,0.0021554611864670666
390135,10983,5581,2077,1.0805386247449818e-4,6.619476359212094e-5,2.138288986039938e-5
390126,25679,22903,19953,2.5263726982451413e-4,2.71646420095027e-4,2.054178148216412e-4
390122,89176,85419,68432,8.773387271260903e-4,0.0010131321467972368,7.045132012165866e-4
390121,21792098,1907811,22806580,0.21439682785420988,0.022628041233371768,0.2347956611614768
389994,0,116387,0,0,0.0013804353969174305,0
389988,12198,12356,9480,1.2000737635108157e-4,1.4655124510737258e-4,9.759739811101884e-5
387768,1043,1324,998,1.0261329196112319e-5,1.5703613509401205e-5,1.0274494020548186e-5
386842,96,127,98,9.444751704954772e-7,1.506313380433499e-6,1.0089182505147516e-6
386187,300,265,181,2.9514849077983663e-6,3.1430948489360417e-6,1.8634102381956126e-6
385941,30610,26560,16971,3.011498434256933e-4,3.150211290103444e-4,1.7471787377026379e-4
384976,7176,6942,5097,7.059951899453691e-5,8.233722430684528e-5,5.247404411095601e-5
384941,10357,10374,7816,1.018950973002256e-4,1.2304326778438677e-4,8.046637802064591e-5
384919,481,453,326,4.73221413550338e-6,5.372913081388781e-6,3.3561974455898882e-6
384908,2954,3015,2363,2.9062288058787914e-5,3.576011686619685e-5,2.4327283938432227e-5
384907,499,373,336,4.909303229971283e-6,4.4240542590684664e-6,3.4591482874791483e-6
384906,33362,32689,25011,3.282247983132303e-4,3.877155755353595e-4,2.5749035064922914e-4
384897,465,497,487,4.574801607087467e-6,5.894785433664954e-6,5.01370600000698e-6
384838,499,570,843,4.909303229971283e-6,6.7606191090322405e-6,8.67875597126465e-6
382960,37660,40182,32730,3.7050973875895493e-4,4.7658806498093595e-4,3.369581055035492e-4
382944,2258,181,181,2.2214843072695702e-5,2.1467930854997115e-6,1.8634102381956126e-6
382905,3321,3525,2836,3.2672937929327915e-5,4.180909185848886e-5,2.9196858759794242e-5
382601,4352,3722,2315,4.2816207729128296e-5,4.414565670845263e-5,2.3833119897363776e-5
381214,7831,6730,5400,7.704359437656335e-5,7.982274842769645e-5,5.5593454620200604e-5
380761,1010,851,824,9.9366658562545e-6,1.0093485722432346e-5,8.483149371675055e-6
380017,31967,23353,17247,3.145003934919679e-4,2.769837509705788e-4,1.7755931700640736e-4
379842,1977,1652,1122,1.9450285542391234e-5,1.9593934680914494e-5,1.1551084459975014e-5
379014,2046,1789,1350,2.0129127071184856e-5,2.121885541413803e-5,1.3898363655050151e-5
378986,4373,5077,3421,4.3022811672674184e-5,6.021695301150296e-5,3.521948301031597e-5
378843,396,402,307,3.895960078293843e-6,4.76801558215958e-6,3.1605908460002934e-6
378828,58677,45223,42008,5.772809331162825e-4,5.363780315223947e-4,4.3247589660840496e-4
378287,27847,37410,23376,2.7396666742487036e-4,4.4371010678753703e-4,2.4065788800033504e-4
377751,1325,4219,1261,1.3035725009442784e-5,5.0040442142117584e-5,1.2982101162235732e-5
377697,19077,17091,14339,1.876849252868981e-4,2.0271182665345617e-4,1.4762121218501044e-4
377474,6198,6434,5332,6.0977678195114247e-5,7.63119707851113e-5,5.489338889535363e-5
377073,840,2246,1489,8.264157741835425e-6,2.663921143664283e-5,1.532938035731087e-5
372460,255,358,342,2.5087621716286112e-6,4.246143229883407e-6,3.5209187926127047e-6
372445,2574,4470,3543,2.532374050890998e-5,5.301748669714757e-5,3.647548328136495e-5
371546,42860,41322,30389,4.216688104941266e-4,4.901093031990004e-4,3.1285731341727335e-4
371280,16716,13220,630,1.6445673906252496e-4,1.5679892038843196e-4,6.485903039023403e-6
371262,1163,803,772,1.1441923159231666e-5,9.524170429040156e-6,7.9478049938509e-6
370223,14398,10109,7953,1.416515990082696e-4,1.1990017293545074e-4,8.187680455452877e-5
370160,10533,8236,6222,1.0362663511280064e-4,9.768501575787638e-5,6.40560138234978e-5
362287,3846,3817,3401,3.783803651797506e-5,4.5272426559958006e-5,3.501358132653745e-5
362282,1392,1335,530,1.369488997218442e-5,1.5834081597470247e-5,5.4563946201308e-6
362184,886,901,519,8.716718761031175e-6,1.0686522486382541e-5,5.343148694052613e-6
362181,3157,3275,4341,3.105945951306481e-5,3.884390803873787e-5,4.469096046412793e-5
362105,960,1659,1372,9.444751704954772e-6,1.9676959827867522e-5,1.4124855507206523e-5
362065,3248,3970,3536,3.195474326843031e-5,4.7087119057645604e-5,3.640341769204247e-5
362022,2726,2280,1872,2.6819159528861155e-5,2.7042476436128962e-5,1.9272397601669543e-5
360846,2196,2026,1550,2.160486952508404e-5,2.4029849675261962e-5,1.595738049283536e-5
360154,52060,25125,45732,5.121810143332764e-4,2.980009738849738e-4,4.708147901279655e-4
360146,354843,367782,318722,0.0034910458637929854,0.004362164942382623,0.0032812698228628845
357409,1699,10034,10634,1.6715242861164747e-5,1.1901061778952544e-4,1.0947792526503948e-4
357337,83844,141463,68901,8.248810020314874e-4,0.001677855194773733,7.093415957011929e-4
357024,2851,1789,1238,2.8048944907110472e-5,2.121885541413803e-5,1.2745314225890434e-5
356925,1735,2019,1645,1.7069421050100552e-5,2.3946824528308935e-5,1.693541349078333e-5
351749,374,584,451,3.679517851721963e-6,6.9266694029382955e-6,4.643082969205643e-6
350283,579,716,619,5.696365872050847e-6,8.492286459766814e-6,6.372657112945217e-6
348913,16716,14267,11774,1.6445673906252496e-4,1.6921711022554908e-4,1.2121432124041516e-4
347748,126,87,65,1.2396236612753138e-6,1.031883969273342e-6,6.691804722801924e-7
347663,164,209,110,1.6134784162631068e-6,2.4788936733118215e-6,1.1324592607818641e-6
347660,718,460,327,7.06388721266409e-6,5.455938228341808e-6,3.366492529778814e-6
346561,1703,2521,884,1.6754595993268727e-5,2.990091363836891e-5,9.100854423010617e-6
346225,1699,10034,11229,1.6715242861164747e-5,1.1901061778952544e-4,1.1560350035745047e-4
345140,20171,19043,15501,1.9844800691733614e-4,2.2586398191807186e-4,1.5958410001254251e-4
342554,27847,37410,23376,2.7396666742487036e-4,4.4371010678753703e-4,2.4065788800033504e-4
341252,1408,1427,1000,1.3852302500600333e-5,1.692526924313861e-5,1.0295084188926037e-5
334782,1514,1656,1480,1.4895160501355755e-5,1.964137762203051e-5,1.5236724599610536e-5
330511,3055,3093,3340,3.005595464441336e-5,3.6685254217959155e-5,3.438558119101296e-5
330432,1492,1450,5043,1.4678718274783875e-5,1.71980661545557e-5,5.1918109564754005e-5
330287,5782,5833,4573,5.688495245630051e-5,6.918366888242993e-5,4.707941999595877e-5
330286,10249,10269,7908,1.0083256273341819e-4,1.2179789058009136e-4,8.14135257660271e-5
329366,11243,12503,12177,1.1061181606125677e-4,1.4829477319338615e-4,1.2536324016855236e-4
329362,93,91,101,9.149603214174935e-7,1.0793269103893577e-6,1.0398035030815298e-6
329361,75109,80706,72820,7.389435997994249e-4,9.572325014272912e-4,7.49688030637594e-4
327365,390,519,294,3.836930380137876e-6,6.15572160980304e-6,3.026754751544255e-6
324872,3203,3604,2884,3.1512020532260556e-5,4.2746089945530164e-5,2.969102280086269e-5
324726,687304,727663,612010,0.0067618912768981606,0.008630618215325837,0.006300694474464624
324718,3321,2855,2944,3.2672937929327915e-5,3.386239922155622e-5,3.0308727852198253e-5
320865,9688,5039,7530,9.531328595583524e-5,5.9766245070900805e-5,7.752198394261306e-5
318789,4403,5178,3970,4.331796016345402e-5,6.141488727468235e-5,4.087148423003637e-5
253506,3958,6016,2637,3.893992421688645e-5,7.135418343848765e-5,2.714813700619796e-5
250808,3227,2780,1958,3.174813932488443e-5,3.2972844075630926e-5,2.015777484191718e-5
250761,879,839,670,8.647850779849213e-6,9.951156899084298e-6,6.897706406580445e-6
232333,1568,1544,1413,1.542642778475946e-5,1.8312975270782068e-5,1.4546953958952491e-5
232329,1044,1216,1003,1.0271167479138314e-5,1.442265409926878e-5,1.0325969441492816e-5
232320,6298,5768,5009,6.19615064977137e-5,6.841272108929467e-5,5.156807670233052e-5
230854,13147,19821,1362,1.293439069427504e-4,2.3509163396513691e-4,1.4021904665317263e-5
228439,1884,1408,1393,1.853532522097374e-5,1.6699915272837535e-5,1.434105227517397e-5
228300,3977,7278,3465,3.912685159438034e-5,8.63224313605906e-5,3.5672466714628716e-5
228290,5583,5338,4505,5.49271341341276e-5,6.331260491932299e-5,4.63793542711118e-5
227260,1455,1187,1269,1.4314701802822076e-5,1.4078692776177666e-5,1.3064461835747141e-5
223095,3238,3533,2684,3.1856360438170367e-5,4.190397774072089e-5,2.7632005963077484e-5
217691,33320,29902,23635,3.2781159042613855e-4,3.546597063127755e-4,2.433243148052669e-4
214730,2726,1279,1045,2.6819159528861155e-5,1.5169880421846027e-5,1.075836297742771e-5
213020,11793,8919,6185,1.1602287172555377e-4,1.0578589795343606e-4,6.367509570850754e-5
213019,729,497,366,7.1721083259500295e-6,5.894785433664954e-6,3.7680008131469298e-6
210804,9057,31758,3501,8.910532936643268e-5,3.7667323099060685e-4,3.6043089745430055e-5
210803,3964,5291,5329,3.899895391504241e-5,6.27551503612098e-5,5.486250364278685e-5
210797,2532,2437,1804,2.4910532621818212e-5,2.890461187493258e-5,1.857233187682257e-5
210790,20392,15483,9716,2.0062226746608096e-4,1.8363976432481785e-4,1.0002703797960538e-4
210694,4485889,4496453,3744313,0.044133445605195686,0.05333123872748306,0.038548017564690215
210345,4515,4079,3391,4.441984786236541e-5,4.8379939203057034e-5,3.491063048464819e-5
210305,3426,1265,3214,3.370595764705734e-5,1.5003830127939972e-5,3.3088400583208286e-5
210297,22681,23280,20168,2.2314209731258248e-4,2.761179172952115e-4,2.0763125792226032e-4
210289,6389,6880,5757,6.285679025307921e-5,8.160185871954704e-5,5.9268799675647196e-5
210283,14754,14235,14137,1.4515402776552364e-4,1.6883756669662094e-4,1.455416051788474e-4
210272,13291,15211,11498,1.307606196984936e-4,1.804136443289288e-4,1.1837287800427158e-4
210267,271,527,469,2.666174700044524e-6,6.250607492035072e-6,4.828394484606311e-6
210261,713,1196,664,7.014695797534117e-6,1.4185439393688701e-5,6.835935901446888e-6
209679,22691,23251,16889,2.2324048014284243e-4,2.757739559721204e-4,1.7387367686677184e-4
208616,40284,33634,8701,3.963253934191646e-4,3.989239703740182e-4,8.957752752784545e-5
208244,1036,2602,2266,1.0192461214930358e-5,3.086163319596823e-5,2.33286607721064e-5
205795,3117,3224,2977,3.066592819202502e-5,3.8239010539508676e-5,3.064846563043281e-5
204855,1742,1836,1046,1.7138289031282514e-5,2.1776309972251215e-5,1.0768658061616635e-5
204582,7451,6698,5388,7.330504682668542e-5,7.944320489876833e-5,5.546991360993349e-5
203815,4840,4668,4184,4.761728984581364e-5,5.5365912282390347e-5,4.307463224646654e-5
196521,1369,1260,1105,1.3468609462586544e-5,1.4944526451544953e-5,1.137606802876327e-5
196436,487,595,449,4.7912438336593474e-6,7.057137491007339e-6,4.62249280082779e-6
196278,704,718,630,6.926151250300166e-6,8.516007930324823e-6,6.485903039023403e-6
190001,190,194,140,1.8692737749389652e-6,2.3009826441267625e-6,1.4413117864496452e-6
189936,13845,14262,12017,1.362110284948946e-4,1.6915780654915406e-4,1.237160266983242e-4
189286,1726,973,1293,1.69808765028666e-5,1.1540495426470825e-5,1.3311543856281367e-5
188945,3426,2622,2494,3.370595764705734e-5,3.109884790154831e-5,2.5675939967181538e-5
187301,12875,13903,10739,1.266678939596799e-4,1.6489980258399165e-4,1.1055890910487671e-4
187055,1683,1680,787,1.6557830332748834e-5,1.9926035268726604e-5,8.102231256684791e-6
171968,17800,17902,13733,1.7512143786270305e-4,2.1233088296472837e-4,1.4138239116652128e-4
171596,198,148,428,1.9479800391469216e-6,1.7553888212925817e-6,4.406296032860344e-6
171564,1077212,1154526,928817,0.010597916534997646,0.013693527258727292,0.009562249211105715
171297,138014,127526,117556,0.0013578207935496123,0.0015125521271902552,0.0012102489169133893
170725,17567,19289,12666,1.7282911791764632e-4,2.2878172279670682e-4,1.303975363369372e-4
168874,23727,12692,21017,2.334329413577728e-4,1.505364521611179e-4,2.1637178439865853e-4
168871,9049,9686,8595,8.902662310222472e-5,1.1488308191243207e-4,8.848624860381929e-5
168860,5755,3567,2785,5.661931881459866e-5,4.2307242740207024e-5,2.8671809466159013e-5
168835,1541,1614,1447,1.5160794143057608e-5,1.9143226740312343e-5,1.4896986821375975e-5
168800,21504,22414,17417,2.1156243819098688e-4,2.658465205435941e-4,1.7930948131852478e-4
168759,10398,10269,7989,1.0229846690429137e-4,1.2179789058009136e-4,8.224742758533011e-5
167348,480063,502422,189905,0.004722995664308023,0.0059590943403477125,0.001955087962897999
163872,10781,12591,9613,1.0606652930324729e-4,1.4933851789793848e-4,9.8966644308146e-5
161846,114328,105200,94605,0.0011247912217959054,0.0012477493513512136,9.739664396933477e-4
160822,23708,25835,24463,2.332460139802789e-4,3.0642209593306655e-4,2.5184864451369767e-4
160463,730399,691038,619258,0.007185872083903397,0.008196218785732318,0.00637531324466596
146868,237,210,185,2.3316730771607094e-6,2.4907544085908255e-6,1.904590574951317e-6
146430,50607,49353,45909,4.978859890965064e-4,5.85362868224681e-4,4.726370200294054e-4
146262,911,885,862,8.962675836681039e-6,1.0496750721918479e-5,8.874362570854243e-6
138111,1707,2079,1810,1.6793949125372703e-5,2.4658468645049173e-5,1.863410238195613e-5
136141,7481,5453,6521,7.360019531746526e-5,6.467658947640843e-5,6.713424399598669e-5
135888,29024,16581,11990,2.8554632654646594e-4,1.9666285166116418e-4,1.2343805942522317e-4
135773,2104,2384,2016,2.069974748669254e-5,2.827599290514537e-5,2.0754889724874892e-5
135765,41585,2113,2101,4.0912499963598355e-4,2.5061733644535306e-5,2.1629971880933603e-5
135618,9862,8546,3959,9.70251472023583e-5,1.0136184369436759e-4,4.075823830395818e-5
135617,3839,2545,3280,3.776916853679309e-5,3.0185571285065003e-5,3.37678761396774e-5
135613,6380,6278,1183,6.276824570584526e-5,7.446169608158668e-5,1.2179084595499501e-5
135609,876512,1195289,612917,0.008623373131680538,0.01417700641090533,0.00631003211582398
135193,950,909,784,9.346368874694826e-6,1.0781408368614573e-5,8.071346004118013e-6
135163,674,595,499,6.631002759520329e-6,7.057137491007339e-6,5.137247010274093e-6
135128,5042,2969,2569,4.960462301706454e-5,3.521452304336267e-5,2.6448071281350988e-5
134941,4949,5618,4818,4.868966269564705e-5,6.663361079744409e-5,4.960171562224565e-5
134750,1360,1475,1111,1.3380064915352593e-5,1.7494584536530797e-5,1.1437838533896827e-5
134464,3484,3242,3018,3.427657806256503e-5,3.845250377453074e-5,3.107056408217878e-5
134365,1618,1690,1426,1.591834193605919e-5,2.004464262151664e-5,1.4680790053408529e-5
134132,1570,2079,1810,1.544610435081145e-5,2.4658468645049173e-5,1.863410238195613e-5
133780,1056,931,493,1.0389226875450249e-5,1.104234454475266e-5,5.075476505140536e-6
133675,4932,4341,4958,4.852241188420514e-5,5.148745184615606e-5,5.1043027408695294e-5
133610,1795,1331,1085,1.7659718031660224e-5,1.5786638656354233e-5,1.117016634498475e-5
133584,21259,17662,12354,2.0915205884961823e-4,2.0948430649776742e-4,1.2718547006999227e-4
133018,10862,11165,8936,1.0686343022835285e-4,1.324251093900789e-4,9.199687231224307e-5
133012,1113,925,755,1.0950009007931938e-5,1.0971180133078635e-5,7.772788562639159e-6
133010,22921,25248,13226,2.2550328523882117e-4,2.994598443242912e-4,1.3616278348273578e-4
132978,7900,7673,7414,7.772243590535698e-5,9.100742179579716e-5,7.632775417669764e-5
131663,5411,5163,4502,5.323494945365653e-5,6.123697624549729e-5,4.634846901854502e-5
131662,2772,3482,56684,2.7271720548056903e-5,4.1299080241491686e-5,5.835665521650835e-4
131597,360,836,578,3.5417818893580395e-6,9.915574693247286e-6,5.950558661199249e-6
131464,25434,25624,17743,2.502268904831455e-4,3.0391948078919675e-4,1.8266567876411467e-4
131450,49193,33673,24166,4.839746568977501e-4,3.9938653904989934e-4,2.487910045095866e-4
131202,1381,1071,1282,1.3586668858898479e-5,1.270284748381321e-5,1.3198297930203179e-5
131168,7028,1847,6530,6.914345310668973e-5,2.190677806032026e-5,6.722689975368703e-5
131166,6676,9495,6924,6.568037748153965e-5,1.1261768147414232e-4,7.128316292412389e-5
130638,1707,2039,1810,1.6793949125372703e-5,2.4184039233889013e-5,1.863410238195613e-5
130597,9673,9010,8135,9.516571171044533e-5,1.0686522486382541e-4,8.375050987691332e-5
130558,6338,6457,5498,6.235503781875348e-5,7.658476769652837e-5,5.6602372870715354e-5
128297,2432,2272,2111,2.3926704319218756e-5,2.694759055389693e-5,2.1732922722822864e-5
128051,8205,8001,6563,8.072311222828532e-5,9.489774296731045e-5,6.756663753192158e-5
128047,7495,8775,6848,7.373793127982919e-5,1.0407795207325949e-4,7.05007365257655e-5
127640,42629,41892,2463,0.00041939616711512187,4.968699223080326e-4,2.535679235732483e-5
127380,4485889,4573154,3772651,0.044133445605195686,0.05424096898411794,0.038839759660436006
127358,1654,3833,2308,1.6272520124994994e-5,4.546219832442206e-5,2.3761054308041295e-5
127344,1387,1701,1210,1.3645698557054447e-5,2.0175110709585687e-5,1.2457051868600506e-5
127277,56467,222703,317582,5.555383276288345e-4,0.002641421328840012,0.0032695334268875087
126690,881,676,623,8.667527345901202e-6,8.017857048606658e-6,6.413837449700921e-6
126585,6429,7207,5693,6.325032157411898e-5,8.548031915578133e-5,5.860991428755593e-5
126582,9132,8188,7260,8.984320059338226e-5,9.711570046448418e-5,7.474231121160303e-5
125960,3056,33059,1291,3.0065792927439356e-5,3.9210404758859094e-4,1.3290953687903514e-5
125884,4599,4052,3538,4.524626363654895e-5,4.8059699350523925e-5,3.642400786042032e-5
125816,3374,3484,2853,3.319436692970563e-5,4.1322801712049695e-5,2.9371875191005985e-5
125811,34121,35972,29652,3.356920551299602e-4,4.266543694563294e-4,3.0526983637003485e-4
125810,236,346,279,2.321834794134715e-6,4.10381440653536e-6,2.872328488710364e-6
125802,3415,3597,2080,3.35977365337714e-5,4.2663064798577136e-5,2.1413775112966158e-5
125785,1387,1600,1689,1.3645698557054447e-5,1.897717644640629e-5,1.7388397195096075e-5
125241,1040,743,652,1.0231814347034336e-5,8.812526312299921e-6,6.7123948911797765e-6
125070,7329,7826,5880,7.210477629751409e-5,9.282211429348476e-5,6.05350950308851e-5
124960,37071,22572,19040,3.647149900566441e-4,2.677205167176767e-4,1.9601840295715176e-4
124615,62995,32087,50829,6.19762639222527e-4,3.805754128973991e-4,5.232888342389215e-4
124607,889,597,670,8.746233610109158e-6,7.080858961565347e-6,6.897706406580445e-6
124605,2582,2501,1067,2.5402446773117937e-5,2.966369893278883e-5,1.0984854829584082e-5
124602,243,311,291,2.3907027753166767e-6,3.6886886717702223e-6,2.995869498977477e-6
124356,466,961,481,4.584639890113462e-6,1.1398166603122777e-5,4.951935494873424e-6
123962,5492,5327,3559,5.403185037876209e-5,6.318213683125393e-5,3.664020462838776e-5
121482,113,186,153,1.1117259819373847e-6,2.206096761894731e-6,1.5751478809056836e-6
120954,10119,9138,7135,9.95535859400389e-5,1.0838339897953792e-4,7.345542568798727e-5
120744,5912,12360,5720,5.81639292496798e-5,1.4659868804848858e-4,5.888788156065693e-5
120466,730399,691038,619258,0.007185872083903397,0.008196218785732318,0.00637531324466596
119025,1272,1446,1018,1.2514296009065072e-5,1.7150623213439683e-5,1.0480395704326705e-5
118964,1418,1100,1177,1.3950685330860277e-5,1.3046808806904323e-5,1.2117314090365945e-5
117982,225573,231152,195913,0.0022192510170226695,0.0027416326812123165,0.002016940828705067
113563,794,749,653,7.811596722639676e-6,8.883690723973944e-6,6.722689975368702e-6
111826,4396,2245,1749,4.324909218227206e-5,2.6627350701363824e-5,1.8006102246431638e-5
111821,48410,56746,4055,4.7627128128839634e-4,6.730492841423571e-4,4.174656638609508e-5
111776,1857,2284,1884,1.8269691579271888e-5,2.7089919377244976e-5,1.9395938611936655e-5
111399,57660,75574,52330,5.67275399278846e-4,8.96363207975443e-4,5.387417556064995e-4
110889,16338,13533,18312,1.6073786807869903e-4,1.605113305307602e-4,1.8852358166761358e-4
110873,23033,9603,16875,2.2660517293773255e-4,1.1389864088427475e-4,1.7372954568812686e-4
110842,18294,21147,12665,1.7998154967754438e-4,2.508189689450961e-4,1.3038724125274826e-4
110801,21224,18958,9333,2.0880771894370842e-4,2.2485581941935652e-4,9.60840207352467e-5
110604,8457,5395,4843,8.320235955083594e-5,6.398866683022621e-5,4.9859092726968795e-5
110368,3251,3284,3016,3.1984258117508294e-5,3.895065465624891e-5,3.104997391380093e-5
110134,7196,7301,6301,7.079628465505681e-5,8.65952282720077e-5,6.486932547442296e-5
110022,976,1025,1037,9.602164233370685e-6,1.2157253660979029e-5,1.06760023039163e-5
109990,15490,19121,9825,1.5239500407265564e-4,2.2678911926983416e-4,1.0114920215619832e-4
109714,21567,18958,4106,2.1218225002162455e-4,2.2485581941935652e-4,4.227161567973031e-5
109532,509,422,382,5.007686060231228e-6,5.005230287739659e-6,3.932722160169746e-6
109395,21567,18581,12227,2.1218225002162455e-4,2.2038432221917204e-4,1.2587799437799866e-4
108950,1884,1947,1943,1.853532522097374e-5,2.3092851588220654e-5,2.000334857908329e-5
108834,2801,2525,2944,2.7557030755810747e-5,2.9948356579484925e-5,3.0308727852198253e-5
108829,12220,11003,7943,1.2022381857765345e-4,1.3050367027488024e-4,8.177385371263951e-5
108825,76480,15325,45099,7.524318858280635e-4,1.8176576815073523e-4,4.642980018363753e-4
108314,4903597,4484685,4062108,0.048242975131417815,0.05319166159471974,0.04181974384450997
107237,13786,8137,13306,1.3563056979636092e-4,9.651080296525498e-5,1.3698639021784986e-4
106482,2246,1966,1768,2.209678367638377e-5,2.3318205558521728e-5,1.8201708846021235e-5
106387,4795,12356,2396,4.7174567109643885e-5,1.4655124510737258e-4,2.4667021716666784e-5
106385,2599,2936,2610,2.5569697584559845e-5,3.482311877915554e-5,2.6870169733096957e-5
106384,16654,18318,11261,1.638467655149133e-4,2.17264948840794e-4,1.1593294305149611e-4
105630,205139,203533,176046,0.002018215541669497,0.002414051033541507,0.001812408391123673
105516,262,1116,128,2.577630152810573e-6,1.3236580571368387e-5,1.3177707761825328e-6
105081,922,5573,1097,9.070896949966978e-6,6.60998777098889e-5,1.1293707355251863e-5
104922,9301,11211,8040,9.150587042477535e-5,1.3297070321291308e-4,8.277247687896534e-5
104366,3069,3365,2953,3.0193690606777288e-5,3.991137421384823e-5,3.0401383609898586e-5
104365,11341,12464,10638,1.1157596779780423e-4,1.4783220451750499e-4,1.0951910560179518e-4
104288,823,671,770,8.096906930393519e-6,7.958553372211637e-6,7.92721482547305e-6
103129,63623,45514,40922,6.259410809628515e-4,5.398295054885849e-4,4.2129543517923127e-4
102809,803,774,743,7.900141269873626e-6,9.180209105949043e-6,7.649247552372045e-6
102715,1314,2123,621,1.2927503896156844e-5,2.5180340997325343e-5,6.393247281323069e-6
102679,457,344,183,4.496095342879511e-6,4.080092935977352e-6,1.8840004065734649e-6
102223,35064,39558,28482,3.44969556023473e-4,4.6918696616683747e-4,2.932245878689914e-4
100947,2188,2375,1902,2.1526163260876084e-5,2.8169246287634334e-5,1.9581250127337324e-5
100916,2000,1992,1856,1.9676566051989108e-5,2.362658467577583e-5,1.9107676254646725e-5
100897,36960,33872,26798,3.636229406407587e-4,4.017468253704211e-4,2.758876660948399e-4
100896,4161,3824,2775,4.093709567116334e-5,4.5355451706911034e-5,2.8568858624269752e-5
100879,12234,13086,8733,1.2036155454001738e-4,1.5520958186104544e-4,8.990697022189108e-5
100877,797,692,633,7.84111157171766e-6,8.20762881307072e-6,6.516788291590181e-6
100876,31012,52171,47295,3.0510483320214313e-4,6.187864202409141e-4,4.8690600671525693e-4
100865,2281966,2632184,1908466,0.022450627363696688,0.031219637629629683,0.019647818141702918
100343,429,481,268,4.220623418151664e-6,5.705013669200891e-6,2.759082562632178e-6
100017,5600,5158,4887,5.5094384945569505e-5,6.117767256910227e-5,5.0312076431281547e-5
97828,184087,661598,229480,0.0018111000074062594,0.007847038739118442,0.002362515919674747
89252,255,358,342,2.5087621716286112e-6,4.246143229883407e-6,3.5209187926127047e-6
89241,13082,11934,10038,1.2870441854606076e-4,1.415460148196329e-4,1.0334205508843956e-4
89209,1190,973,324,1.1707556800933519e-5,1.1540495426470825e-5,3.335607277212036e-6
88847,12838,11846,9712,1.263038774877181e-4,1.4050227011508056e-4,9.998585764284967e-5
87951,1981,1556,941,1.948963867449521e-5,1.8455304094130118e-5,9.687674221779402e-6
87822,8524,8507,6291,8.386152451357758e-5,1.0089927501848644e-4,6.47663746325337e-5
85117,3296,2729,1849,3.242698085367805e-5,3.2367946576401724e-5,1.9035610665324243e-5
85067,5346,4868,4415,5.2595461056966884e-5,5.7738059338191135e-5,4.5452796694108455e-5
84910,2455021,2625424,2146529,0.024153191432760176,0.031139459059143615,0.022098696768971218
84326,10377,8206,7646,1.0209186296074549e-4,9.732919369950625e-5,7.871621370852848e-5
84216,798,1667,656,7.850949854743655e-6,1.9771845710099554e-5,6.75357522793548e-6
84181,31967,8049,17247,3.145003934919679e-4,9.546705826070264e-5,1.7755931700640736e-4
84151,3122,2572,2497,3.0715119607155e-5,3.050581113759811e-5,2.5706825219748313e-5
84116,36213,27459,30063,3.562737432203408e-4,3.2568393002616893e-4,3.0950111597168343e-4
84105,15391,15889,3371,1.5142101405308218e-4,1.8845522284809346e-4,3.470472880086967e-5
84063,1306,1050,544,1.2848797631948888e-5,1.2453772042954128e-5,5.600525798775764e-6
66305,5603,5090,4212,5.512389979464748e-5,6.0371142570130006e-5,4.336289460375647e-5
62639,1981,1556,990,1.948963867449521e-5,1.8455304094130118e-5,1.0192133347036777e-5
62566,1438,2482,1271,1.4147450991380168e-5,2.9438344962487756e-5,1.3085052004124993e-5
46351,1326345,1295933,1155150,0.013048957500112746,0.0153707182523254,0.011892366500837913
43762,3292,1687,2729,3.2387627721574075e-5,2.0009060415679632e-5,2.8095284751579156e-5
42357,5750,3463,5078,5.657012739946868e-5,4.107372627119061e-5,5.227843751136641e-5
42187,3856,4260,2259,3.7936419348235e-5,5.052673228855674e-5,2.3256595182783916e-5
42007,2441,3501,2816,2.4015248866452707e-5,4.152443421179276e-5,2.899095707601572e-5
41805,467,382,300,4.5944781731394565e-6,4.530800876579502e-6,3.0885252566778113e-6
41682,4258,4478,3234,4.189140912468481e-5,5.31123725793796e-5,3.329430226698681e-5
37755,362572,380178,308199,0.0035670859533008976,0.004509190616901157,0.003172934651942816
34444,75226,81124,73557,7.400946789134663e-4,9.621902887739149e-4,7.572755076848325e-4
34183,1970,1547,1388,1.9381417561209272e-5,1.834855747661908e-5,1.428957685422934e-5
34113,4106,3186,4123,4.039599010473364e-5,3.778830259890652e-5,4.244663211094205e-5
34078,440,516,462,4.328844531437604e-6,6.120139403966028e-6,4.756328895283829e-6
34033,250,284,202,2.4595707564986385e-6,3.3684488192371163e-6,2.0796070061630595e-6
34029,2819,2208,1897,2.7734119850278647e-5,2.6188503496040678e-5,1.9529774706392694e-5
34012,10676,11687,9658,1.0503350958551786e-4,1.3861641320571895e-4,9.942992309664766e-5
33993,21156,22314,18240,2.081387156979408e-4,2.646604470156937e-4,1.8778233560601092e-4
31601,363,536,100,3.571296738436023e-6,6.3573541095461065e-6,1.0295084188926036e-6
31362,5213,3567,2687,5.128696941450961e-5,4.2307242740207024e-5,2.7662891215644262e-5
26868,54254,35859,42838,5.337662072923085e-4,4.2531410636980195e-4,4.4102081648521356e-4
26755,7273,7665,6628,7.155383244805839e-5,9.091253591356513e-5,6.823581800420177e-5
26641,27910,42819,22724,2.74586479255508e-4,5.078648239116693e-4,2.3394549310915526e-4
25326,10670,30016,9209,1.0497447988736189e-4,3.56011830134582e-4,9.480743029581988e-5
22885,26464,13321,11119,2.603603219999199e-4,1.5799685465161137e-4,1.1447104109666861e-4
22803,866,1933,2898,8.519953100511284e-6,2.29268012943146e-5,2.9835153979507657e-5
22735,4758,4195,3376,4.6810550637682085e-5,4.975578449542149e-5,3.47562042218143e-5
21709,34023,34091,28143,3.347279033934127e-4,4.04344326396523e-4,2.8973455432894547e-4
21704,13720,15740,12370,1.3498124311664528e-4,1.8668797329152186e-4,1.2735019141701508e-4
20330,2015,1468,1424,1.9824140297379026e-5,1.741155938957777e-5,1.4660199885030677e-5
20281,1389,1167,1279,1.3665375123106435e-5,1.3841478070597587e-5,1.3167412677636402e-5
18488,1150,892,1183,1.1314025479893737e-5,1.0579775868871506e-5,1.2179084595499501e-5
18388,1375,1239,820,1.3527639160742512e-5,1.469545101068587e-5,8.44196903491935e-6
18382,699,926,779,6.876959835170193e-6,1.098304086835764e-5,8.019870583173382e-6
18361,7854,8314,5547,7.726987488616123e-5,9.861015310963868e-5,5.7106831995972725e-5
18321,2005,2329,2064,1.972575746711908e-5,2.7623652464800155e-5,2.124905376594334e-5
18318,11425,11224,10378,1.1240238357198778e-4,1.331248927715401e-4,1.0684238371267442e-4
18305,5240,2866,2605,5.1552603056211464e-5,3.3992867309625265e-5,2.6818694312152327e-5
18226,9212,6248,8573,9.063026323546183e-5,7.410587402321656e-5,8.825975675166292e-5
18176,3903,2295,2703,3.8398818650456744e-5,2.722038746531402e-5,2.7827612562667077e-5
18173,89860,91486,73578,8.840681127158706e-4,0.0010850912277349536,7.574917044527999e-4
18164,1180,1412,1429,1.1609173970673574e-5,1.674735821395355e-5,1.4711675305975307e-5
18157,1683,1752,1290,1.6557830332748834e-5,2.0780008208814888e-5,1.3280658603714588e-5
18023,2003,1151,687,1.9706080901067093e-5,1.3651706306133524e-5,7.072722837792187e-6
17962,4396,2245,1749,4.324909218227206e-5,2.6627350701363824e-5,1.8006102246431638e-5
17948,5772,9061,5207,5.6786569626040565e-5,1.0747012236305461e-4,5.3606503371737875e-5
17872,2450,2472,1656,2.410379341368666e-5,2.9319737609697718e-5,1.7048659416861518e-5
17775,10796,12708,10024,1.062141035486372e-4,1.5072622392558194e-4,1.031979239097946e-4
17710,2476,2216,1801,2.4359588772362514e-5,2.628338937827271e-5,1.8541446624255792e-5
17702,341,348,276,3.354854511864143e-6,4.127535877093368e-6,2.8414432361435862e-6
17663,2303,2456,1708,2.265756580886546e-5,2.9129965845233654e-5,1.7584003794685672e-5
17504,788,656,542,7.752567024483708e-6,7.780642343026578e-6,5.579935630397912e-6
17480,1416,332,655,1.3931008764808289e-5,3.937764112629305e-6,6.7432801437465545e-6
17471,5222,5122,4532,5.137551396174356e-5,6.0750686099058134e-5,4.66573215442128e-5
17425,31472,34358,29584,3.096304433941006e-4,4.0751114271601706e-4,3.045697706451879e-4
17350,285,229,170,2.803910662408448e-6,2.7161083788919e-6,1.7501643121174262e-6
17349,1948,1647,1239,1.916497533463739e-5,1.9534631004519476e-5,1.275560931007936e-5
17334,3924,3857,3084,3.860542259400263e-5,4.574685597111816e-5,3.17500396386479e-5
17297,3561,2561,2548,3.5034125855566607e-5,3.0375343049529067e-5,2.6231874513383543e-5
17289,1944,1927,1599,1.9125622202533413e-5,2.2855636882640573e-5,1.6461839618092734e-5
17225,458,403,396,4.505933625905506e-6,4.7798763174385845e-6,4.076853338814711e-6
17191,6072,6318,5418,5.9738054533838934e-5,7.493612549274684e-5,5.577876613560127e-5
17188,1113,1287,877,1.0950009007931938e-5,1.526476630407806e-5,9.028788833688134e-6
17186,4578,4583,3447,4.5039659693003065e-5,5.4357749783675015e-5,3.548715519922805e-5
17069,495,636,636,4.869950097867304e-6,7.5434276374465e-6,6.547673544156959e-6
17045,30015,29736,25048,2.9529606502522654e-4,3.526908242564609e-4,2.578712687642194e-4
17011,3247,3665,2797,3.1944904985404315e-5,4.34695947975494e-5,2.8795350476426124e-5
17010,23251,24612,19045,2.2874991863739937e-4,2.919164166868447e-4,1.9606987837809638e-4
16857,6530,6610,5647,6.424398815974443e-5,7.839946019421598e-5,5.813634041486533e-5
16852,35064,34411,28482,3.44969556023473e-4,4.0813976168580424e-4,2.932245878689914e-4
16817,2237,2072,1682,2.2008239129149818e-5,2.4575443498096145e-5,1.7316331605773593e-5
16810,3064,5594,5823,3.0144499191647313e-5,6.6348953150748e-5,5.9948275232116316e-5
16794,18928,28796,29865,1.8621902111602492e-4,3.4154173309419717e-4,3.074626893022761e-4
16793,4026,2227,3293,3.960892746265407e-5,2.6413857466341755e-5,3.390171223413344e-5
16747,21046,22099,17563,2.0705650456508137e-4,2.6211038893070787e-4,1.80812563610108e-4
16688,1251,978,955,1.2307692065519187e-5,1.1599799102865844e-5,9.831805400424365e-6
16594,89584,93795,76617,8.813527466006962e-4,0.0011124776654941736,7.887784653029462e-4
16549,1940,1944,1576,1.9086269070429433e-5,2.305726938238364e-5,1.6225052681747434e-5
14835,1181,1223,972,1.1619012253699569e-5,1.4505679246221807e-5,1.0006821831636109e-5
14816,4537,3230,2947,4.463629008893729e-5,3.8310174951182696e-5,3.0339613104765032e-5
14796,4770,5077,3421,4.6928610033994025e-5,6.021695301150296e-5,3.521948301031597e-5
14778,21215,22665,18725,2.0871917439647445e-4,2.688235650986241e-4,1.9277545143764005e-4
14740,942,1107,815,9.26766261048687e-6,1.312983395385735e-5,8.39049361397472e-6
14739,995,698,709,9.78909161086458e-6,8.278793224744743e-6,7.299214689948561e-6
14729,1435,1656,77,1.4117936142302185e-5,1.964137762203051e-5,7.927214825473049e-7
14719,654,764,568,6.434237099000438e-6,9.061601753159004e-6,5.847607819309989e-6
14712,2262,2802,2095,2.2254196204799682e-5,3.3233780251769016e-5,2.156820137580005e-5
14709,2953,3094,2556,2.905244977576192e-5,3.669711495323816e-5,2.6314235186894952e-5
14703,10669,22414,12452,1.049646416043359e-4,2.658465205435941e-4,1.28194388320507e-4
14702,2944,4434,3237,2.8963905228527967e-5,5.259050022710343e-5,3.332518751955358e-5
14696,7406,7615,6509,7.286232409051566e-5,9.031949914961494e-5,6.701070298571957e-5
14694,7924,7571,5954,7.795855469798084e-5,8.979762679733876e-5,6.129693126086563e-5
14689,25913,27238,30296,2.549394280525969e-4,3.2306270752950904e-4,3.118998705877032e-4
13146,1351,1137,869,1.3291520368118643e-5,1.348565601222747e-5,8.946428160176727e-6
13139,983,4556,779,9.671032214552646e-6,5.4037509931141906e-5,8.019870583173382e-6
10176,5600,5158,3538,5.5094384945569505e-5,6.117767256910227e-5,3.642400786042032e-5
6485,7415,7940,6173,7.295086863774962e-5,9.417423811529121e-5,6.355155469824043e-5
6435,4282,4743,4179,4.212752791730868e-5,5.625546742831564e-5,4.3023156825521907e-5
6422,3530,2670,2054,3.4729139081760776e-5,3.1668163194940494e-5,2.114610292405408e-5
6404,23251,23867,19573,2.2874991863739937e-4,2.8308016890398683e-4,2.0150568282984932e-4
5837,41601,41870,28940,4.092824121643994e-4,4.966089861318946e-4,2.979397364275195e-4
5244,264293,606528,172336,0.0026001893357891787,0.0071938680473036965,0.0017742136287827576
4983,281,769,223,2.76455753030447e-6,9.120905429554023e-6,2.2958037741305062e-6
4862,103138,194413,60669,0.0010147008347350262,0.0023058811277969914,6.245924626579537e-4
4852,2418,16535,14287,2.3788968356854833e-5,1.9611725783833e-4,1.470858678071863e-4
4850,5142,3614,4894,5.0588451319664e-5,4.286469729832021e-5,5.038414202060403e-5
4849,11247,11896,6457,1.1065116919336075e-4,1.4109530687903075e-4,6.647535860789542e-5
4801,15809,14267,9368,1.555334163579479e-4,1.6921711022554908e-4,9.644434868185912e-5
4795,9155,8868,7716,9.006948110298015e-5,1.0518100045420686e-4,7.943686960175331e-5
4766,161629,153743,138034,0.0015901518472084737,0.0018235050239999012,0.0014210716509342166
4755,2424,2602,2266,2.38479980550108e-5,3.086163319596823e-5,2.33286607721064e-5
4744,57523,47761,41710,5.659275545042848e-4,5.664805776605067e-4,4.29407961520105e-4
4735,22819,19939,18079,2.2449978037016974e-4,2.364912007280594e-4,1.8612482705159382e-4
4732,3381,3518,2901,3.3263234910887586e-5,4.172606671153583e-5,2.9866039232074432e-5
4729,713,693,546,7.014695797534117e-6,8.219489548349724e-6,5.6211159671536165e-6
4723,590,727,526,5.804586985336787e-6,8.622754547835857e-6,5.4152142833750955e-6
4721,561,600,505,5.519276777582945e-6,7.1164411674023585e-6,5.199017515407649e-6
4716,10734,10672,9248,1.0560413000102554e-4,1.2657776689752994e-4,9.520893857918799e-5
4713,21492,25404,19841,2.1144437879467497e-4,3.0131011902781587e-4,2.042647653924815e-4
4709,2082,2112,1485,2.048330526012066e-5,2.50498729092563e-5,1.5288200020555166e-5
4708,932,1005,731,9.169279780226925e-6,1.1920038955398951e-5,7.525706542104933e-6
4707,158,204,691,1.5544487181071395e-6,2.419589996916802e-6,7.113903174547892e-6
4550,702,474,463,6.906474684248177e-6,5.621988522247863e-6,4.7666239794727554e-6
4546,4111,4464,2324,4.044518151986361e-5,5.294632228547355e-5,2.392577565506411e-5
4541,28549,31026,29541,2.8087314210911853e-4,3.6799117276637593e-4,3.0412708202506405e-4
3772,25257,15665,12194,2.4848551438754444e-4,1.8579841814559658e-4,1.255382565997641e-4
3365,1509,1376,1349,1.4845969086225782e-5,1.6320371743909408e-5,1.3888068570861223e-5
3246,2797,2453,2517,2.7517677623706767e-5,2.909438363939664e-5,2.5912726903526834e-5
3229,5222,5122,4532,5.137551396174356e-5,6.0750686099058134e-5,4.66573215442128e-5
3204,662,3738,774,6.5129433632083945e-6,4.4335428472916694e-5,7.968395162228752e-6
3194,4796,5350,2967,4.718440539266988e-5,6.345493374267103e-5,3.054551478854355e-5
3182,11706,3756,9796,1.1516694110229225e-4,4.454892170793876e-5,1.0085064471471946e-4
3178,4591,7025,4720,4.5167557372341e-5,8.332166533500261e-5,4.85927973717309e-5
3175,12120,9206,8008,1.1923999027505399e-4,1.0918992897851018e-4,8.24430341849197e-5
3166,1209,1136,7989,1.1894484178427416e-5,1.3473795276948465e-5,8.224742758533011e-5
3161,23251,23867,19573,2.2874991863739937e-4,2.8308016890398683e-4,2.0150568282984932e-4
2821,1352,1186,1240,1.3301358651144636e-5,1.4066832040898662e-5,1.2765904394268285e-5
2394,3158,3599,2548,3.10692977960908e-5,4.2686786269135145e-5,2.6231874513383543e-5
2018,8658,10099,7458,8.517985443906085e-5,1.197815655826607e-4,7.678073788101038e-5
2017,4414,6554,5860,4.3426181276739964e-5,7.773525901859176e-5,6.032919334710658e-5
1981,9269,11960,10182,9.119104536794352e-5,1.41854393936887e-4,1.048245472116449e-4
1970,325225,350417,280906,0.003199655597129079,0.00415620327426272,0.0028919509191744574
1967,10994,9135,7776,1.0816208358778413e-4,1.083478167737009e-4,8.005457465308887e-5
1846,10545,9206,8420,1.0374469450911257e-4,1.0918992897851018e-4,8.668460887075724e-5
1771,1265,1127,1323,1.2445428027883111e-5,1.336704865943743e-5,1.3620396381949147e-5
1753,9090,8949,7855,8.94299927062905e-5,1.0614172001180617e-4,8.086788630401402e-5
1746,605,690,564,5.952161230726705e-6,8.183907342512713e-6,5.806427482554285e-6
1744,19100,15644,12487,1.8791120579649597e-4,1.855493427047375e-4,1.2855471626711942e-4
1717,486,455,338,4.781405550633353e-6,5.396634551946789e-6,3.4797384558570006e-6
1715,6530,6610,5647,6.424398815974443e-5,7.839946019421598e-5,5.813634041486533e-5
1704,9562,8001,5966,9.407366229455993e-5,9.489774296731045e-5,6.142047227113274e-5
1684,4520,4860,3887,4.4469039277495384e-5,5.7643173455959106e-5,4.0016992242355504e-5
892,9074,4395,7878,8.927258017787458e-5,5.212793155122227e-5,8.110467324035932e-5
592,1082,3189,971,1.0645022234126108e-5,3.782388480474354e-5,9.996526747447181e-6
309,2254,2344,1769,2.2175489940591725e-5,2.7801563493985214e-5,1.821200393021016e-5
303,3487,3499,2916,3.430609291164301e-5,4.150071274123475e-5,3.0020465494908323e-5
168,2073,1588,1892,2.039476071288671e-5,1.8834847623058242e-5,1.9478299285448064e-5
136,1544,2070,1576,1.5190308992135591e-5,2.4551722027538136e-5,1.6225052681747434e-5
134,21017,5423,7436,2.0677119435732753e-4,6.432076741803832e-5,7.655424602885401e-5
68,352519,765392,226113,0.003468181694040574,0.009078111896667377,0.002327852371210633
